{
	"query": {
		"title": "SOA00_COPAPRPCF_QS024_1",
		"limitexceeded": false,
		"nosuchuser": false,
		"nodata": false,
		"nosuchquery": false,
		"noauth": false
	},
	"meta": {
		"char001": {
			"key": "00O2TK9973U0HUQ1U66TS19WS",
			"value": "Income Statement (P&L) + CF"
		},
		"kf001": {
			"key": "00O2TK9973U0HUQ1U66TS25IK",
			"value": "\n01 ACT YTD"
		},
		"kf002": {
			"key": "00O2TK9973U0HUQ1U66TS2BU4",
			"value": "\n02 PY YTD"
		},
		"kf003": {
			"key": "00O2TK9973U0HUQ1U66TS2I5O",
			"value": "\n03 BUD YTD"
		},
		"kf004": {
			"key": "00O2TK9973U0HUQ1U66TS2OH8",
			"value": "\n1.1 ∆ PY"
		},
		"kf005": {
			"key": "00O2TK9973U0HUQ1U66TS2USS",
			"value": "\n1.2 ∆ PY %"
		},
		"kf006": {
			"key": "00O2TK9973U0HUQ1U66TS314C",
			"value": "\n2.1 ∆ BUD"
		},
		"kf007": {
			"key": "00O2TK9973U0HUQ1U66TS37FW",
			"value": "\n2.2 ∆ BUD %"
		}
	},
	"cube": [
		{
			"char001": {
				"key": "00O2TK9973U0HUQ1U66TS3DRG",
				"value": "∆ Trade Accounts Receivable"
			},
			"kf001": {
				"key": "00O2TK9973U0HUQ1U66TS25IK",
				"value": "-345003105.96",
				"unit": "EUR"
			},
			"kf002": {
				"key": "00O2TK9973U0HUQ1U66TS2BU4",
				"value": "-958797681.68",
				"unit": "EUR"
			},
			"kf003": {
				"key": "00O2TK9973U0HUQ1U66TS2I5O",
				"unit": ""
			},
			"kf004": {
				"key": "00O2TK9973U0HUQ1U66TS2OH8",
				"value": "613794575.73",
				"unit": "EUR"
			},
			"kf005": {
				"key": "00O2TK9973U0HUQ1U66TS2USS",
				"value": "64.01711095600396",
				"unit": ""
			},
			"kf006": {
				"key": "00O2TK9973U0HUQ1U66TS314C",
				"value": "-345003105.96",
				"unit": "EUR"
			},
			"kf007": {
				"key": "00O2TK9973U0HUQ1U66TS37FW",
				"value": "0.00000000000000",
				"unit": ""
			}
		}
	],
	"filters": [
		{
			"id": "0CS_CHART",
			"from": {
				"key": "BI",
				"value": "BI"
			},
			"to": {
				"key": "",
				"to": ""
			}
		},
		{
			"id": "0CURTYPE",
			"from": {
				"key": "10",
				"value": "Company code currency"
			},
			"to": {
				"key": "",
				"to": ""
			}
		},
		{
			"id": "0CURTYPE",
			"from": {
				"key": "20",
				"value": "Controlling area currency"
			},
			"to": {
				"key": "",
				"to": ""
			}
		},
		{
			"id": "0FISCVARNT",
			"from": {
				"key": "K1",
				"value": "Calendar year, 1 spec. period"
			},
			"to": {
				"key": "",
				"to": ""
			}
		},
		{
			"id": "0INFOPROV",
			"from": {
				"key": "FIGLCCF01",
				"value": "FIGL: Cash Flow Trades (Reporting)"
			},
			"to": {
				"key": "",
				"to": ""
			}
		},
		{
			"id": "0INFOPROV",
			"from": {
				"key": "BKA_CPKD7",
				"value": "ePDM: ProKon Delta FIGLCCF01,02"
			},
			"to": {
				"key": "",
				"to": ""
			}
		},
		{
			"id": "0VALUATION",
			"from": {
				"key": "#",
				"value": "Legal Valuation"
			},
			"to": {
				"key": "",
				"to": ""
			}
		},
		{
			"id": "0VERSION",
			"from": {
				"key": "0",
				"value": "Plan/actual version"
			},
			"to": {
				"key": "",
				"to": ""
			}
		},
		{
			"id": "DRESPL1",
			"from": {
				"key": "10",
				"value": "Commercial"
			},
			"to": {
				"key": "",
				"to": ""
			}
		}
	],
	"variables": [
		{
			"id": "DCURRENCY_CDSOI01",
			"from": {
				"key": "EUR",
				"value": "Euro"
			},
			"to": {
				"key": "",
				"to": ""
			}
		},
		{
			"id": "D0FISCPER_CXSNI00",
			"from": {
				"key": "009.2017",
				"value": "SEP 2017"
			},
			"to": {
				"key": "",
				"to": ""
			}
		},
		{
			"id": "DFISCPER3_CXSOL02",
			"from": {
				"key": "9",
				"value": "Sep"
			},
			"to": {
				"key": "",
				"to": ""
			}
		},
		{
			"id": "DFISCYEAR_CXSOL03",
			"from": {
				"key": "2017",
				"value": "Calendar year, 1 spec. period 2017"
			},
			"to": {
				"key": "",
				"to": ""
			}
		},
		{
			"id": "Z0COND_FDSOI01",
			"from": {
				"key": "10",
				"value": "10"
			},
			"to": {
				"key": "",
				"to": ""
			}
		},
		{
			"id": "DDIMKKAX_HDSOI02",
			"from": {
				"key": "WORLD",
				"value": "Bayer Group"
			},
			"to": {
				"key": "0HIER_NODE",
				"to": ""
			}
		},
		{
			"id": "DREQSTAT_CDSOI01",
			"from": {
				"key": "R",
				"value": "released"
			},
			"to": {
				"key": "",
				"to": ""
			}
		},
		{
			"id": "DD_GCLCREP_CXOOL01",
			"from": {
				"key": "GC",
				"value": "Group Currency"
			},
			"to": {
				"key": "",
				"to": ""
			}
		},
		{
			"id": "DD_GCLCREP_CXOOL01",
			"from": {
				"key": "ALL",
				"value": "ALL"
			},
			"to": {
				"key": "",
				"to": ""
			}
		},
		{
			"id": "DD_GCLCREP_CXOOL01",
			"from": {
				"key": "#",
				"value": "Not assigned"
			},
			"to": {
				"key": "",
				"to": ""
			}
		},
		{
			"id": "DD_GCLCREP_CXOOL01",
			"from": {
				"key": "#",
				"value": "Not assigned"
			},
			"to": {
				"key": "",
				"to": ""
			}
		},
		{
			"id": "DZMRSC_CXOOL01",
			"from": {
				"key": "MON",
				"value": "Monsanto"
			},
			"to": {
				"key": "",
				"to": ""
			}
		}
	],
	"error": false
}