{
	"query": {
		"title": "SOA00_COPAPRP03_QS027",
		"limitexceeded": false,
		"nosuchuser": false,
		"nodata": false,
		"nosuchquery": false,
		"noauth": false
	},
	"meta": {
		"char001": {
			"key": "00O2TK9973U24DW9ZXPHMZ0IC",
			"value": "Prokon"
		},
		"kf001": {
			"key": "00O2TK9973U24DOQXFO2WBW9P",
			"value": "\n1.1 ACT"
		},
		"kf002": {
			"key": "00O2TK9973U2BHWYODP4OQ1D2",
			"value": "\n1.1B ACT Bayer Core"
		},
		"kf003": {
			"key": "00O2TK9973U2BHWYODP4OQ7OM",
			"value": "\n1.1M ACT Monsanto"
		},
		"kf004": {
			"key": "00O2TK9973U24DOQXFO2W934T",
			"value": "\n1.2 BUD"
		},
		"kf005": {
			"key": "00O2TK9973U24DOQXFO2WBPY5",
			"value": "\n1.3 PY"
		},
		"kf006": {
			"key": "00O2TK9973U27OGTAQF35FE6Y",
			"value": "\n1.4 FC1"
		},
		"kf007": {
			"key": "00O2TK9973U24DOQXFO2WC2L9",
			"value": "\n1.2.1 Δ BUD"
		},
		"kf008": {
			"key": "00O2TK9973U24DOQXFO2WC8WT",
			"value": "\n1.2.2 Δ BUD %"
		},
		"kf009": {
			"key": "00O2TK9973U24DOQXFO2W8K65",
			"value": "\n1.2.3 Δ BUD cpa"
		},
		"kf010": {
			"key": "00O2TK9973U24DOQXFO2W8DUL",
			"value": "\n1.2.4 Δ BUD cpa %"
		},
		"kf011": {
			"key": "00O2TK9973U24DOQXFO2WCF8D",
			"value": "\n1.3.1 Δ PY"
		},
		"kf012": {
			"key": "00O2TK9973U24DOQXFO2WCLJX",
			"value": "\n1.3.2 Δ PY %"
		},
		"kf013": {
			"key": "00O2TK9973U24DOQXFO2WCRVH",
			"value": "\n1.3.3 Δ PY cpa"
		},
		"kf014": {
			"key": "00O2TK9973U24DOQXFO2WCY71",
			"value": "\n1.3.4 Δ PY cpa %"
		},
		"kf015": {
			"key": "00O2TK9973U27OGTVNCQMBK33",
			"value": "\n1.4.1 Δ FC1"
		},
		"kf016": {
			"key": "00O2TK9973U27OGTVNCQMBQEN",
			"value": "\n1.4.2 Δ FC1 %"
		},
		"kf017": {
			"key": "00O2TK9973U27OGTVNCQMBWQ7",
			"value": "\n1.4.3 Δ FC1 cpa"
		},
		"kf018": {
			"key": "00O2TK9973U27OGTVNCQMC31R",
			"value": "\n1.4.4 Δ FC1 % cpa"
		},
		"kf019": {
			"key": "00O2TK9973U24DOQXFO2WE6FX",
			"value": "\n4.2 FY BUD"
		},
		"kf020": {
			"key": "00O2TK9973U24DOQXFO2WE04D",
			"value": "\n4.3 FY PY"
		},
		"kf021": {
			"key": "00O2TK9973U0HE2PN67JQ6932",
			"value": "\n4.4 FY FC1"
		},
		"kf022": {
			"key": "00O2TK9973U24DOQXFO2WECRH",
			"value": "\n4.2.1FY Δ PY vs BUD"
		},
		"kf023": {
			"key": "00O2TK9973U24DOQXFO2WEJ31",
			"value": "\n4.2.2FY Δ PY vs BUD %"
		},
		"kf024": {
			"key": "00O2TK9973U24DOQXFO2WEPEL",
			"value": "\n4.2.3FY Δ PY vs BUD cpa"
		},
		"kf025": {
			"key": "00O2TK9973U24DOQXFO2WEVQ5",
			"value": "\n4.2.4FY Δ PY vs BUD cpa %"
		},
		"kf026": {
			"key": "00O2TK9973U24DOQXFO2W4659",
			"value": "\n2.2 QTR BUD"
		},
		"kf027": {
			"key": "00O2TK9973U27OH6PUM0GPLWG",
			"value": "\n2.3 QTR FC1"
		},
		"kf028": {
			"key": "00O2TK9973U24DOQXFO2W7I8T",
			"value": "\n2.4.1QTD TOGO BUD ca"
		},
		"kf029": {
			"key": "00O2TK9973U24DOQXFO2W7UVX",
			"value": "\n2.4.2QTD Δ TOGO ca %"
		},
		"kf030": {
			"key": "00O2TK9973U24DOQXFO2W87J1",
			"value": "\n2.4.3QTD Δ BUD cpa % (color)"
		},
		"kf031": {
			"key": "00O2TK9973U24DOQXFO2W9FRX",
			"value": "\n2.5.1QTD TOGO PY ca %"
		},
		"kf032": {
			"key": "00O2TK9973U24DOQXFO2W9SF1",
			"value": "\n2.5.2QTDPY Δ TOGO ca"
		},
		"kf033": {
			"key": "00O2TK9973U24DOQXFO2W9YQL",
			"value": "\n2.5.3QTDPY Δ PY cpa % (color)"
		},
		"kf034": {
			"key": "00O2TK9973U24DOQXFO2WA525",
			"value": "\n2.6.1QTD TOGO BUD"
		},
		"kf035": {
			"key": "00O2TK9973U24DOQXFO2WABDP",
			"value": "\n2.6.2QTD Δ TOGO %"
		},
		"kf036": {
			"key": "00O2TK9973U24DOQXFO2WAHP9",
			"value": "\n2.6.3QTD Δ BUD % (color)"
		},
		"kf037": {
			"key": "00O2TK9973U24DOQXFO2WAO0T",
			"value": "\n2.7.1QTD TOGO PY"
		},
		"kf038": {
			"key": "00O2TK9973U24DOQXFO2WAUCD",
			"value": "\n2.7.2QTDPY Δ TOGO %"
		},
		"kf039": {
			"key": "00O2TK9973U24DOQXFO2WB0NX",
			"value": "\n2.7.3QTDPY Δ PY % (color)"
		},
		"kf040": {
			"key": "00O2TK9973U27OH6CX4VUZ7ER",
			"value": "\n2.8.1QTD TOGO FC1 cpa"
		},
		"kf041": {
			"key": "00O2TK9973U27OH6CX4VUZDQB",
			"value": "\n2.8.2QTDFC Δ TOGO FC1 cpa %"
		},
		"kf042": {
			"key": "00O2TK9973U27OH6CX4VUZK1V",
			"value": "\n2.8.3QTDFC Δ FC1 ca % (color)"
		},
		"kf043": {
			"key": "00O2TK9973U27OH6PUM0GPS80",
			"value": "\n2.9.1QTD TOGO FC1"
		},
		"kf044": {
			"key": "00O2TK9973U27OH6PUM0GPYJK",
			"value": "\n2.9.2QTDFC Δ TOGO FC1 %"
		},
		"kf045": {
			"key": "00O2TK9973U27OH6PUM0GQ4V4",
			"value": "\n2.9.3QTD Δ FC1 % (color)"
		},
		"kf046": {
			"key": "00O2TK9973U24DOQXFO2WF21P",
			"value": "\n3.4.1YTD TOGO BUD ca"
		},
		"kf047": {
			"key": "00O2TK9973U24DOQXFO2WF8D9",
			"value": "\n3.4.2YTD Δ TOGO ca %"
		},
		"kf048": {
			"key": "00O2TK9973U24DOQXFO2WFEOT",
			"value": "\n3.4.3YTD Δ BUD cpa % (color)"
		},
		"kf049": {
			"key": "00O2TK9973U24DOQXFO2WFL0D",
			"value": "\n3.5.1YTD TOGO PY ca"
		},
		"kf050": {
			"key": "00O2TK9973U24DOQXFO2WFRBX",
			"value": "\n3.5.2YTDPY Δ TOGO ca %"
		},
		"kf051": {
			"key": "00O2TK9973U24DOQXFO2WFXNH",
			"value": "\n3.5.3YTDPY Δ PY cpa % (color)"
		},
		"kf052": {
			"key": "00O2TK9973U24DOQXFO2WG3Z1",
			"value": "\n3.6.1YTD TOGO BUD"
		},
		"kf053": {
			"key": "00O2TK9973U24DOQXFO2WGAAL",
			"value": "\n3.6.2YTD Δ TOGO %"
		},
		"kf054": {
			"key": "00O2TK9973U24DOQXFO2WGGM5",
			"value": "\n3.6.3YTD Δ BUD % (color)"
		},
		"kf055": {
			"key": "00O2TK9973U24DOQXFO2WGMXP",
			"value": "\n3.7.1YTD TOGO PY"
		},
		"kf056": {
			"key": "00O2TK9973U24DOQXFO2WGT99",
			"value": "\n3.7.2YTDPY Δ TOGO %"
		},
		"kf057": {
			"key": "00O2TK9973U24DOQXFO2WGZKT",
			"value": "\n3.7.3YTDPY Δ PY % (color)"
		},
		"kf058": {
			"key": "00O2TK9973U27OH4GORSKWWZL",
			"value": "\n3.8.1YTD TOGO FC1 cpa"
		},
		"kf059": {
			"key": "00O2TK9973U27OH4GORSKX3B5",
			"value": "\n3.8.2YTDFC Δ TOGO FC1 cpa %"
		},
		"kf060": {
			"key": "00O2TK9973U27OH5MLT5SRFL7",
			"value": "\n3.8.3YTDFC Δ FC1 ca % (color)"
		},
		"kf061": {
			"key": "00O2TK9973U27OH4GORSKX9MP",
			"value": "\n3.9.1YTD TOGO FC1"
		},
		"kf062": {
			"key": "00O2TK9973U27OH4GORSKXFY9",
			"value": "\n3.9.2YTDFC Δ TOGO FC1 %"
		},
		"kf063": {
			"key": "00O2TK9973U27OH5T9JNTAJ0H",
			"value": "\n3.9.3YTDFC Δ FC1 % (color)"
		}
	},
	"cube": [
		{
			"char001": {
				"key": "00O2TK9973U24DW9ZXPHMZ6TW",
				"value": "01 Net Sales"
			},
			"kf001": {
				"key": "00O2TK9973U24DOQXFO2WBW9P",
				"value": "26418998417.6944700000",
				"unit": "EUR"
			},
			"kf002": {
				"key": "00O2TK9973U2BHWYODP4OQ1D2",
				"value": "26418998417.6944700000",
				"unit": "EUR"
			},
			"kf003": {
				"key": "00O2TK9973U2BHWYODP4OQ7OM",
				"unit": ""
			},
			"kf004": {
				"key": "00O2TK9973U24DOQXFO2W934T",
				"value": "27197028982.0074800000",
				"unit": "EUR"
			},
			"kf005": {
				"key": "00O2TK9973U24DOQXFO2WBPY5",
				"value": "26119945815.3768400000",
				"unit": "EUR"
			},
			"kf006": {
				"key": "00O2TK9973U27OGTAQF35FE6Y",
				"value": "27159607481.8875600000",
				"unit": "EUR"
			},
			"kf007": {
				"key": "00O2TK9973U24DOQXFO2WC2L9",
				"value": "-778030564.31301000000",
				"unit": "EUR"
			},
			"kf008": {
				"key": "00O2TK9973U24DOQXFO2WC8WT",
				"value": "-2.86071895877938",
				"unit": ""
			},
			"kf009": {
				"key": "00O2TK9973U24DOQXFO2W8K65",
				"value": "-773532517.07301000000",
				"unit": "EUR"
			},
			"kf010": {
				"key": "00O2TK9973U24DOQXFO2W8DUL",
				"value": "-2.84418021389303",
				"unit": ""
			},
			"kf011": {
				"key": "00O2TK9973U24DOQXFO2WCF8D",
				"value": "299052602.317630000000",
				"unit": "EUR"
			},
			"kf012": {
				"key": "00O2TK9973U24DOQXFO2WCLJX",
				"value": "1.14492045439687",
				"unit": ""
			},
			"kf013": {
				"key": "00O2TK9973U24DOQXFO2WCRVH",
				"value": "298830004.497630000000",
				"unit": "EUR"
			},
			"kf014": {
				"key": "00O2TK9973U24DOQXFO2WCY71",
				"value": "1.14406824045442",
				"unit": ""
			},
			"kf015": {
				"key": "00O2TK9973U27OGTVNCQMBK33",
				"value": "-740609064.19309000000",
				"unit": "EUR"
			},
			"kf016": {
				"key": "00O2TK9973U27OGTVNCQMBQEN",
				"value": "-2.72687690603406",
				"unit": ""
			},
			"kf017": {
				"key": "00O2TK9973U27OGTVNCQMBWQ7",
				"value": "-740609064.19309000000",
				"unit": "EUR"
			},
			"kf018": {
				"key": "00O2TK9973U27OGTVNCQMC31R",
				"value": "-2.72687690603406",
				"unit": ""
			},
			"kf019": {
				"key": "00O2TK9973U24DOQXFO2WE6FX",
				"value": "36261318604.2455600000",
				"unit": "EUR"
			},
			"kf020": {
				"key": "00O2TK9973U24DOQXFO2WE04D",
				"value": "34943513254.0799300000",
				"unit": "EUR"
			},
			"kf021": {
				"key": "00O2TK9973U0HE2PN67JQ6932",
				"value": "36240558772.1434300000",
				"unit": "EUR"
			},
			"kf022": {
				"key": "00O2TK9973U24DOQXFO2WECRH",
				"value": "1317805350.16563000000",
				"unit": "EUR"
			},
			"kf023": {
				"key": "00O2TK9973U24DOQXFO2WEJ31",
				"value": "3.77124458145824",
				"unit": ""
			},
			"kf024": {
				"key": "00O2TK9973U24DOQXFO2WEPEL",
				"value": "1980934539.40311000000",
				"unit": "EUR"
			},
			"kf025": {
				"key": "00O2TK9973U24DOQXFO2WEVQ5",
				"value": "-2.21366555631808",
				"unit": ""
			},
			"kf026": {
				"key": "00O2TK9973U24DOQXFO2W4659",
				"value": "8551595187.15906500000",
				"unit": "EUR"
			},
			"kf027": {
				"key": "00O2TK9973U27OH6PUM0GPLWG",
				"value": "8526906169.63682000000",
				"unit": "EUR"
			},
			"kf028": {
				"key": "00O2TK9973U24DOQXFO2W7I8T",
				"value": "-17849120997.215405000",
				"unit": "EUR"
			},
			"kf029": {
				"key": "00O2TK9973U24DOQXFO2W7UVX",
				"value": "0.07784223951697",
				"unit": ""
			},
			"kf030": {
				"key": "00O2TK9973U24DOQXFO2W87J1",
				"value": "-93.19601429666055",
				"unit": ""
			},
			"kf031": {
				"key": "00O2TK9973U24DOQXFO2W9FRX",
				"value": "-18177910507.130771000",
				"unit": "EUR"
			},
			"kf032": {
				"key": "00O2TK9973U24DOQXFO2W9SF1",
				"value": "-1.76277261680456",
				"unit": ""
			},
			"kf033": {
				"key": "00O2TK9973U24DOQXFO2W9YQL",
				"value": "-155.07932450815937",
				"unit": ""
			},
			"kf034": {
				"key": "00O2TK9973U24DOQXFO2WA525",
				"value": "-17867403230.535405000",
				"unit": "EUR"
			},
			"kf035": {
				"key": "00O2TK9973U24DOQXFO2WABDP",
				"value": "-0.02450454844531",
				"unit": ""
			},
			"kf036": {
				"key": "00O2TK9973U24DOQXFO2WAHP9",
				"value": "-102.14028392550798",
				"unit": ""
			},
			"kf037": {
				"key": "00O2TK9973U24DOQXFO2WAO0T",
				"value": "-18162078578.998781000",
				"unit": "EUR"
			},
			"kf038": {
				"key": "00O2TK9973U24DOQXFO2WAUCD",
				"value": "-1.67414301870255",
				"unit": ""
			},
			"kf039": {
				"key": "00O2TK9973U24DOQXFO2WB0NX",
				"value": "-147.22352254021509",
				"unit": ""
			},
			"kf040": {
				"key": "00O2TK9973U27OH6CX4VUZ7ER",
				"value": "-18114906666.277199000",
				"unit": "EUR"
			},
			"kf041": {
				"key": "00O2TK9973U27OH6CX4VUZDQB",
				"value": "-1.41006730844404",
				"unit": ""
			},
			"kf042": {
				"key": "00O2TK9973U27OH6CX4VUZK1V",
				"value": "-223.25027988574939",
				"unit": ""
			},
			"kf043": {
				"key": "00O2TK9973U27OH6PUM0GPS80",
				"value": "-17892092248.057650000",
				"unit": "EUR"
			},
			"kf044": {
				"key": "00O2TK9973U27OH6PUM0GPYJK",
				"value": "-0.16271751166036",
				"unit": ""
			},
			"kf045": {
				"key": "00O2TK9973U27OH6PUM0GQ4V4",
				"value": "-114.21212373623592",
				"unit": ""
			},
			"kf046": {
				"key": "00O2TK9973U24DOQXFO2WF21P",
				"value": "9920532267.20109000000",
				"unit": "EUR"
			},
			"kf047": {
				"key": "00O2TK9973U24DOQXFO2WF8D9",
				"value": "12.43221447695123",
				"unit": ""
			},
			"kf048": {
				"key": "00O2TK9973U24DOQXFO2WFEOT",
				"value": "986.66721418760656",
				"unit": ""
			},
			"kf049": {
				"key": "00O2TK9973U24DOQXFO2WFL0D",
				"value": "8524292238.56546000000",
				"unit": "EUR"
			},
			"kf050": {
				"key": "00O2TK9973U24DOQXFO2WFRBX",
				"value": "-3.39177098397763",
				"unit": ""
			},
			"kf051": {
				"key": "00O2TK9973U24DOQXFO2WFXNH",
				"value": "-297.46579321443553",
				"unit": ""
			},
			"kf052": {
				"key": "00O2TK9973U24DOQXFO2WG3Z1",
				"value": "9842320186.55109000000",
				"unit": "EUR"
			},
			"kf053": {
				"key": "00O2TK9973U24DOQXFO2WGAAL",
				"value": "11.54581471638572",
				"unit": ""
			},
			"kf054": {
				"key": "00O2TK9973U24DOQXFO2WGGM5",
				"value": "908.43815586016984",
				"unit": ""
			},
			"kf055": {
				"key": "00O2TK9973U24DOQXFO2WGMXP",
				"value": "8524514836.38546000000",
				"unit": "EUR"
			},
			"kf056": {
				"key": "00O2TK9973U24DOQXFO2WGT99",
				"value": "-3.38924821955671",
				"unit": ""
			},
			"kf057": {
				"key": "00O2TK9973U24DOQXFO2WGZKT",
				"value": "-297.02477679046351",
				"unit": ""
			},
			"kf058": {
				"key": "00O2TK9973U27OH4GORSKWWZL",
				"value": "8904458180.03014000000",
				"unit": "EUR"
			},
			"kf059": {
				"key": "00O2TK9973U27OH4GORSKX3B5",
				"value": "0.91675778407083",
				"unit": ""
			},
			"kf060": {
				"key": "00O2TK9973U27OH5MLT5SRFL7",
				"value": "-19.86860996100206",
				"unit": ""
			},
			"kf061": {
				"key": "00O2TK9973U27OH4GORSKX9MP",
				"value": "9821560354.44896000000",
				"unit": "EUR"
			},
			"kf062": {
				"key": "00O2TK9973U27OH4GORSKXFY9",
				"value": "11.31053763320652",
				"unit": ""
			},
			"kf063": {
				"key": "00O2TK9973U27OH5T9JNTAJ0H",
				"value": "887.88851136079395",
				"unit": ""
			}
		}
	],
	"filters": [
		{
			"id": "0CS_CHART",
			"from": {
				"key": "BI",
				"value": "BI"
			},
			"to": {
				"key": "",
				"to": ""
			}
		},
		{
			"id": "0CS_DIMEN",
			"from": {
				"key": "BX",
				"value": "BX"
			},
			"to": {
				"key": "",
				"to": ""
			}
		},
		{
			"id": "0CS_DOCTYPE",
			"from": {
				"key": "BX/Y8",
				"value": "Deviation Analysis uncons"
			},
			"to": {
				"key": "",
				"to": ""
			}
		},
		{
			"id": "0CURTYPE",
			"from": {
				"key": "#",
				"value": "Not assigned"
			},
			"to": {
				"key": "",
				"to": ""
			}
		},
		{
			"id": "0CURTYPE",
			"from": {
				"key": "10",
				"value": "Company code currency"
			},
			"to": {
				"key": "",
				"to": ""
			}
		},
		{
			"id": "0FISCVARNT",
			"from": {
				"key": "K1",
				"value": "Calendar year, 1 spec. period"
			},
			"to": {
				"key": "",
				"to": ""
			}
		},
		{
			"id": "0IOBJSV",
			"from": {
				"key": "#",
				"value": "Not assigned"
			},
			"to": {
				"key": "",
				"to": ""
			}
		},
		{
			"id": "0IOBJSV",
			"from": {
				"key": "0PSG",
				"value": "Profit. segment"
			},
			"to": {
				"key": "",
				"to": ""
			}
		},
		{
			"id": "0VALUATION",
			"from": {
				"key": "#",
				"value": "Legal Valuation"
			},
			"to": {
				"key": "",
				"to": ""
			}
		},
		{
			"id": "DRESPO__D_CV0",
			"from": {
				"key": "LS",
				"value": "Bayer Group"
			},
			"to": {
				"key": "",
				"to": ""
			}
		}
	],
	"variables": [
		{
			"id": "DCALQUART1_CXOOL01",
			"from": {
				"key": "3",
				"value": ""
			},
			"to": {
				"key": "",
				"to": ""
			}
		},
		{
			"id": "DCURRENCY_CDSOI01",
			"from": {
				"key": "EUR",
				"value": "Euro"
			},
			"to": {
				"key": "",
				"to": ""
			}
		},
		{
			"id": "D0FISCPER_CXSNI00",
			"from": {
				"key": "009.2017",
				"value": "SEP 2017"
			},
			"to": {
				"key": "",
				"to": ""
			}
		},
		{
			"id": "D0FISCPER3_CXOML01",
			"from": {
				"key": "1",
				"value": "Jan"
			},
			"to": {
				"key": "009",
				"to": "Sep"
			}
		},
		{
			"id": "DFISCYEAR_CXSOL03",
			"from": {
				"key": "2017",
				"value": "Calendar year, 1 spec. period 2017"
			},
			"to": {
				"key": "",
				"to": ""
			}
		},
		{
			"id": "DZINFOPROV_CXOOL07",
			"from": {
				"key": "DA_CDCALF",
				"value": ""
			},
			"to": {
				"key": "",
				"to": ""
			}
		},
		{
			"id": "DZINFOPROV_CXOOL07",
			"from": {
				"key": "COPADPF",
				"value": ""
			},
			"to": {
				"key": "",
				"to": ""
			}
		},
		{
			"id": "DZINFOPROV_CXOOL07",
			"from": {
				"key": "COPACSP",
				"value": ""
			},
			"to": {
				"key": "",
				"to": ""
			}
		},
		{
			"id": "DZINFOPROV_CXOOL07",
			"from": {
				"key": "COPACCPCF",
				"value": ""
			},
			"to": {
				"key": "",
				"to": ""
			}
		},
		{
			"id": "DZINFOPROV_CXOOL07",
			"from": {
				"key": "BKA_CPRKF",
				"value": ""
			},
			"to": {
				"key": "",
				"to": ""
			}
		},
		{
			"id": "D0RTYPE_CXSNL01",
			"from": {
				"key": "Q1F",
				"value": "QBR1 Forecast"
			},
			"to": {
				"key": "",
				"to": ""
			}
		},
		{
			"id": "D0VERSION_TEXT2",
			"from": {
				"key": "FC1",
				"value": "FC1"
			},
			"to": {
				"key": "",
				"to": ""
			}
		},
		{
			"id": "D0VERSION_CXSMIFC2",
			"from": {
				"key": "FC1",
				"value": "Forecast 1"
			},
			"to": {
				"key": "",
				"to": ""
			}
		},
		{
			"id": "Z0COND_FDSOI01",
			"from": {
				"key": "10",
				"value": "10"
			},
			"to": {
				"key": "",
				"to": ""
			}
		},
		{
			"id": "DDAGGTYPE_CDSMI",
			"from": {
				"key": "YTD",
				"value": "Year-to-date"
			},
			"to": {
				"key": "",
				"to": ""
			}
		},
		{
			"id": "DREQSTAT_CDSOI01",
			"from": {
				"key": "R",
				"value": "released"
			},
			"to": {
				"key": "",
				"to": ""
			}
		},
		{
			"id": "DDIMKKAX_HDSOI02",
			"from": {
				"key": "WORLD",
				"value": "Bayer Group"
			},
			"to": {
				"key": "0HIER_NODE",
				"to": ""
			}
		},
		{
			"id": "DD_GCLCREP_CXOOL01",
			"from": {
				"key": "GC",
				"value": "Group Currency"
			},
			"to": {
				"key": "",
				"to": ""
			}
		},
		{
			"id": "DD_GCLCREP_CXMMLLC",
			"from": {
				"key": "LC",
				"value": "Local Currency"
			},
			"to": {
				"key": "",
				"to": ""
			}
		},
		{
			"id": "DD_GCLCREP_CXMMLLC",
			"from": {
				"key": "ALL",
				"value": "ALL"
			},
			"to": {
				"key": "",
				"to": ""
			}
		},
		{
			"id": "DD_GCLCREP_CXMMLLC",
			"from": {
				"key": "#",
				"value": "Not assigned"
			},
			"to": {
				"key": "",
				"to": ""
			}
		},
		{
			"id": "DD_GCLCREP_CXMMLGC",
			"from": {
				"key": "GC",
				"value": "Group Currency"
			},
			"to": {
				"key": "",
				"to": ""
			}
		},
		{
			"id": "DD_GCLCREP_CXMMLGC",
			"from": {
				"key": "ALL",
				"value": "ALL"
			},
			"to": {
				"key": "",
				"to": ""
			}
		},
		{
			"id": "DD_GCLCREP_CXMMLGC",
			"from": {
				"key": "#",
				"value": "Not assigned"
			},
			"to": {
				"key": "",
				"to": ""
			}
		},
		{
			"id": "DD_GCLCREP_CXOOL01",
			"from": {
				"key": "ALL",
				"value": "ALL"
			},
			"to": {
				"key": "",
				"to": ""
			}
		},
		{
			"id": "DD_GCLCREP_CXOOL01",
			"from": {
				"key": "#",
				"value": "Not assigned"
			},
			"to": {
				"key": "",
				"to": ""
			}
		},
		{
			"id": "DD_GCLCREP_CXOOL01",
			"from": {
				"key": "#",
				"value": "Not assigned"
			},
			"to": {
				"key": "",
				"to": ""
			}
		},
		{
			"id": "DZMRSC_CXOOL01",
			"from": {
				"key": "MON",
				"value": "Monsanto"
			},
			"to": {
				"key": "",
				"to": ""
			}
		}
	],
	"error": false
}