{
	"version": "",
	"title": "ROI: BP1 NetSales Deviation",
	"id": "SOA00_COPAPRP03_QS027",
	"infocube": "COPAPRP03",
	"creator": "WDELL",
	"creationDate": "2018-07-03",
	"creationTime": "15:20:40",
	"lastChanger": "MJBUP",
	"changeDate": "2018-07-03",
	"changeTime": "15:20:40",
	"lastQueryExecutionDate": "2018-07-17",
	"lastQueryExecutionTime": "21:00:34",
	"available": true,
	"infoobjects": [
		{
			"id": "DRESPL2A",
			"infoobject": "DRESPL2A",
			"name": "Respo (Auth)",
			"descript": "Respo (Auth)",
			"position": "0001",
			"initialdisplay": "false",
			"isstructure": "false",
			"IS_FILTER": "false",
			"laytp": "AGG",
			"attribute": ""
		},
		{
			"id": "DSGA",
			"infoobject": "DSGA",
			"name": "SG (Auth)",
			"descript": "SG (Auth)",
			"position": "0002",
			"initialdisplay": "false",
			"isstructure": "false",
			"IS_FILTER": "false",
			"laytp": "AGG",
			"attribute": ""
		},
		{
			"id": "DCTRY_FD",
			"infoobject": "DCTRY_FD",
			"name": "Country final-dest.",
			"descript": "Country final-dest.",
			"position": "0003",
			"initialdisplay": "false",
			"isstructure": "false",
			"IS_FILTER": "false",
			"laytp": "AGG",
			"attribute": ""
		},
		{
			"id": "DRESPO__DIMKKAX",
			"infoobject": "DRESPO__DIMKKAX",
			"name": "BSV: Hierarchy",
			"descript": "BSV: Hierarchy",
			"position": "0004",
			"initialdisplay": "false",
			"ishierarchy": "true",
			"hierarchy": {
				"id": "BSV_HIER_ALL",
				"name": "",
				"level": "12"
			},
			"hienmdesc": "",
			"hienmlevel": "12",
			"isstructure": "false",
			"IS_FILTER": "false",
			"laytp": "AGG",
			"attribute": ""
		},
		{
			"id": "DRESPO__DIMKKA1",
			"infoobject": "DRESPO__DIMKKA1",
			"name": "BSV Lvl 1",
			"descript": "BSV Lvl 1",
			"position": "0005",
			"initialdisplay": "false",
			"isstructure": "false",
			"IS_FILTER": "false",
			"laytp": "AGG",
			"attribute": ""
		},
		{
			"id": "DRESPO__DIMKKA2",
			"infoobject": "DRESPO__DIMKKA2",
			"name": "BSV Lvl 2",
			"descript": "BSV Lvl 2",
			"position": "0006",
			"initialdisplay": "false",
			"isstructure": "false",
			"IS_FILTER": "false",
			"laytp": "AGG",
			"attribute": ""
		},
		{
			"id": "DRESPO__DIMKKA3",
			"infoobject": "DRESPO__DIMKKA3",
			"name": "BSV Lvl 3",
			"descript": "BSV Lvl 3",
			"position": "0007",
			"initialdisplay": "false",
			"isstructure": "false",
			"IS_FILTER": "false",
			"laytp": "AGG",
			"attribute": ""
		},
		{
			"id": "DRESPO__DIMKKA4",
			"infoobject": "DRESPO__DIMKKA4",
			"name": "BSV Lvl 4",
			"descript": "BSV Lvl 4",
			"position": "0008",
			"initialdisplay": "false",
			"isstructure": "false",
			"IS_FILTER": "false",
			"laytp": "AGG",
			"attribute": ""
		},
		{
			"id": "DRESPO__DIMKKA5",
			"infoobject": "DRESPO__DIMKKA5",
			"name": "BSV Lvl 5",
			"descript": "BSV Lvl 5",
			"position": "0009",
			"initialdisplay": "false",
			"isstructure": "false",
			"IS_FILTER": "false",
			"laytp": "AGG",
			"attribute": ""
		},
		{
			"id": "DRESPO__DIMKKA6",
			"infoobject": "DRESPO__DIMKKA6",
			"name": "BSV Lvl 6",
			"descript": "BSV Lvl 6",
			"position": "0010",
			"initialdisplay": "false",
			"isstructure": "false",
			"IS_FILTER": "false",
			"laytp": "AGG",
			"attribute": ""
		},
		{
			"id": "DRESPO__DIMKKA7",
			"infoobject": "DRESPO__DIMKKA7",
			"name": "BSV Lvl 7",
			"descript": "BSV Lvl 7",
			"position": "0011",
			"initialdisplay": "false",
			"isstructure": "false",
			"IS_FILTER": "false",
			"laytp": "AGG",
			"attribute": ""
		},
		{
			"id": "DRESPO__DIMKKA8",
			"infoobject": "DRESPO__DIMKKA8",
			"name": "BSV Lvl 8",
			"descript": "BSV Lvl 8",
			"position": "0012",
			"initialdisplay": "false",
			"isstructure": "false",
			"IS_FILTER": "false",
			"laytp": "AGG",
			"attribute": ""
		},
		{
			"id": "DRESPO__DIMKKA9",
			"infoobject": "DRESPO__DIMKKA9",
			"name": "BSV Lvl 9",
			"descript": "BSV Lvl 9",
			"position": "0013",
			"initialdisplay": "false",
			"isstructure": "false",
			"IS_FILTER": "false",
			"laytp": "AGG",
			"attribute": ""
		},
		{
			"id": "DRESPO__DIMKKA10",
			"infoobject": "DRESPO__DIMKKA10",
			"name": "BSV Lvl 10",
			"descript": "BSV Lvl 10",
			"position": "0014",
			"initialdisplay": "false",
			"isstructure": "false",
			"IS_FILTER": "false",
			"laytp": "AGG",
			"attribute": ""
		},
		{
			"id": "DRESPO__DBRANDF",
			"infoobject": "DRESPO__DBRANDF",
			"name": "CV Brand Family",
			"descript": "CV Brand Family",
			"position": "0015",
			"initialdisplay": "false",
			"isstructure": "false",
			"IS_FILTER": "false",
			"laytp": "AGG",
			"attribute": ""
		},
		{
			"id": "DRESPO__DK_GB",
			"infoobject": "DRESPO__DK_GB",
			"name": "CV 5 Business Group",
			"descript": "CV 5 Business Group",
			"position": "0016",
			"initialdisplay": "false",
			"isstructure": "false",
			"IS_FILTER": "false",
			"laytp": "AGG",
			"attribute": ""
		},
		{
			"id": "DRESPO__DSBE",
			"infoobject": "DRESPO__DSBE",
			"name": "CV 6 SBE",
			"descript": "CV 6 SBE",
			"position": "0017",
			"initialdisplay": "false",
			"isstructure": "false",
			"IS_FILTER": "false",
			"laytp": "AGG",
			"attribute": ""
		},
		{
			"id": "DRESPO__DRU",
			"infoobject": "DRESPO__DRU",
			"name": "CV 7 Reporting Unit",
			"descript": "CV 7 Reporting Unit",
			"position": "0018",
			"initialdisplay": "false",
			"isstructure": "false",
			"IS_FILTER": "false",
			"laytp": "AGG",
			"attribute": ""
		},
		{
			"id": "DRESPO__DIMKKACG",
			"infoobject": "DRESPO__DIMKKACG",
			"name": "BSV CG",
			"descript": "BSV CG",
			"position": "0019",
			"initialdisplay": "false",
			"isstructure": "false",
			"IS_FILTER": "false",
			"laytp": "AGG",
			"attribute": ""
		},
		{
			"id": "DRESPO__DLOC_BU_M",
			"infoobject": "DRESPO__DLOC_BU_M",
			"name": "Local BU (MV)",
			"descript": "Local BU (MV)",
			"position": "0020",
			"initialdisplay": "false",
			"isstructure": "false",
			"IS_FILTER": "false",
			"laytp": "AGG",
			"attribute": ""
		},
		{
			"id": "0CUSTOMER",
			"infoobject": "0CUSTOMER",
			"name": "Customer",
			"descript": "Customer",
			"position": "0021",
			"initialdisplay": "false",
			"isstructure": "false",
			"IS_FILTER": "false",
			"laytp": "AGG",
			"attribute": ""
		},
		{
			"id": "DRESPO__DPC_CV",
			"infoobject": "DRESPO__DPC_CV",
			"name": "CV 8 Profitcenter",
			"descript": "CV 8 Profitcenter",
			"position": "0022",
			"initialdisplay": "false",
			"isstructure": "false",
			"IS_FILTER": "false",
			"laytp": "AGG",
			"attribute": ""
		},
		{
			"id": "DRESPO__DMUSTW1",
			"infoobject": "DRESPO__DMUSTW1",
			"name": "CV Brand Attribute",
			"descript": "CV Brand Attribute",
			"position": "0023",
			"initialdisplay": "false",
			"isstructure": "false",
			"IS_FILTER": "false",
			"laytp": "AGG",
			"attribute": ""
		},
		{
			"id": "DRESPO__DMUSTW2",
			"infoobject": "DRESPO__DMUSTW2",
			"name": "CV Country Attribute",
			"descript": "CV Country Attribute",
			"position": "0024",
			"initialdisplay": "false",
			"isstructure": "false",
			"IS_FILTER": "false",
			"laytp": "AGG",
			"attribute": ""
		},
		{
			"id": "DRESPO__DBRAND",
			"infoobject": "DRESPO__DBRAND",
			"name": "CV Brand",
			"descript": "CV Brand",
			"position": "0025",
			"initialdisplay": "false",
			"isstructure": "false",
			"IS_FILTER": "false",
			"laytp": "AGG",
			"attribute": ""
		},
		{
			"id": "DRESPO__DMVIEW",
			"infoobject": "DRESPO__DMVIEW",
			"name": "CV Brand / Country",
			"descript": "CV Brand / Country",
			"position": "0026",
			"initialdisplay": "false",
			"isstructure": "false",
			"IS_FILTER": "false",
			"laytp": "AGG",
			"attribute": ""
		},
		{
			"id": "0MATERIAL__DBRANDG",
			"infoobject": "0MATERIAL__DBRANDG",
			"name": "Add.Brand Grouping",
			"descript": "Add.Brand Grouping",
			"position": "0027",
			"initialdisplay": "false",
			"isstructure": "false",
			"IS_FILTER": "false",
			"laytp": "AGG",
			"attribute": ""
		},
		{
			"id": "0MATERIAL__DPRODH4",
			"infoobject": "0MATERIAL__DPRODH4",
			"name": "Prod.Hier. Lev. 4",
			"descript": "Prod.Hier. Lev. 4",
			"position": "0028",
			"initialdisplay": "false",
			"isstructure": "false",
			"IS_FILTER": "false",
			"laytp": "AGG",
			"attribute": ""
		},
		{
			"id": "DSPECIES",
			"infoobject": "DSPECIES",
			"name": "Species",
			"descript": "Species",
			"position": "0029",
			"initialdisplay": "false",
			"isstructure": "false",
			"IS_FILTER": "false",
			"laytp": "AGG",
			"attribute": ""
		},
		{
			"id": "DRESPO__DCOREBSV1",
			"infoobject": "DRESPO__DCOREBSV1",
			"name": "CSV Loc. Brand Fam.",
			"descript": "CSV Loc. Brand Fam.",
			"position": "0030",
			"initialdisplay": "false",
			"isstructure": "false",
			"IS_FILTER": "false",
			"laytp": "AGG",
			"attribute": ""
		},
		{
			"id": "DRESPO__DCOREBIO1",
			"infoobject": "DRESPO__DCOREBIO1",
			"name": "CSV Loc Brand FamTyp",
			"descript": "CSV Loc Brand FamTyp",
			"position": "0031",
			"initialdisplay": "false",
			"isstructure": "false",
			"IS_FILTER": "false",
			"laytp": "AGG",
			"attribute": ""
		},
		{
			"id": "DRESPO__DCOREBSV2",
			"infoobject": "DRESPO__DCOREBSV2",
			"name": "CSV Local Brand",
			"descript": "CSV Local Brand",
			"position": "0032",
			"initialdisplay": "false",
			"isstructure": "false",
			"IS_FILTER": "false",
			"laytp": "AGG",
			"attribute": ""
		},
		{
			"id": "DRESPO__DCOREBIO2",
			"infoobject": "DRESPO__DCOREBIO2",
			"name": "CSV Loc. Brand Type",
			"descript": "CSV Loc. Brand Type",
			"position": "0033",
			"initialdisplay": "false",
			"isstructure": "false",
			"IS_FILTER": "false",
			"laytp": "AGG",
			"attribute": ""
		},
		{
			"id": "DRESPO__DCOREPSV1",
			"infoobject": "DRESPO__DCOREPSV1",
			"name": "CSV Loc. Steer. View",
			"descript": "CSV Loc. Steer. View",
			"position": "0034",
			"initialdisplay": "false",
			"isstructure": "false",
			"IS_FILTER": "false",
			"laytp": "AGG",
			"attribute": ""
		},
		{
			"id": "DRESPO__DCOREPIO1",
			"infoobject": "DRESPO__DCOREPIO1",
			"name": "CSV Loc. St. Vw. Typ",
			"descript": "CSV Loc. St. Vw. Typ",
			"position": "0035",
			"initialdisplay": "false",
			"isstructure": "false",
			"IS_FILTER": "false",
			"laytp": "AGG",
			"attribute": ""
		},
		{
			"id": "D_COREC__DCORECSV1",
			"infoobject": "D_COREC__DCORECSV1",
			"name": "CSV Local Channel",
			"descript": "CSV Local Channel",
			"position": "0036",
			"initialdisplay": "false",
			"isstructure": "false",
			"IS_FILTER": "false",
			"laytp": "AGG",
			"attribute": ""
		},
		{
			"id": "D_COREC__DCORECIO1",
			"infoobject": "D_COREC__DCORECIO1",
			"name": "CSV Loc. Channel Typ",
			"descript": "CSV Loc. Channel Typ",
			"position": "0037",
			"initialdisplay": "false",
			"isstructure": "false",
			"IS_FILTER": "false",
			"laytp": "AGG",
			"attribute": ""
		},
		{
			"id": "D_COREC__DCORECSV2",
			"infoobject": "D_COREC__DCORECSV2",
			"name": "CSV Local Subchannel",
			"descript": "CSV Local Subchannel",
			"position": "0038",
			"initialdisplay": "false",
			"isstructure": "false",
			"IS_FILTER": "false",
			"laytp": "AGG",
			"attribute": ""
		},
		{
			"id": "D_COREC__DCORECIO2",
			"infoobject": "D_COREC__DCORECIO2",
			"name": "CSV Loc.Sub.Chan.Typ",
			"descript": "CSV Loc.Sub.Chan.Typ",
			"position": "0039",
			"initialdisplay": "false",
			"isstructure": "false",
			"IS_FILTER": "false",
			"laytp": "AGG",
			"attribute": ""
		},
		{
			"id": "D_COREC__DCORECSV3",
			"infoobject": "D_COREC__DCORECSV3",
			"name": "CSV LocSub-Cha AddAO",
			"descript": "CSV LocSub-Cha AddAO",
			"position": "0040",
			"initialdisplay": "false",
			"isstructure": "false",
			"IS_FILTER": "false",
			"laytp": "AGG",
			"attribute": ""
		},
		{
			"id": "D_COREC__DCORECIO3",
			"infoobject": "D_COREC__DCORECIO3",
			"name": "CSV LocSubChan Type",
			"descript": "CSV LocSubChan Type",
			"position": "0041",
			"initialdisplay": "false",
			"isstructure": "false",
			"IS_FILTER": "false",
			"laytp": "AGG",
			"attribute": ""
		},
		{
			"id": "0MATERIAL",
			"infoobject": "0MATERIAL",
			"name": "Material",
			"descript": "Material",
			"position": "0042",
			"initialdisplay": "false",
			"isstructure": "false",
			"IS_FILTER": "false",
			"laytp": "AGG",
			"attribute": ""
		},
		{
			"id": "00O2TK9973U24DOQXFO2W347X",
			"infoobject": "00O2TK9973U24DOQXFO2W347X",
			"name": "ROI: BP1 Key Figures cpa (var.)",
			"descript": "ROI: BP1 Key Figures cpa (var.)",
			"position": "0001",
			"initialdisplay": "true",
			"isstructure": "true",
			"IS_FILTER": "false",
			"laytp": "COL",
			"attribute": ""
		},
		{
			"id": "0INFOPROV",
			"infoobject": "0INFOPROV",
			"name": "InfoProvider",
			"descript": "InfoProvider",
			"position": "0001",
			"initialdisplay": "false",
			"isstructure": "false",
			"IS_FILTER": "true",
			"laytp": "FIX",
			"attribute": ""
		},
		{
			"id": "0CS_DOCTYPE",
			"infoobject": "0CS_DOCTYPE",
			"name": "Document Type",
			"descript": "Document Type",
			"position": "0002",
			"initialdisplay": "false",
			"isstructure": "false",
			"IS_FILTER": "true",
			"laytp": "FIX",
			"attribute": ""
		},
		{
			"id": "0CS_CHART",
			"infoobject": "0CS_CHART",
			"name": "Cons Chart of Accts",
			"descript": "Cons Chart of Accts",
			"position": "0003",
			"initialdisplay": "false",
			"isstructure": "false",
			"IS_FILTER": "true",
			"laytp": "FIX",
			"attribute": ""
		},
		{
			"id": "0IOBJSV",
			"infoobject": "0IOBJSV",
			"name": "Object Type",
			"descript": "Object Type",
			"position": "0004",
			"initialdisplay": "false",
			"isstructure": "false",
			"IS_FILTER": "true",
			"laytp": "FIX",
			"attribute": ""
		},
		{
			"id": "0FISCVARNT",
			"infoobject": "0FISCVARNT",
			"name": "Fiscal Year Variant",
			"descript": "Fiscal Year Variant",
			"position": "0005",
			"initialdisplay": "false",
			"isstructure": "false",
			"IS_FILTER": "true",
			"laytp": "FIX",
			"attribute": ""
		},
		{
			"id": "0CURTYPE",
			"infoobject": "0CURTYPE",
			"name": "Currency Type",
			"descript": "Currency Type",
			"position": "0006",
			"initialdisplay": "false",
			"isstructure": "false",
			"IS_FILTER": "true",
			"laytp": "FIX",
			"attribute": ""
		},
		{
			"id": "0VERSION",
			"infoobject": "0VERSION",
			"name": "Version",
			"descript": "Version",
			"position": "0007",
			"initialdisplay": "false",
			"isstructure": "false",
			"IS_FILTER": "true",
			"laytp": "FIX",
			"attribute": ""
		},
		{
			"id": "0VALUATION",
			"infoobject": "0VALUATION",
			"name": "Valuation view",
			"descript": "Valuation view",
			"position": "0008",
			"initialdisplay": "false",
			"isstructure": "false",
			"IS_FILTER": "true",
			"laytp": "FIX",
			"attribute": ""
		},
		{
			"id": "0CS_DIMEN",
			"infoobject": "0CS_DIMEN",
			"name": "Dimension",
			"descript": "Dimension",
			"position": "0009",
			"initialdisplay": "false",
			"isstructure": "false",
			"IS_FILTER": "true",
			"laytp": "FIX",
			"attribute": ""
		},
		{
			"id": "DREQSTAT",
			"infoobject": "DREQSTAT",
			"name": "Status of Reporting",
			"descript": "Status of Reporting",
			"position": "0010",
			"initialdisplay": "false",
			"isstructure": "false",
			"IS_FILTER": "true",
			"laytp": "FIX",
			"attribute": ""
		},
		{
			"id": "DRESPO__D_CV0",
			"infoobject": "DRESPO__D_CV0",
			"name": "CV 0 Life Sciene",
			"descript": "CV 0 Life Sciene",
			"position": "0011",
			"initialdisplay": "false",
			"isstructure": "false",
			"IS_FILTER": "true",
			"laytp": "FIX",
			"attribute": ""
		},
		{
			"id": "DCTRY_FDA",
			"infoobject": "DCTRY_FDA",
			"name": "Country final-dest.",
			"descript": "Country final-dest.",
			"position": "0012",
			"initialdisplay": "false",
			"isstructure": "false",
			"IS_FILTER": "true",
			"laytp": "FIX",
			"attribute": ""
		},
		{
			"id": "DBGA",
			"infoobject": "DBGA",
			"name": "BG (Auth)",
			"descript": "BG (Auth)",
			"position": "0013",
			"initialdisplay": "false",
			"isstructure": "false",
			"IS_FILTER": "true",
			"laytp": "FIX",
			"attribute": ""
		},
		{
			"id": "DPRKNSTAA",
			"infoobject": "DPRKNSTAA",
			"name": "BayReP: Status(Auth)",
			"descript": "BayReP: Status(Auth)",
			"position": "0014",
			"initialdisplay": "false",
			"isstructure": "false",
			"IS_FILTER": "true",
			"laytp": "FIX",
			"attribute": ""
		},
		{
			"id": "00O2TK9973U24DW9ZXPHMZ0IC",
			"infoobject": "00O2TK9973U24DW9ZXPHMZ0IC",
			"name": "Prokon",
			"descript": "Prokon",
			"position": "0001",
			"initialdisplay": "true",
			"isstructure": "true",
			"IS_FILTER": "false",
			"laytp": "ROW",
			"attribute": ""
		}
	],
	"variables": [
		{
			"id": "D0CUSTOMER_CDOOI",
			"name": "Customer",
			"infoobject": {
				"id": "0CUSTOMER",
				"name": "Customer"
			},
			"type": "1",
			"typetext": "Characteristic value",
			"processtype": "5",
			"processtypetext": "User entry / default value",
			"parsel": "S",
			"parseltext": "Selection option",
			"input": true,
			"mandatory": false,
			"entrytype": "0",
			"entrytypetext": "Optional Variable Entry",
			"dynchange": "",
			"flags": {
				"lh": "0",
				"r": "0"
			},
			"value": "",
			"highvalue": ""
		},
		{
			"id": "D0FISCPER_CXSNI00",
			"name": "Fiscal Period / Year",
			"infoobject": {
				"id": "0FISCPER",
				"name": "Fiscal year/period"
			},
			"type": "1",
			"typetext": "Characteristic value",
			"processtype": "3",
			"processtypetext": "Customer exit",
			"parsel": "P",
			"parseltext": "Single value (parameters)",
			"input": true,
			"mandatory": true,
			"entrytype": "2",
			"entrytypetext": "Mandatory, Initial Value not Allowed",
			"dynchange": "",
			"flags": {
				"lh": "0",
				"r": "0"
			},
			"value": "",
			"highvalue": ""
		},
		{
			"id": "D0MATERIAL_CDOOI",
			"name": "Material",
			"infoobject": {
				"id": "0MATERIAL",
				"name": "Material"
			},
			"type": "1",
			"typetext": "Characteristic value",
			"processtype": "5",
			"processtypetext": "User entry / default value",
			"parsel": "S",
			"parseltext": "Selection option",
			"input": true,
			"mandatory": false,
			"entrytype": "0",
			"entrytypetext": "Optional Variable Entry",
			"dynchange": "",
			"flags": {
				"lh": "0",
				"r": "0"
			},
			"value": "",
			"highvalue": ""
		},
		{
			"id": "D0RTYPE_CXSNL01",
			"name": "Dyn. Forecast Rate from D0VERSION_CXSMIFC",
			"infoobject": {
				"id": "0RTYPE",
				"name": "Exchange Rate Type"
			},
			"type": "1",
			"typetext": "Characteristic value",
			"processtype": "3",
			"processtypetext": "Customer exit",
			"parsel": "P",
			"parseltext": "Single value (parameters)",
			"input": false,
			"mandatory": true,
			"entrytype": "2",
			"entrytypetext": "Mandatory, Initial Value not Allowed",
			"dynchange": "",
			"flags": {
				"lh": "0",
				"r": "0"
			},
			"value": "00O2TK8CN6Y24WQP6BHY66BJJ",
			"highvalue": ""
		},
		{
			"id": "D0VERSION_CXSMIFC2",
			"name": "FC - Version",
			"infoobject": {
				"id": "0VERSION",
				"name": "Version"
			},
			"type": "1",
			"typetext": "Characteristic value",
			"processtype": "3",
			"processtypetext": "Customer exit",
			"parsel": "P",
			"parseltext": "Single value (parameters)",
			"input": true,
			"mandatory": true,
			"entrytype": "1",
			"entrytypetext": "Mandatory Variable Entry",
			"dynchange": "",
			"flags": {
				"lh": "0",
				"r": "0"
			},
			"value": "",
			"highvalue": ""
		},
		{
			"id": "DCOUNTRY_CDMOI01",
			"name": "Country",
			"infoobject": {
				"id": "DCTRY_FD",
				"name": "Country final-dest."
			},
			"type": "1",
			"typetext": "Characteristic value",
			"processtype": "5",
			"processtypetext": "User entry / default value",
			"parsel": "M",
			"parseltext": "Several Single Values",
			"input": true,
			"mandatory": false,
			"entrytype": "0",
			"entrytypetext": "Optional Variable Entry",
			"dynchange": "",
			"flags": {
				"lh": "0",
				"r": "0"
			},
			"value": "",
			"highvalue": ""
		},
		{
			"id": "DCURRENCY_CDSOI01",
			"name": "Target Currency",
			"infoobject": {
				"id": "0CURRENCY",
				"name": "Currency"
			},
			"type": "1",
			"typetext": "Characteristic value",
			"processtype": "5",
			"processtypetext": "User entry / default value",
			"parsel": "P",
			"parseltext": "Single value (parameters)",
			"input": true,
			"mandatory": true,
			"entrytype": "1",
			"entrytypetext": "Mandatory Variable Entry",
			"dynchange": "",
			"flags": {
				"lh": "0",
				"r": "0"
			},
			"value": "EUR",
			"highvalue": ""
		},
		{
			"id": "DCURRENCY_CDSOI01",
			"name": "Target Currency",
			"infoobject": {
				"id": "0CURRENCY",
				"name": "Currency"
			},
			"type": "1",
			"typetext": "Characteristic value",
			"processtype": "5",
			"processtypetext": "User entry / default value",
			"parsel": "P",
			"parseltext": "Single value (parameters)",
			"input": true,
			"mandatory": true,
			"entrytype": "1",
			"entrytypetext": "Mandatory Variable Entry",
			"dynchange": "",
			"flags": {
				"lh": "0",
				"r": "0"
			},
			"value": "00O2TK8CN6Y24WQP6BHY66BJJ",
			"highvalue": ""
		},
		{
			"id": "DCURRENCY_CDSOI01",
			"name": "Target Currency",
			"infoobject": {
				"id": "0CURRENCY",
				"name": "Currency"
			},
			"type": "1",
			"typetext": "Characteristic value",
			"processtype": "5",
			"processtypetext": "User entry / default value",
			"parsel": "P",
			"parseltext": "Single value (parameters)",
			"input": true,
			"mandatory": true,
			"entrytype": "1",
			"entrytypetext": "Mandatory Variable Entry",
			"dynchange": "",
			"flags": {
				"lh": "0",
				"r": "0"
			},
			"value": "EUR",
			"highvalue": ""
		},
		{
			"id": "DCURRENCY_CDSOI01",
			"name": "Target Currency",
			"infoobject": {
				"id": "0CURRENCY",
				"name": "Currency"
			},
			"type": "1",
			"typetext": "Characteristic value",
			"processtype": "5",
			"processtypetext": "User entry / default value",
			"parsel": "P",
			"parseltext": "Single value (parameters)",
			"input": true,
			"mandatory": true,
			"entrytype": "1",
			"entrytypetext": "Mandatory Variable Entry",
			"dynchange": "",
			"flags": {
				"lh": "0",
				"r": "0"
			},
			"value": "00O2TK8CN6Y24WQP6BHY66BJJ",
			"highvalue": ""
		},
		{
			"id": "DDAGGTYPE_CDSMI",
			"name": "Date Agg. Type",
			"infoobject": {
				"id": "DDAGGTYPE",
				"name": "Date Agg. Type"
			},
			"type": "1",
			"typetext": "Characteristic value",
			"processtype": "5",
			"processtypetext": "User entry / default value",
			"parsel": "P",
			"parseltext": "Single value (parameters)",
			"input": true,
			"mandatory": true,
			"entrytype": "1",
			"entrytypetext": "Mandatory Variable Entry",
			"dynchange": "",
			"flags": {
				"lh": "0",
				"r": "0"
			},
			"value": "YTD",
			"highvalue": ""
		},
		{
			"id": "DDIMKKA10_CDOOSI01",
			"name": "BSV Lvl 10",
			"infoobject": {
				"id": "DRESPO__DIMKKA10",
				"name": "BSV Lvl 10"
			},
			"type": "1",
			"typetext": "Characteristic value",
			"processtype": "5",
			"processtypetext": "User entry / default value",
			"parsel": "S",
			"parseltext": "Selection option",
			"input": true,
			"mandatory": false,
			"entrytype": "0",
			"entrytypetext": "Optional Variable Entry",
			"dynchange": "",
			"flags": {
				"lh": "0",
				"r": "0"
			},
			"value": "",
			"highvalue": ""
		},
		{
			"id": "DDIMKKA1_CDOOI01",
			"name": "BSV Lvl 1",
			"infoobject": {
				"id": "DRESPO__DIMKKA1",
				"name": "BSV Lvl 1"
			},
			"type": "1",
			"typetext": "Characteristic value",
			"processtype": "5",
			"processtypetext": "User entry / default value",
			"parsel": "S",
			"parseltext": "Selection option",
			"input": true,
			"mandatory": false,
			"entrytype": "0",
			"entrytypetext": "Optional Variable Entry",
			"dynchange": "",
			"flags": {
				"lh": "0",
				"r": "0"
			},
			"value": "",
			"highvalue": ""
		},
		{
			"id": "DDIMKKA2_CDOOI01",
			"name": "BSV Lvl 2",
			"infoobject": {
				"id": "DRESPO__DIMKKA2",
				"name": "BSV Lvl 2"
			},
			"type": "1",
			"typetext": "Characteristic value",
			"processtype": "5",
			"processtypetext": "User entry / default value",
			"parsel": "S",
			"parseltext": "Selection option",
			"input": true,
			"mandatory": false,
			"entrytype": "0",
			"entrytypetext": "Optional Variable Entry",
			"dynchange": "",
			"flags": {
				"lh": "0",
				"r": "0"
			},
			"value": "",
			"highvalue": ""
		},
		{
			"id": "DDIMKKA3_CDOOI01",
			"name": "BSV Lvl 3",
			"infoobject": {
				"id": "DRESPO__DIMKKA3",
				"name": "BSV Lvl 3"
			},
			"type": "1",
			"typetext": "Characteristic value",
			"processtype": "5",
			"processtypetext": "User entry / default value",
			"parsel": "S",
			"parseltext": "Selection option",
			"input": true,
			"mandatory": false,
			"entrytype": "0",
			"entrytypetext": "Optional Variable Entry",
			"dynchange": "",
			"flags": {
				"lh": "0",
				"r": "0"
			},
			"value": "",
			"highvalue": ""
		},
		{
			"id": "DDIMKKA4_CDOOI01",
			"name": "BSV Lvl 4",
			"infoobject": {
				"id": "DRESPO__DIMKKA4",
				"name": "BSV Lvl 4"
			},
			"type": "1",
			"typetext": "Characteristic value",
			"processtype": "5",
			"processtypetext": "User entry / default value",
			"parsel": "S",
			"parseltext": "Selection option",
			"input": true,
			"mandatory": false,
			"entrytype": "0",
			"entrytypetext": "Optional Variable Entry",
			"dynchange": "",
			"flags": {
				"lh": "0",
				"r": "0"
			},
			"value": "",
			"highvalue": ""
		},
		{
			"id": "DDIMKKA5_CDOOI01",
			"name": "BSV Lvl 5",
			"infoobject": {
				"id": "DRESPO__DIMKKA5",
				"name": "BSV Lvl 5"
			},
			"type": "1",
			"typetext": "Characteristic value",
			"processtype": "5",
			"processtypetext": "User entry / default value",
			"parsel": "S",
			"parseltext": "Selection option",
			"input": true,
			"mandatory": false,
			"entrytype": "0",
			"entrytypetext": "Optional Variable Entry",
			"dynchange": "",
			"flags": {
				"lh": "0",
				"r": "0"
			},
			"value": "",
			"highvalue": ""
		},
		{
			"id": "DDIMKKA6_CDOOI01",
			"name": "BSV Lvl 6",
			"infoobject": {
				"id": "DRESPO__DIMKKA6",
				"name": "BSV Lvl 6"
			},
			"type": "1",
			"typetext": "Characteristic value",
			"processtype": "5",
			"processtypetext": "User entry / default value",
			"parsel": "S",
			"parseltext": "Selection option",
			"input": true,
			"mandatory": false,
			"entrytype": "0",
			"entrytypetext": "Optional Variable Entry",
			"dynchange": "",
			"flags": {
				"lh": "0",
				"r": "0"
			},
			"value": "",
			"highvalue": ""
		},
		{
			"id": "DDIMKKA7_CDOOI01",
			"name": "BSV Lvl 7",
			"infoobject": {
				"id": "DRESPO__DIMKKA7",
				"name": "BSV Lvl 7"
			},
			"type": "1",
			"typetext": "Characteristic value",
			"processtype": "5",
			"processtypetext": "User entry / default value",
			"parsel": "S",
			"parseltext": "Selection option",
			"input": true,
			"mandatory": false,
			"entrytype": "0",
			"entrytypetext": "Optional Variable Entry",
			"dynchange": "",
			"flags": {
				"lh": "0",
				"r": "0"
			},
			"value": "",
			"highvalue": ""
		},
		{
			"id": "DDIMKKA8_CDOOI01",
			"name": "BSV Lvl 8",
			"infoobject": {
				"id": "DRESPO__DIMKKA8",
				"name": "BSV Lvl 8"
			},
			"type": "1",
			"typetext": "Characteristic value",
			"processtype": "5",
			"processtypetext": "User entry / default value",
			"parsel": "S",
			"parseltext": "Selection option",
			"input": true,
			"mandatory": false,
			"entrytype": "0",
			"entrytypetext": "Optional Variable Entry",
			"dynchange": "",
			"flags": {
				"lh": "0",
				"r": "0"
			},
			"value": "",
			"highvalue": ""
		},
		{
			"id": "DDIMKKA9_CDOOSI01",
			"name": "BSV Lvl 9",
			"infoobject": {
				"id": "DRESPO__DIMKKA9",
				"name": "BSV Lvl 9"
			},
			"type": "1",
			"typetext": "Characteristic value",
			"processtype": "5",
			"processtypetext": "User entry / default value",
			"parsel": "S",
			"parseltext": "Selection option",
			"input": true,
			"mandatory": false,
			"entrytype": "0",
			"entrytypetext": "Optional Variable Entry",
			"dynchange": "",
			"flags": {
				"lh": "0",
				"r": "0"
			},
			"value": "",
			"highvalue": ""
		},
		{
			"id": "DDIMKKAX_HDSOI02",
			"name": "DIMKKAX HierNode selection",
			"infoobject": {
				"id": "DRESPO__DIMKKAX",
				"name": "BSV: Hierarchy"
			},
			"type": "2",
			"typetext": "Hierarchy nodes",
			"processtype": "5",
			"processtypetext": "User entry / default value",
			"parsel": "P",
			"parseltext": "Single value (parameters)",
			"input": true,
			"mandatory": false,
			"entrytype": "0",
			"entrytypetext": "Optional Variable Entry",
			"dynchange": "",
			"flags": {
				"lh": "0",
				"r": "0"
			},
			"value": "WORLD",
			"highvalue": "0HIER_NODE"
		},
		{
			"id": "DDK_GB_CDOOI",
			"name": "CV 5 Business Group",
			"infoobject": {
				"id": "DRESPO__DK_GB",
				"name": "CV 5 Business Group"
			},
			"type": "1",
			"typetext": "Characteristic value",
			"processtype": "5",
			"processtypetext": "User entry / default value",
			"parsel": "S",
			"parseltext": "Selection option",
			"input": true,
			"mandatory": false,
			"entrytype": "0",
			"entrytypetext": "Optional Variable Entry",
			"dynchange": "",
			"flags": {
				"lh": "0",
				"r": "0"
			},
			"value": "",
			"highvalue": ""
		},
		{
			"id": "DDRESPO_DBRANDF_CDSOI01",
			"name": "CV GI. Brand Family",
			"infoobject": {
				"id": "DRESPO__DBRANDF",
				"name": "CV Brand Family"
			},
			"type": "1",
			"typetext": "Characteristic value",
			"processtype": "5",
			"processtypetext": "User entry / default value",
			"parsel": "S",
			"parseltext": "Selection option",
			"input": true,
			"mandatory": false,
			"entrytype": "0",
			"entrytypetext": "Optional Variable Entry",
			"dynchange": "",
			"flags": {
				"lh": "0",
				"r": "0"
			},
			"value": "",
			"highvalue": ""
		},
		{
			"id": "DDSPECIES_CDOOI",
			"name": "Species",
			"infoobject": {
				"id": "DSPECIES",
				"name": "Species"
			},
			"type": "1",
			"typetext": "Characteristic value",
			"processtype": "5",
			"processtypetext": "User entry / default value",
			"parsel": "S",
			"parseltext": "Selection option",
			"input": true,
			"mandatory": false,
			"entrytype": "0",
			"entrytypetext": "Optional Variable Entry",
			"dynchange": "",
			"flags": {
				"lh": "0",
				"r": "0"
			},
			"value": "",
			"highvalue": ""
		},
		{
			"id": "DIMKKACG_CDOOSI01",
			"name": "Business Steering View Country Group",
			"infoobject": {
				"id": "DRESPO__DIMKKACG",
				"name": "BSV CG"
			},
			"type": "1",
			"typetext": "Characteristic value",
			"processtype": "5",
			"processtypetext": "User entry / default value",
			"parsel": "S",
			"parseltext": "Selection option",
			"input": true,
			"mandatory": false,
			"entrytype": "0",
			"entrytypetext": "Optional Variable Entry",
			"dynchange": "",
			"flags": {
				"lh": "0",
				"r": "0"
			},
			"value": "",
			"highvalue": ""
		},
		{
			"id": "DRESPO_DSBE_CDOOI",
			"name": "CV 6 SBE",
			"infoobject": {
				"id": "DRESPO__DSBE",
				"name": "CV 6 SBE"
			},
			"type": "1",
			"typetext": "Characteristic value",
			"processtype": "5",
			"processtypetext": "User entry / default value",
			"parsel": "S",
			"parseltext": "Selection option",
			"input": true,
			"mandatory": false,
			"entrytype": "0",
			"entrytypetext": "Optional Variable Entry",
			"dynchange": "",
			"flags": {
				"lh": "0",
				"r": "0"
			},
			"value": "",
			"highvalue": ""
		},
		{
			"id": "DRESPO__DRU_CDOOI",
			"name": "CV 7 Reporting Unit",
			"infoobject": {
				"id": "DRESPO__DRU",
				"name": "CV 7 Reporting Unit"
			},
			"type": "1",
			"typetext": "Characteristic value",
			"processtype": "5",
			"processtypetext": "User entry / default value",
			"parsel": "S",
			"parseltext": "Selection option",
			"input": true,
			"mandatory": false,
			"entrytype": "0",
			"entrytypetext": "Optional Variable Entry",
			"dynchange": "",
			"flags": {
				"lh": "0",
				"r": "0"
			},
			"value": "",
			"highvalue": ""
		},
		{
			"id": "D_DCOREBSV1_CDOOI01",
			"name": "CSV Brand",
			"infoobject": {
				"id": "DRESPO__DCOREBSV1",
				"name": "CSV Loc. Brand Fam."
			},
			"type": "1",
			"typetext": "Characteristic value",
			"processtype": "5",
			"processtypetext": "User entry / default value",
			"parsel": "S",
			"parseltext": "Selection option",
			"input": true,
			"mandatory": false,
			"entrytype": "0",
			"entrytypetext": "Optional Variable Entry",
			"dynchange": "",
			"flags": {
				"lh": "0",
				"r": "0"
			},
			"value": "",
			"highvalue": ""
		},
		{
			"id": "D_DCOREBSV2_CDOOI01",
			"name": "CSV Subbrand",
			"infoobject": {
				"id": "DRESPO__DCOREBSV2",
				"name": "CSV Local Brand"
			},
			"type": "1",
			"typetext": "Characteristic value",
			"processtype": "5",
			"processtypetext": "User entry / default value",
			"parsel": "S",
			"parseltext": "Selection option",
			"input": true,
			"mandatory": false,
			"entrytype": "0",
			"entrytypetext": "Optional Variable Entry",
			"dynchange": "",
			"flags": {
				"lh": "0",
				"r": "0"
			},
			"value": "",
			"highvalue": ""
		},
		{
			"id": "D_DCORECSV1_CDOOI01",
			"name": "CSV Local Channel",
			"infoobject": {
				"id": "D_COREC__DCORECSV1",
				"name": "CSV Local Channel"
			},
			"type": "1",
			"typetext": "Characteristic value",
			"processtype": "5",
			"processtypetext": "User entry / default value",
			"parsel": "S",
			"parseltext": "Selection option",
			"input": true,
			"mandatory": false,
			"entrytype": "0",
			"entrytypetext": "Optional Variable Entry",
			"dynchange": "",
			"flags": {
				"lh": "0",
				"r": "0"
			},
			"value": "",
			"highvalue": ""
		},
		{
			"id": "D_DCORECSV2_CDOOI01",
			"name": "CSV Local Subchannel",
			"infoobject": {
				"id": "D_COREC__DCORECSV2",
				"name": "CSV Local Subchannel"
			},
			"type": "1",
			"typetext": "Characteristic value",
			"processtype": "5",
			"processtypetext": "User entry / default value",
			"parsel": "S",
			"parseltext": "Selection option",
			"input": true,
			"mandatory": false,
			"entrytype": "0",
			"entrytypetext": "Optional Variable Entry",
			"dynchange": "",
			"flags": {
				"lh": "0",
				"r": "0"
			},
			"value": "",
			"highvalue": ""
		},
		{
			"id": "D_DCOREPSV1_CDOOI01",
			"name": "CSV Performance Overview",
			"infoobject": {
				"id": "DRESPO__DCOREPSV1",
				"name": "CSV Loc. Steer. View"
			},
			"type": "1",
			"typetext": "Characteristic value",
			"processtype": "5",
			"processtypetext": "User entry / default value",
			"parsel": "S",
			"parseltext": "Selection option",
			"input": true,
			"mandatory": false,
			"entrytype": "0",
			"entrytypetext": "Optional Variable Entry",
			"dynchange": "",
			"flags": {
				"lh": "0",
				"r": "0"
			},
			"value": "",
			"highvalue": ""
		},
		{
			"id": "Z0COND_FDSOI01",
			"name": "Top N (= 10)",
			"infoobject": {
				"id": "1FORMULA",
				"name": "1FORMULA"
			},
			"type": "4",
			"typetext": "Formula",
			"processtype": "5",
			"processtypetext": "User entry / default value",
			"parsel": "P",
			"parseltext": "Single value (parameters)",
			"input": true,
			"mandatory": false,
			"entrytype": "0",
			"entrytypetext": "Optional Variable Entry",
			"dynchange": "",
			"flags": {
				"lh": "0",
				"r": "0"
			},
			"value": "10",
			"highvalue": ""
		}
	],
	"structures": [
		{
			"objects": [
				{
					"id": "00O2TK9973U24DOQXFO2W3AJH",
					"name": "Variables Input (FiscPer)",
					"mapname": "",
					"position": "1",
					"hidden": true,
					"parent": "",
					"drillstate": "L",
					"range": {
						"line": [
							{
								"object": "1KYFNM",
								"sign": "I",
								"opt": "EQ",
								"keyLow": "0AMOUNT",
								"keyHigh": "",
								"dataTyp": "CURR",
								"dataLength": "0017"
							},
							{
								"object": "0FISCPER",
								"sign": "I",
								"opt": "EQ",
								"keyLow": "00O2TK8CN6Y25DEIHEMLCCIXY",
								"keyHigh": "",
								"dataTyp": "NUMC",
								"dataLength": "0008"
							},
							{
								"object": "DDAGGTYPE",
								"sign": "I",
								"opt": "EQ",
								"keyLow": "00O2TK8CN6Y2D74Y2REAQEX8M",
								"keyHigh": "",
								"dataTyp": "CHAR",
								"dataLength": "0003"
							}
						]
					}
				},
				{
					"id": "00O2TK9973U24DOQXFO2W99GD",
					"name": "Δ Currency (DA) - BUD",
					"mapname": "",
					"position": "2",
					"hidden": true,
					"parent": "",
					"drillstate": "L",
					"range": {
						"line": [
							{
								"object": "1KYFNM",
								"sign": "I",
								"opt": "EQ",
								"keyLow": "00O2TK9973U0E275Q9N9A5LU0",
								"keyHigh": "",
								"dataTyp": "",
								"dataLength": "0000"
							},
							{
								"object": "0FISCPER3",
								"sign": "I",
								"opt": "EQ",
								"keyLow": "00O2TK8CN6Y43HL5I0F51SA2W",
								"keyHigh": "",
								"dataTyp": "NUMC",
								"dataLength": "0003"
							}
						]
					}
				},
				{
					"id": "00O2TK9973U24DOQXFO2WB6ZH",
					"name": "Δ Currency (DA) - PY",
					"mapname": "",
					"position": "3",
					"hidden": true,
					"parent": "",
					"drillstate": "L",
					"range": {
						"line": [
							{
								"object": "1KYFNM",
								"sign": "I",
								"opt": "EQ",
								"keyLow": "00O2TK9973U0E275QG0QS6MKO",
								"keyHigh": "",
								"dataTyp": "",
								"dataLength": "0000"
							},
							{
								"object": "0FISCPER3",
								"sign": "I",
								"opt": "EQ",
								"keyLow": "00O2TK8CN6Y43HL5I0F51SA2W",
								"keyHigh": "",
								"dataTyp": "NUMC",
								"dataLength": "0003"
							}
						]
					}
				},
				{
					"id": "00O2TK9973U2BQRXBS4MAXDUM",
					"name": "",
					"mapname": "",
					"position": "4",
					"hidden": true,
					"parent": "",
					"drillstate": "L",
					"range": {
						"line": [
							{
								"object": "1KYFNM",
								"sign": "I",
								"opt": "EQ",
								"keyLow": "00O2TK9973U0LFV9UR5DHHNWN",
								"keyHigh": "",
								"dataTyp": "",
								"dataLength": "0000"
							},
							{
								"object": "0FISCPER3",
								"sign": "I",
								"opt": "EQ",
								"keyLow": "00O2TK8CN6Y43HL5I0F51SA2W",
								"keyHigh": "",
								"dataTyp": "NUMC",
								"dataLength": "0003"
							}
						]
					}
				},
				{
					"id": "00O2TK9973U24DOQXFO2W8QHP",
					"name": "Δ Portfolio (DA) - BUD",
					"mapname": "",
					"position": "5",
					"hidden": true,
					"parent": "",
					"drillstate": "L",
					"range": {
						"line": [
							{
								"object": "1KYFNM",
								"sign": "I",
								"opt": "EQ",
								"keyLow": "00O2TK9973U0E275QMLZMLTQH",
								"keyHigh": "",
								"dataTyp": "",
								"dataLength": "0000"
							},
							{
								"object": "0FISCPER3",
								"sign": "I",
								"opt": "EQ",
								"keyLow": "00O2TK8CN6Y43HL5I0F51SA2W",
								"keyHigh": "",
								"dataTyp": "NUMC",
								"dataLength": "0003"
							}
						]
					}
				},
				{
					"id": "00O2TK9973U24DOQXFO2WBDB1",
					"name": "Δ Portfolio (DA) - PY",
					"mapname": "",
					"position": "6",
					"hidden": true,
					"parent": "",
					"drillstate": "L",
					"range": {
						"line": [
							{
								"object": "1KYFNM",
								"sign": "I",
								"opt": "EQ",
								"keyLow": "00O2TK9973U0E275QTOVR2U2X",
								"keyHigh": "",
								"dataTyp": "",
								"dataLength": "0000"
							},
							{
								"object": "0FISCPER3",
								"sign": "I",
								"opt": "EQ",
								"keyLow": "00O2TK8CN6Y43HL5I0F51SA2W",
								"keyHigh": "",
								"dataTyp": "NUMC",
								"dataLength": "0003"
							}
						]
					}
				},
				{
					"id": "00O2TK9973U2BQRXBS4MAXK66",
					"name": "",
					"mapname": "",
					"position": "7",
					"hidden": true,
					"parent": "",
					"drillstate": "L",
					"range": {
						"line": [
							{
								"object": "1KYFNM",
								"sign": "I",
								"opt": "EQ",
								"keyLow": "00O2TK9973U0LFV9XL89FV0U4",
								"keyHigh": "",
								"dataTyp": "",
								"dataLength": "0000"
							},
							{
								"object": "0FISCPER3",
								"sign": "I",
								"opt": "EQ",
								"keyLow": "00O2TK8CN6Y43HL5I0F51SA2W",
								"keyHigh": "",
								"dataTyp": "NUMC",
								"dataLength": "0003"
							}
						]
					}
				},
				{
					"id": "00O2TK9973U24DOQXFO2W817H",
					"name": "PY @BUD",
					"mapname": "",
					"position": "8",
					"hidden": true,
					"parent": "",
					"drillstate": "L",
					"range": {
						"line": [
							{
								"object": "1KYFNM",
								"sign": "I",
								"opt": "EQ",
								"keyLow": "00O2TK9973U0E1RZ4D5JKYTWQ",
								"keyHigh": "",
								"dataTyp": "",
								"dataLength": "0000"
							},
							{
								"object": "0FISCPER3",
								"sign": "I",
								"opt": "EQ",
								"keyLow": "00O2TK8CN6Y43HL5I0F51SA2W",
								"keyHigh": "",
								"dataTyp": "NUMC",
								"dataLength": "0003"
							}
						]
					}
				},
				{
					"id": "00O2TK9973U24DOQXFO2W7OKD",
					"name": "ACT @BUD",
					"mapname": "",
					"position": "9",
					"hidden": true,
					"parent": "",
					"drillstate": "L",
					"range": {
						"line": [
							{
								"object": "1KYFNM",
								"sign": "I",
								"opt": "EQ",
								"keyLow": "00O2TK9973U0E1RUQTD9JHR6O",
								"keyHigh": "",
								"dataTyp": "",
								"dataLength": "0000"
							},
							{
								"object": "0FISCPER3",
								"sign": "I",
								"opt": "EQ",
								"keyLow": "00O2TK8CN6Y43HL5I0F51SA2W",
								"keyHigh": "",
								"dataTyp": "NUMC",
								"dataLength": "0003"
							}
						]
					}
				},
				{
					"id": "00O2TK9973U24DOQXFO2W9M3H",
					"name": "ACT @PY",
					"mapname": "",
					"position": "10",
					"hidden": true,
					"parent": "",
					"drillstate": "L",
					"range": {
						"line": [
							{
								"object": "1KYFNM",
								"sign": "I",
								"opt": "EQ",
								"keyLow": "00O2TK9973U0E1RV048O6131P",
								"keyHigh": "",
								"dataTyp": "",
								"dataLength": "0000"
							},
							{
								"object": "0FISCPER3",
								"sign": "I",
								"opt": "EQ",
								"keyLow": "00O2TK8CN6Y43HL5I0F51SA2W",
								"keyHigh": "",
								"dataTyp": "NUMC",
								"dataLength": "0003"
							}
						]
					}
				},
				{
					"id": "00O2TK9973U27OGSZ6WVK7R99",
					"name": "ACT @FC",
					"mapname": "",
					"position": "11",
					"hidden": true,
					"parent": "",
					"drillstate": "L",
					"range": {
						"line": [
							{
								"object": "1KYFNM",
								"sign": "I",
								"opt": "EQ",
								"keyLow": "00O2TK9973U27O52QZ3W9S2D0",
								"keyHigh": "",
								"dataTyp": "",
								"dataLength": "0000"
							},
							{
								"object": "0FISCPER3",
								"sign": "I",
								"opt": "EQ",
								"keyLow": "00O2TK8CN6Y43HL5I0F51SA2W",
								"keyHigh": "",
								"dataTyp": "NUMC",
								"dataLength": "0003"
							}
						]
					}
				},
				{
					"id": "00O2TK9973U24DOQXFO2W8WT9",
					"name": "Δ BUD ca",
					"mapname": "",
					"position": "12",
					"hidden": true,
					"parent": "",
					"drillstate": "E",
					"range": ""
				},
				{
					"id": "00O2TK9973U24DOQXFO2WBJML",
					"name": "Δ PY ca",
					"mapname": "",
					"position": "13",
					"hidden": true,
					"parent": "",
					"drillstate": "E",
					"range": ""
				},
				{
					"id": "00O2TK9973U24DOQXFO2WBW9P",
					"name": "1.1 ACT",
					"mapname": "",
					"position": "14",
					"hidden": false,
					"parent": "",
					"drillstate": "L",
					"range": {
						"line": [
							{
								"object": "1KYFNM",
								"sign": "I",
								"opt": "EQ",
								"keyLow": "00O2TK9973U0E1RU782QXTO8U",
								"keyHigh": "",
								"dataTyp": "",
								"dataLength": "0000"
							},
							{
								"object": "0FISCPER3",
								"sign": "I",
								"opt": "EQ",
								"keyLow": "00O2TK8CN6Y43HL5I0F51SA2W",
								"keyHigh": "",
								"dataTyp": "NUMC",
								"dataLength": "0003"
							}
						]
					}
				},
				{
					"id": "00O2TK9973U2BHWYODP4OQ1D2",
					"name": "1.1B ACT Bayer Core",
					"mapname": "",
					"position": "15",
					"hidden": false,
					"parent": "",
					"drillstate": "L",
					"range": {
						"line": [
							{
								"object": "1KYFNM",
								"sign": "I",
								"opt": "EQ",
								"keyLow": "00O2TK9973U0E1RU782QXTO8U",
								"keyHigh": "",
								"dataTyp": "",
								"dataLength": "0000"
							},
							{
								"object": "0FISCPER3",
								"sign": "I",
								"opt": "EQ",
								"keyLow": "00O2TK8CN6Y43HL5I0F51SA2W",
								"keyHigh": "",
								"dataTyp": "NUMC",
								"dataLength": "0003"
							},
							{
								"object": "D_MSRC",
								"sign": "E",
								"opt": "EQ",
								"keyLow": "MON",
								"keyHigh": "",
								"dataTyp": "CHAR",
								"dataLength": "0003"
							}
						]
					}
				},
				{
					"id": "00O2TK9973U2BHWYODP4OQ7OM",
					"name": "1.1M ACT Monsanto",
					"mapname": "",
					"position": "16",
					"hidden": false,
					"parent": "",
					"drillstate": "L",
					"range": {
						"line": [
							{
								"object": "1KYFNM",
								"sign": "I",
								"opt": "EQ",
								"keyLow": "00O2TK9973U0E1RU782QXTO8U",
								"keyHigh": "",
								"dataTyp": "",
								"dataLength": "0000"
							},
							{
								"object": "0FISCPER3",
								"sign": "I",
								"opt": "EQ",
								"keyLow": "00O2TK8CN6Y43HL5I0F51SA2W",
								"keyHigh": "",
								"dataTyp": "NUMC",
								"dataLength": "0003"
							},
							{
								"object": "D_MSRC",
								"sign": "I",
								"opt": "EQ",
								"keyLow": "MON",
								"keyHigh": "",
								"dataTyp": "CHAR",
								"dataLength": "0003"
							}
						]
					}
				},
				{
					"id": "00O2TK9973U24DOQXFO2W934T",
					"name": "1.2 BUD",
					"mapname": "",
					"position": "17",
					"hidden": false,
					"parent": "",
					"drillstate": "L",
					"range": {
						"line": [
							{
								"object": "1KYFNM",
								"sign": "I",
								"opt": "EQ",
								"keyLow": "00O2TK9973U0E1RVLCR04NHX9",
								"keyHigh": "",
								"dataTyp": "",
								"dataLength": "0000"
							},
							{
								"object": "0FISCPER3",
								"sign": "I",
								"opt": "EQ",
								"keyLow": "00O2TK8CN6Y43HL5I0F51SA2W",
								"keyHigh": "",
								"dataTyp": "NUMC",
								"dataLength": "0003"
							}
						]
					}
				},
				{
					"id": "00O2TK9973U24DOQXFO2WBPY5",
					"name": "1.3 PY",
					"mapname": "",
					"position": "18",
					"hidden": false,
					"parent": "",
					"drillstate": "L",
					"range": {
						"line": [
							{
								"object": "1KYFNM",
								"sign": "I",
								"opt": "EQ",
								"keyLow": "00O2TK9973U0E1RXBLCCT2UR2",
								"keyHigh": "",
								"dataTyp": "",
								"dataLength": "0000"
							},
							{
								"object": "0FISCPER3",
								"sign": "I",
								"opt": "EQ",
								"keyLow": "00O2TK8CN6Y43HL5I0F51SA2W",
								"keyHigh": "",
								"dataTyp": "NUMC",
								"dataLength": "0003"
							}
						]
					}
				},
				{
					"id": "00O2TK9973U27OGTAQF35FE6Y",
					"name": "1.4 &D0VERSION_TEXT2&",
					"mapname": "",
					"position": "19",
					"hidden": false,
					"parent": "",
					"drillstate": "L",
					"range": {
						"line": [
							{
								"object": "1KYFNM",
								"sign": "I",
								"opt": "EQ",
								"keyLow": "00O2TK9973U0HDQGSM20K73KA",
								"keyHigh": "",
								"dataTyp": "",
								"dataLength": "0000"
							},
							{
								"object": "0FISCPER3",
								"sign": "I",
								"opt": "EQ",
								"keyLow": "00O2TK8CN6Y43HL5I0F51SA2W",
								"keyHigh": "",
								"dataTyp": "NUMC",
								"dataLength": "0003"
							}
						]
					}
				},
				{
					"id": "00O2TK9973U24DOQXFO2WC2L9",
					"name": "1.2.1 Δ BUD",
					"mapname": "",
					"position": "20",
					"hidden": false,
					"parent": "",
					"drillstate": "E",
					"range": ""
				},
				{
					"id": "00O2TK9973U24DOQXFO2WC8WT",
					"name": "1.2.2 Δ BUD %",
					"mapname": "",
					"position": "21",
					"hidden": false,
					"parent": "",
					"drillstate": "E",
					"range": ""
				},
				{
					"id": "00O2TK9973U24DOQXFO2W8K65",
					"name": "1.2.3 Δ BUD cpa",
					"mapname": "",
					"position": "22",
					"hidden": false,
					"parent": "",
					"drillstate": "E",
					"range": ""
				},
				{
					"id": "00O2TK9973U24DOQXFO2W8DUL",
					"name": "1.2.4 Δ BUD cpa %",
					"mapname": "",
					"position": "23",
					"hidden": false,
					"parent": "",
					"drillstate": "E",
					"range": ""
				},
				{
					"id": "00O2TK9973U24DOQXFO2WCF8D",
					"name": "1.3.1 Δ PY",
					"mapname": "",
					"position": "24",
					"hidden": false,
					"parent": "",
					"drillstate": "E",
					"range": ""
				},
				{
					"id": "00O2TK9973U24DOQXFO2WCLJX",
					"name": "1.3.2 Δ PY %",
					"mapname": "",
					"position": "25",
					"hidden": false,
					"parent": "",
					"drillstate": "E",
					"range": ""
				},
				{
					"id": "00O2TK9973U24DOQXFO2WCRVH",
					"name": "1.3.3 Δ PY cpa",
					"mapname": "",
					"position": "26",
					"hidden": false,
					"parent": "",
					"drillstate": "E",
					"range": ""
				},
				{
					"id": "00O2TK9973U24DOQXFO2WCY71",
					"name": "1.3.4 Δ PY cpa %",
					"mapname": "",
					"position": "27",
					"hidden": false,
					"parent": "",
					"drillstate": "E",
					"range": ""
				},
				{
					"id": "00O2TK9973U27OGTVNCQMBK33",
					"name": "1.4.1 Δ &D0VERSION_TEXT2&",
					"mapname": "",
					"position": "28",
					"hidden": false,
					"parent": "",
					"drillstate": "E",
					"range": ""
				},
				{
					"id": "00O2TK9973U27OGTVNCQMBQEN",
					"name": "1.4.2 Δ &D0VERSION_TEXT2& %",
					"mapname": "",
					"position": "29",
					"hidden": false,
					"parent": "",
					"drillstate": "E",
					"range": ""
				},
				{
					"id": "00O2TK9973U27OGTVNCQMBWQ7",
					"name": "1.4.3 Δ &D0VERSION_TEXT2& cpa",
					"mapname": "",
					"position": "30",
					"hidden": false,
					"parent": "",
					"drillstate": "E",
					"range": ""
				},
				{
					"id": "00O2TK9973U27OGTVNCQMC31R",
					"name": "1.4.4 Δ &D0VERSION_TEXT2& % cpa",
					"mapname": "",
					"position": "31",
					"hidden": false,
					"parent": "",
					"drillstate": "E",
					"range": ""
				},
				{
					"id": "00O2TK9973U24DOQXFO2WD4IL",
					"name": "FY Δ Currency (DA) - BUD",
					"mapname": "",
					"position": "32",
					"hidden": true,
					"parent": "",
					"drillstate": "L",
					"range": {
						"line": {
							"object": "1KYFNM",
							"sign": "I",
							"opt": "EQ",
							"keyLow": "00O2TK9973U0E275Q9N9A5LU0",
							"keyHigh": "",
							"dataTyp": "",
							"dataLength": "0000"
						}
					}
				},
				{
					"id": "00O2TK9973U24DOQXFO2WDAU5",
					"name": "FY Δ Portfolio (DA) - BUD",
					"mapname": "",
					"position": "33",
					"hidden": true,
					"parent": "",
					"drillstate": "L",
					"range": {
						"line": {
							"object": "1KYFNM",
							"sign": "I",
							"opt": "EQ",
							"keyLow": "00O2TK9973U0E275QMLZMLTQH",
							"keyHigh": "",
							"dataTyp": "",
							"dataLength": "0000"
						}
					}
				},
				{
					"id": "00O2TK9973U0HQ9T1CUA0IVK4",
					"name": "FY Δ Currency (DA) - BUD/PY",
					"mapname": "",
					"position": "34",
					"hidden": true,
					"parent": "",
					"drillstate": "L",
					"range": {
						"line": {
							"object": "1KYFNM",
							"sign": "I",
							"opt": "EQ",
							"keyLow": "00O2TK9973U0HFVLI8VEWEZIX",
							"keyHigh": "",
							"dataTyp": "",
							"dataLength": "0000"
						}
					}
				},
				{
					"id": "00O2TK9973U0HQ9T1CUA0J1VO",
					"name": "FY Δ Portfolio (DA) - BUD/PY",
					"mapname": "",
					"position": "35",
					"hidden": true,
					"parent": "",
					"drillstate": "L",
					"range": {
						"line": {
							"object": "1KYFNM",
							"sign": "I",
							"opt": "EQ",
							"keyLow": "00O2TK9973U0HFVLLT9TMV7TS",
							"keyHigh": "",
							"dataTyp": "",
							"dataLength": "0000"
						}
					}
				},
				{
					"id": "00O2TK9973U0HQ9TB1DS98IRW",
					"name": "FY Δ Currency (DA) - FC/PY",
					"mapname": "",
					"position": "36",
					"hidden": true,
					"parent": "",
					"drillstate": "L",
					"range": {
						"line": {
							"object": "1KYFNM",
							"sign": "I",
							"opt": "EQ",
							"keyLow": "00O2TK9973U27YXKL97U5KWWX",
							"keyHigh": "",
							"dataTyp": "",
							"dataLength": "0000"
						}
					}
				},
				{
					"id": "00O2TK9973U0HQ9TB1DS98P3G",
					"name": "FY Δ Portfolio (DA) - FC/PY",
					"mapname": "",
					"position": "37",
					"hidden": true,
					"parent": "",
					"drillstate": "L",
					"range": {
						"line": {
							"object": "1KYFNM",
							"sign": "I",
							"opt": "EQ",
							"keyLow": "00O2TK9973U0HOHM7YMVDOZ87",
							"keyHigh": "",
							"dataTyp": "",
							"dataLength": "0000"
						}
					}
				},
				{
					"id": "00O2TK9973U24DOQXFO2WDNH9",
					"name": "FY BUD @PY",
					"mapname": "",
					"position": "38",
					"hidden": true,
					"parent": "",
					"drillstate": "L",
					"range": {
						"line": {
							"object": "1KYFNM",
							"sign": "I",
							"opt": "EQ",
							"keyLow": "00O2TK9973U0E1RWHFOUBZ71F",
							"keyHigh": "",
							"dataTyp": "",
							"dataLength": "0000"
						}
					}
				},
				{
					"id": "00O2TK9973U24DOQXFO2WDH5P",
					"name": "FY PY @BUD",
					"mapname": "",
					"position": "39",
					"hidden": true,
					"parent": "",
					"drillstate": "L",
					"range": {
						"line": {
							"object": "1KYFNM",
							"sign": "I",
							"opt": "EQ",
							"keyLow": "00O2TK9973U0E1RZ4D5JKYTWQ",
							"keyHigh": "",
							"dataTyp": "",
							"dataLength": "0000"
						}
					}
				},
				{
					"id": "00O2TK9973U0HE2NX5OY3I7SU",
					"name": "FY FC @PY",
					"mapname": "",
					"position": "40",
					"hidden": true,
					"parent": "",
					"drillstate": "L",
					"range": {
						"line": {
							"object": "1KYFNM",
							"sign": "I",
							"opt": "EQ",
							"keyLow": "00O2TK9973U27OGVPQ3IOLIBB",
							"keyHigh": "",
							"dataTyp": "",
							"dataLength": "0000"
						}
					}
				},
				{
					"id": "00O2TK9973U24DOQXFO2WDTST",
					"name": "FY Δ BUD ca",
					"mapname": "",
					"position": "41",
					"hidden": true,
					"parent": "",
					"drillstate": "E",
					"range": ""
				},
				{
					"id": "00O2TK9973U24DOQXFO2WE6FX",
					"name": "4.2 FY BUD",
					"mapname": "",
					"position": "42",
					"hidden": false,
					"parent": "",
					"drillstate": "L",
					"range": {
						"line": {
							"object": "1KYFNM",
							"sign": "I",
							"opt": "EQ",
							"keyLow": "00O2TK9973U0E1RVLCR04NHX9",
							"keyHigh": "",
							"dataTyp": "",
							"dataLength": "0000"
						}
					}
				},
				{
					"id": "00O2TK9973U24DOQXFO2WE04D",
					"name": "4.3 FY PY",
					"mapname": "",
					"position": "43",
					"hidden": false,
					"parent": "",
					"drillstate": "L",
					"range": {
						"line": {
							"object": "1KYFNM",
							"sign": "I",
							"opt": "EQ",
							"keyLow": "00O2TK9973U0E1RXBLCCT2UR2",
							"keyHigh": "",
							"dataTyp": "",
							"dataLength": "0000"
						}
					}
				},
				{
					"id": "00O2TK9973U0HE2PN67JQ6932",
					"name": "4.4 FY &D0VERSION_TEXT2&",
					"mapname": "",
					"position": "44",
					"hidden": false,
					"parent": "",
					"drillstate": "L",
					"range": {
						"line": {
							"object": "1KYFNM",
							"sign": "I",
							"opt": "EQ",
							"keyLow": "00O2TK9973U0HDQGSM20K73KA",
							"keyHigh": "",
							"dataTyp": "",
							"dataLength": "0000"
						}
					}
				},
				{
					"id": "00O2TK9973U24DOQXFO2WECRH",
					"name": "4.2.1FY Δ PY vs BUD",
					"mapname": "",
					"position": "45",
					"hidden": false,
					"parent": "",
					"drillstate": "E",
					"range": ""
				},
				{
					"id": "00O2TK9973U24DOQXFO2WEJ31",
					"name": "4.2.2FY Δ PY vs BUD %",
					"mapname": "",
					"position": "46",
					"hidden": false,
					"parent": "",
					"drillstate": "E",
					"range": ""
				},
				{
					"id": "00O2TK9973U24DOQXFO2WEPEL",
					"name": "4.2.3FY Δ PY vs BUD cpa",
					"mapname": "",
					"position": "47",
					"hidden": false,
					"parent": "",
					"drillstate": "E",
					"range": ""
				},
				{
					"id": "00O2TK9973U24DOQXFO2WEVQ5",
					"name": "4.2.4FY Δ PY vs BUD cpa %",
					"mapname": "",
					"position": "48",
					"hidden": false,
					"parent": "",
					"drillstate": "E",
					"range": ""
				},
				{
					"id": "00O2TK9973U0HQ9T1CUA0J878",
					"name": "QTR Δ Currency (DA) - BUD/PY",
					"mapname": "",
					"position": "49",
					"hidden": true,
					"parent": "",
					"drillstate": "L",
					"range": {
						"line": [
							{
								"object": "1KYFNM",
								"sign": "I",
								"opt": "EQ",
								"keyLow": "00O2TK9973U0HFVLI8VEWEZIX",
								"keyHigh": "",
								"dataTyp": "",
								"dataLength": "0000"
							},
							{
								"object": "0CALQUART1",
								"sign": "I",
								"opt": "EQ",
								"keyLow": "00O2TK8CN6Y43FKN304G6KFMD",
								"keyHigh": "",
								"dataTyp": "NUMC",
								"dataLength": "0001"
							}
						]
					}
				},
				{
					"id": "00O2TK9973U0HQ9T1CUA0JEIS",
					"name": "QTR Δ Portfolio (DA) - BUD/PY",
					"mapname": "",
					"position": "50",
					"hidden": true,
					"parent": "",
					"drillstate": "L",
					"range": {
						"line": [
							{
								"object": "1KYFNM",
								"sign": "I",
								"opt": "EQ",
								"keyLow": "00O2TK9973U0HFVLLT9TMV7TS",
								"keyHigh": "",
								"dataTyp": "",
								"dataLength": "0000"
							},
							{
								"object": "0CALQUART1",
								"sign": "I",
								"opt": "EQ",
								"keyLow": "00O2TK8CN6Y43FKN304G6KFMD",
								"keyHigh": "",
								"dataTyp": "NUMC",
								"dataLength": "0001"
							}
						]
					}
				},
				{
					"id": "00O2TK9973U0HQ9T1CUA0JKUC",
					"name": "QTR Δ Currency (DA) - FC/PY",
					"mapname": "",
					"position": "51",
					"hidden": true,
					"parent": "",
					"drillstate": "L",
					"range": {
						"line": [
							{
								"object": "1KYFNM",
								"sign": "I",
								"opt": "EQ",
								"keyLow": "00O2TK9973U27YXKL97U5KWWX",
								"keyHigh": "",
								"dataTyp": "",
								"dataLength": "0000"
							},
							{
								"object": "0CALQUART1",
								"sign": "I",
								"opt": "EQ",
								"keyLow": "00O2TK8CN6Y43FKN304G6KFMD",
								"keyHigh": "",
								"dataTyp": "NUMC",
								"dataLength": "0001"
							}
						]
					}
				},
				{
					"id": "00O2TK9973U0HQ9T1CUA0JR5W",
					"name": "QTR Δ Portfolio (DA) - FC/PY",
					"mapname": "",
					"position": "52",
					"hidden": true,
					"parent": "",
					"drillstate": "L",
					"range": {
						"line": [
							{
								"object": "1KYFNM",
								"sign": "I",
								"opt": "EQ",
								"keyLow": "00O2TK9973U0HOHM7YMVDOZ87",
								"keyHigh": "",
								"dataTyp": "",
								"dataLength": "0000"
							},
							{
								"object": "0CALQUART1",
								"sign": "I",
								"opt": "EQ",
								"keyLow": "00O2TK8CN6Y43FKN304G6KFMD",
								"keyHigh": "",
								"dataTyp": "NUMC",
								"dataLength": "0001"
							}
						]
					}
				},
				{
					"id": "00O2TK9973U24DOQXFO2W4659",
					"name": "2.2 QTR BUD",
					"mapname": "",
					"position": "53",
					"hidden": false,
					"parent": "",
					"drillstate": "L",
					"range": {
						"line": [
							{
								"object": "1KYFNM",
								"sign": "I",
								"opt": "EQ",
								"keyLow": "00O2TK9973U0E1RVLCR04NHX9",
								"keyHigh": "",
								"dataTyp": "",
								"dataLength": "0000"
							},
							{
								"object": "0CALQUART1",
								"sign": "I",
								"opt": "EQ",
								"keyLow": "00O2TK8CN6Y43FKN304G6KFMD",
								"keyHigh": "",
								"dataTyp": "NUMC",
								"dataLength": "0001"
							}
						]
					}
				},
				{
					"id": "00O2TK9973U27OH6PUM0GPLWG",
					"name": "2.3 QTR &D0VERSION_TEXT2&",
					"mapname": "",
					"position": "54",
					"hidden": false,
					"parent": "",
					"drillstate": "L",
					"range": {
						"line": [
							{
								"object": "1KYFNM",
								"sign": "I",
								"opt": "EQ",
								"keyLow": "00O2TK9973U0HDQGSM20K73KA",
								"keyHigh": "",
								"dataTyp": "",
								"dataLength": "0000"
							},
							{
								"object": "0CALQUART1",
								"sign": "I",
								"opt": "EQ",
								"keyLow": "00O2TK8CN6Y43FKN304G6KFMD",
								"keyHigh": "",
								"dataTyp": "NUMC",
								"dataLength": "0001"
							}
						]
					}
				},
				{
					"id": "00O2TK9973U24FF82GCP6KW4G",
					"name": "QTR BUD @PY",
					"mapname": "",
					"position": "55",
					"hidden": true,
					"parent": "",
					"drillstate": "L",
					"range": {
						"line": [
							{
								"object": "1KYFNM",
								"sign": "I",
								"opt": "EQ",
								"keyLow": "00O2TK9973U0E1RVLCR04NHX9",
								"keyHigh": "",
								"dataTyp": "",
								"dataLength": "0000"
							},
							{
								"object": "0CALQUART1",
								"sign": "I",
								"opt": "EQ",
								"keyLow": "00O2TK8CN6Y43FKN304G6KFMD",
								"keyHigh": "",
								"dataTyp": "NUMC",
								"dataLength": "0001"
							}
						]
					}
				},
				{
					"id": "00O2TK9973U24DOQXFO2W4CGT",
					"name": "QTR PY",
					"mapname": "",
					"position": "56",
					"hidden": true,
					"parent": "",
					"drillstate": "L",
					"range": {
						"line": [
							{
								"object": "1KYFNM",
								"sign": "I",
								"opt": "EQ",
								"keyLow": "00O2TK9973U0E1RXBLCCT2UR2",
								"keyHigh": "",
								"dataTyp": "",
								"dataLength": "0000"
							},
							{
								"object": "0CALQUART1",
								"sign": "I",
								"opt": "EQ",
								"keyLow": "00O2TK8CN6Y43FKN304G6KFMD",
								"keyHigh": "",
								"dataTyp": "NUMC",
								"dataLength": "0001"
							}
						]
					}
				},
				{
					"id": "00O2TK9973U24DOQXFO2W4ISD",
					"name": "QTR PY@BUD",
					"mapname": "",
					"position": "57",
					"hidden": true,
					"parent": "",
					"drillstate": "L",
					"range": {
						"line": [
							{
								"object": "1KYFNM",
								"sign": "I",
								"opt": "EQ",
								"keyLow": "00O2TK9973U0E1RZ4D5JKYTWQ",
								"keyHigh": "",
								"dataTyp": "",
								"dataLength": "0000"
							},
							{
								"object": "0CALQUART1",
								"sign": "I",
								"opt": "EQ",
								"keyLow": "00O2TK8CN6Y43FKN304G6KFMD",
								"keyHigh": "",
								"dataTyp": "NUMC",
								"dataLength": "0001"
							}
						]
					}
				},
				{
					"id": "00O2TK9973U27OH6CX4VUZ137",
					"name": "QTR &D0VERSION_TEXT2&@PY",
					"mapname": "",
					"position": "58",
					"hidden": true,
					"parent": "",
					"drillstate": "L",
					"range": {
						"line": [
							{
								"object": "1KYFNM",
								"sign": "I",
								"opt": "EQ",
								"keyLow": "00O2TK9973U27OGVPQ3IOLIBB",
								"keyHigh": "",
								"dataTyp": "",
								"dataLength": "0000"
							},
							{
								"object": "0CALQUART1",
								"sign": "I",
								"opt": "EQ",
								"keyLow": "00O2TK8CN6Y43FKN304G6KFMD",
								"keyHigh": "",
								"dataTyp": "NUMC",
								"dataLength": "0001"
							}
						]
					}
				},
				{
					"id": "00O2TK9973U24DOQXFO2W7I8T",
					"name": "2.4.1QTD TOGO BUD ca",
					"mapname": "",
					"position": "59",
					"hidden": false,
					"parent": "",
					"drillstate": "E",
					"range": ""
				},
				{
					"id": "00O2TK9973U24DOQXFO2W7UVX",
					"name": "2.4.2QTD Δ TOGO ca %",
					"mapname": "",
					"position": "60",
					"hidden": false,
					"parent": "",
					"drillstate": "E",
					"range": ""
				},
				{
					"id": "00O2TK9973U24DOQXFO2W87J1",
					"name": "2.4.3QTD Δ BUD cpa % (color)",
					"mapname": "",
					"position": "61",
					"hidden": false,
					"parent": "",
					"drillstate": "E",
					"range": ""
				},
				{
					"id": "00O2TK9973U24DOQXFO2W9FRX",
					"name": "2.5.1QTD TOGO PY ca %",
					"mapname": "",
					"position": "62",
					"hidden": false,
					"parent": "",
					"drillstate": "E",
					"range": ""
				},
				{
					"id": "00O2TK9973U24DOQXFO2W9SF1",
					"name": "2.5.2QTDPY Δ TOGO ca",
					"mapname": "",
					"position": "63",
					"hidden": false,
					"parent": "",
					"drillstate": "E",
					"range": ""
				},
				{
					"id": "00O2TK9973U24DOQXFO2W9YQL",
					"name": "2.5.3QTDPY Δ PY cpa % (color)",
					"mapname": "",
					"position": "64",
					"hidden": false,
					"parent": "",
					"drillstate": "E",
					"range": ""
				},
				{
					"id": "00O2TK9973U24DOQXFO2WA525",
					"name": "2.6.1QTD TOGO BUD",
					"mapname": "",
					"position": "65",
					"hidden": false,
					"parent": "",
					"drillstate": "E",
					"range": ""
				},
				{
					"id": "00O2TK9973U24DOQXFO2WABDP",
					"name": "2.6.2QTD Δ TOGO %",
					"mapname": "",
					"position": "66",
					"hidden": false,
					"parent": "",
					"drillstate": "E",
					"range": ""
				},
				{
					"id": "00O2TK9973U24DOQXFO2WAHP9",
					"name": "2.6.3QTD Δ BUD % (color)",
					"mapname": "",
					"position": "67",
					"hidden": false,
					"parent": "",
					"drillstate": "E",
					"range": ""
				},
				{
					"id": "00O2TK9973U24DOQXFO2WAO0T",
					"name": "2.7.1QTD TOGO PY",
					"mapname": "",
					"position": "68",
					"hidden": false,
					"parent": "",
					"drillstate": "E",
					"range": ""
				},
				{
					"id": "00O2TK9973U24DOQXFO2WAUCD",
					"name": "2.7.2QTDPY Δ TOGO %",
					"mapname": "",
					"position": "69",
					"hidden": false,
					"parent": "",
					"drillstate": "E",
					"range": ""
				},
				{
					"id": "00O2TK9973U24DOQXFO2WB0NX",
					"name": "2.7.3QTDPY Δ PY % (color)",
					"mapname": "",
					"position": "70",
					"hidden": false,
					"parent": "",
					"drillstate": "E",
					"range": ""
				},
				{
					"id": "00O2TK9973U27OH6CX4VUZ7ER",
					"name": "2.8.1QTD TOGO &D0VERSION_TEXT2& cpa",
					"mapname": "",
					"position": "71",
					"hidden": false,
					"parent": "",
					"drillstate": "E",
					"range": ""
				},
				{
					"id": "00O2TK9973U27OH6CX4VUZDQB",
					"name": "2.8.2QTDFC Δ TOGO &D0VERSION_TEXT2& cpa %",
					"mapname": "",
					"position": "72",
					"hidden": false,
					"parent": "",
					"drillstate": "E",
					"range": ""
				},
				{
					"id": "00O2TK9973U27OH6CX4VUZK1V",
					"name": "2.8.3QTDFC Δ &D0VERSION_TEXT2& ca % (color)",
					"mapname": "",
					"position": "73",
					"hidden": false,
					"parent": "",
					"drillstate": "E",
					"range": ""
				},
				{
					"id": "00O2TK9973U27OH6PUM0GPS80",
					"name": "2.9.1QTD TOGO &D0VERSION_TEXT2&",
					"mapname": "",
					"position": "74",
					"hidden": false,
					"parent": "",
					"drillstate": "E",
					"range": ""
				},
				{
					"id": "00O2TK9973U27OH6PUM0GPYJK",
					"name": "2.9.2QTDFC Δ TOGO &D0VERSION_TEXT2& %",
					"mapname": "",
					"position": "75",
					"hidden": false,
					"parent": "",
					"drillstate": "E",
					"range": ""
				},
				{
					"id": "00O2TK9973U27OH6PUM0GQ4V4",
					"name": "2.9.3QTD Δ &D0VERSION_TEXT2& % (color)",
					"mapname": "",
					"position": "76",
					"hidden": false,
					"parent": "",
					"drillstate": "E",
					"range": ""
				},
				{
					"id": "00O2TK9973U24DOQXFO2WF21P",
					"name": "3.4.1YTD TOGO BUD ca",
					"mapname": "",
					"position": "77",
					"hidden": false,
					"parent": "",
					"drillstate": "E",
					"range": ""
				},
				{
					"id": "00O2TK9973U24DOQXFO2WF8D9",
					"name": "3.4.2YTD Δ TOGO ca %",
					"mapname": "",
					"position": "78",
					"hidden": false,
					"parent": "",
					"drillstate": "E",
					"range": ""
				},
				{
					"id": "00O2TK9973U24DOQXFO2WFEOT",
					"name": "3.4.3YTD Δ BUD cpa % (color)",
					"mapname": "",
					"position": "79",
					"hidden": false,
					"parent": "",
					"drillstate": "E",
					"range": ""
				},
				{
					"id": "00O2TK9973U24DOQXFO2WFL0D",
					"name": "3.5.1YTD TOGO PY ca",
					"mapname": "",
					"position": "80",
					"hidden": false,
					"parent": "",
					"drillstate": "E",
					"range": ""
				},
				{
					"id": "00O2TK9973U24DOQXFO2WFRBX",
					"name": "3.5.2YTDPY Δ TOGO ca %",
					"mapname": "",
					"position": "81",
					"hidden": false,
					"parent": "",
					"drillstate": "E",
					"range": ""
				},
				{
					"id": "00O2TK9973U24DOQXFO2WFXNH",
					"name": "3.5.3YTDPY Δ PY cpa % (color)",
					"mapname": "",
					"position": "82",
					"hidden": false,
					"parent": "",
					"drillstate": "E",
					"range": ""
				},
				{
					"id": "00O2TK9973U24DOQXFO2WG3Z1",
					"name": "3.6.1YTD TOGO BUD",
					"mapname": "",
					"position": "83",
					"hidden": false,
					"parent": "",
					"drillstate": "E",
					"range": ""
				},
				{
					"id": "00O2TK9973U24DOQXFO2WGAAL",
					"name": "3.6.2YTD Δ TOGO %",
					"mapname": "",
					"position": "84",
					"hidden": false,
					"parent": "",
					"drillstate": "E",
					"range": ""
				},
				{
					"id": "00O2TK9973U24DOQXFO2WGGM5",
					"name": "3.6.3YTD Δ BUD % (color)",
					"mapname": "",
					"position": "85",
					"hidden": false,
					"parent": "",
					"drillstate": "E",
					"range": ""
				},
				{
					"id": "00O2TK9973U24DOQXFO2WGMXP",
					"name": "3.7.1YTD TOGO PY",
					"mapname": "",
					"position": "86",
					"hidden": false,
					"parent": "",
					"drillstate": "E",
					"range": ""
				},
				{
					"id": "00O2TK9973U24DOQXFO2WGT99",
					"name": "3.7.2YTDPY Δ TOGO %",
					"mapname": "",
					"position": "87",
					"hidden": false,
					"parent": "",
					"drillstate": "E",
					"range": ""
				},
				{
					"id": "00O2TK9973U24DOQXFO2WGZKT",
					"name": "3.7.3YTDPY Δ PY % (color)",
					"mapname": "",
					"position": "88",
					"hidden": false,
					"parent": "",
					"drillstate": "E",
					"range": ""
				},
				{
					"id": "00O2TK9973U27OH4GORSKWWZL",
					"name": "3.8.1YTD TOGO &D0VERSION_TEXT2& cpa",
					"mapname": "",
					"position": "89",
					"hidden": false,
					"parent": "",
					"drillstate": "E",
					"range": ""
				},
				{
					"id": "00O2TK9973U27OH4GORSKX3B5",
					"name": "3.8.2YTDFC Δ TOGO &D0VERSION_TEXT2& cpa %",
					"mapname": "",
					"position": "90",
					"hidden": false,
					"parent": "",
					"drillstate": "E",
					"range": ""
				},
				{
					"id": "00O2TK9973U27OH5MLT5SRFL7",
					"name": "3.8.3YTDFC Δ &D0VERSION_TEXT2& ca % (color)",
					"mapname": "",
					"position": "91",
					"hidden": false,
					"parent": "",
					"drillstate": "E",
					"range": ""
				},
				{
					"id": "00O2TK9973U27OH4GORSKX9MP",
					"name": "3.9.1YTD TOGO &D0VERSION_TEXT2&",
					"mapname": "",
					"position": "92",
					"hidden": false,
					"parent": "",
					"drillstate": "E",
					"range": ""
				},
				{
					"id": "00O2TK9973U27OH4GORSKXFY9",
					"name": "3.9.2YTDFC Δ TOGO &D0VERSION_TEXT2& %",
					"mapname": "",
					"position": "93",
					"hidden": false,
					"parent": "",
					"drillstate": "E",
					"range": ""
				},
				{
					"id": "00O2TK9973U27OH5T9JNTAJ0H",
					"name": "3.9.3YTDFC Δ &D0VERSION_TEXT2& % (color)",
					"mapname": "",
					"position": "94",
					"hidden": false,
					"parent": "",
					"drillstate": "E",
					"range": ""
				}
			],
			"id": "00O2TK9973U24DOQXFO2W347X",
			"name": "ROI: BP1 Key Figures cpa (var.)",
			"mapname": "STANDARD_COPAPRP03_ST013",
			"position": "1"
		},
		{
			"objects": [
				{
					"id": "00O2TK9973U24DW9ZXPHMZ6TW",
					"name": "01 Net Sales",
					"mapname": "",
					"position": "1",
					"hidden": false,
					"parent": "",
					"drillstate": "L",
					"range": {
						"line": [
							{
								"object": "0CS_ITEM",
								"sign": "I",
								"opt": "EQ",
								"keyLow": "BI0030020100",
								"keyHigh": "0CS_ITEM",
								"dataTyp": "CHAR",
								"dataLength": "000A"
							},
							{
								"object": "0CS_ITEM",
								"sign": "I",
								"opt": "EQ",
								"keyLow": "BI0030020200",
								"keyHigh": "0CS_ITEM",
								"dataTyp": "CHAR",
								"dataLength": "000A"
							}
						]
					}
				}
			],
			"id": "00O2TK9973U24DW9ZXPHMZ0IC",
			"name": "Prokon",
			"mapname": "",
			"position": "1"
		}
	]
}