{
	"id": "4858",
	"notes": "BP2 go live",
	"scope": "PROD",
	"config": {
		"keyfigureConfig": {
			"kf": [
				{
					"id": "02 % Total (Qty)",
					"applyScale": "false",
					"appendix": "",
					"decimal": "2",
					"type": "COL",
					"displayName": "% Total (Qty)"
				},
				{
					"id": "04 Price",
					"applyScale": "false",
					"appendix": "",
					"decimal": "2",
					"type": "COL",
					"displayName": "Price"
				},
				{
					"id": "051 Dev. ASP",
					"applyScale": "false",
					"appendix": "",
					"decimal": "2",
					"type": "COL",
					"displayName": "Dev. ASP"
				},
				{
					"id": "052 Price Index",
					"applyScale": "false",
					"appendix": "",
					"decimal": "2",
					"type": "COL",
					"displayName": "Price Index"
				},
				{
					"id": "07 % Total PY (Qty)",
					"applyScale": "false",
					"appendix": "",
					"decimal": "2",
					"type": "COL",
					"displayName": "% Total PY (Qty)"
				},
				{
					"id": "08 Volume CY to PY",
					"applyScale": "false",
					"appendix": "",
					"decimal": "2",
					"type": "COL",
					"displayName": "Volume CY to PY"
				},
				{
					"id": "10 Price PY",
					"applyScale": "false",
					"appendix": "",
					"decimal": "2",
					"type": "COL",
					"displayName": "Price PY"
				},
				{
					"id": "11 Price CY to PY",
					"applyScale": "false",
					"appendix": "",
					"decimal": "2",
					"type": "COL",
					"displayName": "Price CY to PY"
				},
				{
					"id": "121 Dev. PY ASP",
					"applyScale": "false",
					"appendix": "",
					"decimal": "2",
					"type": "COL",
					"displayName": "Dev. PY ASP"
				},
				{
					"id": "122 Price Index PY",
					"applyScale": "false",
					"appendix": "",
					"decimal": "2",
					"type": "COL",
					"displayName": "Price Index PY"
				},
				{
					"id": "03 Net Sales",
					"applyScale": "true",
					"appendix": "",
					"decimal": "0",
					"type": "COL",
					"displayName": "Net Sales"
				},
				{
					"id": "09 Net Sales PY",
					"applyScale": "true",
					"appendix": "",
					"decimal": "0",
					"type": "COL",
					"displayName": "Net Sales PY"
				},
				{
					"id": "050 ASP",
					"applyScale": "false",
					"appendix": "",
					"decimal": "2",
					"type": "COL",
					"displayName": "ASP"
				},
				{
					"id": "120 ASP PY",
					"applyScale": "false",
					"appendix": "",
					"decimal": "2",
					"type": "COL",
					"displayName": "ASP PY"
				}
			],
			"defaultApplyScale": "false",
			"defaultAppendix": "SCALE UNIT",
			"defaultDecimals": "0"
		},
		"views": {
			"view": [
				{
					"columns": {
						"col": [
							{
								"id": "01 Volume",
								"type": "0",
								"width": "90"
							},
							{
								"id": "02 % Total (Qty)",
								"type": "0",
								"width": "70"
							},
							{
								"id": "03 Net Sales",
								"type": "0",
								"width": "90"
							},
							{
								"id": "04 Price",
								"type": "0",
								"width": "60"
							},
							{
								"id": "050 ASP",
								"type": "0"
							},
							{
								"id": "051 Dev. ASP",
								"type": "0"
							},
							{
								"id": "052 Price Index",
								"type": "0"
							},
							{
								"id": "06 Volume PY",
								"type": "0",
								"width": "90"
							},
							{
								"id": "07 % Total PY (Qty)",
								"type": "0",
								"width": "70"
							},
							{
								"id": "08 Volume CY to PY",
								"type": "0",
								"width": "60"
							},
							{
								"id": "09 Net Sales PY",
								"type": "0",
								"width": "90"
							},
							{
								"id": "10 Price PY",
								"type": "0",
								"width": "60"
							},
							{
								"id": "11 Price CY to PY",
								"type": "0",
								"width": "70"
							},
							{
								"id": "120 ASP PY",
								"type": "0"
							},
							{
								"id": "121 Dev. PY ASP",
								"type": "0"
							}
						]
					},
					"rows": {},
					"id": "v01",
					"label": "default",
					"firstColumnAppendix": "(SCALE EUR)",
					"disableBarSeriesSynchronization": "0",
					"hideAxis": "0",
					"defaultSortColumn": "03 Net Sales",
					"isSortDesc": "1",
					"aggregationType": ""
				},
				{
					"columns": {
						"col": [
							{
								"id": "01 Volume &TFP_ILF& \nto &TFP_ILT&",
								"type": "0",
								"width": "90"
							},
							{
								"id": "02 % Total (Qty)",
								"type": "0",
								"width": "70"
							},
							{
								"id": "03 Net Sales",
								"type": "0",
								"width": "90"
							},
							{
								"id": "04 Price",
								"type": "0",
								"width": "60"
							},
							{
								"id": "050 ASP",
								"type": "0",
								"width": "60"
							},
							{
								"id": "051 Dev. ASP",
								"type": "0",
								"width": "60"
							},
							{
								"id": "052 Price Index",
								"type": "0",
								"width": "70"
							},
							{
								"id": "06 Volume &TFP_ILF& \nto &TFP_ILT&",
								"type": "0",
								"width": "90"
							},
							{
								"id": "07 % Total PY (Qty)",
								"type": "0",
								"width": "70"
							},
							{
								"id": "08 Volume CY to PY",
								"type": "0",
								"width": "60"
							},
							{
								"id": "09 Net Sales PY",
								"type": "0",
								"width": "90"
							},
							{
								"id": "10 Price PY",
								"type": "0",
								"width": "60"
							},
							{
								"id": "11 Price CY to PY",
								"type": "0",
								"width": "70"
							},
							{
								"id": "120 ASP PY",
								"type": "0",
								"width": "60"
							},
							{
								"id": "121 Dev. PY ASP",
								"type": "0",
								"width": "60"
							},
							{
								"id": "122 Price Index PY",
								"type": "0",
								"width": "70"
							}
						]
					},
					"rows": {},
					"id": "v02",
					"label": "with price index",
					"firstColumnAppendix": "(SCALE EUR)",
					"disableBarSeriesSynchronization": "0",
					"hideAxis": "0",
					"defaultSortColumn": "03 Net Sales",
					"isSortDesc": "1"
				}
			],
			"default": "v01",
			"identifyColumnsByPrefix": "true",
			"defaultDrills": "0MATERIAL,0CUSTOMER",
			"identifyRowsByPrefix": "false",
			"addEmptyColumnAtEnd": "true"
		},
		"dataChanges": {},
		"conditions": {
			"userCanSwitchGroups": "false",
			"userCanSwitchCondition": "false"
		},
		"id": "4858",
		"defaultTitle": "BP2 - Average Selling Price",
		"classname": "com.bayer.bi.portlets.basePortlets.HierarchyTableTemplate",
		"isActive": "1",
		"showInFinder": "1",
		"portletInfoURL": "",
		"defaultCacheTTL": "480",
		"defaultViewState": "first",
		"defaultShortcuts": "",
		"defaultLegendDirection": "bottom",
		"enableScale": "true",
		"defaultScaling": "1000",
		"enableScrolling": "true",
		"category": "",
		"enableDrilldown": "true",
		"enableDrilldownByNone": "false",
		"visualStyle": "1",
		"enableColumnSorting": "true",
		"maxNumberOfResultRows": "2000",
		"handleRowLimitInBackEnd": "true",
		"system": "H2R",
		"finderImage": "Table",
		"finderTitle": "BP2 - Average Selling Price",
		"ca": "8",
		"getTotalsFromQuery": "true",
		"suppressZeroes": "true",
		"scalingChoices": "1,1000,1000000",
		"volume": {
			"moduleFilter": [
				{
					"@attributes": {
						"filterKey": "DATE",
						"format": "MMM.YYYY",
						"filterKeyName": "Date",
						"filterTechName": "D0FISCPER_CXSNI00",
						"defaultValue": "001.2018",
						"toValue": "",
						"isPublic": "1",
						"DrillName": "",
						"portletBuilderIdentifier": "D0FISCPER_CXSNI00:0FISCPER",
						"ioName": "Fiscal year/period",
						"variableType": "P"
					}
				},
				{
					"@attributes": {
						"filterKey": "AGGREGATION",
						"filterKeyName": "Aggregation",
						"filterTechName": "DDAGGTYPE_CDSMI",
						"defaultValue": "MTH",
						"toValue": "",
						"isPublic": "1",
						"DrillName": "",
						"portletBuilderIdentifier": "DDAGGTYPE_CDSMI:",
						"Mandatory": "true",
						"ioName": "Date Agg. Type",
						"variableType": "P",
						"isHierarchy": "false"
					}
				},
				{
					"@attributes": {
						"filterKey": "MAGIC_KEY_HIER",
						"filterKeyName": "Business View",
						"filterTechName": "DDIMKKAX_HDSOI02",
						"defaultValue": "",
						"toValue": "",
						"isPublic": "1",
						"DrillName": "",
						"portletBuilderIdentifier": "DDIMKKAX_HDSOI02:DRESPO__DIMKKAX",
						"ioName": "BSV: Hierarchy",
						"variableType": "P"
					}
				},
				{
					"@attributes": {
						"filterKey": "0SALESORG",
						"filterKeyName": "Sales Organization",
						"filterTechName": "D0SALESORG_CDOOI",
						"defaultValue": "",
						"toValue": "",
						"isPublic": "1",
						"DrillName": "",
						"portletBuilderIdentifier": "D0SALESORG_CDOOI:0SALESORG",
						"ioName": "Sales Organization",
						"variableType": "S"
					}
				},
				{
					"@attributes": {
						"filterKey": "0COUNTRY",
						"filterKeyName": "Country",
						"filterTechName": "DCOUNTRY_CDMOI01",
						"defaultValue": "US",
						"toValue": "",
						"isPublic": "1",
						"DrillName": "",
						"portletBuilderIdentifier": "DCOUNTRY_CDMOI01:DCTRY_FD",
						"ioName": "Country final-dest.",
						"variableType": "M"
					}
				},
				{
					"@attributes": {
						"filterKey": "0COMP_CODE",
						"filterKeyName": "Company",
						"filterTechName": "D0COMP_COD_CDOOI",
						"defaultValue": "",
						"toValue": "",
						"isPublic": "1",
						"DrillName": "",
						"portletBuilderIdentifier": "D0COMP_COD_CDOOI:0COMP_CODE",
						"ioName": "Company code",
						"variableType": "S"
					}
				},
				{
					"@attributes": {
						"filterKey": "0CUSTOMER",
						"filterKeyName": "Customer",
						"filterTechName": "D0CUSTOMER_CDOOI",
						"defaultValue": "",
						"toValue": "",
						"isPublic": "1",
						"DrillName": "0CUSTOMER",
						"portletBuilderIdentifier": "D0CUSTOMER_CDOOI:0CUSTOMER",
						"ioName": "Customer",
						"variableType": "S"
					}
				},
				{
					"@attributes": {
						"filterKey": "0MATERIAL",
						"filterKeyName": "Material",
						"filterTechName": "D0MATERIAL_CDOOI",
						"defaultValue": "",
						"toValue": "",
						"isPublic": "1",
						"DrillName": "0MATERIAL",
						"portletBuilderIdentifier": "D0MATERIAL_CDOOI:0MATERIAL",
						"ioName": "Material",
						"variableType": "S"
					}
				},
				{
					"@attributes": {
						"filterKey": "CSV_BRAND",
						"filterKeyName": "CSV Brand",
						"filterTechName": "D_DCOREBSV1_CDOOI01",
						"defaultValue": "",
						"toValue": "",
						"isPublic": "1",
						"DrillName": "",
						"portletBuilderIdentifier": "D_DCOREBSV1_CDOOI01:DRESPO__DCOREBSV1",
						"ioName": "CSV: Brand",
						"variableType": "S",
						"logic": "1"
					}
				},
				{
					"@attributes": {
						"filterKey": "CSV_SUBBRAND",
						"filterKeyName": "CSV Sub Brand",
						"filterTechName": "D_DCOREBSV2_CDOOI01",
						"defaultValue": "",
						"toValue": "",
						"isPublic": "1",
						"DrillName": "",
						"portletBuilderIdentifier": "D_DCOREBSV2_CDOOI01:DRESPO__DCOREBSV2",
						"ioName": "CSV: Subbrand",
						"variableType": "S",
						"logic": "1"
					}
				},
				{
					"@attributes": {
						"filterKey": "CSV_PERFOV",
						"filterKeyName": "CSV Perf. Overview",
						"filterTechName": "D_DCOREPSV1_CDOOI01",
						"defaultValue": "",
						"toValue": "",
						"isPublic": "1",
						"DrillName": "",
						"portletBuilderIdentifier": "D_DCOREPSV1_CDOOI01:DRESPO__DCOREPSV1",
						"ioName": "Perf. Overview",
						"variableType": "S",
						"logic": "1"
					}
				},
				{
					"@attributes": {
						"filterKey": "DSPECIES",
						"filterKeyName": "Species",
						"filterTechName": "DDSPECIES_CDOOI",
						"defaultValue": "",
						"toValue": "",
						"isPublic": "1",
						"DrillName": "",
						"portletBuilderIdentifier": "DDSPECIES_CDOOI:DSPECIES",
						"ioName": "Species",
						"variableType": "S"
					}
				},
				{
					"@attributes": {
						"filterKey": "0CURRENCY",
						"filterKeyName": "Currency",
						"filterTechName": "DCURRENCY_CDSOI01",
						"defaultValue": "USD",
						"toValue": "",
						"isPublic": "1",
						"DrillName": "",
						"portletBuilderIdentifier": "DCURRENCY_CDSOI01:",
						"Mandatory": "true",
						"ioName": "Currency",
						"variableType": "P",
						"isHierarchy": "false"
					}
				},
				{
					"@attributes": {
						"filterKey": "FREE_NUMBER_01",
						"filterKeyName": "Top N",
						"filterTechName": "Z0COND_FDSOI01",
						"defaultValue": "20",
						"toValue": "",
						"isPublic": "1",
						"DrillName": "",
						"portletBuilderIdentifier": "Z0COND_FDSOI01:",
						"ioName": "1FORMULA",
						"variableType": "P",
						"isHierarchy": "false"
					}
				},
				{
					"@attributes": {
						"filterKey": "DK_GB",
						"filterKeyName": "Business Group",
						"filterTechName": "DDK_GB_CDOOI",
						"defaultValue": "",
						"toValue": "",
						"isPublic": "1",
						"DrillName": "",
						"portletBuilderIdentifier": "DDK_GB_CDOOI:DRESPO__DK_GB",
						"ioName": "CV 5 Business Group",
						"variableType": "S"
					}
				},
				{
					"@attributes": {
						"filterKey": "DSBE",
						"filterKeyName": "Strategic Business Entity",
						"filterTechName": "DRESPO_DSBE_CDOOI",
						"defaultValue": "",
						"toValue": "",
						"isPublic": "1",
						"DrillName": "",
						"portletBuilderIdentifier": "DRESPO_DSBE_CDOOI:DRESPO__DSBE",
						"ioName": "CV 6 SBE",
						"variableType": "S"
					}
				},
				{
					"@attributes": {
						"filterKey": "DRU",
						"filterKeyName": "Reporting Unit",
						"filterTechName": "DRESPO__DRU_CDOOI",
						"defaultValue": "",
						"toValue": "",
						"isPublic": "1",
						"DrillName": "",
						"portletBuilderIdentifier": "DRESPO__DRU_CDOOI:DRESPO__DRU",
						"ioName": "CV 7 Reporting Unit",
						"variableType": "S"
					}
				},
				{
					"@attributes": {
						"filterKey": "DPC_CV",
						"filterKeyName": "Profit Center",
						"filterTechName": "DRESPO_DPC_CV_CDOOI",
						"defaultValue": "",
						"toValue": "",
						"isPublic": "1",
						"DrillName": "",
						"portletBuilderIdentifier": "DRESPO_DPC_CV_CDOOI:DRESPO__DPC_CV",
						"ioName": "CV 8 Profitcenter",
						"variableType": "S"
					}
				},
				{
					"@attributes": {
						"filterKey": "CV_BRAND",
						"filterKeyName": "Brand",
						"filterTechName": "DRESPO__DBRAND",
						"defaultValue": "",
						"toValue": "",
						"isPublic": "1",
						"DrillName": "",
						"portletBuilderIdentifier": "DRESPO__DBRAND:DRESPO__DBRAND",
						"ioName": "CV Brand",
						"variableType": ""
					}
				},
				{
					"@attributes": {
						"filterKey": "SOP_BRANDFAM",
						"filterKeyName": "Brand Family",
						"filterTechName": "DDRESPO_DBRANDF_CDSOI01",
						"defaultValue": "",
						"toValue": "",
						"isPublic": "1",
						"DrillName": "",
						"portletBuilderIdentifier": "DDRESPO_DBRANDF_CDSOI01:DRESPO__DBRANDF",
						"ioName": "CV Brand Family",
						"variableType": "S"
					}
				},
				{
					"@attributes": {
						"filterKey": "ADD_BRAND_GRP",
						"filterKeyName": "Category",
						"filterTechName": "0MATERIAL__DBRANDG",
						"defaultValue": "",
						"toValue": "",
						"isPublic": "1",
						"DrillName": "",
						"portletBuilderIdentifier": "0MATERIAL__DBRANDG:0MATERIAL__DBRANDG",
						"ioName": "Add.Brand Grouping",
						"variableType": ""
					}
				},
				{
					"@attributes": {
						"filterKey": "MAGIC_KEY_COUNTRY_GROUP",
						"filterKeyName": "Country Group",
						"filterTechName": "DIMKKACG_CDOOSI01",
						"defaultValue": "",
						"toValue": "",
						"isPublic": "1",
						"DrillName": "",
						"portletBuilderIdentifier": "DIMKKACG_CDOOSI01:DRESPO__DIMKKACG",
						"ioName": "BSV CG",
						"variableType": "S"
					}
				},
				{
					"@attributes": {
						"filterKey": "PFM_CTRY_BRAND",
						"filterKeyName": "Portfolio Management",
						"filterTechName": "DRESPO__DMVIEW",
						"defaultValue": "",
						"toValue": "",
						"isPublic": "1",
						"DrillName": "",
						"portletBuilderIdentifier": "DRESPO__DMVIEW:DRESPO__DMVIEW",
						"ioName": "CV Brand / Country",
						"variableType": ""
					}
				},
				{
					"@attributes": {
						"filterKey": "PFM_BRAND",
						"filterKeyName": "Brand Portfolio",
						"filterTechName": "DRESPO__DMUSTW1",
						"defaultValue": "",
						"toValue": "",
						"isPublic": "1",
						"DrillName": "",
						"portletBuilderIdentifier": "DRESPO__DMUSTW1:DRESPO__DMUSTW1",
						"ioName": "CV Brand Attribute",
						"variableType": ""
					}
				},
				{
					"@attributes": {
						"filterKey": "PFM_COUNTRY",
						"filterKeyName": "Country Portfolio",
						"filterTechName": "DRESPO__DMUSTW2",
						"defaultValue": "",
						"toValue": "",
						"isPublic": "1",
						"DrillName": "",
						"portletBuilderIdentifier": "DRESPO__DMUSTW2:DRESPO__DMUSTW2",
						"ioName": "CV Country Attribute",
						"variableType": ""
					}
				},
				{
					"@attributes": {
						"filterKey": "0MAT_PRODH4",
						"filterKeyName": "Product Hier. L4",
						"filterTechName": "0MATERIAL__DPRODH4",
						"defaultValue": "",
						"toValue": "",
						"isPublic": "1",
						"DrillName": "",
						"portletBuilderIdentifier": "0MATERIAL__DPRODH4:0MATERIAL__DPRODH4",
						"ioName": "Prod.Hier. Lev. 4",
						"variableType": ""
					}
				},
				{
					"@attributes": {
						"filterKey": "MAGIC_KEY_LOCAL_BU",
						"filterKeyName": "Local BU (MV)",
						"filterTechName": "",
						"defaultValue": "",
						"toValue": "",
						"isPublic": "0",
						"DrillName": "",
						"portletBuilderIdentifier": "DRESPO__DLOC_BU_M:DRESPO__DLOC_BU_M",
						"ioName": "Local BU (MV)",
						"variableType": ""
					}
				},
				{
					"@attributes": {
						"filterKey": "MAGIC_KEY_L1",
						"filterKeyName": "Management View L1",
						"filterTechName": "",
						"defaultValue": "",
						"toValue": "",
						"isPublic": "0",
						"DrillName": "",
						"portletBuilderIdentifier": "DDIMKKA1_CDOOI01:DRESPO__DIMKKA1",
						"ioName": "BSV Lvl 1",
						"variableType": "S"
					}
				},
				{
					"@attributes": {
						"filterKey": "MAGIC_KEY_L2",
						"filterKeyName": "Management View L2",
						"filterTechName": "",
						"defaultValue": "",
						"toValue": "",
						"isPublic": "0",
						"DrillName": "",
						"portletBuilderIdentifier": "DDIMKKA2_CDOOI01:DRESPO__DIMKKA2",
						"ioName": "BSV Lvl 2",
						"variableType": "S"
					}
				},
				{
					"@attributes": {
						"filterKey": "MAGIC_KEY_L3",
						"filterKeyName": "Management View L3",
						"filterTechName": "",
						"defaultValue": "",
						"toValue": "",
						"isPublic": "0",
						"DrillName": "",
						"portletBuilderIdentifier": "DDIMKKA3_CDOOI01:DRESPO__DIMKKA3",
						"ioName": "BSV Lvl 3",
						"variableType": "S"
					}
				},
				{
					"@attributes": {
						"filterKey": "MAGIC_KEY_L4",
						"filterKeyName": "Management View L4",
						"filterTechName": "",
						"defaultValue": "",
						"toValue": "",
						"isPublic": "0",
						"DrillName": "",
						"portletBuilderIdentifier": "DDIMKKA4_CDOOI01:DRESPO__DIMKKA4",
						"ioName": "BSV Lvl 4",
						"variableType": "S"
					}
				},
				{
					"@attributes": {
						"filterKey": "MAGIC_KEY_L5",
						"filterKeyName": "Management View L5",
						"filterTechName": "",
						"defaultValue": "",
						"toValue": "",
						"isPublic": "0",
						"DrillName": "",
						"portletBuilderIdentifier": "DDIMKKA5_CDOOI01:DRESPO__DIMKKA5",
						"ioName": "BSV Lvl 5",
						"variableType": "S"
					}
				},
				{
					"@attributes": {
						"filterKey": "MAGIC_KEY_L6",
						"filterKeyName": "Management View L6",
						"filterTechName": "",
						"defaultValue": "",
						"toValue": "",
						"isPublic": "0",
						"DrillName": "",
						"portletBuilderIdentifier": "DDIMKKA6_CDOOI01:DRESPO__DIMKKA6",
						"ioName": "BSV Lvl 6",
						"variableType": "S"
					}
				},
				{
					"@attributes": {
						"filterKey": "MAGIC_KEY_L7",
						"filterKeyName": "Management View L7",
						"filterTechName": "",
						"defaultValue": "",
						"toValue": "",
						"isPublic": "0",
						"DrillName": "",
						"portletBuilderIdentifier": "DDIMKKA7_CDOOI01:DRESPO__DIMKKA7",
						"ioName": "BSV Lvl 7",
						"variableType": "S"
					}
				},
				{
					"@attributes": {
						"filterKey": "MAGIC_KEY_L8",
						"filterKeyName": "Management View L8",
						"filterTechName": "",
						"defaultValue": "",
						"toValue": "",
						"isPublic": "0",
						"DrillName": "",
						"portletBuilderIdentifier": "DDIMKKA8_CDOOI01:DRESPO__DIMKKA8",
						"ioName": "BSV Lvl 8",
						"variableType": "S"
					}
				},
				{
					"@attributes": {
						"filterKey": "MAGIC_KEY_L9",
						"filterKeyName": "Management View L9",
						"filterTechName": "",
						"defaultValue": "",
						"toValue": "",
						"isPublic": "0",
						"DrillName": "",
						"portletBuilderIdentifier": "DDIMKKA9_CDOOSI01:DRESPO__DIMKKA9",
						"ioName": "BSV Lvl 9",
						"variableType": "S"
					}
				},
				{
					"@attributes": {
						"filterKey": "MAGIC_KEY_L10",
						"filterKeyName": "Management View L10",
						"filterTechName": "",
						"defaultValue": "",
						"toValue": "",
						"isPublic": "0",
						"DrillName": "",
						"portletBuilderIdentifier": "DDIMKKA10_CDOOSI01:DRESPO__DIMKKA10",
						"ioName": "BSV Lvl 10",
						"variableType": "S"
					}
				},
				{
					"@attributes": {
						"filterKey": "",
						"filterKeyName": "",
						"filterTechName": "",
						"defaultValue": "",
						"toValue": "",
						"isPublic": "0",
						"DrillName": "",
						"portletBuilderIdentifier": "DRESPO__DDISCON:DRESPO__DDISCON",
						"ioName": "CV 1 Cont – Discon",
						"variableType": ""
					}
				},
				{
					"@attributes": {
						"filterKey": "",
						"filterKeyName": "",
						"filterTechName": "",
						"defaultValue": "",
						"toValue": "",
						"isPublic": "0",
						"DrillName": "",
						"portletBuilderIdentifier": "DRESPO__DSOD:DRESPO__DSOD",
						"ioName": "CV 2 Grouping",
						"variableType": ""
					}
				},
				{
					"@attributes": {
						"filterKey": "",
						"filterKeyName": "",
						"filterTechName": "",
						"defaultValue": "",
						"toValue": "",
						"isPublic": "0",
						"DrillName": "",
						"portletBuilderIdentifier": "DDK_TK_CDOOI:DRESPO__DK_TK",
						"ioName": "CV 3 Division",
						"variableType": "S"
					}
				},
				{
					"@attributes": {
						"filterKey": "",
						"filterKeyName": "",
						"filterTechName": "",
						"defaultValue": "",
						"toValue": "",
						"isPublic": "0",
						"DrillName": "",
						"portletBuilderIdentifier": "DDK_SEG_CDOOI:DRESPO__DK_SEG",
						"ioName": "CV 4 Subdivision",
						"variableType": "S"
					}
				},
				{
					"@attributes": {
						"filterKey": "",
						"filterKeyName": "Unit of measure",
						"filterTechName": "",
						"defaultValue": "",
						"toValue": "",
						"isPublic": "0",
						"DrillName": "",
						"portletBuilderIdentifier": "0UNIT:0UNIT",
						"ioName": "Unit of measure",
						"variableType": ""
					}
				},
				{
					"@attributes": {
						"filterKey": "",
						"filterKeyName": "Country Group",
						"filterTechName": "",
						"defaultValue": "",
						"toValue": "",
						"isPublic": "0",
						"DrillName": "",
						"portletBuilderIdentifier": "DDCGRP_CDOOI:",
						"ioName": "Country Group",
						"variableType": "S",
						"isHierarchy": "false"
					}
				},
				{
					"@attributes": {
						"filterKey": "",
						"filterKeyName": "InfoProvider",
						"filterTechName": "",
						"defaultValue": "",
						"toValue": "",
						"isPublic": "0",
						"DrillName": "",
						"portletBuilderIdentifier": "0INFOPROV:0INFOPROV",
						"ioName": "InfoProvider",
						"variableType": ""
					}
				},
				{
					"@attributes": {
						"filterKey": "",
						"filterKeyName": "Posting period",
						"filterTechName": "",
						"defaultValue": "",
						"toValue": "",
						"isPublic": "0",
						"DrillName": "",
						"portletBuilderIdentifier": "0FISCPER3:0FISCPER3",
						"ioName": "Posting period",
						"variableType": ""
					}
				},
				{
					"@attributes": {
						"filterKey": "",
						"filterKeyName": "",
						"filterTechName": "",
						"defaultValue": "",
						"toValue": "",
						"isPublic": "0",
						"DrillName": "",
						"portletBuilderIdentifier": "00O2TK9973U0L3NSRWKB1LX9K:00O2TK9973U0L3NSRWKB1LX9K",
						"ioName": "",
						"variableType": "STR"
					}
				}
			],
			"id": "SOA00_COPAPRP03_QS080",
			"lastChanged": "2018-03-16 11:06:53",
			"enableAO": "true",
			"analysisQuery": "SOA00_COPAPRP03_QS080"
		}
	},
	"lastChangedBy": "behri",
	"lastChanged": "2018-03-16 11:23:39",
	"token": "",
	"tokenAddedOn": null,
	"transportStatus": "1"
}