{
	"id": "4071",
	"notes": "Issue in BP 1.4 navigation on Business Group caused, because of missing characteristic in the portlet definition\n- please transport to PROD\n\n\n\nTobias Ellrich\n(WDELL)",
	"scope": "PROD",
	"config": {
		"axes": {
			"verticalAxis": {
				"nonDrillTitle": "",
				"nonDrillAppendix": "",
				"drillTitle": "",
				"drillAppendix": "",
				"hideLine": "true",
				"boldLabel": "Total open items,Total Due,Total Overdue,Not assigned"
			},
			"horizontalAxis": {
				"nonDrillTitle": "SMART",
				"nonDrillAppendix": "",
				"drillTitle": "SMART",
				"drillAppendix": "",
				"placement": "top",
				"hide": "true",
				"hideTitle": "true"
			}
		},
		"views": {
			"view": {
				"chart": {
					"group": {
						"columns": {
							"col": {
								"id": "Open Trade Receivable",
								"series": "barWithLabel",
								"form": "bar",
								"applyScale": "true",
								"appendix": "SCALE UNIT",
								"decimal": "0"
							}
						},
						"rows": {}
					},
					"pos": "0.0"
				},
				"id": "v01",
				"label": "Current items status",
				"desiredColumnWidths": "95"
			},
			"createSeriesFrom": "columns",
			"default": "v01",
			"editing": "v01"
		},
		"deviationCols": {
			"positiveColor": "0x04ba07",
			"negativeColor": "0xa60100",
			"showDataLabels": "true",
			"chartBackgroundColors": "true",
			"center": "true"
		},
		"colors": {
			"override": {
				"id": "A/R ACT",
				"displayName": "A/R ACT",
				"color": "0x676767"
			},
			"overrideRow": [
				{
					"id": "Total Open Items",
					"color": "0x676767"
				},
				{
					"id": "Total Due",
					"color": "0x05598"
				},
				{
					"id": "Due 0-30",
					"color": "0x2A71A9"
				},
				{
					"id": "Due 31-60",
					"color": "0x558EBA"
				},
				{
					"id": "Due 61-90",
					"color": "0x80AACC"
				},
				{
					"id": "Due 91-180",
					"color": "0xAAC6DD"
				},
				{
					"id": "Due > 180",
					"color": "0xD4E3EE"
				},
				{
					"id": "Total Overdue",
					"color": "0xC32A1F"
				},
				{
					"id": "Overdue 1-30",
					"color": "0xEBB8B4"
				},
				{
					"id": "Overdue 31-90",
					"color": "0xE1948F"
				},
				{
					"id": "Overdue 91-360",
					"color": "0xD7716A"
				},
				{
					"id": "Overdue > 360",
					"color": "0xCD4E44"
				},
				{
					"id": "Not assigned",
					"color": "0xBDBDBD"
				}
			]
		},
		"keyfigureConfig": {
			"defaultApplyScale": "true",
			"defaultAppendix": "SCALE UNIT",
			"defaultDecimals": "0"
		},
		"dataChanges": {
			"calculateRemaining": "true"
		},
		"table": {
			"basedOn": "chartView",
			"nonValueColumns": "groupByFirstColumn",
			"lockNonValueColumns": "true"
		},
		"queryRows": {
			"id": "DefaultGroup",
			"defaultRow": ""
		},
		"id": "4071",
		"defaultTitle": "BP1 - A/R Aging",
		"classname": "com.bayer.bi.portlets.basePortlets.BarChartTemplateWithDeviationsX",
		"scope": "PROD",
		"portletInfoURL": "http://bi-wiki.intranet.cnb/artikel.php?artikelArtName=portlet&ID=453",
		"defaultShortcuts": "viewState|c|shortLabel:CgsBFXNob3J0TGFiZWwGA0MJZGF0YQYLZmlyc3QLbGFiZWwGC0NoYXJ0AQ==,CgsBFXNob3J0TGFiZWwGA1QJZGF0YQYNc2Vjb25kC2xhYmVsBgtUYWJsZQE=",
		"defaultCacheTTL": "480",
		"defaultViewState": "first",
		"defaultLegendDirection": "right",
		"enableScale": "true",
		"defaultScaling": "1000000",
		"enableDrilldown": "true",
		"enableDrilldownByNone": "true",
		"defaultDrill": "None",
		"enableZoomingAndScrolling": "true",
		"enableChartTypeSelection": "true",
		"defaultChartType": "clustered",
		"enableChangeOfTableGrouping": "false",
		"defaultGroupByDrillItems": "false",
		"topNFilterKeyName": "",
		"isActive": "1",
		"showInFinder": "1",
		"finderImage": "Bars",
		"defaultSortType": "none",
		"hideGridLines": "true",
		"maxNumberOfResultRows": "2000",
		"handleRowLimitInBackEnd": "true",
		"system": "H2R",
		"ca": "9",
		"finderTitle": "BP1 - A/R Aging",
		"availableSortChoices": "none",
		"category": "Working Capital",
		"volume": {
			"moduleFilter": [
				{
					"@attributes": {
						"filterKey": "MAGIC_KEY_HIER",
						"filterKeyName": "Business View Hierarchy",
						"filterTechName": "DDIMKKAX_HDSOI02",
						"defaultValue": "",
						"toValue": "",
						"isPublic": "1",
						"DrillName": "DIMKKAX",
						"portletBuilderIdentifier": "DDIMKKAX_HDSOI02:DIMKKAX",
						"ioName": "BSV: Hierarchy",
						"variableType": "P"
					}
				},
				{
					"@attributes": {
						"filterKey": "MAGIC_KEY_L1",
						"filterKeyName": "Division",
						"filterTechName": "DDIMKKA1_CDOOI01",
						"defaultValue": "",
						"toValue": "",
						"isPublic": "1",
						"DrillName": "DIMKKA1",
						"portletBuilderIdentifier": "DDIMKKA1_CDOOI01:DIMKKA1",
						"ioName": "BSV Lvl 1",
						"variableType": "S"
					}
				},
				{
					"@attributes": {
						"filterKey": "MAGIC_KEY_L2",
						"filterKeyName": "Business View (L2)",
						"filterTechName": "DDIMKKA2_CDOOI01",
						"defaultValue": "",
						"toValue": "",
						"isPublic": "1",
						"DrillName": "DIMKKA2",
						"portletBuilderIdentifier": "DDIMKKA2_CDOOI01:DIMKKA2",
						"ioName": "BSV Lvl 2",
						"variableType": "S"
					}
				},
				{
					"@attributes": {
						"filterKey": "MAGIC_KEY_L3",
						"filterKeyName": "Business View (L3)",
						"filterTechName": "DDIMKKA3_CDOOI01",
						"defaultValue": "",
						"toValue": "",
						"isPublic": "1",
						"DrillName": "DIMKKA3",
						"portletBuilderIdentifier": "DDIMKKA3_CDOOI01:DIMKKA3",
						"ioName": "BSV Lvl 3",
						"variableType": "S"
					}
				},
				{
					"@attributes": {
						"filterKey": "MAGIC_KEY_L4",
						"filterKeyName": "Business View (L4)",
						"filterTechName": "DDIMKKA4_CDOOI01",
						"defaultValue": "",
						"toValue": "",
						"isPublic": "1",
						"DrillName": "DIMKKA4",
						"portletBuilderIdentifier": "DDIMKKA4_CDOOI01:DIMKKA4",
						"ioName": "BSV Lvl 4",
						"variableType": "S"
					}
				},
				{
					"@attributes": {
						"filterKey": "MAGIC_KEY_L5",
						"filterKeyName": "Business View (L5)",
						"filterTechName": "DDIMKKA5_CDOOI01",
						"defaultValue": "",
						"toValue": "",
						"isPublic": "1",
						"DrillName": "DIMKKA5",
						"portletBuilderIdentifier": "DDIMKKA5_CDOOI01:DIMKKA5",
						"ioName": "BSV Lvl 5",
						"variableType": "S"
					}
				},
				{
					"@attributes": {
						"filterKey": "MAGIC_KEY_L6",
						"filterKeyName": "Business View (L6)",
						"filterTechName": "DDIMKKA6_CDOOI01",
						"defaultValue": "",
						"toValue": "",
						"isPublic": "1",
						"DrillName": "DIMKKA6",
						"portletBuilderIdentifier": "DDIMKKA6_CDOOI01:DIMKKA6",
						"ioName": "BSV Lvl 6",
						"variableType": "S"
					}
				},
				{
					"@attributes": {
						"filterKey": "MAGIC_KEY_COUNTRY_GROUP",
						"filterKeyName": "Country Group",
						"filterTechName": "DDIMKKACG_CDOOI01",
						"defaultValue": "",
						"toValue": "",
						"isPublic": "1",
						"DrillName": "DIMKKACG",
						"portletBuilderIdentifier": "DDIMKKACG_CDOOI01:DIMKKACG",
						"ioName": "BSV CG",
						"variableType": "S",
						"logic": "1"
					}
				},
				{
					"@attributes": {
						"filterKey": "DK_GB",
						"filterKeyName": "Business Group",
						"filterTechName": "DPC__DBG",
						"defaultValue": "",
						"toValue": "",
						"isPublic": "1",
						"DrillName": "DPC__DBG",
						"portletBuilderIdentifier": "DPC__DBG:DPC__DBG",
						"ioName": "Business Group",
						"variableType": ""
					}
				},
				{
					"@attributes": {
						"filterKey": "DRU",
						"filterKeyName": "RU",
						"filterTechName": "DDRU_CDOOI01",
						"defaultValue": "",
						"toValue": "",
						"isPublic": "1",
						"DrillName": "DRU",
						"portletBuilderIdentifier": "DDRU_CDOOI01:DRU",
						"ioName": "Reporting Unit",
						"variableType": "S"
					}
				},
				{
					"@attributes": {
						"filterKey": "DSBE",
						"filterKeyName": "SBE",
						"filterTechName": "DDSBE_CDOOISBE",
						"defaultValue": "",
						"toValue": "",
						"isPublic": "1",
						"DrillName": "DSBE",
						"portletBuilderIdentifier": "DDSBE_CDOOISBE:DSBE",
						"ioName": "SBE",
						"variableType": "S"
					}
				},
				{
					"@attributes": {
						"filterKey": "0COUNTRY",
						"filterKeyName": "Country",
						"filterTechName": "DCOUNTRY_CDMOI01",
						"defaultValue": "",
						"toValue": "",
						"isPublic": "1",
						"DrillName": "DCTRY_FD",
						"portletBuilderIdentifier": "DCOUNTRY_CDMOI01:DCTRY_FD",
						"ioName": "Country final-dest.",
						"variableType": "M"
					}
				},
				{
					"@attributes": {
						"filterKey": "0CUSTOMER",
						"filterKeyName": "Customer",
						"filterTechName": "D0CUSTOMER_CDOOI",
						"defaultValue": "",
						"toValue": "",
						"isPublic": "1",
						"DrillName": "0CUSTOMER",
						"portletBuilderIdentifier": "D0CUSTOMER_CDOOI:0CUSTOMER",
						"ioName": "Customer",
						"variableType": "S"
					}
				},
				{
					"@attributes": {
						"filterKey": "DATE",
						"format": "MMM.YYYY",
						"filterKeyName": "Month/Year",
						"filterTechName": "D0FISCPER_CXSNI00",
						"defaultValue": "",
						"toValue": "",
						"isPublic": "1",
						"DrillName": "",
						"portletBuilderIdentifier": "D0FISCPER_CXSNI00:",
						"ioName": "Fiscal year/period",
						"variableType": "P",
						"isHierarchy": "false"
					}
				},
				{
					"@attributes": {
						"filterKey": "0CURRENCY",
						"filterKeyName": "Currency",
						"filterTechName": "DCURRENCY_CDSOI01",
						"defaultValue": "EUR",
						"toValue": "",
						"isPublic": "1",
						"DrillName": "",
						"portletBuilderIdentifier": "DCURRENCY_CDSOI01:",
						"ioName": "Currency",
						"variableType": "P",
						"isHierarchy": "false"
					}
				},
				{
					"@attributes": {
						"filterKey": "",
						"filterKeyName": "",
						"filterTechName": "",
						"defaultValue": "",
						"toValue": "",
						"isPublic": "0",
						"DrillName": "",
						"portletBuilderIdentifier": "D0COMP_COD_CXOOIFE:",
						"ioName": "Company code",
						"variableType": "S",
						"isHierarchy": "false"
					}
				},
				{
					"@attributes": {
						"filterKey": "",
						"filterKeyName": "",
						"filterTechName": "",
						"defaultValue": "",
						"toValue": "",
						"isPublic": "0",
						"DrillName": "",
						"portletBuilderIdentifier": "00O2TK9973U0HI1B8TLFKLQOM:00O2TK9973U0HI1B8TLFKLQOM",
						"ioName": "",
						"variableType": "STR"
					}
				},
				{
					"@attributes": {
						"filterKey": "",
						"filterKeyName": "",
						"filterTechName": "",
						"defaultValue": "",
						"toValue": "",
						"isPublic": "0",
						"DrillName": "",
						"portletBuilderIdentifier": "00O2TK9973U0HI1B8TLFKHIZA:00O2TK9973U0HI1B8TLFKHIZA",
						"ioName": "",
						"variableType": "STR"
					}
				},
				{
					"@attributes": {
						"filterKey": "",
						"filterKeyName": "InfoProvider",
						"filterTechName": "",
						"defaultValue": "",
						"toValue": "",
						"isPublic": "0",
						"DrillName": "",
						"portletBuilderIdentifier": "0INFOPROV:0INFOPROV",
						"ioName": "InfoProvider",
						"variableType": ""
					}
				},
				{
					"@attributes": {
						"filterKey": "",
						"filterKeyName": "Bayer Merger: SRC(A)",
						"filterTechName": "",
						"defaultValue": "",
						"toValue": "",
						"isPublic": "0",
						"DrillName": "",
						"portletBuilderIdentifier": "DD_MSRCA_CAOOI01:",
						"ioName": "Bayer Merger: SRC(A)",
						"variableType": "S",
						"isHierarchy": "false"
					}
				}
			],
			"id": "SOA00_COPAPRPCF_QS025",
			"lastChanged": "2017-12-14 17:17:46",
			"enableAO": "true"
		}
	},
	"lastChangedBy": "wdell",
	"lastChanged": "2017-12-14 17:18:27",
	"token": "",
	"tokenAddedOn": null,
	"transportStatus": "1"
}