{
	"id": "5077",
	"notes": "Daily Sales adjustments",
	"scope": "PROD",
	"config": {
		"axes": {
			"verticalAxis": {
				"nonDrillTitle": "",
				"nonDrillAppendix": "",
				"drillTitle": "",
				"drillAppendix": "",
				"hideLine": "true",
				"hideAxisLabel": "false"
			},
			"horizontalAxis": {
				"nonDrillTitle": "ACT",
				"nonDrillAppendix": "",
				"drillTitle": "ACT",
				"drillAppendix": "",
				"hide": "true",
				"hideTitle": "false",
				"placement": "top"
			}
		},
		"views": {
			"view": [
				{
					"chart": [
						{
							"group": {
								"columns": {
									"col": {
										"id": "1.1 ACT",
										"series": "barWithLabel",
										"form": "bar",
										"applyScale": "true",
										"appendix": " SCALE UNIT",
										"decimal": "0",
										"jumpTag": "ACT"
									}
								},
								"rows": {},
								"chartType": "overlapping"
							},
							"pos": "0.0",
							"hideTitle": "false",
							"showLegend": "false"
						},
						{
							"group": {
								"columns": {
									"col": {
										"id": "1.3.2 Δ PY %",
										"series": "deviationRect",
										"cut": "30",
										"neutralInterval": ";",
										"dataLabelThreshold": "100",
										"applyScale": "true",
										"appendix": " SCALE UNIT",
										"decimal": "0"
									}
								},
								"rows": {}
							},
							"pos": "1.0"
						},
						{
							"group": {
								"columns": {
									"col": {
										"id": "1.3.1 Δ PY",
										"series": "deviation",
										"applyScale": "true",
										"appendix": " SCALE UNIT",
										"decimal": "0",
										"jumpTag": "PY"
									}
								},
								"rows": {}
							},
							"pos": "2.0"
						},
						{
							"group": {
								"columns": {
									"col": {
										"id": "3.1.1FCx TOGO",
										"series": "deviationExt",
										"refColId": "3.1.4 FCx TOGO Color",
										"applyScale": "true",
										"appendix": " SCALE UNIT",
										"decimal": "0"
									}
								},
								"rows": {}
							},
							"pos": "3.0"
						},
						{
							"group": {
								"columns": {
									"col": {
										"id": "1.4 &D0VERSION_TEXT2&",
										"series": "number",
										"applyScale": "true",
										"appendix": " SCALE UNIT",
										"decimal": "0"
									}
								},
								"rows": {}
							},
							"pos": "4.0"
						}
					],
					"id": "v04",
					"label": "MTD Δ PY",
					"desiredColumnWidths": "35,15,20,20,10",
					"defaultSort": "1.1 ACT",
					"smartViewTag": "CMP:PYDS"
				},
				{
					"chart": [
						{
							"group": {
								"columns": {
									"col": {
										"id": "1.1 ACT",
										"series": "barWithLabel",
										"form": "bar",
										"applyScale": "true",
										"appendix": " SCALE UNIT",
										"decimal": "0",
										"jumpTag": "ACT"
									}
								},
								"rows": {},
								"chartType": "overlapping"
							},
							"pos": "0.0",
							"hideTitle": "false",
							"showLegend": "false"
						},
						{
							"group": {
								"columns": {
									"col": {
										"id": "1.2.2 Δ BUD %",
										"series": "deviationRect",
										"cut": "30",
										"neutralInterval": ";",
										"dataLabelThreshold": "100",
										"applyScale": "true",
										"appendix": " SCALE UNIT",
										"decimal": "0"
									}
								},
								"rows": {}
							},
							"pos": "1.0"
						},
						{
							"group": {
								"columns": {
									"col": {
										"id": "1.2.1 Δ BUD",
										"series": "deviation",
										"applyScale": "true",
										"appendix": " SCALE UNIT",
										"decimal": "0",
										"jumpTag": "BUD"
									}
								},
								"rows": {}
							},
							"pos": "2.0"
						},
						{
							"group": {
								"columns": {
									"col": {
										"id": "2.2.1BUD TOGO",
										"series": "deviationExt",
										"refColId": "2.2.3BUD Color",
										"applyScale": "true",
										"appendix": " SCALE UNIT",
										"decimal": "0"
									}
								},
								"rows": {}
							},
							"pos": "3.0"
						},
						{
							"group": {
								"columns": {
									"col": {
										"id": "1.2 BUD",
										"series": "number",
										"applyScale": "true",
										"appendix": " SCALE UNIT",
										"decimal": "0"
									}
								},
								"rows": {}
							},
							"pos": "4.0"
						}
					],
					"id": "v06",
					"label": "MTD Δ BUD",
					"desiredColumnWidths": "35,15,20,20,10",
					"defaultSort": "1.1 ACT",
					"smartViewTag": "CMP:BUDDS"
				},
				{
					"chart": [
						{
							"group": {
								"columns": {
									"col": {
										"id": "1.1 ACT",
										"series": "barWithLabel",
										"form": "bar",
										"applyScale": "true",
										"appendix": " SCALE UNIT",
										"decimal": "0",
										"jumpTag": "ACT"
									}
								},
								"rows": {},
								"chartType": "overlapping"
							},
							"pos": "0.0",
							"hideTitle": "false",
							"showLegend": "false"
						},
						{
							"group": {
								"columns": {
									"col": {
										"id": "1.3.2 Δ PY %",
										"series": "deviationRect",
										"cut": "30",
										"neutralInterval": ";",
										"dataLabelThreshold": "100",
										"applyScale": "true",
										"appendix": " SCALE UNIT",
										"decimal": "0"
									}
								},
								"rows": {}
							},
							"pos": "1.0"
						},
						{
							"group": {
								"columns": {
									"col": {
										"id": "1.4.1 Δ &D0VERSION_TEXT2&",
										"series": "deviation",
										"applyScale": "true",
										"appendix": " SCALE UNIT",
										"decimal": "0",
										"jumpTag": "FC"
									}
								},
								"rows": {}
							},
							"pos": "2.0"
						},
						{
							"group": {
								"columns": {
									"col": {
										"id": "3.1.1FCx TOGO",
										"series": "deviationExt",
										"refColId": "3.1.4 FCx TOGO Color",
										"applyScale": "true",
										"appendix": " SCALE UNIT",
										"decimal": "0"
									}
								},
								"rows": {}
							},
							"pos": "3.0"
						},
						{
							"group": {
								"columns": {
									"col": {
										"id": "1.4 &D0VERSION_TEXT2&",
										"series": "number",
										"applyScale": "true",
										"appendix": " SCALE UNIT",
										"decimal": "0"
									}
								},
								"rows": {}
							},
							"pos": "4.0"
						}
					],
					"id": "v08",
					"label": "MTD Δ MR",
					"desiredColumnWidths": "35,15,20,20,10",
					"defaultSort": "1.1 ACT",
					"smartViewTag": "CMP:MRDS"
				},
				{
					"chart": [
						{
							"group": {
								"columns": {
									"col": {
										"id": "1.1 ACT",
										"series": "barWithLabel",
										"form": "bar",
										"applyScale": "true",
										"appendix": " SCALE UNIT",
										"decimal": "0",
										"jumpTag": "ACT"
									}
								},
								"rows": {},
								"chartType": "overlapping"
							},
							"pos": "0.0",
							"hideTitle": "false",
							"showLegend": "false"
						},
						{
							"group": {
								"columns": {
									"col": {
										"id": "4.1.1.2 % of BUD nom",
										"series": "number",
										"applyScale": "true",
										"appendix": " SCALE UNIT",
										"decimal": "0"
									}
								},
								"rows": {}
							},
							"pos": "1.0"
						},
						{
							"group": {
								"columns": {
									"col": {
										"id": "4.1.3.2 Δ PY %pts nom",
										"series": "deviationCirc",
										"cut": "30",
										"neutralInterval": ";",
										"dataLabelThreshold": "100",
										"applyScale": "true",
										"appendix": " SCALE UNIT",
										"decimal": "0"
									}
								},
								"rows": {}
							},
							"pos": "2.0"
						},
						{
							"group": {
								"columns": {
									"col": {
										"id": "2.2.1BUD TOGO",
										"series": "number",
										"applyScale": "true",
										"appendix": " SCALE UNIT",
										"decimal": "0"
									}
								},
								"rows": {}
							},
							"pos": "3.0"
						},
						{
							"group": {
								"columns": {
									"col": {
										"id": "4.1.4.2 Risk/Opp nom",
										"series": "deviation",
										"neutralInterval": ";",
										"applyScale": "true",
										"appendix": " SCALE UNIT",
										"decimal": "0"
									}
								},
								"rows": {}
							},
							"pos": "4.0"
						},
						{
							"group": {
								"columns": {
									"col": {
										"id": "1.2 BUD",
										"series": "number",
										"applyScale": "true",
										"appendix": " SCALE UNIT",
										"decimal": "0"
									}
								},
								"rows": {}
							},
							"pos": "5.0"
						}
					],
					"id": "v01",
					"label": "MTD % of Completion",
					"desiredColumnWidths": "40,10,15,10,15,10",
					"defaultSort": "1.1 ACT",
					"smartViewTag": "CMP:COMP"
				},
				{
					"chart": [
						{
							"group": {
								"columns": {
									"col": {
										"id": "1.1 ACT",
										"series": "barWithLabel",
										"form": "bar",
										"applyScale": "true",
										"appendix": " SCALE UNIT",
										"decimal": "0"
									}
								},
								"rows": {},
								"chartType": "overlapping"
							},
							"pos": "0.0",
							"hideTitle": "false",
							"showLegend": "false"
						},
						{
							"group": {
								"columns": {
									"col": {
										"id": "1.4.2 Δ &D0VERSION_TEXT2& %",
										"series": "deviationRect",
										"cut": "30",
										"neutralInterval": ";",
										"dataLabelThreshold": "100",
										"applyScale": "true",
										"appendix": " SCALE UNIT",
										"decimal": "0"
									}
								},
								"rows": {}
							},
							"pos": "1.0"
						},
						{
							"group": {
								"columns": {
									"col": {
										"id": "1.4.1 Δ &D0VERSION_TEXT2&",
										"series": "deviation",
										"applyScale": "true",
										"appendix": " SCALE UNIT",
										"decimal": "0",
										"jumpTag": "FC"
									}
								},
								"rows": {}
							},
							"pos": "2.0"
						},
						{
							"group": {
								"columns": {
									"col": {
										"id": "3.1.1FCx TOGO",
										"series": "deviationExt",
										"refColId": "3.1.4 FCx TOGO Color",
										"applyScale": "true",
										"appendix": " SCALE UNIT",
										"decimal": "0"
									}
								},
								"rows": {}
							},
							"pos": "3.0"
						},
						{
							"group": {
								"columns": {
									"col": {
										"id": "1.4 &D0VERSION_TEXT2&",
										"series": "number",
										"applyScale": "true",
										"appendix": " SCALE UNIT",
										"decimal": "0"
									}
								},
								"rows": {}
							},
							"pos": "4.0"
						}
					],
					"id": "v10",
					"label": "MTD Δ FC",
					"desiredColumnWidths": "35,15,20,20,10",
					"defaultSort": "1.1 ACT",
					"smartViewTag": "CMP:FCDS"
				}
			],
			"createSeriesFrom": "columns",
			"default": "v04",
			"editing": "v01",
			"identifyColumnsByPrefix": "true"
		},
		"deviationCols": {
			"positiveColor": "0x005598",
			"negativeColor": "0xC32A1F",
			"showDataLabels": "true",
			"chartBackgroundColors": "false",
			"center": "true",
			"neutralColor": "0x676767"
		},
		"colors": {
			"override": [
				{
					"id": "1.1",
					"displayName": "1.1",
					"color": "0x676767"
				},
				{
					"id": "2.2.2BUD",
					"displayName": "2.2.2BUD",
					"color": "0xC32A1F",
					"negativeColor": "0xC32A1F",
					"neutralColor": "0x005598"
				},
				{
					"id": "2.2.5BUD",
					"displayName": "2.2.5BUD",
					"color": "0xC32A1F",
					"negativeColor": "0xC32A1F",
					"neutralColor": "0x005598"
				},
				{
					"id": "4.1.5",
					"displayName": "4.1.5",
					"color": "0xC32A1F",
					"negativeColor": "0x005598",
					"neutralColor": "0x005598"
				},
				{
					"id": "4.1.6",
					"displayName": "4.1.6",
					"color": "0xC32A1F",
					"negativeColor": "0x005598",
					"neutralColor": "0x005598"
				}
			]
		},
		"keyfigureConfig": {
			"kf": [
				{
					"id": "1.2.2 Δ BUD %",
					"applyScale": "false",
					"appendix": "",
					"decimal": "1",
					"type": "COL",
					"displayName": "Δ BUD %"
				},
				{
					"id": "1.2.4 Δ BUD ca %",
					"applyScale": "false",
					"appendix": "",
					"decimal": "1",
					"type": "COL",
					"displayName": "Δ BUD ca %"
				},
				{
					"id": "1.3.2 Δ PY %",
					"applyScale": "false",
					"appendix": "",
					"decimal": "1",
					"type": "COL",
					"displayName": "Δ PY %"
				},
				{
					"id": "1.3.4 Δ PY ca %",
					"applyScale": "false",
					"appendix": "",
					"decimal": "1",
					"type": "COL",
					"displayName": "Δ PY ca %"
				},
				{
					"id": "2.2.2BUD TOGO %",
					"applyScale": "false",
					"appendix": "",
					"decimal": "1",
					"type": "COL",
					"displayName": "TOGO %"
				},
				{
					"id": "2.2.5BUD TOGO ca %",
					"applyScale": "false",
					"appendix": "",
					"decimal": "1",
					"type": "COL",
					"displayName": "TOGO ca %"
				},
				{
					"id": "3.3.2PY TOGO %",
					"applyScale": "false",
					"appendix": "",
					"decimal": "1",
					"type": "COL",
					"displayName": "TOGO %"
				},
				{
					"id": "3.3.5PY TOGO ca %",
					"applyScale": "false",
					"appendix": "",
					"decimal": "1",
					"type": "COL",
					"displayName": "TOGO ca %"
				},
				{
					"id": "3.3.5 PY TOGO ca %",
					"applyScale": "false",
					"appendix": "",
					"decimal": "1",
					"type": "COL",
					"displayName": "PY TOGO ca %"
				},
				{
					"id": "3.3.2 PY TOGO %",
					"applyScale": "false",
					"appendix": "",
					"decimal": "1",
					"type": "COL",
					"displayName": "PY TOGO %"
				},
				{
					"id": "4.1.1.2 % of BUD nom",
					"applyScale": "false",
					"appendix": "",
					"decimal": "1",
					"type": "COL",
					"displayName": "% of BUD"
				},
				{
					"id": "4.1.2 % of PY",
					"applyScale": "false",
					"appendix": "",
					"decimal": "1",
					"type": "COL",
					"displayName": "% of PY"
				},
				{
					"id": "4.1.3.2 Δ PY %pts nom",
					"applyScale": "false",
					"appendix": "",
					"decimal": "1",
					"type": "COL",
					"displayName": "%pts vs. PY"
				},
				{
					"id": "1.4.2 Δ &D0VERSION_TEXT2& %",
					"applyScale": "false",
					"appendix": "",
					"decimal": "1",
					"type": "COL",
					"displayName": ""
				},
				{
					"id": "1.4.4 Δ &D0VERSION_TEXT2& ca %",
					"applyScale": "false",
					"appendix": "",
					"decimal": "1",
					"type": "COL",
					"displayName": ""
				},
				{
					"id": "4.1.4.2 Risk/Opp nom",
					"applyScale": "true",
					"appendix": "",
					"decimal": "0",
					"type": "COL",
					"displayName": "Risk/Opp"
				}
			],
			"defaultApplyScale": "true",
			"defaultAppendix": " SCALE UNIT",
			"defaultDecimals": "0"
		},
		"dataChanges": {
			"action": {
				"op": "suppressRows",
				"check": "sel",
				"selection": "1.1 ACT ",
				"zeroThreshold": "0.5"
			},
			"calculateRemaining": "true",
			"resultRowPosition": "2",
			"othersRowPosition": "1",
			"othersRowLabel": "Remaining",
			"excludeFromRemaining": "1.3,1.2.2,1.2.4,1.3.2,1.3.4,1.4.2,1.4.4,2.2.2BUD,2.2.3BUD,2.2.5BUD,2.2.6BUDca,3.1.4,3.1.3FCx,3.1.5,4.1.1,4.1.2,4.1.3,4.1.4,4.1.5,4.1.6,EST",
			"zeroThreshold": "0.5"
		},
		"table": {
			"basedOn": "chartView",
			"nonValueColumns": "groupByFirstColumn",
			"lockNonValueColumns": "true"
		},
		"queryRows": {
			"id": "DefaultGroup",
			"defaultRow": ""
		},
		"conditions": {
			"conditionGroup": {
				"condition": [
					{
						"keyFigureName": "v91",
						"conditionID": "00O2TK9973U0HGCAQQLRDG84V",
						"label": "Top ACT",
						"jumpTag": "ACT",
						"jumpTagLimit": "8"
					},
					{
						"keyFigureName": "v92",
						"conditionID": "00O2TK9973U27SBOAARMUX3KS",
						"label": "Top/Bottom Δ PY",
						"jumpTag": "PY",
						"jumpTagLimit": "4"
					},
					{
						"keyFigureName": "v93",
						"conditionID": "00O2TK9973U27SBOAARMUXG7W",
						"label": "Top/Bottom Δ PY ca",
						"jumpTag": "PYca",
						"jumpTagLimit": "4"
					},
					{
						"keyFigureName": "v94",
						"conditionID": "00O2TK9973U27SBOAARMUXSV0",
						"label": "Top/Bottom Δ BUD",
						"jumpTag": "BUD",
						"jumpTagLimit": "4"
					},
					{
						"keyFigureName": "v95",
						"conditionID": "00O2TK9973U27SBOAARMUY5I4",
						"label": "Top/Bottom Δ BUD ca",
						"jumpTag": "BUDca",
						"jumpTagLimit": "4"
					},
					{
						"keyFigureName": "v96",
						"conditionID": "00O2TK9973U27SBOAARMUYI58",
						"label": "Top/Bottom Δ FC",
						"jumpTag": "FC",
						"jumpTagLimit": "4"
					},
					{
						"keyFigureName": "v97",
						"conditionID": "00O2TK9973U27SBOAARMUYOGS",
						"label": "Top/Bottom Δ FC ca",
						"jumpTag": "FCca",
						"jumpTagLimit": "4"
					}
				],
				"id": "cg1",
				"displayName": "Top",
				"defaultKPI": "v91"
			},
			"userCanSwitchCondition": "true"
		},
		"id": "5077",
		"defaultTitle": "BP2 - Daily Sales /w deviations",
		"classname": "com.bayer.bi.portlets.basePortlets.BarChartTemplateWithDeviationsX",
		"scope": "PROD",
		"portletInfoURL": "http://bi-wiki.intranet.cnb/artikel.php?artikelArtName=portlet&ID=480",
		"defaultShortcuts": "viewState|c|shortLabel:CgsBFXNob3J0TGFiZWwGA0MJZGF0YQYLZmlyc3QLbGFiZWwGC0NoYXJ0AQ==,CgsBFXNob3J0TGFiZWwGA1QJZGF0YQYNc2Vjb25kC2xhYmVsBgtUYWJsZQE=",
		"defaultCacheTTL": "60",
		"defaultViewState": "first",
		"defaultLegendDirection": "bottom",
		"enableScale": "true",
		"defaultScaling": "1000000",
		"enableDrilldown": "true",
		"enableDrilldownByNone": "false",
		"defaultDrill": "DRESPO__DIMKKAX",
		"enableZoomingAndScrolling": "true",
		"enableChartTypeSelection": "true",
		"defaultChartType": "clustered",
		"enableChangeOfTableGrouping": "false",
		"defaultGroupByDrillItems": "false",
		"topNFilterKeyName": "Ranking",
		"isActive": "1",
		"showInFinder": "1",
		"finderImage": "Bars",
		"defaultSortType": "none",
		"hideGridLines": "true",
		"maxNumberOfResultRows": "2000",
		"handleRowLimitInBackEnd": "true",
		"system": "H2R",
		"scalingChoices": "1000,1000000",
		"finderTitle": "BP2 - Daily Sales /w deviations",
		"ca": "8",
		"category": "Sales",
		"defaultCondition": "00O2TK9973U0HGCAQQLRDG84V",
		"conditionActivate": "true",
		"availableSortChoices": "keyfigureColumns,none,key",
		"defaultSortOrder": "2",
		"versionFrom": "3.10.010",
		"commentId": "BP_DS",
		"volume": {
			"moduleFilter": [
				{
					"@attributes": {
						"filterKey": "MAGIC_KEY_HIER",
						"filterKeyName": "Business View",
						"filterTechName": "DDIMKKAX_HDSOI02",
						"defaultValue": "",
						"toValue": "",
						"isPublic": "1",
						"DrillName": "DRESPO__DIMKKAX",
						"portletBuilderIdentifier": "DDIMKKAX_HDSOI02:DRESPO__DIMKKAX",
						"ioName": "BSV: Hierarchy",
						"variableType": "P"
					}
				},
				{
					"@attributes": {
						"filterKey": "MAGIC_KEY_L1",
						"filterKeyName": "Division",
						"filterTechName": "",
						"defaultValue": "",
						"toValue": "",
						"isPublic": "0",
						"DrillName": "",
						"portletBuilderIdentifier": "DDIMKKA1_CDOOI01:DRESPO__DIMKKA1",
						"ioName": "BSV Lvl 1",
						"variableType": "S"
					}
				},
				{
					"@attributes": {
						"filterKey": "MAGIC_KEY_L2",
						"filterKeyName": "Business View (L2)",
						"filterTechName": "",
						"defaultValue": "",
						"toValue": "",
						"isPublic": "0",
						"DrillName": "",
						"portletBuilderIdentifier": "DDIMKKA2_CDOOI01:DRESPO__DIMKKA2",
						"ioName": "BSV Lvl 2",
						"variableType": "S"
					}
				},
				{
					"@attributes": {
						"filterKey": "MAGIC_KEY_L3",
						"filterKeyName": "Business View (L3)",
						"filterTechName": "",
						"defaultValue": "",
						"toValue": "",
						"isPublic": "0",
						"DrillName": "",
						"portletBuilderIdentifier": "DDIMKKA3_CDOOI01:DRESPO__DIMKKA3",
						"ioName": "BSV Lvl 3",
						"variableType": "S"
					}
				},
				{
					"@attributes": {
						"filterKey": "MAGIC_KEY_L4",
						"filterKeyName": "Business View (L4)",
						"filterTechName": "",
						"defaultValue": "",
						"toValue": "",
						"isPublic": "0",
						"DrillName": "",
						"portletBuilderIdentifier": "DDIMKKA4_CDOOI01:DRESPO__DIMKKA4",
						"ioName": "BSV Lvl 4",
						"variableType": "S"
					}
				},
				{
					"@attributes": {
						"filterKey": "MAGIC_KEY_L5",
						"filterKeyName": "Business View (L5)",
						"filterTechName": "",
						"defaultValue": "",
						"toValue": "",
						"isPublic": "0",
						"DrillName": "",
						"portletBuilderIdentifier": "DDIMKKA5_CDOOI01:DRESPO__DIMKKA5",
						"ioName": "BSV Lvl 5",
						"variableType": "S"
					}
				},
				{
					"@attributes": {
						"filterKey": "MAGIC_KEY_L6",
						"filterKeyName": "Business View (L6)",
						"filterTechName": "",
						"defaultValue": "",
						"toValue": "",
						"isPublic": "0",
						"DrillName": "",
						"portletBuilderIdentifier": "DDIMKKA6_CDOOI01:DRESPO__DIMKKA6",
						"ioName": "BSV Lvl 6",
						"variableType": "S"
					}
				},
				{
					"@attributes": {
						"filterKey": "MAGIC_KEY_L7",
						"filterKeyName": "Business View (L7)",
						"filterTechName": "",
						"defaultValue": "",
						"toValue": "",
						"isPublic": "0",
						"DrillName": "",
						"portletBuilderIdentifier": "DDIMKKA7_CDOOI01:DRESPO__DIMKKA7",
						"ioName": "BSV Lvl 7",
						"variableType": "S"
					}
				},
				{
					"@attributes": {
						"filterKey": "MAGIC_KEY_L8",
						"filterKeyName": "Business View (L8)",
						"filterTechName": "",
						"defaultValue": "",
						"toValue": "",
						"isPublic": "0",
						"DrillName": "",
						"portletBuilderIdentifier": "DDIMKKA8_CDOOI01:DRESPO__DIMKKA8",
						"ioName": "BSV Lvl 8",
						"variableType": "S"
					}
				},
				{
					"@attributes": {
						"filterKey": "MAGIC_KEY_L9",
						"filterKeyName": "Business View (L9)",
						"filterTechName": "",
						"defaultValue": "",
						"toValue": "",
						"isPublic": "0",
						"DrillName": "",
						"portletBuilderIdentifier": "DDIMKKA9_CDOOSI01:DRESPO__DIMKKA9",
						"ioName": "BSV Lvl 9",
						"variableType": "S"
					}
				},
				{
					"@attributes": {
						"filterKey": "MAGIC_KEY_L10",
						"filterKeyName": "Business View (L10)",
						"filterTechName": "",
						"defaultValue": "",
						"toValue": "",
						"isPublic": "0",
						"DrillName": "",
						"portletBuilderIdentifier": "DDIMKKA10_CDOOSI01:DRESPO__DIMKKA10",
						"ioName": "BSV Lvl 10",
						"variableType": "S"
					}
				},
				{
					"@attributes": {
						"filterKey": "DK_GB",
						"filterKeyName": "Business Group",
						"filterTechName": "DDK_GB_CDOOI",
						"defaultValue": "",
						"toValue": "",
						"isPublic": "1",
						"DrillName": "DRESPO__DK_GB",
						"portletBuilderIdentifier": "DDK_GB_CDOOI:DRESPO__DK_GB",
						"ioName": "CV 5 Business Group",
						"variableType": "S"
					}
				},
				{
					"@attributes": {
						"filterKey": "DSBE",
						"filterKeyName": "Strategic Business Entity",
						"filterTechName": "DRESPO_DSBE_CDOOI",
						"defaultValue": "",
						"toValue": "",
						"isPublic": "1",
						"DrillName": "DRESPO__DSBE",
						"portletBuilderIdentifier": "DRESPO_DSBE_CDOOI:DRESPO__DSBE",
						"ioName": "CV 6 SBE",
						"variableType": "S"
					}
				},
				{
					"@attributes": {
						"filterKey": "DRU",
						"filterKeyName": "Reporting Unit",
						"filterTechName": "DRESPO__DRU_CDOOI",
						"defaultValue": "",
						"toValue": "",
						"isPublic": "1",
						"DrillName": "DRESPO__DRU",
						"portletBuilderIdentifier": "DRESPO__DRU_CDOOI:DRESPO__DRU",
						"ioName": "CV 7 Reporting Unit",
						"variableType": "S"
					}
				},
				{
					"@attributes": {
						"filterKey": "MAGIC_KEY_COUNTRY_GROUP",
						"filterKeyName": "Country Group",
						"filterTechName": "DIMKKACG_CDOOSI01",
						"defaultValue": "",
						"toValue": "",
						"isPublic": "1",
						"DrillName": "DRESPO__DIMKKACG",
						"portletBuilderIdentifier": "DIMKKACG_CDOOSI01:DRESPO__DIMKKACG",
						"ioName": "BSV CG",
						"variableType": "S",
						"logic": "1"
					}
				},
				{
					"@attributes": {
						"filterKey": "0COUNTRY",
						"filterKeyName": "Country",
						"filterTechName": "D0COUNTRY_CXOOIFE",
						"defaultValue": "",
						"toValue": "",
						"isPublic": "1",
						"DrillName": "DCTRY_FD",
						"portletBuilderIdentifier": "D0COUNTRY_CXOOIFE:DCTRY_FD",
						"ioName": "Country final-dest.",
						"variableType": "S"
					}
				},
				{
					"@attributes": {
						"filterKey": "SOP_BRANDFAM",
						"filterKeyName": "Brand Family",
						"filterTechName": "DDRESPO_DBRANDF_CDSOI01",
						"defaultValue": "",
						"toValue": "",
						"isPublic": "1",
						"DrillName": "DRESPO__DBRANDF",
						"portletBuilderIdentifier": "DDRESPO_DBRANDF_CDSOI01:DRESPO__DBRANDF",
						"ioName": "CV Brand Family",
						"variableType": "S"
					}
				},
				{
					"@attributes": {
						"filterKey": "CV_BRAND",
						"filterKeyName": "Brand",
						"filterTechName": "DDBRAND_CDOOI",
						"defaultValue": "",
						"toValue": "",
						"isPublic": "1",
						"DrillName": "DRESPO__DBRAND",
						"portletBuilderIdentifier": "DDBRAND_CDOOI:DRESPO__DBRAND",
						"ioName": "CV Brand",
						"variableType": "S"
					}
				},
				{
					"@attributes": {
						"filterKey": "DPC_CV",
						"filterKeyName": "Brand (RPC)",
						"filterTechName": "DRESPO_DPC_CV_CDOOI",
						"defaultValue": "",
						"toValue": "",
						"isPublic": "1",
						"DrillName": "DRESPO__DPC_CV",
						"portletBuilderIdentifier": "DRESPO_DPC_CV_CDOOI:DRESPO__DPC_CV",
						"ioName": "CV 8 Profitcenter",
						"variableType": "S"
					}
				},
				{
					"@attributes": {
						"filterKey": "0CUSTOMER",
						"filterKeyName": "Customer",
						"filterTechName": "D0CUSTOMER_CDOOI",
						"defaultValue": "",
						"toValue": "",
						"isPublic": "1",
						"DrillName": "0CUSTOMER",
						"portletBuilderIdentifier": "D0CUSTOMER_CDOOI:0CUSTOMER",
						"ioName": "Customer",
						"variableType": "S"
					}
				},
				{
					"@attributes": {
						"filterKey": "ADD_BRAND_GRP",
						"filterKeyName": "Categories",
						"filterTechName": "DRESPO__DBRANDG",
						"defaultValue": "",
						"toValue": "",
						"isPublic": "1",
						"DrillName": "DRESPO__DBRANDG",
						"portletBuilderIdentifier": "DRESPO__DBRANDG:DRESPO__DBRANDG",
						"ioName": "Add. Grouping",
						"variableType": ""
					}
				},
				{
					"@attributes": {
						"filterKey": "PFM_CTRY_BRAND",
						"filterKeyName": "Portfolio Management",
						"filterTechName": "DRESPO__DMVIEW",
						"defaultValue": "",
						"toValue": "",
						"isPublic": "1",
						"DrillName": "DRESPO__DMVIEW",
						"portletBuilderIdentifier": "DRESPO__DMVIEW:DRESPO__DMVIEW",
						"ioName": "CV Brand / Country",
						"variableType": ""
					}
				},
				{
					"@attributes": {
						"filterKey": "PFM_BRAND",
						"filterKeyName": "Brand Portfolio",
						"filterTechName": "DRESPO__DMUSTW1",
						"defaultValue": "",
						"toValue": "",
						"isPublic": "1",
						"DrillName": "DRESPO__DMUSTW1",
						"portletBuilderIdentifier": "DRESPO__DMUSTW1:DRESPO__DMUSTW1",
						"ioName": "CV Brand Attribute",
						"variableType": ""
					}
				},
				{
					"@attributes": {
						"filterKey": "PFM_COUNTRY",
						"filterKeyName": "Country Portfolio",
						"filterTechName": "DRESPO__DMUSTW2",
						"defaultValue": "",
						"toValue": "",
						"isPublic": "1",
						"DrillName": "DRESPO__DMUSTW2",
						"portletBuilderIdentifier": "DRESPO__DMUSTW2:DRESPO__DMUSTW2",
						"ioName": "CV Country Attribute",
						"variableType": ""
					}
				},
				{
					"@attributes": {
						"filterKey": "",
						"filterKeyName": "Ranking",
						"filterTechName": "Z0COND_FDSOI01",
						"defaultValue": "",
						"toValue": "",
						"isPublic": "1",
						"DrillName": "",
						"portletBuilderIdentifier": "Z0COND_FDSOI01:",
						"ioName": "1FORMULA",
						"variableType": "P",
						"isHierarchy": "false"
					}
				},
				{
					"@attributes": {
						"filterKey": "0CURRENCY",
						"filterKeyName": "Currency",
						"filterTechName": "DCURRENCY_CDSOI01",
						"defaultValue": "EUR",
						"toValue": "",
						"isPublic": "1",
						"DrillName": "",
						"portletBuilderIdentifier": "DCURRENCY_CDSOI01:",
						"Mandatory": "true",
						"ioName": "Currency",
						"variableType": "P",
						"isHierarchy": "false"
					}
				},
				{
					"@attributes": {
						"filterKey": "",
						"filterKeyName": "ROI: DS KF Structure",
						"filterTechName": "",
						"defaultValue": "",
						"toValue": "",
						"isPublic": "0",
						"DrillName": "",
						"portletBuilderIdentifier": "00O2TK9973U0HGCAQQLRDJK8F:00O2TK9973U0HGCAQQLRDJK8F",
						"ioName": "ROI: DS KF Structure",
						"variableType": "STR"
					}
				},
				{
					"@attributes": {
						"filterKey": "DATE",
						"format": "DD.MM.YYYY",
						"filterKeyName": "Date",
						"filterTechName": "D0DATE_CXSOI01",
						"defaultValue": "",
						"toValue": "",
						"isPublic": "1",
						"DrillName": "",
						"portletBuilderIdentifier": "D0DATE_CXSOI01:",
						"ioName": "Date",
						"variableType": "P",
						"isHierarchy": "false"
					}
				},
				{
					"@attributes": {
						"filterKey": "",
						"filterKeyName": "Version",
						"filterTechName": "D0VERSION_CXSMIFC2",
						"defaultValue": "",
						"toValue": "",
						"isPublic": "1",
						"DrillName": "",
						"portletBuilderIdentifier": "D0VERSION_CXSMIFC2:",
						"Mandatory": "true",
						"ioName": "Version",
						"variableType": "P",
						"isHierarchy": "false"
					}
				},
				{
					"@attributes": {
						"filterKey": "CSV_PERFOV",
						"filterKeyName": "Local Steering View",
						"filterTechName": "D_DCOREPSV1_CDOOI01",
						"defaultValue": "",
						"toValue": "",
						"isPublic": "1",
						"DrillName": "DRESPO__DCOREPSV1",
						"portletBuilderIdentifier": "D_DCOREPSV1_CDOOI01:DRESPO__DCOREPSV1",
						"ioName": "CSV Loc. Steer. View",
						"variableType": "S",
						"logic": "1"
					}
				},
				{
					"@attributes": {
						"filterKey": "CSV_BRAND",
						"filterKeyName": "Local Brand Family",
						"filterTechName": "D_DCOREBSV1_CDOOI01",
						"defaultValue": "",
						"toValue": "",
						"isPublic": "1",
						"DrillName": "DRESPO__DCOREBSV1",
						"portletBuilderIdentifier": "D_DCOREBSV1_CDOOI01:DRESPO__DCOREBSV1",
						"ioName": "CSV Loc. Brand Fam.",
						"variableType": "S",
						"logic": "1"
					}
				},
				{
					"@attributes": {
						"filterKey": "CSV_SUBBRAND",
						"filterKeyName": "Local Brand",
						"filterTechName": "D_DCOREBSV2_CDOOI01",
						"defaultValue": "",
						"toValue": "",
						"isPublic": "1",
						"DrillName": "DRESPO__DCOREBSV2",
						"portletBuilderIdentifier": "D_DCOREBSV2_CDOOI01:DRESPO__DCOREBSV2",
						"ioName": "CSV Local Brand",
						"variableType": "S",
						"logic": "1"
					}
				},
				{
					"@attributes": {
						"filterKey": "CSV_CHANNEL",
						"filterKeyName": "Local Channel",
						"filterTechName": "D_DCORECSV1_CDOOI01",
						"defaultValue": "",
						"toValue": "",
						"isPublic": "1",
						"DrillName": "D_COREC__DCORECSV1",
						"portletBuilderIdentifier": "D_DCORECSV1_CDOOI01:D_COREC__DCORECSV1",
						"ioName": "CSV Local Channel",
						"variableType": "S",
						"logic": "1"
					}
				},
				{
					"@attributes": {
						"filterKey": "CSV_SUBCHANNEL",
						"filterKeyName": "Local Subchannel",
						"filterTechName": "D_DCORECSV2_CDOOI01",
						"defaultValue": "",
						"toValue": "",
						"isPublic": "1",
						"DrillName": "D_COREC__DCORECSV2",
						"portletBuilderIdentifier": "D_DCORECSV2_CDOOI01:D_COREC__DCORECSV2",
						"ioName": "CSV Local Subchannel",
						"variableType": "S",
						"logic": "1"
					}
				},
				{
					"@attributes": {
						"filterKey": "0MATERIAL",
						"filterKeyName": "Material",
						"filterTechName": "D0MATERIAL_CDOOI",
						"defaultValue": "",
						"toValue": "",
						"isPublic": "1",
						"DrillName": "0MATERIAL",
						"portletBuilderIdentifier": "D0MATERIAL_CDOOI:0MATERIAL",
						"ioName": "Material",
						"variableType": "S"
					}
				},
				{
					"@attributes": {
						"filterKey": "",
						"filterKeyName": "CSV Loc. Brand Type",
						"filterTechName": "",
						"defaultValue": "",
						"toValue": "",
						"isPublic": "0",
						"DrillName": "",
						"portletBuilderIdentifier": "DRESPO__DCOREBIO2:DRESPO__DCOREBIO2",
						"ioName": "CSV Loc. Brand Type",
						"variableType": ""
					}
				},
				{
					"@attributes": {
						"filterKey": "",
						"filterKeyName": "CSV Loc Brand FamTyp",
						"filterTechName": "",
						"defaultValue": "",
						"toValue": "",
						"isPublic": "0",
						"DrillName": "",
						"portletBuilderIdentifier": "DRESPO__DCOREBIO1:DRESPO__DCOREBIO1",
						"ioName": "CSV Loc Brand FamTyp",
						"variableType": ""
					}
				},
				{
					"@attributes": {
						"filterKey": "",
						"filterKeyName": "CSV Loc. St. Vw. Typ",
						"filterTechName": "",
						"defaultValue": "",
						"toValue": "",
						"isPublic": "0",
						"DrillName": "",
						"portletBuilderIdentifier": "DRESPO__DCOREPIO1:DRESPO__DCOREPIO1",
						"ioName": "CSV Loc. St. Vw. Typ",
						"variableType": ""
					}
				},
				{
					"@attributes": {
						"filterKey": "",
						"filterKeyName": "CSV Loc.Sub.Chan.Typ",
						"filterTechName": "",
						"defaultValue": "",
						"toValue": "",
						"isPublic": "0",
						"DrillName": "",
						"portletBuilderIdentifier": "D_COREC__DCORECIO2:D_COREC__DCORECIO2",
						"ioName": "CSV Loc.Sub.Chan.Typ",
						"variableType": ""
					}
				},
				{
					"@attributes": {
						"filterKey": "",
						"filterKeyName": "CSV Loc. Channel Typ",
						"filterTechName": "",
						"defaultValue": "",
						"toValue": "",
						"isPublic": "0",
						"DrillName": "",
						"portletBuilderIdentifier": "D_COREC__DCORECIO1:D_COREC__DCORECIO1",
						"ioName": "CSV Loc. Channel Typ",
						"variableType": ""
					}
				}
			],
			"id": "SOA00_COPAPRP03_QS050",
			"lastChanged": "2018-06-07 13:55:38",
			"enableAO": "true"
		}
	},
	"lastChangedBy": "behri",
	"lastChanged": "2018-07-05 13:44:50",
	"token": "",
	"tokenAddedOn": null,
	"transportStatus": "1"
}