{
	"id": "4843",
	"notes": "BP 2.1\n",
	"scope": "PROD",
	"config": {
		"axes": {
			"verticalAxis": {
				"nonDrillTitle": "",
				"nonDrillAppendix": "",
				"drillTitle": "SMART",
				"drillAppendix": "",
				"hideLine": "true"
			},
			"horizontalAxis": {
				"nonDrillTitle": "SMART",
				"nonDrillAppendix": "",
				"drillTitle": "SMART",
				"drillAppendix": "",
				"placement": "top",
				"hide": "true"
			}
		},
		"views": {
			"view": [
				{
					"setVariables": {
						"set": {
							"iKey": "AGGREGATION",
							"value": "YTD"
						}
					},
					"chart": [
						{
							"group": {
								"columns": {
									"col": {
										"id": "1.1 ACT",
										"series": "waterfall",
										"applyScale": "true",
										"appendix": "SCALE UNIT",
										"decimal": "0"
									}
								},
								"rows": {
									"row": [
										{
											"id": "Cash Discount"
										},
										{
											"id": "Discounts"
										},
										{
											"id": "Gross Sales",
											"isPillar": "true"
										},
										{
											"id": "Net Sales",
											"isPillar": "true"
										},
										{
											"id": "Not Assigned"
										},
										{
											"id": "Price Reductions"
										},
										{
											"id": "Rebates"
										},
										{
											"id": "Rebates Customer"
										},
										{
											"id": "Rebates Governmental"
										},
										{
											"id": "Rebates Invivo"
										},
										{
											"id": "Rebates Primary"
										},
										{
											"id": "Rebates Product"
										},
										{
											"id": "Rebates Secondary"
										}
									]
								}
							},
							"pos": "0.0",
							"hideTitle": "false"
						},
						{
							"group": {
								"columns": {
									"col": {
										"id": "1.1.1 % NS",
										"series": "number",
										"applyScale": "true",
										"appendix": "SCALE UNIT",
										"decimal": "0"
									}
								},
								"rows": {}
							},
							"pos": "1.0"
						},
						{
							"group": {
								"columns": {
									"col": {
										"id": "1.2.2 PY %pts",
										"series": "deviationCirc",
										"applyScale": "true",
										"appendix": "SCALE UNIT",
										"decimal": "0"
									}
								},
								"rows": {}
							},
							"pos": "2.0",
							"hAxisNonDrillTitle": "Δ PY %pts",
							"hAxisTitle": "Δ PY %pts"
						}
					],
					"id": "v01",
					"label": "YTD vs PY",
					"desiredColumnWidths": "60,10,30",
					"defaultSort": "none",
					"smartViewTag": "TA:YTD,DS:PY"
				},
				{
					"setVariables": {
						"set": {
							"iKey": "AGGREGATION",
							"value": "YTD"
						}
					},
					"chart": [
						{
							"group": {
								"columns": {
									"col": {
										"id": "1.1 ACT",
										"series": "waterfall",
										"applyScale": "true",
										"appendix": "SCALE UNIT",
										"decimal": "0"
									}
								},
								"rows": {
									"row": [
										{
											"id": "Cash Discount"
										},
										{
											"id": "Discounts"
										},
										{
											"id": "Gross Sales",
											"isPillar": "true"
										},
										{
											"id": "Net Sales",
											"isPillar": "true"
										},
										{
											"id": "Not Assigned"
										},
										{
											"id": "Price Reductions"
										},
										{
											"id": "Rebates"
										},
										{
											"id": "Rebates Customer"
										},
										{
											"id": "Rebates Governmental"
										},
										{
											"id": "Rebates Invivo"
										},
										{
											"id": "Rebates Primary"
										},
										{
											"id": "Rebates Product"
										},
										{
											"id": "Rebates Secondary"
										}
									]
								}
							},
							"pos": "0.0",
							"hideTitle": "false"
						},
						{
							"group": {
								"columns": {
									"col": {
										"id": "1.1.1 % NS",
										"series": "number",
										"applyScale": "true",
										"appendix": "SCALE UNIT",
										"decimal": "0"
									}
								},
								"rows": {}
							},
							"pos": "1.0"
						},
						{
							"group": {
								"columns": {
									"col": {
										"id": "1.3.2 BUD %pts",
										"series": "deviationCirc",
										"applyScale": "true",
										"appendix": "SCALE UNIT",
										"decimal": "0"
									}
								},
								"rows": {}
							},
							"pos": "2.0",
							"hAxisNonDrillTitle": "Δ BUD %pts",
							"hAxisTitle": "Δ BUD %pts"
						}
					],
					"id": "v02",
					"label": "YTD vs BUD",
					"desiredColumnWidths": "60,20,20",
					"defaultSort": "none",
					"smartViewTag": "TA:YTD,DS:BUD"
				},
				{
					"setVariables": {
						"set": {
							"iKey": "AGGREGATION",
							"value": "YTD"
						}
					},
					"chart": [
						{
							"group": {
								"columns": {
									"col": {
										"id": "1.1 ACT",
										"series": "waterfall",
										"applyScale": "true",
										"appendix": "SCALE UNIT",
										"decimal": "0"
									}
								},
								"rows": {
									"row": [
										{
											"id": "Cash Discount"
										},
										{
											"id": "Discounts"
										},
										{
											"id": "Gross Sales",
											"isPillar": "true"
										},
										{
											"id": "Net Sales",
											"isPillar": "true"
										},
										{
											"id": "Not Assigned"
										},
										{
											"id": "Price Reductions"
										},
										{
											"id": "Rebates"
										},
										{
											"id": "Rebates Customer"
										},
										{
											"id": "Rebates Governmental"
										},
										{
											"id": "Rebates Invivo"
										},
										{
											"id": "Rebates Primary"
										},
										{
											"id": "Rebates Product"
										},
										{
											"id": "Rebates Secondary"
										}
									]
								}
							},
							"pos": "0.0",
							"hideTitle": "false"
						},
						{
							"group": {
								"columns": {
									"col": {
										"id": "1.1.1 % NS",
										"series": "number",
										"applyScale": "true",
										"appendix": "SCALE UNIT",
										"decimal": "0"
									}
								},
								"rows": {}
							},
							"pos": "1.0"
						},
						{
							"group": {
								"columns": {
									"col": {
										"id": "1.2.2 PY %pts",
										"series": "deviationCirc",
										"applyScale": "true",
										"appendix": "SCALE UNIT",
										"decimal": "0"
									}
								},
								"rows": {}
							},
							"pos": "2.0",
							"hAxisNonDrillTitle": "Δ PY %pts",
							"hAxisTitle": "Δ PY %pts"
						}
					],
					"id": "v07",
					"label": "YTD vs PY",
					"desiredColumnWidths": "60,10,30",
					"defaultSort": "none",
					"smartViewTag": "TA:YTD,DS:MR"
				},
				{
					"setVariables": {
						"set": {
							"iKey": "AGGREGATION",
							"value": "QTD"
						}
					},
					"chart": [
						{
							"group": {
								"columns": {
									"col": {
										"id": "1.1 ACT",
										"series": "waterfall",
										"applyScale": "true",
										"appendix": "SCALE UNIT",
										"decimal": "0"
									}
								},
								"rows": {
									"row": [
										{
											"id": "Cash Discount"
										},
										{
											"id": "Discounts"
										},
										{
											"id": "Gross Sales",
											"isPillar": "true"
										},
										{
											"id": "Net Sales",
											"isPillar": "true"
										},
										{
											"id": "Not Assigned"
										},
										{
											"id": "Price Reductions"
										},
										{
											"id": "Rebates"
										},
										{
											"id": "Rebates Customer"
										},
										{
											"id": "Rebates Governmental"
										},
										{
											"id": "Rebates Invivo"
										},
										{
											"id": "Rebates Primary"
										},
										{
											"id": "Rebates Product"
										},
										{
											"id": "Rebates Secondary"
										}
									]
								}
							},
							"pos": "0.0",
							"hideTitle": "false"
						},
						{
							"group": {
								"columns": {
									"col": {
										"id": "1.1.1 % NS",
										"series": "number",
										"applyScale": "true",
										"appendix": "SCALE UNIT",
										"decimal": "0"
									}
								},
								"rows": {}
							},
							"pos": "1.0"
						},
						{
							"group": {
								"columns": {
									"col": {
										"id": "1.2.2 PY %pts",
										"series": "deviationCirc",
										"applyScale": "true",
										"appendix": "SCALE UNIT",
										"decimal": "0"
									}
								},
								"rows": {}
							},
							"pos": "2.0",
							"hAxisNonDrillTitle": "Δ PY %pts",
							"hAxisTitle": "Δ PY %pts"
						}
					],
					"id": "v03",
					"label": "QTD vs PY",
					"desiredColumnWidths": "60,20,20",
					"defaultSort": "none",
					"smartViewTag": "TA:Q,DS:PY"
				},
				{
					"setVariables": {
						"set": {
							"iKey": "AGGREGATION",
							"value": "QTD"
						}
					},
					"chart": [
						{
							"group": {
								"columns": {
									"col": {
										"id": "1.1 ACT",
										"series": "waterfall",
										"applyScale": "true",
										"appendix": "SCALE UNIT",
										"decimal": "0"
									}
								},
								"rows": {
									"row": [
										{
											"id": "Cash Discount"
										},
										{
											"id": "Discounts"
										},
										{
											"id": "Gross Sales",
											"isPillar": "true"
										},
										{
											"id": "Net Sales",
											"isPillar": "true"
										},
										{
											"id": "Not Assigned"
										},
										{
											"id": "Price Reductions"
										},
										{
											"id": "Rebates"
										},
										{
											"id": "Rebates Customer"
										},
										{
											"id": "Rebates Governmental"
										},
										{
											"id": "Rebates Invivo"
										},
										{
											"id": "Rebates Primary"
										},
										{
											"id": "Rebates Product"
										},
										{
											"id": "Rebates Secondary"
										}
									]
								}
							},
							"pos": "0.0",
							"hideTitle": "false"
						},
						{
							"group": {
								"columns": {
									"col": {
										"id": "1.1.1 % NS",
										"series": "number",
										"applyScale": "true",
										"appendix": "SCALE UNIT",
										"decimal": "0"
									}
								},
								"rows": {}
							},
							"pos": "1.0"
						},
						{
							"group": {
								"columns": {
									"col": {
										"id": "1.3.2 BUD %pts",
										"series": "deviationCirc",
										"applyScale": "true",
										"appendix": "SCALE UNIT",
										"decimal": "0"
									}
								},
								"rows": {}
							},
							"pos": "2.0",
							"hAxisNonDrillTitle": "Δ BUD %pts",
							"hAxisTitle": "Δ BUD %pts"
						}
					],
					"id": "v04",
					"label": "QTD vs BUD",
					"desiredColumnWidths": "60,20,20",
					"defaultSort": "none",
					"smartViewTag": "TA:Q,DS:BUD"
				},
				{
					"setVariables": {
						"set": {
							"iKey": "AGGREGATION",
							"value": "QTD"
						}
					},
					"chart": [
						{
							"group": {
								"columns": {
									"col": {
										"id": "1.1 ACT",
										"series": "waterfall",
										"applyScale": "true",
										"appendix": "SCALE UNIT",
										"decimal": "0"
									}
								},
								"rows": {
									"row": [
										{
											"id": "Cash Discount"
										},
										{
											"id": "Discounts"
										},
										{
											"id": "Gross Sales",
											"isPillar": "true"
										},
										{
											"id": "Net Sales",
											"isPillar": "true"
										},
										{
											"id": "Not Assigned"
										},
										{
											"id": "Price Reductions"
										},
										{
											"id": "Rebates"
										},
										{
											"id": "Rebates Customer"
										},
										{
											"id": "Rebates Governmental"
										},
										{
											"id": "Rebates Invivo"
										},
										{
											"id": "Rebates Primary"
										},
										{
											"id": "Rebates Product"
										},
										{
											"id": "Rebates Secondary"
										}
									]
								}
							},
							"pos": "0.0",
							"hideTitle": "false"
						},
						{
							"group": {
								"columns": {
									"col": {
										"id": "1.1.1 % NS",
										"series": "number",
										"applyScale": "true",
										"appendix": "SCALE UNIT",
										"decimal": "0"
									}
								},
								"rows": {}
							},
							"pos": "1.0"
						},
						{
							"group": {
								"columns": {
									"col": {
										"id": "1.2.2 PY %pts",
										"series": "deviationCirc",
										"applyScale": "true",
										"appendix": "SCALE UNIT",
										"decimal": "0"
									}
								},
								"rows": {}
							},
							"pos": "2.0",
							"hAxisTitle": "Δ PY %pts",
							"hAxisNonDrillTitle": "Δ PY %pts"
						}
					],
					"id": "v08",
					"label": "QTD vs PY",
					"desiredColumnWidths": "60,20,20",
					"defaultSort": "none",
					"smartViewTag": "TA:Q,DS:MR"
				},
				{
					"setVariables": {
						"set": {
							"iKey": "AGGREGATION",
							"value": "MTH"
						}
					},
					"chart": [
						{
							"group": {
								"columns": {
									"col": {
										"id": "1.1 ACT",
										"series": "waterfall",
										"applyScale": "true",
										"appendix": "SCALE UNIT",
										"decimal": "0"
									}
								},
								"rows": {
									"row": [
										{
											"id": "Cash Discount"
										},
										{
											"id": "Discounts"
										},
										{
											"id": "Gross Sales",
											"isPillar": "true"
										},
										{
											"id": "Net Sales",
											"isPillar": "true"
										},
										{
											"id": "Not Assigned"
										},
										{
											"id": "Price Reductions"
										},
										{
											"id": "Rebates"
										},
										{
											"id": "Rebates Customer"
										},
										{
											"id": "Rebates Governmental"
										},
										{
											"id": "Rebates Invivo"
										},
										{
											"id": "Rebates Primary"
										},
										{
											"id": "Rebates Product"
										},
										{
											"id": "Rebates Secondary"
										}
									]
								}
							},
							"pos": "0.0",
							"hideTitle": "false"
						},
						{
							"group": {
								"columns": {
									"col": {
										"id": "1.1.1 % NS",
										"series": "number",
										"applyScale": "true",
										"appendix": "SCALE UNIT",
										"decimal": "0"
									}
								},
								"rows": {}
							},
							"pos": "1.0"
						},
						{
							"group": {
								"columns": {
									"col": {
										"id": "1.2.2 PY %pts",
										"series": "deviationCirc",
										"applyScale": "true",
										"appendix": "SCALE UNIT",
										"decimal": "0"
									}
								},
								"rows": {}
							},
							"pos": "2.0",
							"hAxisNonDrillTitle": "Δ PY %pts",
							"hAxisTitle": "Δ PY %pts"
						}
					],
					"id": "v05",
					"label": "MTH vs PY",
					"desiredColumnWidths": "60,20,20",
					"defaultSort": "none",
					"smartViewTag": "TA:M,DS:PY"
				},
				{
					"setVariables": {
						"set": {
							"iKey": "AGGREGATION",
							"value": "MTH"
						}
					},
					"chart": [
						{
							"group": {
								"columns": {
									"col": {
										"id": "1.1 ACT",
										"series": "waterfall",
										"applyScale": "true",
										"appendix": "SCALE UNIT",
										"decimal": "0"
									}
								},
								"rows": {
									"row": [
										{
											"id": "Cash Discount"
										},
										{
											"id": "Discounts"
										},
										{
											"id": "Gross Sales",
											"isPillar": "true"
										},
										{
											"id": "Net Sales",
											"isPillar": "true"
										},
										{
											"id": "Not Assigned"
										},
										{
											"id": "Price Reductions"
										},
										{
											"id": "Rebates"
										},
										{
											"id": "Rebates Customer"
										},
										{
											"id": "Rebates Governmental"
										},
										{
											"id": "Rebates Invivo"
										},
										{
											"id": "Rebates Primary"
										},
										{
											"id": "Rebates Product"
										},
										{
											"id": "Rebates Secondary"
										}
									]
								}
							},
							"pos": "0.0",
							"hideTitle": "false"
						},
						{
							"group": {
								"columns": {
									"col": {
										"id": "1.1.1 % NS",
										"series": "number",
										"applyScale": "true",
										"appendix": "SCALE UNIT",
										"decimal": "0"
									}
								},
								"rows": {}
							},
							"pos": "1.0"
						},
						{
							"group": {
								"columns": {
									"col": {
										"id": "1.3.2 BUD %pts",
										"series": "deviationCirc",
										"applyScale": "true",
										"appendix": "SCALE UNIT",
										"decimal": "0"
									}
								},
								"rows": {}
							},
							"pos": "2.0",
							"hAxisNonDrillTitle": "Δ BUD %pts",
							"hAxisTitle": "Δ BUD %pts"
						}
					],
					"id": "v06",
					"label": "MTH vs BUD",
					"desiredColumnWidths": "60,20,20",
					"defaultSort": "none",
					"smartViewTag": "TA:M,DS:BUD"
				},
				{
					"setVariables": {
						"set": {
							"iKey": "AGGREGATION",
							"value": "MTH"
						}
					},
					"chart": [
						{
							"group": {
								"columns": {
									"col": {
										"id": "1.1 ACT",
										"series": "waterfall",
										"applyScale": "true",
										"appendix": "SCALE UNIT",
										"decimal": "0"
									}
								},
								"rows": {
									"row": [
										{
											"id": "Cash Discount"
										},
										{
											"id": "Discounts"
										},
										{
											"id": "Gross Sales",
											"isPillar": "true"
										},
										{
											"id": "Net Sales",
											"isPillar": "true"
										},
										{
											"id": "Not Assigned"
										},
										{
											"id": "Price Reductions"
										},
										{
											"id": "Rebates"
										},
										{
											"id": "Rebates Customer"
										},
										{
											"id": "Rebates Governmental"
										},
										{
											"id": "Rebates Invivo"
										},
										{
											"id": "Rebates Primary"
										},
										{
											"id": "Rebates Product"
										},
										{
											"id": "Rebates Secondary"
										}
									]
								}
							},
							"pos": "0.0",
							"hideTitle": "false"
						},
						{
							"group": {
								"columns": {
									"col": {
										"id": "1.1.1 % NS",
										"series": "number",
										"applyScale": "true",
										"appendix": "SCALE UNIT",
										"decimal": "0"
									}
								},
								"rows": {}
							},
							"pos": "1.0"
						},
						{
							"group": {
								"columns": {
									"col": {
										"id": "1.2.2 PY %pts",
										"series": "deviationCirc",
										"applyScale": "true",
										"appendix": "SCALE UNIT",
										"decimal": "0"
									}
								},
								"rows": {}
							},
							"pos": "2.0",
							"hAxisNonDrillTitle": "Δ PY %pts",
							"hAxisTitle": "Δ PY %pts"
						}
					],
					"id": "v09",
					"label": "MTH vs PY",
					"desiredColumnWidths": "60,20,20",
					"defaultSort": "none",
					"smartViewTag": "TA:M,DS:MR"
				}
			],
			"createSeriesFrom": "columns",
			"default": "v01",
			"editing": "v01",
			"identifyColumnsByPrefix": "true"
		},
		"deviationCols": {
			"showDataLabels": "true",
			"chartBackgroundColors": "false",
			"center": "true",
			"positiveColor": "0x005598",
			"negativeColor": "0xC32A14",
			"neutralColor": "0x676767"
		},
		"colors": {
			"override": [
				{
					"id": "1.1",
					"displayName": "1.1"
				},
				{
					"id": "1.2.2",
					"displayName": "1.2.2",
					"color": "0xC32A1F",
					"negativeColor": "0x005598"
				},
				{
					"id": "1.3.2",
					"displayName": "1.3.2",
					"color": "0xC32A1F",
					"negativeColor": "0x005598"
				}
			]
		},
		"keyfigureConfig": {
			"kf": [
				{
					"id": "2.1 % NS MTH",
					"applyScale": "false",
					"appendix": "",
					"decimal": "1",
					"type": "COL",
					"displayName": "% NS"
				},
				{
					"id": "2.2 % NS YTD",
					"applyScale": "false",
					"appendix": "",
					"decimal": "1",
					"type": "COL",
					"displayName": "% NS"
				},
				{
					"id": "3.3 PY %pts",
					"applyScale": "false",
					"appendix": "",
					"decimal": "1",
					"type": "COL",
					"displayName": "PY %pts"
				},
				{
					"id": "3.4 PY %pts YTD",
					"applyScale": "false",
					"appendix": "",
					"decimal": "1",
					"type": "COL",
					"displayName": "PY %pts"
				},
				{
					"id": "1.1.1 % NS",
					"applyScale": "false",
					"appendix": "%",
					"decimal": "1",
					"type": "COL",
					"displayName": "% NS"
				},
				{
					"id": "1.2.2 PY %pts",
					"applyScale": "false",
					"appendix": "%",
					"decimal": "1",
					"type": "COL",
					"displayName": "PY %pts"
				},
				{
					"id": "1.3.2 BUD %pts",
					"applyScale": "false",
					"appendix": "%",
					"decimal": "1",
					"type": "COL",
					"displayName": "BUD %pts"
				}
			],
			"defaultApplyScale": "true",
			"defaultAppendix": "SCALE UNIT",
			"defaultDecimals": "0"
		},
		"dataChanges": {
			"calculateRemaining": "true"
		},
		"table": {
			"basedOn": "chartView",
			"nonValueColumns": "groupByFirstColumn",
			"lockNonValueColumns": "true",
			"groupAppendix": "true"
		},
		"queryRows": {
			"id": "DefaultGroup",
			"defaultRow": ""
		},
		"id": "4843",
		"defaultTitle": "BP2 - Gross to Net w Deviations",
		"classname": "com.bayer.bi.portlets.basePortlets.BarChartTemplateWithDeviationsX",
		"scope": "PROD",
		"portletInfoURL": "http://bi-wiki.intranet.cnb/artikel.php?artikelArtName=portlet&ID=377",
		"defaultShortcuts": "viewState|c|shortLabel:CgsBFXNob3J0TGFiZWwGA0MJZGF0YQYLZmlyc3QLbGFiZWwGC0NoYXJ0AQ==,CgsBFXNob3J0TGFiZWwGA1QJZGF0YQYNc2Vjb25kC2xhYmVsBgtUYWJsZQE=",
		"defaultCacheTTL": "480",
		"defaultViewState": "first",
		"defaultLegendDirection": "none",
		"enableScale": "true",
		"defaultScaling": "1000000",
		"enableDrilldown": "false",
		"enableDrilldownByNone": "false",
		"defaultDrill": "None",
		"enableZoomingAndScrolling": "true",
		"enableChartTypeSelection": "false",
		"defaultChartType": "clustered",
		"enableChangeOfTableGrouping": "false",
		"defaultGroupByDrillItems": "false",
		"topNFilterKeyName": "",
		"isActive": "1",
		"showInFinder": "1",
		"finderImage": "Bridge",
		"defaultSortType": "key",
		"hideGridLines": "true",
		"maxNumberOfResultRows": "2000",
		"handleRowLimitInBackEnd": "true",
		"system": "H2R",
		"ca": "8",
		"category": "Sales",
		"finderTitle": "BP2 - Gross to Net w Deviations",
		"volume": {
			"moduleFilter": [
				{
					"@attributes": {
						"filterKey": "",
						"filterKeyName": "IS - Prokon Str.",
						"filterTechName": "",
						"defaultValue": "",
						"toValue": "",
						"isPublic": "0",
						"DrillName": "",
						"portletBuilderIdentifier": "00O2TK9973U248R476SGCXPIR:00O2TK9973U248R476SGCXPIR",
						"ioName": "IS - Prokon Str.",
						"variableType": "STR"
					}
				},
				{
					"@attributes": {
						"filterKey": "",
						"filterKeyName": "Mesures",
						"filterTechName": "",
						"defaultValue": "",
						"toValue": "",
						"isPublic": "0",
						"DrillName": "",
						"portletBuilderIdentifier": "00O2TK9973U248R476SGCUJQR:00O2TK9973U248R476SGCUJQR",
						"ioName": "Mesures",
						"variableType": "STR"
					}
				},
				{
					"@attributes": {
						"filterKey": "MAGIC_KEY_HIER",
						"filterKeyName": "Business View Hierarchy",
						"filterTechName": "DDIMKKAX_HDSOI02",
						"defaultValue": "",
						"toValue": "",
						"isPublic": "1",
						"DrillName": "DRESPO__DIMKKAX",
						"portletBuilderIdentifier": "DDIMKKAX_HDSOI02:DRESPO__DIMKKAX",
						"ioName": "BSV: Hierarchy",
						"variableType": "P"
					}
				},
				{
					"@attributes": {
						"filterKey": "MAGIC_KEY_L1",
						"filterKeyName": "Division (L1)",
						"filterTechName": "DDIMKKA1_CDOOI01",
						"defaultValue": "",
						"toValue": "",
						"isPublic": "1",
						"DrillName": "DRESPO__DIMKKA1",
						"portletBuilderIdentifier": "DDIMKKA1_CDOOI01:DRESPO__DIMKKA1",
						"ioName": "BSV Lvl 1",
						"variableType": "S"
					}
				},
				{
					"@attributes": {
						"filterKey": "MAGIC_KEY_L2",
						"filterKeyName": "Business View (L2)",
						"filterTechName": "DDIMKKA2_CDOOI01",
						"defaultValue": "",
						"toValue": "",
						"isPublic": "1",
						"DrillName": "DRESPO__DIMKKA2",
						"portletBuilderIdentifier": "DDIMKKA2_CDOOI01:DRESPO__DIMKKA2",
						"ioName": "BSV Lvl 2",
						"variableType": "S"
					}
				},
				{
					"@attributes": {
						"filterKey": "MAGIC_KEY_L3",
						"filterKeyName": "Business View (L3)",
						"filterTechName": "DDIMKKA3_CDOOI01",
						"defaultValue": "",
						"toValue": "",
						"isPublic": "1",
						"DrillName": "DRESPO__DIMKKA3",
						"portletBuilderIdentifier": "DDIMKKA3_CDOOI01:DRESPO__DIMKKA3",
						"ioName": "BSV Lvl 3",
						"variableType": "S"
					}
				},
				{
					"@attributes": {
						"filterKey": "MAGIC_KEY_L4",
						"filterKeyName": "Business View (L4)",
						"filterTechName": "DDIMKKA4_CDOOI01",
						"defaultValue": "",
						"toValue": "",
						"isPublic": "1",
						"DrillName": "DRESPO__DIMKKA4",
						"portletBuilderIdentifier": "DDIMKKA4_CDOOI01:DRESPO__DIMKKA4",
						"ioName": "BSV Lvl 4",
						"variableType": "S"
					}
				},
				{
					"@attributes": {
						"filterKey": "MAGIC_KEY_L5",
						"filterKeyName": "Business View (L5)",
						"filterTechName": "DDIMKKA5_CDOOI01",
						"defaultValue": "",
						"toValue": "",
						"isPublic": "1",
						"DrillName": "DRESPO__DIMKKA5",
						"portletBuilderIdentifier": "DDIMKKA5_CDOOI01:DRESPO__DIMKKA5",
						"ioName": "BSV Lvl 5",
						"variableType": "S"
					}
				},
				{
					"@attributes": {
						"filterKey": "MAGIC_KEY_L6",
						"filterKeyName": "Business View (L6)",
						"filterTechName": "DDIMKKA6_CDOOI01",
						"defaultValue": "",
						"toValue": "",
						"isPublic": "1",
						"DrillName": "DRESPO__DIMKKA6",
						"portletBuilderIdentifier": "DDIMKKA6_CDOOI01:DRESPO__DIMKKA6",
						"ioName": "BSV Lvl 6",
						"variableType": "S"
					}
				},
				{
					"@attributes": {
						"filterKey": "MAGIC_KEY_L7",
						"filterKeyName": "Business View (L7)",
						"filterTechName": "DDIMKKA7_CDOOI01",
						"defaultValue": "",
						"toValue": "",
						"isPublic": "1",
						"DrillName": "DRESPO__DIMKKA7",
						"portletBuilderIdentifier": "DDIMKKA7_CDOOI01:DRESPO__DIMKKA7",
						"ioName": "BSV Lvl 7",
						"variableType": "S"
					}
				},
				{
					"@attributes": {
						"filterKey": "MAGIC_KEY_L8",
						"filterKeyName": "Business View (L8)",
						"filterTechName": "DDIMKKA8_CDOOI01",
						"defaultValue": "",
						"toValue": "",
						"isPublic": "1",
						"DrillName": "DRESPO__DIMKKA8",
						"portletBuilderIdentifier": "DDIMKKA8_CDOOI01:DRESPO__DIMKKA8",
						"ioName": "BSV Lvl 8",
						"variableType": "S"
					}
				},
				{
					"@attributes": {
						"filterKey": "MAGIC_KEY_L9",
						"filterKeyName": "Business View (L9)",
						"filterTechName": "DDIMKKA9_CDOOSI01",
						"defaultValue": "",
						"toValue": "",
						"isPublic": "1",
						"DrillName": "DRESPO__DIMKKA9",
						"portletBuilderIdentifier": "DDIMKKA9_CDOOSI01:DRESPO__DIMKKA9",
						"ioName": "BSV Lvl 9",
						"variableType": "S"
					}
				},
				{
					"@attributes": {
						"filterKey": "MAGIC_KEY_L10",
						"filterKeyName": "Business View (L10)",
						"filterTechName": "DDIMKKA10_CDOOSI01",
						"defaultValue": "",
						"toValue": "",
						"isPublic": "1",
						"DrillName": "DRESPO__DIMKKA10",
						"portletBuilderIdentifier": "DDIMKKA10_CDOOSI01:DRESPO__DIMKKA10",
						"ioName": "BSV Lvl 10",
						"variableType": "S"
					}
				},
				{
					"@attributes": {
						"filterKey": "DK_GB",
						"filterKeyName": "Business Group",
						"filterTechName": "DDK_GB_CDOOI",
						"defaultValue": "",
						"toValue": "",
						"isPublic": "1",
						"DrillName": "DRESPO__DK_GB",
						"portletBuilderIdentifier": "DDK_GB_CDOOI:DRESPO__DK_GB",
						"ioName": "CV 5 Business Group",
						"variableType": "S"
					}
				},
				{
					"@attributes": {
						"filterKey": "DSBE",
						"filterKeyName": "SBE",
						"filterTechName": "DRESPO_DSBE_CDOOI",
						"defaultValue": "",
						"toValue": "",
						"isPublic": "1",
						"DrillName": "DRESPO__DSBE",
						"portletBuilderIdentifier": "DRESPO_DSBE_CDOOI:DRESPO__DSBE",
						"ioName": "CV 6 SBE",
						"variableType": "S"
					}
				},
				{
					"@attributes": {
						"filterKey": "DRU",
						"filterKeyName": "Reporting Unit",
						"filterTechName": "DRESPO__DRU_CDOOI",
						"defaultValue": "",
						"toValue": "",
						"isPublic": "1",
						"DrillName": "DRESPO__DRU",
						"portletBuilderIdentifier": "DRESPO__DRU_CDOOI:DRESPO__DRU",
						"ioName": "CV 7 Reporting Unit",
						"variableType": "S"
					}
				},
				{
					"@attributes": {
						"filterKey": "MAGIC_KEY_COUNTRY_GROUP",
						"filterKeyName": "Country Group",
						"filterTechName": "DIMKKACG_CDOOSI01",
						"defaultValue": "",
						"toValue": "",
						"isPublic": "1",
						"DrillName": "DRESPO__DIMKKACG",
						"portletBuilderIdentifier": "DIMKKACG_CDOOSI01:DRESPO__DIMKKACG",
						"ioName": "BSV CG",
						"variableType": "S",
						"logic": "1"
					}
				},
				{
					"@attributes": {
						"filterKey": "0COUNTRY",
						"filterKeyName": "Country",
						"filterTechName": "DCOUNTRY_CDMOI01",
						"defaultValue": "",
						"toValue": "",
						"isPublic": "1",
						"DrillName": "DCTRY_FD",
						"portletBuilderIdentifier": "DCOUNTRY_CDMOI01:DCTRY_FD",
						"ioName": "Country final-dest.",
						"variableType": "M"
					}
				},
				{
					"@attributes": {
						"filterKey": "SOP_BRANDFAM",
						"filterKeyName": "Brand Family",
						"filterTechName": "DDRESPO_DBRANDF_CDSOI01",
						"defaultValue": "",
						"toValue": "",
						"isPublic": "1",
						"DrillName": "DRESPO__DBRANDF",
						"portletBuilderIdentifier": "DDRESPO_DBRANDF_CDSOI01:DRESPO__DBRANDF",
						"ioName": "CV Brand Family",
						"variableType": "S"
					}
				},
				{
					"@attributes": {
						"filterKey": "DATE",
						"format": "MMM.YYYY",
						"filterKeyName": "Month",
						"filterTechName": "D0FISCPER_CXSNI00",
						"defaultValue": "",
						"toValue": "",
						"isPublic": "1",
						"DrillName": "",
						"portletBuilderIdentifier": "D0FISCPER_CXSNI00:",
						"ioName": "Fiscal year/period",
						"variableType": "P",
						"isHierarchy": "false"
					}
				},
				{
					"@attributes": {
						"filterKey": "0CURRENCY",
						"filterKeyName": "Currency",
						"filterTechName": "DCURRENCY_CDSOI01",
						"defaultValue": "EUR",
						"toValue": "",
						"isPublic": "1",
						"DrillName": "",
						"portletBuilderIdentifier": "DCURRENCY_CDSOI01:",
						"Mandatory": "true",
						"ioName": "Currency",
						"variableType": "P",
						"isHierarchy": "false"
					}
				},
				{
					"@attributes": {
						"filterKey": "AGGREGATION",
						"filterKeyName": "Aggregation",
						"filterTechName": "DDAGGTYPE_CDSMI",
						"defaultValue": "YTD",
						"toValue": "",
						"isPublic": "1",
						"DrillName": "",
						"portletBuilderIdentifier": "DDAGGTYPE_CDSMI:",
						"Mandatory": "true",
						"ioName": "Date Agg. Type",
						"variableType": "P",
						"isHierarchy": "false"
					}
				},
				{
					"@attributes": {
						"filterKey": "MAGIC_KEY_LOCAL_BU",
						"filterKeyName": "Local BU (MV)",
						"filterTechName": "DRESPO__DLOC_BU_M",
						"defaultValue": "",
						"toValue": "",
						"isPublic": "1",
						"DrillName": "DRESPO__DLOC_BU_M",
						"portletBuilderIdentifier": "DRESPO__DLOC_BU_M:DRESPO__DLOC_BU_M",
						"ioName": "Local BU (MV)",
						"variableType": ""
					}
				},
				{
					"@attributes": {
						"filterKey": "",
						"filterKeyName": "Item",
						"filterTechName": "",
						"defaultValue": "",
						"toValue": "",
						"isPublic": "0",
						"DrillName": "",
						"portletBuilderIdentifier": "0CS_ITEM:0CS_ITEM",
						"ioName": "Item",
						"variableType": ""
					}
				},
				{
					"@attributes": {
						"filterKey": "DPC_CV",
						"filterKeyName": "Profitcenter",
						"filterTechName": "DRESPO__DPC_CV",
						"defaultValue": "",
						"toValue": "",
						"isPublic": "1",
						"DrillName": "DRESPO__DPC_CV",
						"portletBuilderIdentifier": "DRESPO__DPC_CV:DRESPO__DPC_CV",
						"ioName": "CV 8 Profitcenter",
						"variableType": ""
					}
				},
				{
					"@attributes": {
						"filterKey": "CV_BRAND",
						"filterKeyName": "Brand",
						"filterTechName": "DRESPO__DBRAND",
						"defaultValue": "",
						"toValue": "",
						"isPublic": "1",
						"DrillName": "DRESPO__DBRAND",
						"portletBuilderIdentifier": "DRESPO__DBRAND:DRESPO__DBRAND",
						"ioName": "CV Brand",
						"variableType": ""
					}
				},
				{
					"@attributes": {
						"filterKey": "PFM_COUNTRY",
						"filterKeyName": "Country Portfolio",
						"filterTechName": "DRESPO__DMUSTW2",
						"defaultValue": "",
						"toValue": "",
						"isPublic": "1",
						"DrillName": "DRESPO__DMUSTW2",
						"portletBuilderIdentifier": "DRESPO__DMUSTW2:DRESPO__DMUSTW2",
						"ioName": "CV Country Attribute",
						"variableType": ""
					}
				},
				{
					"@attributes": {
						"filterKey": "PFM_BRAND",
						"filterKeyName": "Brand Portfolio",
						"filterTechName": "DRESPO__DMUSTW1",
						"defaultValue": "",
						"toValue": "",
						"isPublic": "1",
						"DrillName": "DRESPO__DMUSTW1",
						"portletBuilderIdentifier": "DRESPO__DMUSTW1:DRESPO__DMUSTW1",
						"ioName": "CV Brand Attribute",
						"variableType": ""
					}
				},
				{
					"@attributes": {
						"filterKey": "PFM_CTRY_BRAND",
						"filterKeyName": "Portfolio Management",
						"filterTechName": "DRESPO__DMVIEW",
						"defaultValue": "",
						"toValue": "",
						"isPublic": "1",
						"DrillName": "DRESPO__DMVIEW",
						"portletBuilderIdentifier": "DRESPO__DMVIEW:DRESPO__DMVIEW",
						"ioName": "CV Brand / Country",
						"variableType": ""
					}
				},
				{
					"@attributes": {
						"filterKey": "ADD_BRAND_GRP",
						"filterKeyName": "Add. Brand Grouping",
						"filterTechName": "0MATERIAL__DBRANDG",
						"defaultValue": "",
						"toValue": "",
						"isPublic": "1",
						"DrillName": "0MATERIAL__DBRANDG",
						"portletBuilderIdentifier": "0MATERIAL__DBRANDG:0MATERIAL__DBRANDG",
						"ioName": "Add.Brand Grouping",
						"variableType": ""
					}
				},
				{
					"@attributes": {
						"filterKey": "0MAT_PRODH4",
						"filterKeyName": "Product Hier. L4",
						"filterTechName": "0MATERIAL__DPRODH4",
						"defaultValue": "",
						"toValue": "",
						"isPublic": "1",
						"DrillName": "0MATERIAL__DPRODH4",
						"portletBuilderIdentifier": "0MATERIAL__DPRODH4:0MATERIAL__DPRODH4",
						"ioName": "Prod.Hier. Lev. 4",
						"variableType": ""
					}
				},
				{
					"@attributes": {
						"filterKey": "DSPECIES",
						"filterKeyName": "Species",
						"filterTechName": "DDSPECIES_CDOOI",
						"defaultValue": "",
						"toValue": "",
						"isPublic": "1",
						"DrillName": "DSPECIES",
						"portletBuilderIdentifier": "DDSPECIES_CDOOI:DSPECIES",
						"ioName": "Species",
						"variableType": "S"
					}
				},
				{
					"@attributes": {
						"filterKey": "CSV_PERFOV",
						"filterKeyName": "Local Steering View",
						"filterTechName": "D_DCOREPSV1_CDOOI01",
						"defaultValue": "",
						"toValue": "",
						"isPublic": "1",
						"DrillName": "",
						"portletBuilderIdentifier": "D_DCOREPSV1_CDOOI01:DRESPO__DCOREPSV1",
						"ioName": "CSV Loc. Steer. View",
						"variableType": "S",
						"logic": "1"
					}
				},
				{
					"@attributes": {
						"filterKey": "CSV_BRAND",
						"filterKeyName": "Local Brand Family",
						"filterTechName": "D_DCOREBSV1_CDOOI01",
						"defaultValue": "",
						"toValue": "",
						"isPublic": "1",
						"DrillName": "",
						"portletBuilderIdentifier": "D_DCOREBSV1_CDOOI01:DRESPO__DCOREBSV1",
						"ioName": "CSV Loc. Brand Fam.",
						"variableType": "S",
						"logic": "1"
					}
				},
				{
					"@attributes": {
						"filterKey": "CSV_SUBBRAND",
						"filterKeyName": "Local Brand",
						"filterTechName": "D_DCOREBSV2_CDOOI01",
						"defaultValue": "",
						"toValue": "",
						"isPublic": "1",
						"DrillName": "",
						"portletBuilderIdentifier": "D_DCOREBSV2_CDOOI01:DRESPO__DCOREBSV2",
						"ioName": "CSV Local Brand",
						"variableType": "S",
						"logic": "1"
					}
				},
				{
					"@attributes": {
						"filterKey": "0MATERIAL",
						"filterKeyName": "Material",
						"filterTechName": "D0MATERIAL_CDOOI",
						"defaultValue": "",
						"toValue": "",
						"isPublic": "1",
						"DrillName": "",
						"portletBuilderIdentifier": "D0MATERIAL_CDOOI:0MATERIAL",
						"ioName": "Material",
						"variableType": "S"
					}
				},
				{
					"@attributes": {
						"filterKey": "CSV_CHANNEL",
						"filterKeyName": "Local Channel",
						"filterTechName": "D_DCORECSV1_CDOOI01",
						"defaultValue": "",
						"toValue": "",
						"isPublic": "1",
						"DrillName": "",
						"portletBuilderIdentifier": "D_DCORECSV1_CDOOI01:D_COREC__DCORECSV1",
						"ioName": "CSV Local Channel",
						"variableType": "S",
						"logic": "1"
					}
				},
				{
					"@attributes": {
						"filterKey": "CSV_SUBCHANNEL",
						"filterKeyName": "Local Subchannel",
						"filterTechName": "D_DCORECSV2_CDOOI01",
						"defaultValue": "",
						"toValue": "",
						"isPublic": "1",
						"DrillName": "",
						"portletBuilderIdentifier": "D_DCORECSV2_CDOOI01:D_COREC__DCORECSV2",
						"ioName": "CSV Local Subchannel",
						"variableType": "S",
						"logic": "1"
					}
				},
				{
					"@attributes": {
						"filterKey": "0CUSTOMER",
						"filterKeyName": "Customer",
						"filterTechName": "D0CUSTOMER_CDOOI",
						"defaultValue": "",
						"toValue": "",
						"isPublic": "1",
						"DrillName": "",
						"portletBuilderIdentifier": "D0CUSTOMER_CDOOI:0CUSTOMER",
						"ioName": "Customer",
						"variableType": "S"
					}
				},
				{
					"@attributes": {
						"filterKey": "",
						"filterKeyName": "CSV: Subbrand Type",
						"filterTechName": "",
						"defaultValue": "",
						"toValue": "",
						"isPublic": "0",
						"DrillName": "",
						"portletBuilderIdentifier": "DRESPO__DCOREBIO2:DRESPO__DCOREBIO2",
						"ioName": "CSV Loc. Brand Type",
						"variableType": ""
					}
				},
				{
					"@attributes": {
						"filterKey": "",
						"filterKeyName": "Perf. Overview Type",
						"filterTechName": "",
						"defaultValue": "",
						"toValue": "",
						"isPublic": "0",
						"DrillName": "",
						"portletBuilderIdentifier": "DRESPO__DCOREPIO1:DRESPO__DCOREPIO1",
						"ioName": "CSV Loc. St. Vw. Typ",
						"variableType": ""
					}
				},
				{
					"@attributes": {
						"filterKey": "",
						"filterKeyName": "CSV: Brand Type",
						"filterTechName": "",
						"defaultValue": "",
						"toValue": "",
						"isPublic": "0",
						"DrillName": "",
						"portletBuilderIdentifier": "DRESPO__DCOREBIO1:DRESPO__DCOREBIO1",
						"ioName": "CSV Loc Brand FamTyp",
						"variableType": ""
					}
				},
				{
					"@attributes": {
						"filterKey": "",
						"filterKeyName": "CSV LocSub-Cha AddAO",
						"filterTechName": "",
						"defaultValue": "",
						"toValue": "",
						"isPublic": "0",
						"DrillName": "",
						"portletBuilderIdentifier": "D_COREC__DCORECSV3:D_COREC__DCORECSV3",
						"ioName": "CSV LocSub-Cha AddAO",
						"variableType": ""
					}
				},
				{
					"@attributes": {
						"filterKey": "",
						"filterKeyName": "CSV Loc.Sub.Chan.Typ",
						"filterTechName": "",
						"defaultValue": "",
						"toValue": "",
						"isPublic": "0",
						"DrillName": "",
						"portletBuilderIdentifier": "D_COREC__DCORECIO2:D_COREC__DCORECIO2",
						"ioName": "CSV Loc.Sub.Chan.Typ",
						"variableType": ""
					}
				},
				{
					"@attributes": {
						"filterKey": "",
						"filterKeyName": "CSV LocSubChan Type",
						"filterTechName": "",
						"defaultValue": "",
						"toValue": "",
						"isPublic": "0",
						"DrillName": "",
						"portletBuilderIdentifier": "D_COREC__DCORECIO3:D_COREC__DCORECIO3",
						"ioName": "CSV LocSubChan Type",
						"variableType": ""
					}
				},
				{
					"@attributes": {
						"filterKey": "",
						"filterKeyName": "CSV Loc. Channel Typ",
						"filterTechName": "",
						"defaultValue": "",
						"toValue": "",
						"isPublic": "0",
						"DrillName": "",
						"portletBuilderIdentifier": "D_COREC__DCORECIO1:D_COREC__DCORECIO1",
						"ioName": "CSV Loc. Channel Typ",
						"variableType": ""
					}
				}
			],
			"id": "SOA00_COPAPRP03_QS019_3",
			"lastChanged": "2018-06-11 11:36:10",
			"enableAO": "true",
			"ignoreWarnings": "STRUC_IS"
		}
	},
	"lastChangedBy": "behri",
	"lastChanged": "2018-06-11 11:36:34",
	"token": "",
	"tokenAddedOn": null,
	"transportStatus": "1"
}