{
	"id": "4070",
	"notes": "Issue in BP 1.4 navigation on Business Group caused, because of missing characteristic in the portlet definition\n- please transport to PROD\n\n\nTobias Ellrich\n(WDELL)",
	"scope": "PROD",
	"config": {
		"axes": {
			"verticalAxis": {
				"nonDrillTitle": "",
				"nonDrillAppendix": "",
				"drillTitle": "",
				"drillAppendix": "",
				"hideLine": "true",
				"hideAxisLabel": "false"
			},
			"horizontalAxis": {
				"nonDrillTitle": "ACT",
				"nonDrillAppendix": "",
				"drillTitle": "ACT",
				"drillAppendix": "",
				"placement": "top",
				"hide": "true",
				"hideTitle": "false"
			}
		},
		"views": {
			"view": [
				{
					"chart": [
						{
							"group": {
								"columns": {
									"col": {
										"id": "01 ACT YTD",
										"series": "barWithLabel",
										"form": "bar",
										"applyScale": "true",
										"appendix": "SCALE UNIT",
										"decimal": "0"
									}
								},
								"rows": {}
							},
							"pos": "0.0"
						},
						{
							"group": {
								"columns": {
									"col": {
										"id": "1.1 ∆ PY",
										"series": "deviation",
										"applyScale": "true",
										"appendix": "SCALE UNIT",
										"decimal": "0"
									}
								},
								"rows": {}
							},
							"pos": "1.0"
						}
					],
					"id": "v01",
					"label": "YTD vs PY",
					"desiredColumnWidths": "60,40",
					"smartViewTag": "TA:YTD,DS:PY"
				},
				{
					"chart": [
						{
							"group": {
								"columns": {
									"col": {
										"id": "01 ACT YTD",
										"series": "barWithLabel",
										"form": "bar",
										"applyScale": "true",
										"appendix": "SCALE UNIT",
										"decimal": "0"
									}
								},
								"rows": {}
							},
							"pos": "0.0"
						},
						{
							"group": {
								"columns": {
									"col": {
										"id": "1.1 ∆ PY",
										"series": "deviation",
										"applyScale": "true",
										"appendix": "SCALE UNIT",
										"decimal": "0"
									}
								},
								"rows": {}
							},
							"pos": "1.0"
						},
						{
							"group": {
								"columns": {
									"col": {
										"id": "2.1 ∆ BUD",
										"series": "deviation",
										"applyScale": "true",
										"appendix": "SCALE UNIT",
										"decimal": "0"
									}
								},
								"rows": {}
							},
							"pos": "2.0"
						}
					],
					"id": "v02",
					"label": "YTD vs MR",
					"desiredColumnWidths": "50,25,25",
					"smartViewTag": "TA:YTD,DS:MR"
				}
			],
			"createSeriesFrom": "columns",
			"default": "v01",
			"editing": "v02",
			"identifyColumnsByPrefix": "true"
		},
		"deviationCols": {
			"positiveColor": "0x005598",
			"negativeColor": "0xC32A1F",
			"showDataLabels": "true",
			"chartBackgroundColors": "false",
			"center": "true",
			"neutralColor": "0x676767"
		},
		"colors": {
			"override": {
				"id": "01 ACT YTD",
				"displayName": "01 ACT YTD",
				"color": "0x676767"
			}
		},
		"keyfigureConfig": {
			"kf": [
				{
					"id": "1.2 ∆ PY %",
					"applyScale": "false",
					"appendix": " %",
					"decimal": "1",
					"type": "COL",
					"displayName": "1.2 ∆ PY %"
				},
				{
					"id": "2.2 ∆ BUD %",
					"applyScale": "false",
					"appendix": " %",
					"decimal": "1",
					"type": "COL",
					"displayName": "2.2 ∆ BUD %"
				}
			],
			"defaultApplyScale": "true",
			"defaultAppendix": "SCALE UNIT",
			"defaultDecimals": "0"
		},
		"dataChanges": {
			"calculateRemaining": "true",
			"resultRowPosition": "2",
			"othersRowLabel": "Remaining",
			"othersRowPosition": "1",
			"zeroThreshold": "0.5",
			"excludeFromRemaining": "1.2 ∆ PY %,2.2 ∆ BUD %"
		},
		"table": {
			"basedOn": "chartView",
			"nonValueColumns": "groupByFirstColumn",
			"lockNonValueColumns": "true"
		},
		"queryRows": {
			"id": "DefaultGroup",
			"defaultRow": ""
		},
		"conditions": {
			"conditionGroup": {
				"condition": {
					"keyFigureName": "default",
					"conditionID": "00O2TK9973U0HUQ1U66TRWVVW",
					"label": "default"
				},
				"id": "cg1",
				"displayName": "Top",
				"defaultKPI": "default"
			},
			"userCanSwitchCondition": "false"
		},
		"id": "4070",
		"defaultTitle": "BP1 - Trade AR by Drivers",
		"classname": "com.bayer.bi.portlets.basePortlets.BarChartTemplateWithDeviationsX",
		"scope": "PROD",
		"portletInfoURL": "http://bi-wiki.intranet.cnb/artikel.php?artikelArtName=portlet&ID=451",
		"defaultShortcuts": "viewState|c|shortLabel:CgsBFXNob3J0TGFiZWwGA0MJZGF0YQYLZmlyc3QLbGFiZWwGC0NoYXJ0AQ==,CgsBFXNob3J0TGFiZWwGA1QJZGF0YQYNc2Vjb25kC2xhYmVsBgtUYWJsZQE=",
		"defaultCacheTTL": "480",
		"defaultViewState": "first",
		"defaultLegendDirection": "right",
		"enableScale": "true",
		"defaultScaling": "1000000",
		"enableDrilldown": "true",
		"enableDrilldownByNone": "false",
		"defaultDrill": "0CUSTOMER",
		"enableZoomingAndScrolling": "true",
		"enableChartTypeSelection": "true",
		"defaultChartType": "clustered",
		"enableChangeOfTableGrouping": "false",
		"defaultGroupByDrillItems": "false",
		"topNFilterKeyName": "Ranking",
		"isActive": "1",
		"showInFinder": "1",
		"finderImage": "Bars",
		"defaultSortType": "01 ACT YTD",
		"hideGridLines": "true",
		"maxNumberOfResultRows": "2000",
		"handleRowLimitInBackEnd": "true",
		"system": "H2R",
		"availableSortChoices": "keyfigureColumns,key",
		"scalingChoices": "1000,1000000",
		"finderTitle": "BP1 - Trade AR by Drivers",
		"ca": "8",
		"category": "Cash Flow",
		"defaultCondition": "00O2TK9973U0HUQ1U66TRWVVW",
		"conditionActivate": "true",
		"volume": {
			"moduleFilter": [
				{
					"@attributes": {
						"filterKey": "MAGIC_KEY_HIER",
						"filterKeyName": "Business View",
						"filterTechName": "DDIMKKAX_HDSOI02",
						"defaultValue": "",
						"toValue": "",
						"isPublic": "1",
						"DrillName": "DIMKKAX",
						"portletBuilderIdentifier": "DDIMKKAX_HDSOI02:DIMKKAX",
						"ioName": "BSV: Hierarchy",
						"variableType": "P"
					}
				},
				{
					"@attributes": {
						"filterKey": "MAGIC_KEY_L1",
						"filterKeyName": "Division",
						"filterTechName": "DDIMKKA1_CDOOI01",
						"defaultValue": "",
						"toValue": "",
						"isPublic": "1",
						"DrillName": "DIMKKA1",
						"portletBuilderIdentifier": "DDIMKKA1_CDOOI01:DIMKKA1",
						"ioName": "BSV Lvl 1",
						"variableType": "S"
					}
				},
				{
					"@attributes": {
						"filterKey": "MAGIC_KEY_L2",
						"filterKeyName": "Business View (L2)",
						"filterTechName": "DDIMKKA2_CDOOI01",
						"defaultValue": "",
						"toValue": "",
						"isPublic": "1",
						"DrillName": "DIMKKA2",
						"portletBuilderIdentifier": "DDIMKKA2_CDOOI01:DIMKKA2",
						"ioName": "BSV Lvl 2",
						"variableType": "S"
					}
				},
				{
					"@attributes": {
						"filterKey": "MAGIC_KEY_L3",
						"filterKeyName": "Business View (L3)",
						"filterTechName": "DDIMKKA3_CDOOI01",
						"defaultValue": "",
						"toValue": "",
						"isPublic": "1",
						"DrillName": "DIMKKA3",
						"portletBuilderIdentifier": "DDIMKKA3_CDOOI01:DIMKKA3",
						"ioName": "BSV Lvl 3",
						"variableType": "S"
					}
				},
				{
					"@attributes": {
						"filterKey": "MAGIC_KEY_L4",
						"filterKeyName": "Business View (L4)",
						"filterTechName": "DDIMKKA4_CDOOI01",
						"defaultValue": "",
						"toValue": "",
						"isPublic": "1",
						"DrillName": "DIMKKA4",
						"portletBuilderIdentifier": "DDIMKKA4_CDOOI01:DIMKKA4",
						"ioName": "BSV Lvl 4",
						"variableType": "S"
					}
				},
				{
					"@attributes": {
						"filterKey": "MAGIC_KEY_L5",
						"filterKeyName": "Business View (L5)",
						"filterTechName": "DDIMKKA5_CDOOI01",
						"defaultValue": "",
						"toValue": "",
						"isPublic": "1",
						"DrillName": "DIMKKA5",
						"portletBuilderIdentifier": "DDIMKKA5_CDOOI01:DIMKKA5",
						"ioName": "BSV Lvl 5",
						"variableType": "S"
					}
				},
				{
					"@attributes": {
						"filterKey": "MAGIC_KEY_L6",
						"filterKeyName": "Business View (L6)",
						"filterTechName": "DDIMKKA6_CDOOI01",
						"defaultValue": "",
						"toValue": "",
						"isPublic": "1",
						"DrillName": "DIMKKA6",
						"portletBuilderIdentifier": "DDIMKKA6_CDOOI01:DIMKKA6",
						"ioName": "BSV Lvl 6",
						"variableType": "S"
					}
				},
				{
					"@attributes": {
						"filterKey": "DK_GB",
						"filterKeyName": "Business Group",
						"filterTechName": "DPC__DBG",
						"defaultValue": "",
						"toValue": "",
						"isPublic": "1",
						"DrillName": "DPC__DBG",
						"portletBuilderIdentifier": "DPC__DBG:DPC__DBG",
						"ioName": "Business Group",
						"variableType": ""
					}
				},
				{
					"@attributes": {
						"filterKey": "DSBE",
						"filterKeyName": "Strategic Business Entity",
						"filterTechName": "DDSBE_CDOOISBE",
						"defaultValue": "",
						"toValue": "",
						"isPublic": "1",
						"DrillName": "DSBE",
						"portletBuilderIdentifier": "DDSBE_CDOOISBE:DSBE",
						"ioName": "SBE",
						"variableType": "S"
					}
				},
				{
					"@attributes": {
						"filterKey": "DRU",
						"filterKeyName": "Reporting Unit",
						"filterTechName": "DDRU_CDOOI01",
						"defaultValue": "",
						"toValue": "",
						"isPublic": "1",
						"DrillName": "DRU",
						"portletBuilderIdentifier": "DDRU_CDOOI01:DRU",
						"ioName": "Reporting Unit",
						"variableType": "S"
					}
				},
				{
					"@attributes": {
						"filterKey": "MAGIC_KEY_COUNTRY_GROUP",
						"filterKeyName": "Country Group",
						"filterTechName": "DDIMKKACG_CDOOI01",
						"defaultValue": "",
						"toValue": "",
						"isPublic": "1",
						"DrillName": "DIMKKACG",
						"portletBuilderIdentifier": "DDIMKKACG_CDOOI01:DIMKKACG",
						"ioName": "BSV CG",
						"variableType": "S",
						"logic": "1"
					}
				},
				{
					"@attributes": {
						"filterKey": "0COUNTRY",
						"filterKeyName": "Country",
						"filterTechName": "DCOUNTRY_CDMOI01",
						"defaultValue": "",
						"toValue": "",
						"isPublic": "1",
						"DrillName": "DCTRY_FD",
						"portletBuilderIdentifier": "DCOUNTRY_CDMOI01:DCTRY_FD",
						"ioName": "Country final-dest.",
						"variableType": "M"
					}
				},
				{
					"@attributes": {
						"filterKey": "0CUSTOMER",
						"filterKeyName": "Customers",
						"filterTechName": "0CUSTOMER",
						"defaultValue": "",
						"toValue": "",
						"isPublic": "1",
						"DrillName": "0CUSTOMER",
						"portletBuilderIdentifier": "0CUSTOMER:0CUSTOMER",
						"ioName": "Customer",
						"variableType": ""
					}
				},
				{
					"@attributes": {
						"filterKey": "DATE",
						"format": "MMM.YYYY",
						"filterKeyName": "Year/Month",
						"filterTechName": "D0FISCPER_CXSNI00",
						"defaultValue": "",
						"toValue": "",
						"isPublic": "1",
						"DrillName": "",
						"portletBuilderIdentifier": "D0FISCPER_CXSNI00:0FISCPER",
						"ioName": "Fiscal year/period",
						"variableType": "P"
					}
				},
				{
					"@attributes": {
						"filterKey": "0CURRENCY",
						"filterKeyName": "Currency",
						"filterTechName": "DCURRENCY_CDSOI01",
						"defaultValue": "EUR",
						"toValue": "",
						"isPublic": "1",
						"DrillName": "",
						"portletBuilderIdentifier": "DCURRENCY_CDSOI01:",
						"ioName": "Currency",
						"variableType": "P",
						"isHierarchy": "false"
					}
				},
				{
					"@attributes": {
						"filterKey": "",
						"filterKeyName": "Ranking",
						"filterTechName": "Z0COND_FDSOI01",
						"defaultValue": "5",
						"toValue": "",
						"isPublic": "1",
						"DrillName": "",
						"portletBuilderIdentifier": "Z0COND_FDSOI01:",
						"ioName": "1FORMULA",
						"variableType": "P",
						"isHierarchy": "false"
					}
				},
				{
					"@attributes": {
						"filterKey": "",
						"filterKeyName": "Income Statement (P&L) + CF",
						"filterTechName": "00O2TK9973U0HUQ1U66TS19WS",
						"defaultValue": "",
						"toValue": "",
						"isPublic": "1",
						"DrillName": "00O2TK9973U0HUQ1U66TS19WS",
						"portletBuilderIdentifier": "00O2TK9973U0HUQ1U66TS19WS:00O2TK9973U0HUQ1U66TS19WS",
						"ioName": "Income Statement (P&L) + CF",
						"variableType": "STR"
					}
				},
				{
					"@attributes": {
						"filterKey": "",
						"filterKeyName": "ROI: Deviations (Keep Sign)",
						"filterTechName": "00O2TK9973U0HUQ1U66TS13L8",
						"defaultValue": "",
						"toValue": "",
						"isPublic": "1",
						"DrillName": "00O2TK9973U0HUQ1U66TS13L8",
						"portletBuilderIdentifier": "00O2TK9973U0HUQ1U66TS13L8:00O2TK9973U0HUQ1U66TS13L8",
						"ioName": "ROI: Deviations (Keep Sign)",
						"variableType": "STR"
					}
				},
				{
					"@attributes": {
						"filterKey": "",
						"filterKeyName": "Bayer Merger: SRC(A)",
						"filterTechName": "",
						"defaultValue": "",
						"toValue": "",
						"isPublic": "0",
						"DrillName": "",
						"portletBuilderIdentifier": "DD_MSRCA_CAOOI01:",
						"ioName": "Bayer Merger: SRC(A)",
						"variableType": "S",
						"isHierarchy": "false"
					}
				}
			],
			"id": "SOA00_COPAPRPCF_QS024_1",
			"lastChanged": "2017-12-14 17:14:00",
			"enableAO": "true"
		}
	},
	"lastChangedBy": "wdell",
	"lastChanged": "2017-12-14 17:14:23",
	"token": "",
	"tokenAddedOn": null,
	"transportStatus": "1"
}