{
	"id": "4949",
	"notes": "Transport requested by WDELL 01/06/2018",
	"scope": "PROD",
	"config": {
		"axes": {
			"verticalAxis": {
				"nonDrillTitle": "",
				"nonDrillAppendix": "",
				"drillTitle": "",
				"drillAppendix": "",
				"hideAxisLabel": "false",
				"hideLine": "false"
			},
			"horizontalAxis": {
				"nonDrillTitle": "",
				"nonDrillAppendix": " (SCALE UNIT)",
				"drillTitle": "",
				"drillAppendix": " (SCALE UNIT)",
				"hideTitle": "false",
				"hide": "false"
			}
		},
		"views": {
			"view": {
				"columns": {
					"col": {
						"id": "Max",
						"series": "highLowAverageActual",
						"lowId": "Min",
						"averageId": "ASP",
						"actualId": "Price"
					}
				},
				"rows": {},
				"id": "v01",
				"label": "default"
			},
			"createSeriesFrom": "columns",
			"default": "v01",
			"editing": "v01"
		},
		"colors": {
			"override": {
				"id": "Max",
				"displayName": "Max",
				"color": "0xFFCC00",
				"negativeColor": "0x123456",
				"neutralColor": "0x123456"
			}
		},
		"keyfigureConfig": {
			"defaultApplyScale": "false",
			"defaultAppendix": "SCALE UNIT",
			"defaultDecimals": "1"
		},
		"dataChanges": {
			"calculateRemaining": "true",
			"resultRowPosition": "2"
		},
		"table": {
			"basedOn": "chartView",
			"nonValueColumns": "groupByFirstColumn",
			"lockNonValueColumns": "true"
		},
		"queryRows": {
			"id": "DefaultGroup",
			"defaultRow": ""
		},
		"conditions": {
			"conditionGroup": {
				"condition": {
					"keyFigureName": "v01",
					"conditionID": "00O2TK9973U0L3TKR7HHW8NN7",
					"label": "v01"
				},
				"id": "cg1",
				"displayName": "Top",
				"defaultKPI": "v01"
			},
			"userCanSwitchCondition": "false"
		},
		"id": "4949",
		"defaultTitle": "BP2 - Customer Portfolio",
		"classname": "com.bayer.bi.portlets.basePortlets.BarChartTemplate",
		"scope": "PROD",
		"portletInfoURL": "http://bi-wiki.intranet.cnb/artikel.php?artikelArtName=portlet&ID=681",
		"defaultShortcuts": "viewState|c|shortLabel:CgsBFXNob3J0TGFiZWwGA0MJZGF0YQYLZmlyc3QLbGFiZWwGC0NoYXJ0AQ==,CgsBFXNob3J0TGFiZWwGA1QJZGF0YQYNc2Vjb25kC2xhYmVsBgtUYWJsZQE=",
		"defaultCacheTTL": "480",
		"defaultViewState": "first",
		"defaultLegendDirection": "none",
		"enableScale": "false",
		"defaultScaling": "1",
		"enableDrilldown": "true",
		"enableDrilldownByNone": "false",
		"defaultDrill": "0MATERIAL",
		"enableZoomingAndScrolling": "true",
		"enableChartTypeSelection": "false",
		"defaultChartType": "clustered",
		"enableChangeOfTableGrouping": "false",
		"defaultGroupByDrillItems": "false",
		"topNFilterKeyName": "Top N",
		"isActive": "1",
		"showInFinder": "1",
		"finderImage": "Bars",
		"defaultSortType": "span",
		"maxNumberOfResultRows": "2000",
		"handleRowLimitInBackEnd": "true",
		"system": "H2R",
		"finderTitle": "BP2 - Customer Portfolio",
		"ca": "8",
		"category": "Sales",
		"scalingChoices": "",
		"defaultCondition": "00O2TK9973U0L3TKR7HHW8NN7",
		"conditionActivate": "true",
		"availableSortChoices": "keyfigureColumns,none,key,span",
		"hideGridLines": "true",
		"volume": {
			"moduleFilter": [
				{
					"@attributes": {
						"filterKey": "DATE",
						"format": "MMM.YYYY",
						"filterKeyName": "Date",
						"filterTechName": "D0FISCPER_CXSNI00",
						"defaultValue": "001.2018",
						"toValue": "",
						"isPublic": "1",
						"DrillName": "",
						"portletBuilderIdentifier": "D0FISCPER_CXSNI00:",
						"ioName": "Fiscal year/period",
						"variableType": "P",
						"isHierarchy": "false"
					}
				},
				{
					"@attributes": {
						"filterKey": "AGGREGATION",
						"filterKeyName": "Aggregation",
						"filterTechName": "DDAGGTYPE_CDSMI",
						"defaultValue": "YTD",
						"toValue": "",
						"isPublic": "1",
						"DrillName": "",
						"portletBuilderIdentifier": "DDAGGTYPE_CDSMI:",
						"Mandatory": "true",
						"ioName": "Date Agg. Type",
						"variableType": "P",
						"isHierarchy": "false"
					}
				},
				{
					"@attributes": {
						"filterKey": "MAGIC_KEY_HIER",
						"filterKeyName": "Business View",
						"filterTechName": "DDIMKKAX_HDSOI02",
						"defaultValue": "",
						"toValue": "",
						"isPublic": "1",
						"DrillName": "",
						"portletBuilderIdentifier": "DDIMKKAX_HDSOI02:DIMKKAX",
						"ioName": "BSV: Hierarchy",
						"variableType": "P"
					}
				},
				{
					"@attributes": {
						"filterKey": "0COUNTRY",
						"filterKeyName": "Country",
						"filterTechName": "Z0COUNTRY_CDOOI01",
						"defaultValue": "",
						"toValue": "",
						"isPublic": "1",
						"DrillName": "",
						"portletBuilderIdentifier": "Z0COUNTRY_CDOOI01:DCTRY_FD",
						"ioName": "Country final-dest.",
						"variableType": "S"
					}
				},
				{
					"@attributes": {
						"filterKey": "0CUSTOMER",
						"filterKeyName": "Customer",
						"filterTechName": "D0CUSTOMER_CDOOI",
						"defaultValue": "",
						"toValue": "",
						"isPublic": "1",
						"DrillName": "",
						"portletBuilderIdentifier": "D0CUSTOMER_CDOOI:0CUSTOMER",
						"ioName": "Customer",
						"variableType": "S"
					}
				},
				{
					"@attributes": {
						"filterKey": "0CURRENCY",
						"filterKeyName": "Currency",
						"filterTechName": "DCURRENCY_CDSOI01",
						"defaultValue": "EUR",
						"toValue": "",
						"isPublic": "1",
						"DrillName": "",
						"portletBuilderIdentifier": "DCURRENCY_CDSOI01:",
						"Mandatory": "true",
						"ioName": "Currency",
						"variableType": "P",
						"isHierarchy": "false"
					}
				},
				{
					"@attributes": {
						"filterKey": "CSV_PERFOV",
						"filterKeyName": "Local Steering View",
						"filterTechName": "D_DCOREPSV1_CDOOI01",
						"defaultValue": "",
						"toValue": "",
						"isPublic": "1",
						"DrillName": "DRESPO__DCOREPSV1",
						"portletBuilderIdentifier": "D_DCOREPSV1_CDOOI01:DRESPO__DCOREPSV1",
						"ioName": "CSV Loc. Steer. View",
						"variableType": "S",
						"logic": "1"
					}
				},
				{
					"@attributes": {
						"filterKey": "CSV_BRAND",
						"filterKeyName": "Local Brand Family",
						"filterTechName": "D_DCOREBSV1_CDOOI01",
						"defaultValue": "",
						"toValue": "",
						"isPublic": "1",
						"DrillName": "DRESPO__DCOREBSV1",
						"portletBuilderIdentifier": "D_DCOREBSV1_CDOOI01:DRESPO__DCOREBSV1",
						"ioName": "CSV Loc. Brand Fam.",
						"variableType": "S",
						"logic": "1"
					}
				},
				{
					"@attributes": {
						"filterKey": "CSV_SUBBRAND",
						"filterKeyName": "Local Brand",
						"filterTechName": "D_DCOREBSV2_CDOOI01",
						"defaultValue": "",
						"toValue": "",
						"isPublic": "1",
						"DrillName": "DRESPO__DCOREBSV2",
						"portletBuilderIdentifier": "D_DCOREBSV2_CDOOI01:DRESPO__DCOREBSV2",
						"ioName": "CSV Local Brand",
						"variableType": "S",
						"logic": "1"
					}
				},
				{
					"@attributes": {
						"filterKey": "CSV_CHANNEL",
						"filterKeyName": "Local Channel",
						"filterTechName": "D_DCORECSV1_CDOOI01",
						"defaultValue": "",
						"toValue": "",
						"isPublic": "1",
						"DrillName": "D_COREC__DCORECSV1",
						"portletBuilderIdentifier": "D_DCORECSV1_CDOOI01:D_COREC__DCORECSV1",
						"ioName": "CSV Local Channel",
						"variableType": "S",
						"logic": "1"
					}
				},
				{
					"@attributes": {
						"filterKey": "CSV_SUBCHANNEL",
						"filterKeyName": "Local Subchannel",
						"filterTechName": "D_DCORECSV2_CDOOI01",
						"defaultValue": "",
						"toValue": "",
						"isPublic": "1",
						"DrillName": "D_COREC__DCORECSV2",
						"portletBuilderIdentifier": "D_DCORECSV2_CDOOI01:D_COREC__DCORECSV2",
						"ioName": "CSV Local Subchannel",
						"variableType": "S",
						"logic": "1"
					}
				},
				{
					"@attributes": {
						"filterKey": "0MATERIAL",
						"filterKeyName": "Material",
						"filterTechName": "0MATERIAL",
						"defaultValue": "",
						"toValue": "",
						"isPublic": "1",
						"DrillName": "0MATERIAL",
						"portletBuilderIdentifier": "0MATERIAL:0MATERIAL",
						"ioName": "Material",
						"variableType": ""
					}
				},
				{
					"@attributes": {
						"filterKey": "DSPECIES",
						"filterKeyName": "Species",
						"filterTechName": "DDSPECIES_CDOOI",
						"defaultValue": "",
						"toValue": "",
						"isPublic": "1",
						"DrillName": "",
						"portletBuilderIdentifier": "DDSPECIES_CDOOI:DSPECIES",
						"ioName": "Species",
						"variableType": "S"
					}
				},
				{
					"@attributes": {
						"filterKey": "FREE_NUMBER_01",
						"filterKeyName": "Top N",
						"filterTechName": "Z0COND_FDSOI01",
						"defaultValue": "8",
						"toValue": "",
						"isPublic": "1",
						"DrillName": "",
						"portletBuilderIdentifier": "Z0COND_FDSOI01:",
						"ioName": "1FORMULA",
						"variableType": "P",
						"isHierarchy": "false"
					}
				},
				{
					"@attributes": {
						"filterKey": "DK_GB",
						"filterKeyName": "Business Group",
						"filterTechName": "DDK_GB_CDOOI",
						"defaultValue": "",
						"toValue": "",
						"isPublic": "1",
						"DrillName": "",
						"portletBuilderIdentifier": "DDK_GB_CDOOI:DRESPO__DK_GB",
						"ioName": "CV 5 Business Group",
						"variableType": "S"
					}
				},
				{
					"@attributes": {
						"filterKey": "DSBE",
						"filterKeyName": "Strategic Business Entity",
						"filterTechName": "DRESPO_DSBE_CDOOI",
						"defaultValue": "",
						"toValue": "",
						"isPublic": "1",
						"DrillName": "",
						"portletBuilderIdentifier": "DRESPO_DSBE_CDOOI:DRESPO__DSBE",
						"ioName": "CV 6 SBE",
						"variableType": "S"
					}
				},
				{
					"@attributes": {
						"filterKey": "DRU",
						"filterKeyName": "Reporting Unit",
						"filterTechName": "DRESPO__DRU_CDOOI",
						"defaultValue": "",
						"toValue": "",
						"isPublic": "1",
						"DrillName": "",
						"portletBuilderIdentifier": "DRESPO__DRU_CDOOI:DRESPO__DRU",
						"ioName": "CV 7 Reporting Unit",
						"variableType": "S"
					}
				},
				{
					"@attributes": {
						"filterKey": "DPC_CV",
						"filterKeyName": "Profit Center",
						"filterTechName": "DRESPO__DPC_CV",
						"defaultValue": "",
						"toValue": "",
						"isPublic": "1",
						"DrillName": "",
						"portletBuilderIdentifier": "DRESPO__DPC_CV:DRESPO__DPC_CV",
						"ioName": "CV 8 Profitcenter",
						"variableType": ""
					}
				},
				{
					"@attributes": {
						"filterKey": "CV_BRAND",
						"filterKeyName": "Brand",
						"filterTechName": "DRESPO__DBRAND",
						"defaultValue": "",
						"toValue": "",
						"isPublic": "1",
						"DrillName": "",
						"portletBuilderIdentifier": "DRESPO__DBRAND:DRESPO__DBRAND",
						"ioName": "CV Brand",
						"variableType": ""
					}
				},
				{
					"@attributes": {
						"filterKey": "SOP_BRANDFAM",
						"filterKeyName": "Brand Family",
						"filterTechName": "DDRESPO_DBRANDF_CDSOI01",
						"defaultValue": "",
						"toValue": "",
						"isPublic": "1",
						"DrillName": "",
						"portletBuilderIdentifier": "DDRESPO_DBRANDF_CDSOI01:DRESPO__DBRANDF",
						"ioName": "CV Brand Family",
						"variableType": "S"
					}
				},
				{
					"@attributes": {
						"filterKey": "ADD_BRAND_GRP",
						"filterKeyName": "Category",
						"filterTechName": "0MATERIAL__DBRANDG",
						"defaultValue": "",
						"toValue": "",
						"isPublic": "1",
						"DrillName": "",
						"portletBuilderIdentifier": "0MATERIAL__DBRANDG:0MATERIAL__DBRANDG",
						"ioName": "Add.Brand Grouping",
						"variableType": ""
					}
				},
				{
					"@attributes": {
						"filterKey": "MAGIC_KEY_COUNTRY_GROUP",
						"filterKeyName": "Country Group",
						"filterTechName": "DIMKKACG_CDOOSI01",
						"defaultValue": "",
						"toValue": "",
						"isPublic": "1",
						"DrillName": "",
						"portletBuilderIdentifier": "DIMKKACG_CDOOSI01:DRESPO__DIMKKACG",
						"ioName": "BSV CG",
						"variableType": "S"
					}
				},
				{
					"@attributes": {
						"filterKey": "PFM_CTRY_BRAND",
						"filterKeyName": "Portfolio Management",
						"filterTechName": "DRESPO__DMVIEW",
						"defaultValue": "",
						"toValue": "",
						"isPublic": "1",
						"DrillName": "",
						"portletBuilderIdentifier": "DRESPO__DMVIEW:DRESPO__DMVIEW",
						"ioName": "CV Brand / Country",
						"variableType": ""
					}
				},
				{
					"@attributes": {
						"filterKey": "PFM_COUNTRY",
						"filterKeyName": "Country Portfolio",
						"filterTechName": "DRESPO__DMUSTW2",
						"defaultValue": "",
						"toValue": "",
						"isPublic": "1",
						"DrillName": "",
						"portletBuilderIdentifier": "DRESPO__DMUSTW2:DRESPO__DMUSTW2",
						"ioName": "CV Country Attribute",
						"variableType": ""
					}
				},
				{
					"@attributes": {
						"filterKey": "0MAT_PRODH4",
						"filterKeyName": "Product Hier. L4",
						"filterTechName": "0MATERIAL__DPRODH4",
						"defaultValue": "",
						"toValue": "",
						"isPublic": "1",
						"DrillName": "",
						"portletBuilderIdentifier": "0MATERIAL__DPRODH4:0MATERIAL__DPRODH4",
						"ioName": "Prod.Hier. Lev. 4",
						"variableType": ""
					}
				},
				{
					"@attributes": {
						"filterKey": "MAGIC_KEY_LOCAL_BU",
						"filterKeyName": "Local BU (MV)",
						"filterTechName": "DRESPO__DLOC_BU_M",
						"defaultValue": "",
						"toValue": "",
						"isPublic": "1",
						"DrillName": "",
						"portletBuilderIdentifier": "DRESPO__DLOC_BU_M:DRESPO__DLOC_BU_M",
						"ioName": "Local BU (MV)",
						"variableType": ""
					}
				},
				{
					"@attributes": {
						"filterKey": "MAGIC_KEY_L1",
						"filterKeyName": "Management View L1",
						"filterTechName": "DDIMKKA1_CDOMI01",
						"defaultValue": "",
						"toValue": "",
						"isPublic": "1",
						"DrillName": "",
						"portletBuilderIdentifier": "DDIMKKA1_CDOMI01:DRESPO__DIMKKA1",
						"ioName": "BSV Lvl 1",
						"variableType": "S"
					}
				},
				{
					"@attributes": {
						"filterKey": "MAGIC_KEY_L2",
						"filterKeyName": "Management View L2",
						"filterTechName": "DDIMKKA2_CDOOI01",
						"defaultValue": "",
						"toValue": "",
						"isPublic": "1",
						"DrillName": "",
						"portletBuilderIdentifier": "DDIMKKA2_CDOOI01:DRESPO__DIMKKA2",
						"ioName": "BSV Lvl 2",
						"variableType": "S"
					}
				},
				{
					"@attributes": {
						"filterKey": "MAGIC_KEY_L3",
						"filterKeyName": "Management View L3",
						"filterTechName": "DDIMKKA3_CDOOI01",
						"defaultValue": "",
						"toValue": "",
						"isPublic": "1",
						"DrillName": "",
						"portletBuilderIdentifier": "DDIMKKA3_CDOOI01:DRESPO__DIMKKA3",
						"ioName": "BSV Lvl 3",
						"variableType": "S"
					}
				},
				{
					"@attributes": {
						"filterKey": "MAGIC_KEY_L4",
						"filterKeyName": "Management View L4",
						"filterTechName": "DDIMKKA4_CDOOI01",
						"defaultValue": "",
						"toValue": "",
						"isPublic": "1",
						"DrillName": "",
						"portletBuilderIdentifier": "DDIMKKA4_CDOOI01:DRESPO__DIMKKA4",
						"ioName": "BSV Lvl 4",
						"variableType": "S"
					}
				},
				{
					"@attributes": {
						"filterKey": "MAGIC_KEY_L5",
						"filterKeyName": "Management View L5",
						"filterTechName": "DDIMKKA5_CDOOI01",
						"defaultValue": "",
						"toValue": "",
						"isPublic": "1",
						"DrillName": "",
						"portletBuilderIdentifier": "DDIMKKA5_CDOOI01:DRESPO__DIMKKA5",
						"ioName": "BSV Lvl 5",
						"variableType": "S"
					}
				},
				{
					"@attributes": {
						"filterKey": "MAGIC_KEY_L6",
						"filterKeyName": "Management View L6",
						"filterTechName": "DDIMKKA6_CDOOI01",
						"defaultValue": "",
						"toValue": "",
						"isPublic": "1",
						"DrillName": "",
						"portletBuilderIdentifier": "DDIMKKA6_CDOOI01:DRESPO__DIMKKA6",
						"ioName": "BSV Lvl 6",
						"variableType": "S"
					}
				},
				{
					"@attributes": {
						"filterKey": "MAGIC_KEY_L7",
						"filterKeyName": "Management View L7",
						"filterTechName": "DDIMKKA7_CDOOI01",
						"defaultValue": "",
						"toValue": "",
						"isPublic": "1",
						"DrillName": "",
						"portletBuilderIdentifier": "DDIMKKA7_CDOOI01:DRESPO__DIMKKA7",
						"ioName": "BSV Lvl 7",
						"variableType": "S"
					}
				},
				{
					"@attributes": {
						"filterKey": "MAGIC_KEY_L8",
						"filterKeyName": "Management View L8",
						"filterTechName": "DDIMKKA8_CDOOI01",
						"defaultValue": "",
						"toValue": "",
						"isPublic": "1",
						"DrillName": "",
						"portletBuilderIdentifier": "DDIMKKA8_CDOOI01:DRESPO__DIMKKA8",
						"ioName": "BSV Lvl 8",
						"variableType": "S"
					}
				},
				{
					"@attributes": {
						"filterKey": "MAGIC_KEY_L9",
						"filterKeyName": "Management View L9",
						"filterTechName": "DDIMKKA9_CDOOSI01",
						"defaultValue": "",
						"toValue": "",
						"isPublic": "1",
						"DrillName": "",
						"portletBuilderIdentifier": "DDIMKKA9_CDOOSI01:DRESPO__DIMKKA9",
						"ioName": "BSV Lvl 9",
						"variableType": "S"
					}
				},
				{
					"@attributes": {
						"filterKey": "MAGIC_KEY_L10",
						"filterKeyName": "Management View L10",
						"filterTechName": "DDIMKKA10_CDOOSI01",
						"defaultValue": "",
						"toValue": "",
						"isPublic": "1",
						"DrillName": "",
						"portletBuilderIdentifier": "DDIMKKA10_CDOOSI01:DRESPO__DIMKKA10",
						"ioName": "BSV Lvl 10",
						"variableType": "S"
					}
				},
				{
					"@attributes": {
						"filterKey": "",
						"filterKeyName": "",
						"filterTechName": "",
						"defaultValue": "",
						"toValue": "",
						"isPublic": "0",
						"DrillName": "",
						"portletBuilderIdentifier": "DRESPO__DMUSTW1:DRESPO__DMUSTW1",
						"ioName": "CV Brand Attribute",
						"variableType": ""
					}
				},
				{
					"@attributes": {
						"filterKey": "",
						"filterKeyName": "",
						"filterTechName": "",
						"defaultValue": "",
						"toValue": "",
						"isPublic": "0",
						"DrillName": "",
						"portletBuilderIdentifier": "DRESPO__DCOREPIO1:DRESPO__DCOREPIO1",
						"ioName": "CSV Loc. St. Vw. Typ",
						"variableType": ""
					}
				},
				{
					"@attributes": {
						"filterKey": "",
						"filterKeyName": "",
						"filterTechName": "",
						"defaultValue": "",
						"toValue": "",
						"isPublic": "0",
						"DrillName": "",
						"portletBuilderIdentifier": "DRESPO__DCOREBIO1:DRESPO__DCOREBIO1",
						"ioName": "CSV Loc Brand FamTyp",
						"variableType": ""
					}
				},
				{
					"@attributes": {
						"filterKey": "",
						"filterKeyName": "",
						"filterTechName": "",
						"defaultValue": "",
						"toValue": "",
						"isPublic": "0",
						"DrillName": "",
						"portletBuilderIdentifier": "DRESPO__DCOREBIO2:DRESPO__DCOREBIO2",
						"ioName": "CSV Loc. Brand Type",
						"variableType": "",
						"logic": "1"
					}
				},
				{
					"@attributes": {
						"filterKey": "",
						"filterKeyName": "",
						"filterTechName": "",
						"defaultValue": "",
						"toValue": "",
						"isPublic": "0",
						"DrillName": "",
						"portletBuilderIdentifier": "00O2TK9973U0L3TKR7HHVVU7N:00O2TK9973U0L3TKR7HHVVU7N",
						"ioName": "",
						"variableType": "STR"
					}
				},
				{
					"@attributes": {
						"filterKey": "",
						"filterKeyName": "CSV LocSubChan Type",
						"filterTechName": "",
						"defaultValue": "",
						"toValue": "",
						"isPublic": "0",
						"DrillName": "",
						"portletBuilderIdentifier": "D_COREC__DCORECIO3:D_COREC__DCORECIO3",
						"ioName": "CSV LocSubChan Type",
						"variableType": ""
					}
				},
				{
					"@attributes": {
						"filterKey": "",
						"filterKeyName": "CSV LocSub-Cha AddAO",
						"filterTechName": "",
						"defaultValue": "",
						"toValue": "",
						"isPublic": "0",
						"DrillName": "",
						"portletBuilderIdentifier": "D_COREC__DCORECSV3:D_COREC__DCORECSV3",
						"ioName": "CSV LocSub-Cha AddAO",
						"variableType": ""
					}
				},
				{
					"@attributes": {
						"filterKey": "",
						"filterKeyName": "CSV Loc. Channel Typ",
						"filterTechName": "",
						"defaultValue": "",
						"toValue": "",
						"isPublic": "0",
						"DrillName": "",
						"portletBuilderIdentifier": "D_COREC__DCORECIO1:D_COREC__DCORECIO1",
						"ioName": "CSV Loc. Channel Typ",
						"variableType": ""
					}
				},
				{
					"@attributes": {
						"filterKey": "",
						"filterKeyName": "CSV Loc.Sub.Chan.Typ",
						"filterTechName": "",
						"defaultValue": "",
						"toValue": "",
						"isPublic": "0",
						"DrillName": "",
						"portletBuilderIdentifier": "D_COREC__DCORECIO2:D_COREC__DCORECIO2",
						"ioName": "CSV Loc.Sub.Chan.Typ",
						"variableType": ""
					}
				}
			],
			"id": "SOA00_COPAPRP03_QS054",
			"lastChanged": "2018-05-25 15:18:42",
			"enableAO": "true",
			"analysisQuery": "SOA00_COPAPRP03_QS054"
		}
	},
	"lastChangedBy": "behri",
	"lastChanged": "2018-05-25 15:18:50",
	"token": "",
	"tokenAddedOn": null,
	"transportStatus": "1"
}