{
	"id": "4965",
	"notes": "BP 2.1\n",
	"scope": "PROD",
	"config": {
		"axes": {
			"axis": [
				{
					"id": "v1",
					"hide": "true",
					"hideAxisLabel": "true",
					"defaultTitle": "",
					"baseAtZero": "true",
					"titleLogic": "",
					"appendix": "",
					"defaultDrilldownTitle": "",
					"drilldownTitleLogic": "SMART",
					"drillAppendix": "",
					"hideAxisTitle": "false",
					"letUserChangeBasedOnZero": "true"
				},
				{
					"id": "v2",
					"hide": "true",
					"hideAxisLabel": "true",
					"defaultTitle": "",
					"baseAtZero": "true",
					"titleLogic": "SMART",
					"appendix": "",
					"defaultDrilldownTitle": "",
					"drilldownTitleLogic": "SMART",
					"drillAppendix": "",
					"hideAxisTitle": "true",
					"letUserChangeBasedOnZero": "true"
				},
				{
					"id": "h1",
					"defaultTitle": "",
					"labelRotationEnabled": "false",
					"canDropLabels": "false",
					"hideAxisLabel": "false",
					"hide": "false"
				}
			]
		},
		"views": {
			"view": [
				{
					"chart": [
						{
							"group": {
								"row": [
									{
										"id": "1.3 PY",
										"label": "PY",
										"series": "column",
										"vaxis": "v1",
										"applyScale": "true",
										"appendix": " (SCALE UNIT)",
										"decimal": "0",
										"defaultVisible": "true",
										"defaultdrill": "false",
										"drillable": "false",
										"drillSeries": "line",
										"drillVAxis": "v1",
										"form": "column",
										"color": "0xD9D9D9",
										"showDataLabels": "false",
										"displayOrder": "0"
									},
									{
										"id": "1.1 ACT",
										"label": "ACT",
										"series": "column",
										"vaxis": "v1",
										"applyScale": "true",
										"appendix": " (SCALE UNIT)",
										"decimal": "0",
										"defaultVisible": "true",
										"defaultdrill": "false",
										"drillable": "true",
										"drillSeries": "line",
										"drillVAxis": "v1",
										"displayOrder": "1",
										"showDataLabels": "true",
										"color": "0x676767"
									}
								],
								"columnSetType": "overlapping"
							},
							"pos": "0.0",
							"extractCol": "",
							"hideAxisTitle": "false",
							"titleLogic": "defaulttitle",
							"defaultTitle": " "
						},
						{
							"group": {
								"row": {
									"id": "1.3.1 Δ PY",
									"label": "Δ PY YTD",
									"series": "deviation",
									"vaxis": "v1",
									"applyScale": "true",
									"appendix": " (SCALE UNIT)",
									"decimal": "0",
									"defaultVisible": "true",
									"defaultdrill": "true",
									"drillable": "true",
									"drillSeries": "line",
									"drillVAxis": "v1",
									"displayOrder": "0"
								},
								"columnSetType": "overlapping"
							},
							"pos": "1.1",
							"extractCol": "YTD",
							"hideAxisTitle": "true"
						},
						{
							"group": {
								"row": {
									"id": "1.3.1 Δ PY",
									"label": "",
									"series": "deviation",
									"vaxis": "v1",
									"applyScale": "true",
									"appendix": " (SCALE UNIT)",
									"decimal": "0",
									"defaultVisible": "true",
									"defaultdrill": "false",
									"drillable": "false",
									"drillSeries": "line",
									"drillVAxis": "v1",
									"displayOrder": "0"
								},
								"columnSetType": "overlapping"
							},
							"pos": "0.1",
							"hideAxisTitle": "false"
						},
						{
							"group": {
								"row": {
									"id": "1.3.2 Δ PY %",
									"label": "",
									"series": "deviationRect",
									"vaxis": "v1",
									"applyScale": "false",
									"appendix": "%",
									"decimal": "1",
									"defaultVisible": "true",
									"defaultdrill": "true",
									"drillable": "true",
									"drillSeries": "line",
									"drillVAxis": "v1",
									"displayOrder": "0"
								},
								"columnSetType": "overlapping"
							},
							"pos": "0.2",
							"hideAxisTitle": "false"
						},
						{
							"group": {
								"row": {
									"id": "1.3.2 Δ PY %",
									"label": "Δ PY % YTD",
									"series": "deviationRect",
									"vaxis": "v1",
									"applyScale": "false",
									"appendix": "%",
									"decimal": "1",
									"defaultVisible": "true",
									"defaultdrill": "true",
									"drillable": "true",
									"drillSeries": "line",
									"drillVAxis": "v1",
									"displayOrder": "0"
								},
								"columnSetType": "overlapping"
							},
							"pos": "1.2",
							"extractCol": "YTD",
							"hideAxisTitle": "true"
						},
						{
							"group": {
								"row": [
									{
										"id": "1.3 PY",
										"label": "PY YTD",
										"series": "column",
										"vaxis": "v1",
										"applyScale": "true",
										"appendix": " (SCALE UNIT)",
										"decimal": "0",
										"defaultVisible": "true",
										"defaultdrill": "false",
										"drillable": "false",
										"drillSeries": "line",
										"drillVAxis": "v1",
										"form": "column",
										"color": "0xD9D9D9",
										"showDataLabels": "false",
										"displayOrder": "0"
									},
									{
										"id": "1.1 ACT",
										"label": "ACT YTD",
										"series": "column",
										"vaxis": "v1",
										"applyScale": "true",
										"appendix": " (SCALE UNIT)",
										"decimal": "0",
										"defaultVisible": "true",
										"defaultdrill": "false",
										"drillable": "true",
										"drillSeries": "line",
										"drillVAxis": "v1",
										"form": "column",
										"showDataLabels": "true",
										"color": "0x676767",
										"displayOrder": "1"
									}
								],
								"columnSetType": "overlapping"
							},
							"pos": "1.0",
							"extractCol": "YTD",
							"hideAxisTitle": "true"
						}
					],
					"id": "v04",
					"label": "ACT vs PY",
					"desiredColumnWidths": "85,15,0",
					"firstColGutterRight": "4",
					"gridSize": "2 X 3",
					"smartViewTag": "DS:PY,KA:N"
				},
				{
					"id": "table",
					"visible": "false",
					"firstColumnHeaderAppendix": "",
					"groupByDrillItems": "true",
					"useKPIGroupBinding": "true"
				}
			],
			"editing": "v04",
			"default": "v04"
		},
		"aggregations": {
			"keyFigureAggregationType": {
				"keyFigure": "01 ACT YTD - Net FCR",
				"aggregationType": "sum"
			}
		},
		"dataExtraction": {
			"col": {
				"id": "YTD"
			}
		},
		"dataChanges": {
			"keyfigure": [
				{
					"id": "14",
					"suppressZeros": "1"
				},
				{
					"id": "13",
					"suppressZeros": "1"
				},
				{
					"id": "06",
					"suppressZeros": "1"
				},
				{
					"id": "07",
					"suppressZeros": "1"
				},
				{
					"id": "16",
					"suppressZeros": "1"
				},
				{
					"id": "01",
					"suppressZeros": "1"
				},
				{
					"id": "7",
					"suppressZeros": "1"
				},
				{
					"id": "8",
					"suppressZeros": "1"
				},
				{
					"id": "9",
					"suppressZeros": "1"
				},
				{
					"id": "9.1",
					"suppressZeros": "1"
				},
				{
					"id": "7.1 Δ BUD cpa (%)",
					"suppressZeros": "1"
				},
				{
					"id": "8.1 Δ BUD YTD cpa (%)",
					"suppressZeros": "1"
				},
				{
					"id": "9.2 Δ PY YTD cpa (%)",
					"suppressZeros": "1"
				},
				{
					"id": "9.3 Δ PY YTD cpa",
					"suppressZeros": "1"
				},
				{
					"id": "1.3.4 Δ PY cpa %",
					"suppressZeros": "1"
				},
				{
					"id": "1.3.3 Δ PY cpa",
					"suppressZeros": "1"
				},
				{
					"id": "1.3.2 Δ PY %",
					"suppressZeros": "1"
				},
				{
					"id": "1.3.1 Δ PY",
					"suppressZeros": "1"
				},
				{
					"id": "1.2.4 Δ BUD cpa %",
					"suppressZeros": "1"
				},
				{
					"id": "1.2.3 Δ BUD cpa",
					"suppressZeros": "1"
				},
				{
					"id": "1.2.2 Δ BUD %",
					"suppressZeros": "1"
				},
				{
					"id": "1.2.1 Δ BUD",
					"suppressZeros": "1"
				},
				{
					"id": "14.1 Δ &D0VERSION_TEXT2&",
					"suppressZeros": "1"
				},
				{
					"id": "1.4.3 Δ &D0VERSION_TEXT2& ca",
					"suppressZeros": "1"
				},
				{
					"id": "1.4.4 Δ &D0VERSION_TEXT2& ca %",
					"suppressZeros": "1"
				},
				{
					"id": "1.4.2 Δ &D0VERSION_TEXT2& %",
					"suppressZeros": "1"
				}
			]
		},
		"conditions": {},
		"deviations": {
			"positiveColor": "0x005598",
			"negativeColor": "0xC32A1F",
			"showDataLabels": "true",
			"chartBackgroundColors": "false"
		},
		"colors": {
			"override": [
				{
					"id": "YTD",
					"displayName": "YTD",
					"color": "0x123456"
				},
				{
					"id": "&TFP3_ILF&",
					"displayName": "&TFP3_ILF&",
					"color": "0x0099CC"
				}
			]
		},
		"id": "4965",
		"defaultTitle": "BP2 - Net Sales Timeline (Customer Cockpit)",
		"classname": "com.bayer.bi.portlets.basePortlets.LineAndColumnTemplateWithDeviations",
		"scope": "PROD",
		"portletInfoURL": "http://bi-wiki.intranet.cnb/artikel.php?artikelArtName=portlet&ID=376",
		"defaultShortcuts": "viewState|c|shortLabel:CgsBCWRhdGEGC2ZpcnN0D3Rvb2xUaXAGFUNoYXJ0IHZpZXcLbGFiZWwGC0NoYXJ0FXNob3J0TGFi\nZWwGA0MB,CgsBCWRhdGEGDXNlY29uZA90b29sVGlwBhVUYWJsZSB2aWV3C2xhYmVsBgtUYWJsZRVzaG9ydExh\nYmVsBgNUAQ==;_dataScaling|r|shortLabel:CgsBC3ZhbHVlBg8xMDAwMDAwCW5hbWUGCU1pby4Vc2hvcnRMYWJlbAYGAQ==,CgsBC3ZhbHVlBgkxMDAwCW5hbWUGCVRzZC4Vc2hvcnRMYWJlbAYGAQ==",
		"defaultCacheTTL": "480",
		"defaultViewState": "first",
		"defaultLegendDirection": "bottom",
		"enableScale": "true",
		"defaultScaling": "1000000",
		"scalingChoices": "1,1000,1000000",
		"enableColumnSetType": "false",
		"columnSetTypechoices": "overlapping,clustered",
		"columnSetType": "overlapping",
		"defaultKeyFigure": "Default",
		"enableDrilldown": "false",
		"enableDrilldownByNone": "false",
		"defaultDrill": "None",
		"topNFilterKeyName": "",
		"enableAggregation": "false",
		"aggregationTypes": "",
		"defaultAggregationType": "",
		"enableScrolling": "false",
		"maxNumberOfVisibleItems": "0",
		"defaultScrollBarValue": "0",
		"enableAnalysis": "false",
		"enableAnalysisInDrill": "false",
		"currencyFilterKeyName": "Currency",
		"isActive": "1",
		"showInFinder": "1",
		"seriesSelectionEnabled": "false",
		"seriesSelectionMaximalNumberOfVisibleItems": "",
		"system": "H2R",
		"finderImage": "ColsAndLines;l1",
		"ca": "8",
		"useAlternativeRowSelection": "true",
		"hideGridLines": "true",
		"category": "Sales",
		"versionFrom": "3.3.001",
		"finderTitle": "BP2 - Net Sales Timeline (Customer Cockpit)",
		"enableMultiJump": "true",
		"columnColorScheme": "spendMapPortlet_columns",
		"forecastColorScheme": "OBF_COLOR_SCHEME_LINES",
		"volume": {
			"moduleFilter": [
				{
					"@attributes": {
						"filterKey": "",
						"filterKeyName": "Mesures",
						"filterTechName": "",
						"defaultValue": "",
						"toValue": "",
						"isPublic": "0",
						"DrillName": "",
						"portletBuilderIdentifier": "00O2TK9973U0DSBKNVZEZGW11:00O2TK9973U0DSBKNVZEZGW11",
						"ioName": "Timeline - Period",
						"variableType": "STR"
					}
				},
				{
					"@attributes": {
						"filterKey": "",
						"filterKeyName": "ROI Timeline MTH/YTD Deviations",
						"filterTechName": "",
						"defaultValue": "",
						"toValue": "",
						"isPublic": "0",
						"DrillName": "",
						"portletBuilderIdentifier": "00O2TK9973U0DSBKNVZEZH2CL:00O2TK9973U0DSBKNVZEZH2CL",
						"ioName": "ROI Timeline MTH/YTD Deviations",
						"variableType": "STR"
					}
				},
				{
					"@attributes": {
						"filterKey": "MAGIC_KEY_HIER",
						"filterKeyName": "Business View Hierarchy",
						"filterTechName": "DDIMKKAX_HDSOI02",
						"defaultValue": "",
						"toValue": "",
						"isPublic": "1",
						"DrillName": "DRESPO__DIMKKAX",
						"portletBuilderIdentifier": "DDIMKKAX_HDSOI02:DRESPO__DIMKKAX",
						"ioName": "BSV: Hierarchy",
						"variableType": "P"
					}
				},
				{
					"@attributes": {
						"filterKey": "MAGIC_KEY_L1",
						"filterKeyName": "Division (L1)",
						"filterTechName": "DDIMKKA1_CDOOI01",
						"defaultValue": "",
						"toValue": "",
						"isPublic": "1",
						"DrillName": "DRESPO__DIMKKA1",
						"portletBuilderIdentifier": "DDIMKKA1_CDOOI01:DRESPO__DIMKKA1",
						"ioName": "BSV Lvl 1",
						"variableType": "S"
					}
				},
				{
					"@attributes": {
						"filterKey": "MAGIC_KEY_L2",
						"filterKeyName": "Business View (L2)",
						"filterTechName": "DDIMKKA2_CDOOI01",
						"defaultValue": "",
						"toValue": "",
						"isPublic": "1",
						"DrillName": "DRESPO__DIMKKA2",
						"portletBuilderIdentifier": "DDIMKKA2_CDOOI01:DRESPO__DIMKKA2",
						"ioName": "BSV Lvl 2",
						"variableType": "S"
					}
				},
				{
					"@attributes": {
						"filterKey": "MAGIC_KEY_L3",
						"filterKeyName": "Business View (L3)",
						"filterTechName": "DDIMKKA3_CDOOI01",
						"defaultValue": "",
						"toValue": "",
						"isPublic": "1",
						"DrillName": "DRESPO__DIMKKA3",
						"portletBuilderIdentifier": "DDIMKKA3_CDOOI01:DRESPO__DIMKKA3",
						"ioName": "BSV Lvl 3",
						"variableType": "S"
					}
				},
				{
					"@attributes": {
						"filterKey": "MAGIC_KEY_L4",
						"filterKeyName": "Business View (L4)",
						"filterTechName": "DDIMKKA4_CDOOI01",
						"defaultValue": "",
						"toValue": "",
						"isPublic": "1",
						"DrillName": "DRESPO__DIMKKA4",
						"portletBuilderIdentifier": "DDIMKKA4_CDOOI01:DRESPO__DIMKKA4",
						"ioName": "BSV Lvl 4",
						"variableType": "S"
					}
				},
				{
					"@attributes": {
						"filterKey": "MAGIC_KEY_L5",
						"filterKeyName": "Business View (L5)",
						"filterTechName": "DDIMKKA5_CDOOI01",
						"defaultValue": "",
						"toValue": "",
						"isPublic": "1",
						"DrillName": "DRESPO__DIMKKA5",
						"portletBuilderIdentifier": "DDIMKKA5_CDOOI01:DRESPO__DIMKKA5",
						"ioName": "BSV Lvl 5",
						"variableType": "S"
					}
				},
				{
					"@attributes": {
						"filterKey": "MAGIC_KEY_L6",
						"filterKeyName": "Business View (L6)",
						"filterTechName": "DDIMKKA6_CDOOI01",
						"defaultValue": "",
						"toValue": "",
						"isPublic": "1",
						"DrillName": "DRESPO__DIMKKA6",
						"portletBuilderIdentifier": "DDIMKKA6_CDOOI01:DRESPO__DIMKKA6",
						"ioName": "BSV Lvl 6",
						"variableType": "S"
					}
				},
				{
					"@attributes": {
						"filterKey": "MAGIC_KEY_L7",
						"filterKeyName": "Business View (L7)",
						"filterTechName": "DDIMKKA7_CDOOI01",
						"defaultValue": "",
						"toValue": "",
						"isPublic": "1",
						"DrillName": "DRESPO__DIMKKA7",
						"portletBuilderIdentifier": "DDIMKKA7_CDOOI01:DRESPO__DIMKKA7",
						"ioName": "BSV Lvl 7",
						"variableType": "S"
					}
				},
				{
					"@attributes": {
						"filterKey": "MAGIC_KEY_L8",
						"filterKeyName": "Business View (L8)",
						"filterTechName": "DDIMKKA8_CDOOI01",
						"defaultValue": "",
						"toValue": "",
						"isPublic": "1",
						"DrillName": "DRESPO__DIMKKA8",
						"portletBuilderIdentifier": "DDIMKKA8_CDOOI01:DRESPO__DIMKKA8",
						"ioName": "BSV Lvl 8",
						"variableType": "S"
					}
				},
				{
					"@attributes": {
						"filterKey": "MAGIC_KEY_L9",
						"filterKeyName": "Business View (L9)",
						"filterTechName": "DDIMKKA9_CDOOSI01",
						"defaultValue": "",
						"toValue": "",
						"isPublic": "1",
						"DrillName": "DRESPO__DIMKKA9",
						"portletBuilderIdentifier": "DDIMKKA9_CDOOSI01:DRESPO__DIMKKA9",
						"ioName": "BSV Lvl 9",
						"variableType": "S"
					}
				},
				{
					"@attributes": {
						"filterKey": "MAGIC_KEY_L10",
						"filterKeyName": "Business View (L10)",
						"filterTechName": "DDIMKKA10_CDOOSI01",
						"defaultValue": "",
						"toValue": "",
						"isPublic": "1",
						"DrillName": "DRESPO__DIMKKA10",
						"portletBuilderIdentifier": "DDIMKKA10_CDOOSI01:DRESPO__DIMKKA10",
						"ioName": "BSV Lvl 10",
						"variableType": "S"
					}
				},
				{
					"@attributes": {
						"filterKey": "DK_GB",
						"filterKeyName": "Business Group",
						"filterTechName": "DDK_GB_CDOOI",
						"defaultValue": "",
						"toValue": "",
						"isPublic": "1",
						"DrillName": "DRESPO__DK_GB",
						"portletBuilderIdentifier": "DDK_GB_CDOOI:DRESPO__DK_GB",
						"ioName": "CV 5 Business Group",
						"variableType": "S"
					}
				},
				{
					"@attributes": {
						"filterKey": "DSBE",
						"filterKeyName": "SBE",
						"filterTechName": "DRESPO_DSBE_CDOOI",
						"defaultValue": "",
						"toValue": "",
						"isPublic": "1",
						"DrillName": "DRESPO__DSBE",
						"portletBuilderIdentifier": "DRESPO_DSBE_CDOOI:DRESPO__DSBE",
						"ioName": "CV 6 SBE",
						"variableType": "S"
					}
				},
				{
					"@attributes": {
						"filterKey": "DRU",
						"filterKeyName": "Reporting Unit",
						"filterTechName": "DRESPO__DRU_CDOOI",
						"defaultValue": "",
						"toValue": "",
						"isPublic": "1",
						"DrillName": "DRESPO__DRU",
						"portletBuilderIdentifier": "DRESPO__DRU_CDOOI:DRESPO__DRU",
						"ioName": "CV 7 Reporting Unit",
						"variableType": "S"
					}
				},
				{
					"@attributes": {
						"filterKey": "MAGIC_KEY_COUNTRY_GROUP",
						"filterKeyName": "Country Group",
						"filterTechName": "DIMKKACG_CDOOSI01",
						"defaultValue": "",
						"toValue": "",
						"isPublic": "1",
						"DrillName": "DRESPO__DIMKKACG",
						"portletBuilderIdentifier": "DIMKKACG_CDOOSI01:DRESPO__DIMKKACG",
						"ioName": "BSV CG",
						"variableType": "S",
						"logic": "1"
					}
				},
				{
					"@attributes": {
						"filterKey": "0COUNTRY",
						"filterKeyName": "Country",
						"filterTechName": "DCOUNTRY_CDMOI01",
						"defaultValue": "",
						"toValue": "",
						"isPublic": "1",
						"DrillName": "",
						"portletBuilderIdentifier": "DCOUNTRY_CDMOI01:DCTRY_FD",
						"ioName": "Country final-dest.",
						"variableType": "M"
					}
				},
				{
					"@attributes": {
						"filterKey": "MAGIC_KEY_LOCAL_BU",
						"filterKeyName": "Local BU (MV)",
						"filterTechName": "DRESPO__DLOC_BU_M",
						"defaultValue": "",
						"toValue": "",
						"isPublic": "1",
						"DrillName": "DRESPO__DLOC_BU_M",
						"portletBuilderIdentifier": "DRESPO__DLOC_BU_M:DRESPO__DLOC_BU_M",
						"ioName": "Local BU (MV)",
						"variableType": ""
					}
				},
				{
					"@attributes": {
						"filterKey": "SOP_BRANDFAM",
						"filterKeyName": "Brand Family",
						"filterTechName": "DDRESPO_DBRANDF_CDSOI01",
						"defaultValue": "",
						"toValue": "",
						"isPublic": "1",
						"DrillName": "DRESPO__DBRANDF",
						"portletBuilderIdentifier": "DDRESPO_DBRANDF_CDSOI01:DRESPO__DBRANDF",
						"ioName": "CV Brand Family",
						"variableType": "S"
					}
				},
				{
					"@attributes": {
						"filterKey": "DATE",
						"format": "MM.YYYY",
						"filterKeyName": "Month",
						"filterTechName": "D0FISCPER_CXSNI00",
						"defaultValue": "",
						"toValue": "",
						"isPublic": "1",
						"DrillName": "",
						"portletBuilderIdentifier": "D0FISCPER_CXSNI00:",
						"ioName": "Fiscal year/period",
						"variableType": "P",
						"isHierarchy": "false"
					}
				},
				{
					"@attributes": {
						"filterKey": "",
						"filterKeyName": "Exchange Rate Type",
						"filterTechName": "",
						"defaultValue": "",
						"toValue": "",
						"isPublic": "0",
						"DrillName": "",
						"portletBuilderIdentifier": "D0RTYPE_CXSNL01:",
						"ioName": "Exchange Rate Type",
						"variableType": "P",
						"isHierarchy": "false"
					}
				},
				{
					"@attributes": {
						"filterKey": "",
						"filterKeyName": "Version",
						"filterTechName": "D0VERSION_CXSMIFC2",
						"defaultValue": "",
						"toValue": "",
						"isPublic": "1",
						"DrillName": "",
						"portletBuilderIdentifier": "D0VERSION_CXSMIFC2:",
						"Mandatory": "true",
						"ioName": "Version",
						"variableType": "P",
						"isHierarchy": "false"
					}
				},
				{
					"@attributes": {
						"filterKey": "DPC_CV",
						"filterKeyName": "Profitcenter",
						"filterTechName": "DRESPO__DPC_CV",
						"defaultValue": "",
						"toValue": "",
						"isPublic": "1",
						"DrillName": "DRESPO__DPC_CV",
						"portletBuilderIdentifier": "DRESPO__DPC_CV:DRESPO__DPC_CV",
						"ioName": "CV 8 Profitcenter",
						"variableType": ""
					}
				},
				{
					"@attributes": {
						"filterKey": "CV_BRAND",
						"filterKeyName": "Brand",
						"filterTechName": "DRESPO__DBRAND",
						"defaultValue": "",
						"toValue": "",
						"isPublic": "1",
						"DrillName": "DRESPO__DBRAND",
						"portletBuilderIdentifier": "DRESPO__DBRAND:DRESPO__DBRAND",
						"ioName": "CV Brand",
						"variableType": ""
					}
				},
				{
					"@attributes": {
						"filterKey": "PFM_COUNTRY",
						"filterKeyName": "Country Portfolio",
						"filterTechName": "DRESPO__DMUSTW2",
						"defaultValue": "",
						"toValue": "",
						"isPublic": "1",
						"DrillName": "DRESPO__DMUSTW2",
						"portletBuilderIdentifier": "DRESPO__DMUSTW2:DRESPO__DMUSTW2",
						"ioName": "CV Country Attribute",
						"variableType": ""
					}
				},
				{
					"@attributes": {
						"filterKey": "PFM_BRAND",
						"filterKeyName": "Brand Portfolio",
						"filterTechName": "DRESPO__DMUSTW1",
						"defaultValue": "",
						"toValue": "",
						"isPublic": "1",
						"DrillName": "DRESPO__DMUSTW1",
						"portletBuilderIdentifier": "DRESPO__DMUSTW1:DRESPO__DMUSTW1",
						"ioName": "CV Brand Attribute",
						"variableType": ""
					}
				},
				{
					"@attributes": {
						"filterKey": "PFM_CTRY_BRAND",
						"filterKeyName": "Portfolio Management",
						"filterTechName": "DRESPO__DMVIEW",
						"defaultValue": "",
						"toValue": "",
						"isPublic": "1",
						"DrillName": "DRESPO__DMVIEW",
						"portletBuilderIdentifier": "DRESPO__DMVIEW:DRESPO__DMVIEW",
						"ioName": "CV Brand / Country",
						"variableType": ""
					}
				},
				{
					"@attributes": {
						"filterKey": "ADD_BRAND_GRP",
						"filterKeyName": "Add. Brand Grouping",
						"filterTechName": "0MATERIAL__DBRANDG",
						"defaultValue": "",
						"toValue": "",
						"isPublic": "1",
						"DrillName": "0MATERIAL__DBRANDG",
						"portletBuilderIdentifier": "0MATERIAL__DBRANDG:0MATERIAL__DBRANDG",
						"ioName": "Add.Brand Grouping",
						"variableType": ""
					}
				},
				{
					"@attributes": {
						"filterKey": "0MAT_PRODH4",
						"filterKeyName": "Product Hier. L4",
						"filterTechName": "0MATERIAL__DPRODH4",
						"defaultValue": "",
						"toValue": "",
						"isPublic": "1",
						"DrillName": "0MATERIAL__DPRODH4",
						"portletBuilderIdentifier": "0MATERIAL__DPRODH4:0MATERIAL__DPRODH4",
						"ioName": "Prod.Hier. Lev. 4",
						"variableType": ""
					}
				},
				{
					"@attributes": {
						"filterKey": "DSPECIES",
						"filterKeyName": "Species",
						"filterTechName": "DDSPECIES_CDOOI",
						"defaultValue": "",
						"toValue": "",
						"isPublic": "1",
						"DrillName": "DSPECIES",
						"portletBuilderIdentifier": "DDSPECIES_CDOOI:DSPECIES",
						"ioName": "Species",
						"variableType": "S"
					}
				},
				{
					"@attributes": {
						"filterKey": "CSV_BRAND",
						"filterKeyName": "Local Brand Family",
						"filterTechName": "D_DCOREBSV1_CDOOI01",
						"defaultValue": "",
						"toValue": "",
						"isPublic": "1",
						"DrillName": "DRESPO__DCOREBSV1",
						"portletBuilderIdentifier": "D_DCOREBSV1_CDOOI01:DRESPO__DCOREBSV1",
						"ioName": "CSV Loc. Brand Fam.",
						"variableType": "S",
						"logic": "1"
					}
				},
				{
					"@attributes": {
						"filterKey": "CSV_SUBBRAND",
						"filterKeyName": "Local Brand",
						"filterTechName": "D_DCOREBSV2_CDOOI01",
						"defaultValue": "",
						"toValue": "",
						"isPublic": "1",
						"DrillName": "DRESPO__DCOREBSV2",
						"portletBuilderIdentifier": "D_DCOREBSV2_CDOOI01:DRESPO__DCOREBSV2",
						"ioName": "CSV Local Brand",
						"variableType": "S",
						"logic": "1"
					}
				},
				{
					"@attributes": {
						"filterKey": "CSV_PERFOV",
						"filterKeyName": "Local Steering View",
						"filterTechName": "D_DCOREPSV1_CDOOI01",
						"defaultValue": "",
						"toValue": "",
						"isPublic": "1",
						"DrillName": "DRESPO__DCOREPSV1",
						"portletBuilderIdentifier": "D_DCOREPSV1_CDOOI01:DRESPO__DCOREPSV1",
						"ioName": "CSV Loc. Steer. View",
						"variableType": "S",
						"logic": "1"
					}
				},
				{
					"@attributes": {
						"filterKey": "0CUSTOMER",
						"filterKeyName": "Customer",
						"filterTechName": "D0CUSTOMER_CDOOI",
						"defaultValue": "",
						"toValue": "",
						"isPublic": "1",
						"DrillName": "",
						"portletBuilderIdentifier": "D0CUSTOMER_CDOOI:0CUSTOMER",
						"ioName": "Customer",
						"variableType": "S"
					}
				},
				{
					"@attributes": {
						"filterKey": "CSV_CHANNEL",
						"filterKeyName": "Local Channel",
						"filterTechName": "D_DCORECSV1_CDOOI01",
						"defaultValue": "",
						"toValue": "",
						"isPublic": "1",
						"DrillName": "D_COREC__DCORECSV1",
						"portletBuilderIdentifier": "D_DCORECSV1_CDOOI01:D_COREC__DCORECSV1",
						"ioName": "CSV Local Channel",
						"variableType": "S",
						"logic": "1"
					}
				},
				{
					"@attributes": {
						"filterKey": "CSV_SUBCHANNEL",
						"filterKeyName": "Local Subchannel",
						"filterTechName": "D_DCORECSV2_CDOOI01",
						"defaultValue": "",
						"toValue": "",
						"isPublic": "1",
						"DrillName": "D_COREC__DCORECSV2",
						"portletBuilderIdentifier": "D_DCORECSV2_CDOOI01:D_COREC__DCORECSV2",
						"ioName": "CSV Local Subchannel",
						"variableType": "S",
						"logic": "1"
					}
				},
				{
					"@attributes": {
						"filterKey": "0CURRENCY",
						"filterKeyName": "Currency",
						"filterTechName": "DCURRENCY_CDSOI01",
						"defaultValue": "EUR",
						"toValue": "",
						"isPublic": "1",
						"DrillName": "",
						"portletBuilderIdentifier": "DCURRENCY_CDSOI01:",
						"Mandatory": "true",
						"ioName": "Currency",
						"variableType": "P",
						"isHierarchy": "false"
					}
				},
				{
					"@attributes": {
						"filterKey": "",
						"filterKeyName": "",
						"filterTechName": "",
						"defaultValue": "",
						"toValue": "",
						"isPublic": "0",
						"DrillName": "",
						"portletBuilderIdentifier": "DCURRENCY_CDSOI01:",
						"Mandatory": "true",
						"ioName": "Currency",
						"variableType": "P",
						"isHierarchy": "false"
					}
				},
				{
					"@attributes": {
						"filterKey": "",
						"filterKeyName": "",
						"filterTechName": "",
						"defaultValue": "",
						"toValue": "",
						"isPublic": "0",
						"DrillName": "",
						"portletBuilderIdentifier": "DCURRENCY_CDSOI01:",
						"Mandatory": "true",
						"ioName": "Currency",
						"variableType": "P",
						"isHierarchy": "false"
					}
				},
				{
					"@attributes": {
						"filterKey": "",
						"filterKeyName": "",
						"filterTechName": "",
						"defaultValue": "",
						"toValue": "",
						"isPublic": "0",
						"DrillName": "",
						"portletBuilderIdentifier": "DCURRENCY_CDSOI01:",
						"Mandatory": "true",
						"ioName": "Currency",
						"variableType": "P",
						"isHierarchy": "false"
					}
				},
				{
					"@attributes": {
						"filterKey": "",
						"filterKeyName": "CSV: Brand Type",
						"filterTechName": "",
						"defaultValue": "",
						"toValue": "",
						"isPublic": "0",
						"DrillName": "",
						"portletBuilderIdentifier": "DRESPO__DCOREBIO1:DRESPO__DCOREBIO1",
						"ioName": "CSV Loc Brand FamTyp",
						"variableType": ""
					}
				},
				{
					"@attributes": {
						"filterKey": "",
						"filterKeyName": "CSV: Subbrand Type",
						"filterTechName": "",
						"defaultValue": "",
						"toValue": "",
						"isPublic": "0",
						"DrillName": "",
						"portletBuilderIdentifier": "DRESPO__DCOREBIO2:DRESPO__DCOREBIO2",
						"ioName": "CSV Loc. Brand Type",
						"variableType": ""
					}
				},
				{
					"@attributes": {
						"filterKey": "",
						"filterKeyName": "Perf. Overview Type",
						"filterTechName": "",
						"defaultValue": "",
						"toValue": "",
						"isPublic": "0",
						"DrillName": "",
						"portletBuilderIdentifier": "DRESPO__DCOREPIO1:DRESPO__DCOREPIO1",
						"ioName": "CSV Loc. St. Vw. Typ",
						"variableType": ""
					}
				},
				{
					"@attributes": {
						"filterKey": "",
						"filterKeyName": "CSV Loc.Sub.Chan.Typ",
						"filterTechName": "",
						"defaultValue": "",
						"toValue": "",
						"isPublic": "0",
						"DrillName": "",
						"portletBuilderIdentifier": "D_COREC__DCORECIO2:D_COREC__DCORECIO2",
						"ioName": "CSV Loc.Sub.Chan.Typ",
						"variableType": ""
					}
				},
				{
					"@attributes": {
						"filterKey": "",
						"filterKeyName": "CSV Loc. Channel Typ",
						"filterTechName": "",
						"defaultValue": "",
						"toValue": "",
						"isPublic": "0",
						"DrillName": "",
						"portletBuilderIdentifier": "D_COREC__DCORECIO1:D_COREC__DCORECIO1",
						"ioName": "CSV Loc. Channel Typ",
						"variableType": ""
					}
				},
				{
					"@attributes": {
						"filterKey": "",
						"filterKeyName": "CSV LocSub-Cha AddAO",
						"filterTechName": "",
						"defaultValue": "",
						"toValue": "",
						"isPublic": "0",
						"DrillName": "",
						"portletBuilderIdentifier": "D_COREC__DCORECSV3:D_COREC__DCORECSV3",
						"ioName": "CSV LocSub-Cha AddAO",
						"variableType": ""
					}
				},
				{
					"@attributes": {
						"filterKey": "",
						"filterKeyName": "CSV LocSubChan Type",
						"filterTechName": "",
						"defaultValue": "",
						"toValue": "",
						"isPublic": "0",
						"DrillName": "",
						"portletBuilderIdentifier": "D_COREC__DCORECIO3:D_COREC__DCORECIO3",
						"ioName": "CSV LocSubChan Type",
						"variableType": ""
					}
				},
				{
					"@attributes": {
						"filterKey": "0MATERIAL",
						"filterKeyName": "Material",
						"filterTechName": "D0MATERIAL_CDOOI",
						"defaultValue": "",
						"toValue": "",
						"isPublic": "1",
						"DrillName": "",
						"portletBuilderIdentifier": "D0MATERIAL_CDOOI:0MATERIAL",
						"ioName": "Material",
						"variableType": "S"
					}
				},
				{
					"@attributes": {
						"filterKey": "",
						"filterKeyName": "",
						"filterTechName": "DCURRENCY_CDSOI01",
						"defaultValue": "",
						"toValue": "",
						"isPublic": "1",
						"DrillName": "",
						"portletBuilderIdentifier": "DCURRENCY_CDSOI01:",
						"Mandatory": "true",
						"ioName": "Currency",
						"variableType": "P",
						"isHierarchy": "false"
					}
				}
			],
			"id": "SOA00_COPAPRP03_QS004",
			"hasTimeStructure": "true",
			"dateformat": "Mmm",
			"lastChanged": "2018-06-11 11:57:16",
			"enableAO": "true",
			"analysisQuery": "",
			"basedOnParamForDateEvent": "D0FISCPER_CXSNI00",
			"basedOnParamFormat": "MMM YYYY",
			"ignoreWarnings": "STRUC_IS"
		}
	},
	"lastChangedBy": "behri",
	"lastChanged": "2018-06-11 11:57:56",
	"token": "",
	"tokenAddedOn": null,
	"transportStatus": "1"
}