{
	"id": "4832",
	"notes": "BP 2.1",
	"scope": "PROD",
	"config": {
		"axes": {
			"verticalAxis": {
				"nonDrillTitle": "",
				"nonDrillAppendix": "",
				"drillTitle": "",
				"drillAppendix": "",
				"hide": "false",
				"hideLine": "true",
				"hideAxisLabel": "false",
				"leftAlignAxisLabel": "false",
				"boldLabel": "",
				"showIcon": "true"
			},
			"horizontalAxis": {
				"nonDrillTitle": "smart",
				"nonDrillAppendix": "",
				"drillTitle": "smart",
				"drillAppendix": "",
				"hide": "true",
				"placement": "top",
				"hideTitle": "false"
			}
		},
		"dataChanges": {
			"keyfigure": {
				"id": "07",
				"calcType": "CALC",
				"from": "03PY",
				"to": "01TOTAL"
			},
			"action": {
				"op": "suppressRows",
				"check": "sel",
				"selection": "1.1 ACT||1.2 BUD||1.3 PY||1.4 FC3||4.2 FY BUD||4.3 FY PY||4.4 FY FC3||2.2 QTR BUD||2.3 QTR FC3"
			},
			"calculateRemaining": "true",
			"removeTotalRow": "false",
			"zeroThreshold": "0.5",
			"resultRowPosition": "2",
			"resultRowLabel": "",
			"othersRowLabel": "Remaining",
			"othersRowPosition": "1",
			"useSpecialOthersVisualization": "false",
			"useSpecialTotalVisualization": "false",
			"excludeFromRemaining": "1.2,1.3,1.4,1.2.2,1.2.4,1.3.2,1.3.4,1.4.2,1.4.4,4.2.1FY,4.2.2FY,4.2.3FY,4.2.4FY,2.4.1QTD,2.4.2QTD,2.4.3QTD,2.5.1QTD,2.5.2QTDPY,2.5.3QTDPY,2.6.1QTD,2.6.2QTD,2.6.3QTD,2.7.1QTD,2.7.2QTDPY,2.7.3QTDPY,2.8.1QTD,2.8.2QTDFC,2.8.3QTDFC,2.9.1QTD,2.9.2QTDFC,2.9.3QTD,3.4.1YTD,3.4.2YTD,3.4.3YTD,3.5.1YTD,3.5.2YTDPY,3.5.3YTDPY,3.6.1YTD,3.6.2YTD,3.6.3YTD,3.7.1YTD,3.7.2YTDPY,3.7.3YTDPY,3.8.1YTD,3.8.2YTDFC,3.8.3YTDFC,3.9.1YTD,3.9.2YTDFC,3.9.3YTDFC"
		},
		"views": {
			"view": [
				{
					"setVariables": {
						"set": {
							"iKey": "AGGREGATION",
							"value": "YTD"
						}
					},
					"chart": [
						{
							"group": {
								"columns": {
									"col": {
										"id": "1.1 ACT",
										"series": "barWithLabel",
										"form": "bar",
										"applyScale": "true",
										"appendix": "SCALE UNIT",
										"decimal": "0",
										"jumpTag": "ACT"
									}
								},
								"rows": {
									"row": {
										"id": "01 Amount"
									}
								}
							},
							"pos": "0.0",
							"hideTitle": "false"
						},
						{
							"group": {
								"columns": {
									"col": {
										"id": "1.2.2 ? BUD %",
										"series": "deviationRect",
										"cut": "30",
										"dataLabelThreshold": "100",
										"applyScale": "true",
										"appendix": "SCALE UNIT",
										"decimal": "0"
									}
								},
								"rows": {
									"row": {
										"id": "01 Amount"
									}
								}
							},
							"pos": "1.0",
							"hideTitle": "false"
						},
						{
							"group": {
								"columns": {
									"col": {
										"id": "1.2.1 ? BUD",
										"series": "deviation",
										"applyScale": "true",
										"appendix": "SCALE UNIT",
										"decimal": "0",
										"jumpTag": "BUD"
									}
								},
								"rows": {
									"row": {
										"id": "01 Amount"
									}
								}
							},
							"pos": "2.0"
						},
						{
							"group": {
								"columns": {
									"col": {
										"id": "3.6.2YTD TOGO Growth",
										"series": "deviationRectExt",
										"cut": "30",
										"refColId": "3.6.3YTD ? BUD % (color)",
										"neutralInterval": "-20;20",
										"dataLabelThreshold": "100",
										"applyScale": "true",
										"appendix": "SCALE UNIT",
										"decimal": "0"
									}
								},
								"rows": {
									"row": {
										"id": "01 Amount"
									}
								}
							},
							"pos": "3.0"
						},
						{
							"group": {
								"columns": {
									"col": {
										"id": "4.2 FY BUD",
										"series": "number",
										"form": "bar",
										"applyScale": "true",
										"appendix": "SCALE UNIT",
										"decimal": "0"
									}
								},
								"rows": {
									"row": {
										"id": "01 Amount"
									}
								}
							},
							"pos": "4.0"
						}
					],
					"id": "v03",
					"label": "YTD vs BUD",
					"desiredColumnWidths": "40,15,20,15,10",
					"defaultSort": "key",
					"firstColGutterRight": "4",
					"defaultSortOrder": "2",
					"smartViewTag": "TA:YTD,DS:BUD,KA:N"
				},
				{
					"setVariables": {
						"set": {
							"iKey": "AGGREGATION",
							"value": "YTD"
						}
					},
					"chart": [
						{
							"group": {
								"columns": {
									"col": {
										"id": "1.1 ACT",
										"series": "barWithLabel",
										"form": "bar",
										"applyScale": "true",
										"appendix": "SCALE UNIT",
										"decimal": "0",
										"value": "YTD"
									}
								},
								"rows": {
									"row": {
										"id": "01 Amount"
									}
								}
							},
							"pos": "0.0",
							"jumpTag": "ACT"
						},
						{
							"group": {
								"columns": {
									"col": {
										"id": "1.3.2 ? PY %",
										"series": "deviationRect",
										"cut": "30",
										"dataLabelThreshold": "100",
										"applyScale": "true",
										"appendix": "SCALE UNIT",
										"decimal": "0"
									}
								},
								"rows": {
									"row": {
										"id": "01 Amount"
									}
								}
							},
							"pos": "1.0"
						},
						{
							"group": {
								"columns": {
									"col": {
										"id": "1.3.1 ? PY",
										"series": "deviation",
										"applyScale": "true",
										"appendix": "SCALE UNIT",
										"decimal": "0",
										"jumpTag": "PY"
									}
								},
								"rows": {
									"row": {
										"id": "01 Amount"
									}
								}
							},
							"pos": "2.0"
						},
						{
							"group": {
								"columns": {
									"col": {
										"id": "3.9.2YTDFC ? TOGO &D0VERSION_TEXT2& %",
										"series": "deviationRectExt",
										"cut": "30",
										"refColId": "3.9.3YTDFC ? &D0VERSION_TEXT2& % (color)",
										"neutralInterval": "-20;20",
										"dataLabelThreshold": "100",
										"applyScale": "true",
										"appendix": "SCALE UNIT",
										"decimal": "0"
									}
								},
								"rows": {
									"row": {
										"id": "01 Amount"
									}
								}
							},
							"pos": "3.0"
						},
						{
							"group": {
								"columns": {
									"col": {
										"id": "4.4 FY &D0VERSION_TEXT2&",
										"series": "number",
										"form": "bar",
										"applyScale": "true",
										"appendix": "SCALE UNIT",
										"decimal": "0"
									}
								},
								"rows": {
									"row": {
										"id": "01 Amount"
									}
								}
							},
							"pos": "4.0"
						}
					],
					"id": "v04",
					"label": "YTD vs PY",
					"desiredColumnWidths": "40,15,20,15,10",
					"defaultSort": "key",
					"firstColGutterRight": "4",
					"defaultSortOrder": "2",
					"smartViewTag": "TA:YTD,DS:PY,KA:N"
				},
				{
					"setVariables": {
						"set": {
							"iKey": "AGGREGATION",
							"value": "YTD"
						}
					},
					"chart": [
						{
							"group": {
								"columns": {
									"col": {
										"id": "1.1 ACT",
										"series": "barWithLabel",
										"form": "bar",
										"applyScale": "true",
										"appendix": "SCALE UNIT",
										"decimal": "0",
										"jumpTag": "ACT"
									}
								},
								"rows": {
									"row": {
										"id": "01 Amount"
									}
								}
							},
							"pos": "0.0",
							"hideTitle": "false"
						},
						{
							"group": {
								"columns": {
									"col": {
										"id": "1.3.2 ? PY %",
										"series": "deviationRect",
										"cut": "30",
										"neutralInterval": ";",
										"dataLabelThreshold": "100",
										"applyScale": "true",
										"appendix": "SCALE UNIT",
										"decimal": "0",
										"jumpTag": "PYP"
									}
								},
								"rows": {
									"row": {
										"id": "01 Net Sales"
									}
								}
							},
							"pos": "1.0",
							"hideTitle": "false"
						},
						{
							"group": {
								"columns": {
									"col": {
										"id": "1.4.1 ? &D0VERSION_TEXT2&",
										"series": "deviation",
										"applyScale": "true",
										"appendix": "SCALE UNIT",
										"decimal": "0",
										"jumpTag": "FC"
									}
								},
								"rows": {
									"row": {
										"id": "01 Amount"
									}
								}
							},
							"pos": "2.0"
						},
						{
							"group": {
								"columns": {
									"col": {
										"id": "3.9.2YTDFC ? TOGO &D0VERSION_TEXT2& %",
										"series": "deviationRectExt",
										"cut": "30",
										"refColId": "3.9.3YTDFC ? &D0VERSION_TEXT2& % (color)",
										"neutralInterval": "-20;20",
										"dataLabelThreshold": "100",
										"applyScale": "true",
										"appendix": "SCALE UNIT",
										"decimal": "0"
									}
								},
								"rows": {
									"row": {
										"id": "01 Amount"
									}
								}
							},
							"pos": "3.0"
						},
						{
							"group": {
								"columns": {
									"col": {
										"id": "4.4 FY &D0VERSION_TEXT2&",
										"series": "number",
										"form": "bar",
										"applyScale": "true",
										"appendix": "SCALE UNIT",
										"decimal": "0"
									}
								},
								"rows": {
									"row": {
										"id": "01 Amount"
									}
								}
							},
							"pos": "4.0"
						}
					],
					"id": "v14",
					"label": "YTD vs MR",
					"desiredColumnWidths": "40,15,20,15,10",
					"defaultSort": "key",
					"firstColGutterRight": "4",
					"defaultSortOrder": "2",
					"smartViewTag": "TA:YTD,DS:MR,KA:N"
				},
				{
					"setVariables": {
						"set": {
							"iKey": "AGGREGATION",
							"value": "QTD"
						}
					},
					"chart": [
						{
							"group": {
								"columns": {
									"col": {
										"id": "1.1 ACT",
										"series": "barWithLabel",
										"form": "bar",
										"applyScale": "true",
										"appendix": "SCALE UNIT",
										"decimal": "0",
										"jumpTag": "ACT"
									}
								},
								"rows": {
									"row": {
										"id": "01 Amount"
									}
								}
							},
							"pos": "0.0",
							"hideTitle": "false"
						},
						{
							"group": {
								"columns": {
									"col": {
										"id": "1.2.2 ? BUD %",
										"series": "deviationRect",
										"cut": "30",
										"dataLabelThreshold": "100",
										"applyScale": "true",
										"appendix": "SCALE UNIT",
										"decimal": "0"
									}
								},
								"rows": {
									"row": {
										"id": "01 Amount"
									}
								}
							},
							"pos": "1.0",
							"hideTitle": "false"
						},
						{
							"group": {
								"columns": {
									"col": {
										"id": "1.2.1 ? BUD",
										"series": "deviation",
										"applyScale": "true",
										"appendix": "SCALE UNIT",
										"decimal": "0",
										"jumpTag": "BUD"
									}
								},
								"rows": {
									"row": {
										"id": "01 Amount"
									}
								}
							},
							"pos": "2.0"
						},
						{
							"group": {
								"columns": {
									"col": {
										"id": "2.6.2QTD TOGO Growth",
										"series": "deviationRectExt",
										"cut": "30",
										"refColId": "2.6.3QTD ? BUD % (color)",
										"neutralInterval": "-20;20",
										"dataLabelThreshold": "100",
										"applyScale": "true",
										"appendix": "SCALE UNIT",
										"decimal": "0"
									}
								},
								"rows": {
									"row": {
										"id": "01 Amount"
									}
								}
							},
							"pos": "3.0"
						},
						{
							"group": {
								"columns": {
									"col": {
										"id": "2.2 QTR BUD",
										"series": "number",
										"form": "bar",
										"applyScale": "true",
										"appendix": "SCALE UNIT",
										"decimal": "0"
									}
								},
								"rows": {
									"row": {
										"id": "01 Amount"
									}
								}
							},
							"pos": "4.0"
						}
					],
					"id": "v07",
					"label": "QTD vs BUD",
					"desiredColumnWidths": "40,15,20,15,10",
					"defaultSort": "key",
					"firstColGutterRight": "4",
					"defaultSortOrder": "2",
					"smartViewTag": "TA:Q,DS:BUD,KA:N"
				},
				{
					"setVariables": {
						"set": {
							"iKey": "AGGREGATION",
							"value": "QTD"
						}
					},
					"chart": [
						{
							"group": {
								"columns": {
									"col": {
										"id": "1.1 ACT",
										"series": "barWithLabel",
										"form": "bar",
										"applyScale": "true",
										"appendix": "SCALE UNIT",
										"decimal": "0",
										"jumpTag": "ACT"
									}
								},
								"rows": {
									"row": {
										"id": "01 Amount"
									}
								}
							},
							"pos": "0.0"
						},
						{
							"group": {
								"columns": {
									"col": {
										"id": "1.3.2 ? PY %",
										"series": "deviationRect",
										"cut": "30",
										"dataLabelThreshold": "100",
										"applyScale": "true",
										"appendix": "SCALE UNIT",
										"decimal": "0"
									}
								},
								"rows": {
									"row": {
										"id": "01 Amount"
									}
								}
							},
							"pos": "1.0"
						},
						{
							"group": {
								"columns": {
									"col": {
										"id": "1.3.1 ? PY",
										"series": "deviation",
										"applyScale": "true",
										"appendix": "SCALE UNIT",
										"decimal": "0",
										"jumpTag": "PY"
									}
								},
								"rows": {
									"row": {
										"id": "01 Amount"
									}
								}
							},
							"pos": "2.0"
						},
						{
							"group": {
								"columns": {
									"col": {
										"id": "2.9.2QTDFC ? TOGO  &D0VERSION_TEXT2 & %",
										"series": "deviationRectExt",
										"cut": "30",
										"refColId": "2.9.3QTD ?  &D0VERSION_TEXT2 & % (color)",
										"neutralInterval": "-20;20",
										"dataLabelThreshold": "100",
										"applyScale": "true",
										"appendix": "SCALE UNIT",
										"decimal": "0"
									}
								},
								"rows": {
									"row": {
										"id": "01 Amount"
									}
								}
							},
							"pos": "3.0"
						},
						{
							"group": {
								"columns": {
									"col": {
										"id": "2.3 QTR &D0VERSION_TEXT2&",
										"series": "number",
										"form": "bar",
										"applyScale": "true",
										"appendix": "SCALE UNIT",
										"decimal": "0"
									}
								},
								"rows": {
									"row": {
										"id": "01 Amount"
									}
								}
							},
							"pos": "4.0"
						}
					],
					"id": "v08",
					"label": "QTD vs PY",
					"desiredColumnWidths": "40,15,20,15,10",
					"defaultSort": "key",
					"firstColGutterRight": "4",
					"defaultSortOrder": "2",
					"smartViewTag": "TA:Q,DS:PY,KA:N"
				},
				{
					"setVariables": {
						"set": {
							"iKey": "AGGREGATION",
							"value": "QTD"
						}
					},
					"chart": [
						{
							"group": {
								"columns": {
									"col": {
										"id": "1.1 ACT",
										"series": "barWithLabel",
										"form": "bar",
										"applyScale": "true",
										"appendix": "SCALE UNIT",
										"decimal": "0",
										"jumpTag": "ACT"
									}
								},
								"rows": {
									"row": {
										"id": "01 Amount"
									}
								}
							},
							"pos": "0.0",
							"hideTitle": "false"
						},
						{
							"group": {
								"columns": {
									"col": {
										"id": "1.3.2 ? PY %",
										"series": "deviationRect",
										"cut": "30",
										"neutralInterval": ";",
										"dataLabelThreshold": "100",
										"applyScale": "true",
										"appendix": "SCALE UNIT",
										"decimal": "0",
										"jumpTag": "PYP"
									}
								},
								"rows": {
									"row": {
										"id": "01 Net Sales"
									}
								}
							},
							"pos": "1.0",
							"hideTitle": "false"
						},
						{
							"group": {
								"columns": {
									"col": {
										"id": "1.4.1 ? &D0VERSION_TEXT2&",
										"series": "deviation",
										"applyScale": "true",
										"appendix": "SCALE UNIT",
										"decimal": "0",
										"jumpTag": "FC"
									}
								},
								"rows": {
									"row": {
										"id": "01 Net Sales"
									}
								}
							},
							"pos": "2.0"
						},
						{
							"group": {
								"columns": {
									"col": {
										"id": "2.9.2QTDFC ? TOGO  &D0VERSION_TEXT2 & %",
										"series": "deviationRectExt",
										"cut": "30",
										"refColId": "2.9.3QTD ?  &D0VERSION_TEXT2 & % (color)",
										"neutralInterval": "-20;20",
										"dataLabelThreshold": "100",
										"applyScale": "true",
										"appendix": "SCALE UNIT",
										"decimal": "0"
									}
								},
								"rows": {
									"row": {
										"id": "01 Amount"
									}
								}
							},
							"pos": "3.0"
						},
						{
							"group": {
								"columns": {
									"col": {
										"id": "2.3 QTR &D0VERSION_TEXT2&",
										"series": "number",
										"form": "bar",
										"applyScale": "true",
										"appendix": "SCALE UNIT",
										"decimal": "0"
									}
								},
								"rows": {
									"row": {
										"id": "01 Amount"
									}
								}
							},
							"pos": "4.0"
						}
					],
					"id": "v16",
					"label": "QTD vs MR",
					"desiredColumnWidths": "40,15,20,15,10",
					"defaultSort": "key",
					"firstColGutterRight": "4",
					"defaultSortOrder": "2",
					"smartViewTag": "TA:Q,DS:MR,KA:N"
				},
				{
					"setVariables": {
						"set": {
							"iKey": "AGGREGATION",
							"value": "MTH"
						}
					},
					"chart": [
						{
							"group": {
								"columns": {
									"col": {
										"id": "1.1 ACT",
										"series": "barWithLabel",
										"form": "bar",
										"applyScale": "true",
										"appendix": "SCALE UNIT",
										"decimal": "0",
										"jumpTag": "ACT"
									}
								},
								"rows": {}
							},
							"pos": "0.0"
						},
						{
							"group": {
								"columns": {
									"col": {
										"id": "1.2.2 ? BUD %",
										"series": "deviationRect",
										"cut": "30",
										"dataLabelThreshold": "100",
										"applyScale": "true",
										"appendix": "SCALE UNIT",
										"decimal": "0"
									}
								},
								"rows": {}
							},
							"pos": "1.0"
						},
						{
							"group": {
								"columns": {
									"col": {
										"id": "1.2.1 ? BUD",
										"series": "deviation",
										"applyScale": "true",
										"appendix": "SCALE UNIT",
										"decimal": "0",
										"jumpTag": "BUD"
									}
								},
								"rows": {}
							},
							"pos": "2.0"
						}
					],
					"id": "v11",
					"label": "MTH vs BUD",
					"desiredColumnWidths": "50,25,25",
					"defaultSort": "key",
					"firstColGutterRight": "4",
					"defaultSortOrder": "2",
					"smartViewTag": "M/BUD/N"
				},
				{
					"setVariables": {
						"set": {
							"iKey": "AGGREGATION",
							"value": "MTH"
						}
					},
					"chart": [
						{
							"group": {
								"columns": {
									"col": {
										"id": "1.1 ACT",
										"series": "barWithLabel",
										"form": "bar",
										"applyScale": "true",
										"appendix": "SCALE UNIT",
										"decimal": "0",
										"jumpTag": "ACT"
									}
								},
								"rows": {}
							},
							"pos": "0.0"
						},
						{
							"group": {
								"columns": {
									"col": {
										"id": "1.3.2 ? PY %",
										"series": "deviationRect",
										"cut": "30",
										"dataLabelThreshold": "100",
										"applyScale": "true",
										"appendix": "SCALE UNIT",
										"decimal": "0"
									}
								},
								"rows": {}
							},
							"pos": "1.0"
						},
						{
							"group": {
								"columns": {
									"col": {
										"id": "1.3.1 ? PY",
										"series": "deviation",
										"applyScale": "true",
										"appendix": "SCALE UNIT",
										"decimal": "0",
										"jumpTag": "PY"
									}
								},
								"rows": {}
							},
							"pos": "2.0"
						}
					],
					"id": "v12",
					"label": "MTH vs PY",
					"desiredColumnWidths": "50,25,25",
					"defaultSort": "key",
					"firstColGutterRight": "4",
					"defaultSortOrder": "2",
					"smartViewTag": "M/PY/N"
				},
				{
					"setVariables": {
						"set": {
							"iKey": "AGGREGATION",
							"value": "MTH"
						}
					},
					"chart": [
						{
							"group": {
								"columns": {
									"col": {
										"id": "1.1 ACT",
										"series": "barWithLabel",
										"form": "bar",
										"applyScale": "true",
										"appendix": "SCALE UNIT",
										"decimal": "0",
										"jumpTag": "ACT"
									}
								},
								"rows": {}
							},
							"pos": "0.0"
						},
						{
							"group": {
								"columns": {
									"col": {
										"id": "1.3.2 ? PY %",
										"series": "deviationRect",
										"cut": "30",
										"neutralInterval": ";",
										"dataLabelThreshold": "100",
										"applyScale": "true",
										"appendix": "SCALE UNIT",
										"decimal": "0",
										"jumpTag": "PYP"
									}
								},
								"rows": {}
							},
							"pos": "1.0"
						},
						{
							"group": {
								"columns": {
									"col": {
										"id": "1.4.1 ? &D0VERSION_TEXT2&",
										"series": "deviation",
										"applyScale": "true",
										"appendix": "SCALE UNIT",
										"decimal": "0",
										"jumpTag": "FC"
									}
								},
								"rows": {}
							},
							"pos": "2.0"
						}
					],
					"id": "v18",
					"label": "MTH vs MR",
					"desiredColumnWidths": "50,25,25",
					"defaultSort": "key",
					"firstColGutterRight": "4",
					"defaultSortOrder": "2",
					"smartViewTag": "TA:M,DS:MR,KA:N"
				},
				{
					"setVariables": {
						"set": {
							"iKey": "AGGREGATION",
							"value": "YTD"
						}
					},
					"chart": [
						{
							"group": {
								"columns": {
									"col": {
										"id": "1.1 ACT",
										"series": "barWithLabel",
										"form": "bar",
										"applyScale": "true",
										"appendix": "SCALE UNIT",
										"decimal": "0",
										"jumpTag": "ACT"
									}
								},
								"rows": {
									"row": {
										"id": "01 Amount"
									}
								}
							},
							"pos": "0.0",
							"hideTitle": "false"
						},
						{
							"group": {
								"columns": {
									"col": {
										"id": "1.4.2 ? FC2 %",
										"series": "deviationRect",
										"cut": "30",
										"neutralInterval": ";",
										"dataLabelThreshold": "100",
										"applyScale": "true",
										"appendix": "SCALE UNIT",
										"decimal": "0",
										"jumpTag": "FC"
									}
								},
								"rows": {
									"row": {
										"id": "01 Net Sales"
									}
								}
							},
							"pos": "1.0",
							"hideTitle": "false"
						},
						{
							"group": {
								"columns": {
									"col": {
										"id": "1.4.1 ? &D0VERSION_TEXT2&",
										"series": "deviation",
										"applyScale": "true",
										"appendix": "SCALE UNIT",
										"decimal": "0",
										"jumpTag": "FC"
									}
								},
								"rows": {
									"row": {
										"id": "01 Amount"
									}
								}
							},
							"pos": "2.0"
						},
						{
							"group": {
								"columns": {
									"col": {
										"id": "3.9.2YTDFC ? TOGO &D0VERSION_TEXT2& %",
										"series": "deviationRectExt",
										"cut": "30",
										"refColId": "3.9.3YTDFC ? &D0VERSION_TEXT2& % (color)",
										"neutralInterval": "-20;20",
										"dataLabelThreshold": "100",
										"applyScale": "true",
										"appendix": "SCALE UNIT",
										"decimal": "0"
									}
								},
								"rows": {
									"row": {
										"id": "01 Amount"
									}
								}
							},
							"pos": "3.0"
						},
						{
							"group": {
								"columns": {
									"col": {
										"id": "4.4 FY &D0VERSION_TEXT2&",
										"series": "number",
										"form": "bar",
										"applyScale": "true",
										"appendix": "SCALE UNIT",
										"decimal": "0"
									}
								},
								"rows": {
									"row": {
										"id": "01 Amount"
									}
								}
							},
							"pos": "4.0"
						}
					],
					"id": "v20",
					"label": "YTD vs FC",
					"desiredColumnWidths": "40,15,20,15,10",
					"defaultSort": "key",
					"firstColGutterRight": "4",
					"defaultSortOrder": "2",
					"smartViewTag": "TA:YTD,DS:FC,KA:N"
				},
				{
					"setVariables": {
						"set": {
							"iKey": "AGGREGATION",
							"value": "QTD"
						}
					},
					"chart": [
						{
							"group": {
								"columns": {
									"col": {
										"id": "1.1 ACT",
										"series": "barWithLabel",
										"form": "bar",
										"applyScale": "true",
										"appendix": "SCALE UNIT",
										"decimal": "0",
										"jumpTag": "ACT"
									}
								},
								"rows": {
									"row": {
										"id": "01 Amount"
									}
								}
							},
							"pos": "0.0",
							"hideTitle": "false"
						},
						{
							"group": {
								"columns": {
									"col": {
										"id": "1.4.2 ? FC2 %",
										"series": "deviationRect",
										"cut": "30",
										"neutralInterval": ";",
										"dataLabelThreshold": "100",
										"applyScale": "true",
										"appendix": "SCALE UNIT",
										"decimal": "0",
										"jumpTag": "FC"
									}
								},
								"rows": {
									"row": {
										"id": "01 Net Sales"
									}
								}
							},
							"pos": "1.0",
							"hideTitle": "false"
						},
						{
							"group": {
								"columns": {
									"col": {
										"id": "1.4.1 ? &D0VERSION_TEXT2&",
										"series": "deviation",
										"applyScale": "true",
										"appendix": "SCALE UNIT",
										"decimal": "0",
										"jumpTag": "FC"
									}
								},
								"rows": {
									"row": {
										"id": "01 Net Sales"
									}
								}
							},
							"pos": "2.0"
						},
						{
							"group": {
								"columns": {
									"col": {
										"id": "2.9.2QTDFC ? TOGO  &D0VERSION_TEXT2 & %",
										"series": "deviationRectExt",
										"cut": "30",
										"refColId": "2.9.3QTD ?  &D0VERSION_TEXT2 & % (color)",
										"neutralInterval": "-20;20",
										"dataLabelThreshold": "100",
										"applyScale": "true",
										"appendix": "SCALE UNIT",
										"decimal": "0"
									}
								},
								"rows": {
									"row": {
										"id": "01 Amount"
									}
								}
							},
							"pos": "3.0"
						},
						{
							"group": {
								"columns": {
									"col": {
										"id": "2.3 QTR &D0VERSION_TEXT2&",
										"series": "number",
										"form": "bar",
										"applyScale": "true",
										"appendix": "SCALE UNIT",
										"decimal": "0"
									}
								},
								"rows": {
									"row": {
										"id": "01 Amount"
									}
								}
							},
							"pos": "4.0"
						}
					],
					"id": "v22",
					"label": "QTD vs FC",
					"desiredColumnWidths": "40,15,20,15,10",
					"defaultSort": "key",
					"firstColGutterRight": "4",
					"defaultSortOrder": "2",
					"smartViewTag": "TA:Q,DS:FC,KA:N"
				},
				{
					"setVariables": {
						"set": {
							"iKey": "AGGREGATION",
							"value": "MTH"
						}
					},
					"chart": [
						{
							"group": {
								"columns": {
									"col": {
										"id": "1.1 ACT",
										"series": "barWithLabel",
										"form": "bar",
										"applyScale": "true",
										"appendix": "SCALE UNIT",
										"decimal": "0",
										"jumpTag": "ACT"
									}
								},
								"rows": {}
							},
							"pos": "0.0"
						},
						{
							"group": {
								"columns": {
									"col": {
										"id": "1.4.2 ? FC2 %",
										"series": "deviationRect",
										"cut": "30",
										"neutralInterval": ";",
										"dataLabelThreshold": "100",
										"applyScale": "true",
										"appendix": "SCALE UNIT",
										"decimal": "0",
										"jumpTag": "FC"
									}
								},
								"rows": {}
							},
							"pos": "1.0"
						},
						{
							"group": {
								"columns": {
									"col": {
										"id": "1.4.1 ? &D0VERSION_TEXT2&",
										"series": "deviation",
										"applyScale": "true",
										"appendix": "SCALE UNIT",
										"decimal": "0",
										"jumpTag": "FC"
									}
								},
								"rows": {}
							},
							"pos": "2.0"
						}
					],
					"id": "v24",
					"label": "MTH vs FC",
					"desiredColumnWidths": "50,25,25",
					"defaultSort": "key",
					"firstColGutterRight": "4",
					"defaultSortOrder": "2",
					"smartViewTag": "TA:M,DS:FC,KA:N"
				}
			],
			"createSeriesFrom": "columns",
			"default": "v03",
			"editing": "v04",
			"identifyColumnsByPrefix": "true",
			"resultRowPosition": "2",
			"othersRowPosition": "1",
			"resultRowLabel": "Total",
			"othersRowLabel": "Remaining",
			"queryHasResultRows": "true",
			"sortResultRowTo": "1",
			"calculateRemaining": "true",
			"remainingLabel": "Remaining",
			"identifyRowsByPrefix": "true"
		},
		"deviationCols": {
			"positiveColor": "0x005598",
			"showDataLabels": "true",
			"negativeColor": "0xC32A1F",
			"center": "true",
			"chartBackgroundColors": "false"
		},
		"colors": {
			"override": [
				{
					"id": "2.4.2QTD",
					"displayName": "2.4.2QTD",
					"color": "0xC32A1F",
					"negativeColor": "0x005598",
					"neutralColor": "0x909090"
				},
				{
					"id": "2.5.2QTDPY",
					"displayName": "2.5.2QTDPY",
					"color": "0xC32A1F",
					"negativeColor": "0xC32A1F",
					"neutralColor": "0x005598"
				},
				{
					"id": "2.6.2QTD",
					"displayName": "2.6.2QTD",
					"color": "0xC32A1F",
					"negativeColor": "0x005598",
					"neutralColor": "0x909090"
				},
				{
					"id": "2.7.2QTDPY",
					"displayName": "2.7.2QTDPY",
					"color": "0xC32A1F",
					"negativeColor": "0xC32A1F",
					"neutralColor": "0x005598"
				},
				{
					"id": "3.4.2YTD",
					"displayName": "3.4.2YTD",
					"color": "0xC32A1F",
					"negativeColor": "0x005598",
					"neutralColor": "0x909090"
				},
				{
					"id": "3.5.2YTDPY",
					"displayName": "3.5.2YTDPY",
					"color": "0xC32A1F",
					"negativeColor": "0xC32A1F",
					"neutralColor": "0x005598"
				},
				{
					"id": "3.6.2YTD",
					"displayName": "3.6.2YTD",
					"color": "0xC32A1F",
					"negativeColor": "0x005598",
					"neutralColor": "0x909090"
				},
				{
					"id": "3.7.2YTDPY",
					"displayName": "3.7.2YTDPY",
					"color": "0xC32A1F",
					"negativeColor": "0xC32A1F",
					"neutralColor": "0x005598"
				},
				{
					"id": "1.1",
					"displayName": "1.1",
					"color": "0x676767"
				},
				{
					"id": "3.8.2YTDFC",
					"displayName": "3.8.2YTDFC",
					"color": "0xC32A1F",
					"negativeColor": "0x005598",
					"neutralColor": "0x909090"
				},
				{
					"id": "3.9.2YTDFC",
					"displayName": "3.9.2YTDFC",
					"color": "0xC32A1F",
					"negativeColor": "0x005598",
					"neutralColor": "0x909090"
				},
				{
					"id": "2.8.2QTDFC",
					"displayName": "2.8.2QTDFC",
					"color": "0xC32A1F",
					"negativeColor": "0x005598",
					"neutralColor": "0x909090"
				},
				{
					"id": "2.9.2QTDFC",
					"displayName": "2.9.2QTDFC",
					"color": "0xC32A1F",
					"negativeColor": "0x005598",
					"neutralColor": "0x909090"
				}
			]
		},
		"keyfigureConfig": {
			"kf": [
				{
					"id": "1.2.2 ? BUD %",
					"applyScale": "false",
					"appendix": "%",
					"decimal": "1",
					"type": "COL",
					"displayName": "Δ BUD %"
				},
				{
					"id": "1.2.4 ? BUD cpa %",
					"applyScale": "false",
					"appendix": "%",
					"decimal": "1",
					"type": "COL",
					"displayName": "Δ BUD cpa %"
				},
				{
					"id": "1.3.2 ? PY %",
					"applyScale": "false",
					"appendix": "%",
					"decimal": "1",
					"type": "COL",
					"displayName": "Δ PY %"
				},
				{
					"id": "1.3.4 ? PY cpa %",
					"applyScale": "false",
					"appendix": "%",
					"decimal": "1",
					"type": "COL",
					"displayName": "Δ PY cpa %"
				},
				{
					"id": "2.4.2QTD TOGO Growth ca",
					"applyScale": "false",
					"appendix": "%",
					"decimal": "1",
					"type": "COL",
					"displayName": "TOGO Growth cpa"
				},
				{
					"id": "2.5.2QTDPY TOGO Growth ca",
					"applyScale": "false",
					"appendix": "%",
					"decimal": "1",
					"type": "COL",
					"displayName": "TOGO Growth cpa"
				},
				{
					"id": "2.6.2QTD TOGO Growth",
					"applyScale": "false",
					"appendix": "%",
					"decimal": "1",
					"type": "COL",
					"displayName": "TOGO Growth"
				},
				{
					"id": "2.7.2QTDPY TOGO Growth",
					"applyScale": "false",
					"appendix": "%",
					"decimal": "1",
					"type": "COL",
					"displayName": "TOGO Growth"
				},
				{
					"id": "3.4.2YTD TOGO Growth ca",
					"applyScale": "false",
					"appendix": "%",
					"decimal": "1",
					"type": "COL",
					"displayName": "TOGO Growth cpa"
				},
				{
					"id": "3.5.2YTDPY TOGO Growth ca",
					"applyScale": "false",
					"appendix": "%",
					"decimal": "1",
					"type": "COL",
					"displayName": "TOGO Growth cpa"
				},
				{
					"id": "3.6.2YTD TOGO Growth",
					"applyScale": "false",
					"appendix": "%",
					"decimal": "1",
					"type": "COL",
					"displayName": "TOGO Growth"
				},
				{
					"id": "3.7.2YTDPY TOGO Growth",
					"applyScale": "false",
					"appendix": "%",
					"decimal": "1",
					"type": "COL",
					"displayName": "TOGO Growth"
				},
				{
					"id": "4.2.2FY ? PY vs BUD %",
					"applyScale": "false",
					"appendix": "%",
					"decimal": "1",
					"type": "COL",
					"displayName": "Δ PY vs BUD %"
				},
				{
					"id": "4.2.4FY ? PY vs BUD cpa %",
					"applyScale": "false",
					"appendix": "%",
					"decimal": "1",
					"type": "COL",
					"displayName": "Δ PY vs BUD cpa %"
				},
				{
					"id": "3.8.2YTDFC ? TOGO &D0VERSION_TEXT2& ca %",
					"applyScale": "false",
					"appendix": "%",
					"decimal": "1",
					"type": "COL",
					"displayName": "TOGO Growth cpa"
				},
				{
					"id": "3.9.2YTDFC ? TOGO &D0VERSION_TEXT2& %",
					"applyScale": "false",
					"appendix": "%",
					"decimal": "1",
					"type": "COL",
					"displayName": "TOGO Growth"
				},
				{
					"id": "2.8.2QTDFC ? TOGO &D0VERSION_TEXT2& ca %",
					"applyScale": "false",
					"appendix": "%",
					"decimal": "1",
					"type": "COL",
					"displayName": "TOGO Growth cpa"
				},
				{
					"id": "2.9.2QTDFC ? TOGO &D0VERSION_TEXT2& %",
					"applyScale": "false",
					"appendix": "%",
					"decimal": "1",
					"type": "COL",
					"displayName": "TOGO Growth"
				},
				{
					"id": "1.4.4 ? &D0VERSION_TEXT2& % ca",
					"applyScale": "false",
					"appendix": " %",
					"decimal": "1",
					"type": "COL",
					"displayName": ""
				},
				{
					"id": "1.4.2 ? &D0VERSION_TEXT2& %",
					"applyScale": "false",
					"appendix": " %",
					"decimal": "1",
					"type": "COL",
					"displayName": ""
				}
			],
			"defaultApplyScale": "true",
			"defaultAppendix": "SCALE UNIT",
			"defaultDecimals": "0"
		},
		"table": {
			"basedOn": "chartView",
			"nonValueColumns": "dropLast",
			"lockNonValueColumns": "true",
			"groupAppendix": "true"
		},
		"queryRows": {
			"id": "DefaultGroup",
			"defaultRow": ""
		},
		"conditions": {
			"conditionGroup": {
				"condition": [
					{
						"keyFigureName": "v24",
						"conditionID": "00O2TK9973U24DW9ZXPHMZPSK",
						"label": "∆ BUD",
						"jumpTag": "BUD",
						"jumpTagLimit": "15"
					},
					{
						"keyFigureName": "v02",
						"conditionID": "00O2TK9973U24DW9ZXPHMZJH0",
						"label": "ACT",
						"jumpTag": "ACT",
						"jumpTagLimit": "15"
					},
					{
						"keyFigureName": "v03",
						"conditionID": "00O2TK9973U24DW9ZXPHMZW44",
						"label": "∆ PY",
						"jumpTag": "PY",
						"jumpTagLimit": "15"
					},
					{
						"keyFigureName": "v24",
						"conditionID": "00O2TK9973U27PPEP105YT7SV",
						"label": "∆ FC",
						"jumpTag": "FC",
						"jumpTagLimit": "15"
					}
				],
				"id": "Group1",
				"displayName": "Top",
				"defaultKPI": "v02"
			},
			"userCanSwitchCondition": "true"
		},
		"id": "4832",
		"defaultTitle": "BP2 - NetSales Deviation",
		"classname": "com.bayer.bi.portlets.basePortlets.BarChartTemplateWithDeviationsX",
		"scope": "PROD",
		"portletInfoURL": "http://bi-wiki.intranet.cnb/artikel.php?artikelArtName=portlet&ID=374",
		"defaultShortcuts": "",
		"defaultCacheTTL": "480",
		"defaultViewState": "first",
		"defaultLegendDirection": "none",
		"enableScale": "true",
		"defaultScaling": "1000000",
		"enableDrilldown": "true",
		"enableDrilldownByNone": "false",
		"defaultDrill": "DRESPO__DIMKKAX",
		"enableZoomingAndScrolling": "true",
		"enableChartTypeSelection": "false",
		"defaultChartType": "overlaid",
		"enableChangeOfTableGrouping": "false",
		"defaultGroupByDrillItems": "false",
		"topNFilterKeyName": "Ranking",
		"isActive": "1",
		"showInFinder": "1",
		"finderImage": "Bars",
		"defaultSortType": "none",
		"hideGridLines": "true",
		"system": "H2R",
		"category": "Sales",
		"availableSortChoices": "keyfigureColumns,none,key",
		"enableMultiJump": "true",
		"availableChartTypeChoices": "overlaid",
		"ca": "8",
		"versionFrom": "3.10.008",
		"finderTitle": "BP2 - NetSales Deviation",
		"enableTotalIndicatorInStackedMode": "false",
		"scalingChoices": "1,1000,1000000",
		"hideOrigin": "false",
		"defaultCondition": "00O2TK9973U24D4TETQ0X3TQH",
		"conditionActivate": "true",
		"barColorScheme": "BarChartTemplateDefaultColors",
		"negativeColor": "0xC32A1F",
		"positiveColor": "0x005598",
		"defaultSortOrder": "1",
		"commentId": "BP_SALES",
		"volume": {
			"moduleFilter": [
				{
					"@attributes": {
						"filterKey": "MAGIC_KEY_HIER",
						"filterKeyName": "Business View",
						"filterTechName": "DDIMKKAX_HDSOI02",
						"defaultValue": "",
						"toValue": "",
						"isPublic": "1",
						"DrillName": "DRESPO__DIMKKAX",
						"portletBuilderIdentifier": "DDIMKKAX_HDSOI02:DRESPO__DIMKKAX",
						"ioName": "BSV: Hierarchy",
						"variableType": "P"
					}
				},
				{
					"@attributes": {
						"filterKey": "DK_GB",
						"filterKeyName": "Business Group",
						"filterTechName": "DDK_GB_CDOOI",
						"defaultValue": "",
						"toValue": "",
						"isPublic": "1",
						"DrillName": "DRESPO__DK_GB",
						"portletBuilderIdentifier": "DDK_GB_CDOOI:DRESPO__DK_GB",
						"ioName": "CV 5 Business Group",
						"variableType": "S"
					}
				},
				{
					"@attributes": {
						"filterKey": "DSBE",
						"filterKeyName": "Strategic Business Entity",
						"filterTechName": "DRESPO_DSBE_CDOOI",
						"defaultValue": "",
						"toValue": "",
						"isPublic": "1",
						"DrillName": "DRESPO__DSBE",
						"portletBuilderIdentifier": "DRESPO_DSBE_CDOOI:DRESPO__DSBE",
						"ioName": "CV 6 SBE",
						"variableType": "S"
					}
				},
				{
					"@attributes": {
						"filterKey": "DRU",
						"filterKeyName": "Reporting Unit",
						"filterTechName": "DRESPO__DRU_CDOOI",
						"defaultValue": "",
						"toValue": "",
						"isPublic": "1",
						"DrillName": "DRESPO__DRU",
						"portletBuilderIdentifier": "DRESPO__DRU_CDOOI:DRESPO__DRU",
						"ioName": "CV 7 Reporting Unit",
						"variableType": "S"
					}
				},
				{
					"@attributes": {
						"filterKey": "DPC_CV",
						"filterKeyName": "Brand (RPC)",
						"filterTechName": "DRESPO__DPC_CV",
						"defaultValue": "",
						"toValue": "",
						"isPublic": "1",
						"DrillName": "DRESPO__DPC_CV",
						"portletBuilderIdentifier": "DRESPO__DPC_CV:DRESPO__DPC_CV",
						"ioName": "CV 8 Profitcenter",
						"variableType": ""
					}
				},
				{
					"@attributes": {
						"filterKey": "CV_BRAND",
						"filterKeyName": "Brand",
						"filterTechName": "DRESPO__DBRAND",
						"defaultValue": "",
						"toValue": "",
						"isPublic": "1",
						"DrillName": "DRESPO__DBRAND",
						"portletBuilderIdentifier": "DRESPO__DBRAND:DRESPO__DBRAND",
						"ioName": "CV Brand",
						"variableType": ""
					}
				},
				{
					"@attributes": {
						"filterKey": "SOP_BRANDFAM",
						"filterKeyName": "Brand Family",
						"filterTechName": "DDRESPO_DBRANDF_CDSOI01",
						"defaultValue": "",
						"toValue": "",
						"isPublic": "1",
						"DrillName": "DRESPO__DBRANDF",
						"portletBuilderIdentifier": "DDRESPO_DBRANDF_CDSOI01:DRESPO__DBRANDF",
						"ioName": "CV Brand Family",
						"variableType": "S"
					}
				},
				{
					"@attributes": {
						"filterKey": "ADD_BRAND_GRP",
						"filterKeyName": "Category",
						"filterTechName": "0MATERIAL__DBRANDG",
						"defaultValue": "",
						"toValue": "",
						"isPublic": "1",
						"DrillName": "0MATERIAL__DBRANDG",
						"portletBuilderIdentifier": "0MATERIAL__DBRANDG:0MATERIAL__DBRANDG",
						"ioName": "Add.Brand Grouping",
						"variableType": ""
					}
				},
				{
					"@attributes": {
						"filterKey": "MAGIC_KEY_COUNTRY_GROUP",
						"filterKeyName": "Country Group",
						"filterTechName": "DIMKKACG_CDOOSI01",
						"defaultValue": "",
						"toValue": "",
						"isPublic": "1",
						"DrillName": "DRESPO__DIMKKACG",
						"portletBuilderIdentifier": "DIMKKACG_CDOOSI01:DRESPO__DIMKKACG",
						"ioName": "BSV CG",
						"variableType": "S",
						"logic": "1"
					}
				},
				{
					"@attributes": {
						"filterKey": "0COUNTRY",
						"filterKeyName": "Country",
						"filterTechName": "DCOUNTRY_CDMOI01",
						"defaultValue": "",
						"toValue": "",
						"isPublic": "1",
						"DrillName": "DCTRY_FD",
						"portletBuilderIdentifier": "DCOUNTRY_CDMOI01:DCTRY_FD",
						"ioName": "Country final-dest.",
						"variableType": "M"
					}
				},
				{
					"@attributes": {
						"filterKey": "PFM_CTRY_BRAND",
						"filterKeyName": "Portfolio Management",
						"filterTechName": "DRESPO__DMVIEW",
						"defaultValue": "",
						"toValue": "",
						"isPublic": "1",
						"DrillName": "DRESPO__DMVIEW",
						"portletBuilderIdentifier": "DRESPO__DMVIEW:DRESPO__DMVIEW",
						"ioName": "CV Brand / Country",
						"variableType": ""
					}
				},
				{
					"@attributes": {
						"filterKey": "PFM_BRAND",
						"filterKeyName": "Brand Portfolio",
						"filterTechName": "DRESPO__DMUSTW1",
						"defaultValue": "",
						"toValue": "",
						"isPublic": "1",
						"DrillName": "DRESPO__DMUSTW1",
						"portletBuilderIdentifier": "DRESPO__DMUSTW1:DRESPO__DMUSTW1",
						"ioName": "CV Brand Attribute",
						"variableType": ""
					}
				},
				{
					"@attributes": {
						"filterKey": "PFM_COUNTRY",
						"filterKeyName": "Country Portfolio",
						"filterTechName": "DRESPO__DMUSTW2",
						"defaultValue": "",
						"toValue": "",
						"isPublic": "1",
						"DrillName": "DRESPO__DMUSTW2",
						"portletBuilderIdentifier": "DRESPO__DMUSTW2:DRESPO__DMUSTW2",
						"ioName": "CV Country Attribute",
						"variableType": ""
					}
				},
				{
					"@attributes": {
						"filterKey": "DSPECIES",
						"filterKeyName": "Species",
						"filterTechName": "DDSPECIES_CDOOI",
						"defaultValue": "",
						"toValue": "",
						"isPublic": "1",
						"DrillName": "DSPECIES",
						"portletBuilderIdentifier": "DDSPECIES_CDOOI:DSPECIES",
						"ioName": "Species",
						"variableType": "S"
					}
				},
				{
					"@attributes": {
						"filterKey": "0MAT_PRODH4",
						"filterKeyName": "Product Hier. L4",
						"filterTechName": "0MATERIAL__DPRODH4",
						"defaultValue": "",
						"toValue": "",
						"isPublic": "1",
						"DrillName": "0MATERIAL__DPRODH4",
						"portletBuilderIdentifier": "0MATERIAL__DPRODH4:0MATERIAL__DPRODH4",
						"ioName": "Prod.Hier. Lev. 4",
						"variableType": ""
					}
				},
				{
					"@attributes": {
						"filterKey": "DATE",
						"format": "MM.YYYY",
						"filterKeyName": "Month",
						"filterTechName": "D0FISCPER_CXSNI00",
						"defaultValue": "",
						"toValue": "",
						"isPublic": "1",
						"DrillName": "",
						"portletBuilderIdentifier": "D0FISCPER_CXSNI00:",
						"ioName": "Fiscal year/period",
						"variableType": "P",
						"isHierarchy": "false"
					}
				},
				{
					"@attributes": {
						"filterKey": "AGGREGATION",
						"filterKeyName": "Date Agg. Type",
						"filterTechName": "DDAGGTYPE_CDSMI",
						"defaultValue": "YTD",
						"toValue": "",
						"isPublic": "1",
						"DrillName": "",
						"portletBuilderIdentifier": "DDAGGTYPE_CDSMI:",
						"Mandatory": "true",
						"ioName": "Date Agg. Type",
						"variableType": "P",
						"isHierarchy": "false"
					}
				},
				{
					"@attributes": {
						"filterKey": "",
						"filterKeyName": "Ranking",
						"filterTechName": "Z0COND_FDSOI01",
						"defaultValue": "5",
						"toValue": "",
						"isPublic": "1",
						"DrillName": "",
						"portletBuilderIdentifier": "Z0COND_FDSOI01:",
						"ioName": "1FORMULA",
						"variableType": "P",
						"isHierarchy": "false"
					}
				},
				{
					"@attributes": {
						"filterKey": "VERSION",
						"filterKeyName": "Version",
						"filterTechName": "D0VERSION_CXSMIFC2",
						"defaultValue": "",
						"toValue": "",
						"isPublic": "0",
						"DrillName": "",
						"portletBuilderIdentifier": "D0VERSION_CXSMIFC2:",
						"Mandatory": "true",
						"ioName": "Version",
						"variableType": "P",
						"isHierarchy": "false"
					}
				},
				{
					"@attributes": {
						"filterKey": "CSV_PERFOV",
						"filterKeyName": "Local Steering View",
						"filterTechName": "D_DCOREPSV1_CDOOI01",
						"defaultValue": "",
						"toValue": "",
						"isPublic": "1",
						"DrillName": "DRESPO__DCOREPSV1",
						"portletBuilderIdentifier": "D_DCOREPSV1_CDOOI01:DRESPO__DCOREPSV1",
						"ioName": "CSV Loc. Steer. View",
						"variableType": "S",
						"logic": "1"
					}
				},
				{
					"@attributes": {
						"filterKey": "CSV_BRAND",
						"filterKeyName": "Local Brand Family",
						"filterTechName": "D_DCOREBSV1_CDOOI01",
						"defaultValue": "",
						"toValue": "",
						"isPublic": "1",
						"DrillName": "DRESPO__DCOREBSV1",
						"portletBuilderIdentifier": "D_DCOREBSV1_CDOOI01:DRESPO__DCOREBSV1",
						"ioName": "CSV Loc. Brand Fam.",
						"variableType": "S",
						"logic": "1"
					}
				},
				{
					"@attributes": {
						"filterKey": "CSV_SUBBRAND",
						"filterKeyName": "Local Brand",
						"filterTechName": "D_DCOREBSV2_CDOOI01",
						"defaultValue": "",
						"toValue": "",
						"isPublic": "1",
						"DrillName": "DRESPO__DCOREBSV2",
						"portletBuilderIdentifier": "D_DCOREBSV2_CDOOI01:DRESPO__DCOREBSV2",
						"ioName": "CSV Local Brand",
						"variableType": "S",
						"logic": "1"
					}
				},
				{
					"@attributes": {
						"filterKey": "CSV_CHANNEL",
						"filterKeyName": "Local Channel",
						"filterTechName": "D_DCORECSV1_CDOOI01",
						"defaultValue": "",
						"toValue": "",
						"isPublic": "1",
						"DrillName": "D_COREC__DCORECSV1",
						"portletBuilderIdentifier": "D_DCORECSV1_CDOOI01:D_COREC__DCORECSV1",
						"ioName": "CSV Local Channel",
						"variableType": "S",
						"logic": "1"
					}
				},
				{
					"@attributes": {
						"filterKey": "CSV_SUBCHANNEL",
						"filterKeyName": "Local Subchannel",
						"filterTechName": "D_DCORECSV2_CDOOI01",
						"defaultValue": "",
						"toValue": "",
						"isPublic": "1",
						"DrillName": "D_COREC__DCORECSV2",
						"portletBuilderIdentifier": "D_DCORECSV2_CDOOI01:D_COREC__DCORECSV2",
						"ioName": "CSV Local Subchannel",
						"variableType": "S",
						"logic": "1"
					}
				},
				{
					"@attributes": {
						"filterKey": "0MATERIAL",
						"filterKeyName": "Material",
						"filterTechName": "D0MATERIAL_CDOOI",
						"defaultValue": "",
						"toValue": "",
						"isPublic": "1",
						"DrillName": "0MATERIAL",
						"portletBuilderIdentifier": "D0MATERIAL_CDOOI:0MATERIAL",
						"ioName": "Material",
						"variableType": "S"
					}
				},
				{
					"@attributes": {
						"filterKey": "0CUSTOMER",
						"filterKeyName": "Customer",
						"filterTechName": "D0CUSTOMER_CDOOI",
						"defaultValue": "",
						"toValue": "",
						"isPublic": "1",
						"DrillName": "0CUSTOMER",
						"portletBuilderIdentifier": "D0CUSTOMER_CDOOI:0CUSTOMER",
						"ioName": "Customer",
						"variableType": "S"
					}
				},
				{
					"@attributes": {
						"filterKey": "MAGIC_KEY_L1",
						"filterKeyName": "Division (L1)",
						"filterTechName": "",
						"defaultValue": "",
						"toValue": "",
						"isPublic": "0",
						"DrillName": "",
						"portletBuilderIdentifier": "DDIMKKA1_CDOOI01:DRESPO__DIMKKA1",
						"ioName": "BSV Lvl 1",
						"variableType": "S"
					}
				},
				{
					"@attributes": {
						"filterKey": "MAGIC_KEY_L2",
						"filterKeyName": "Business View (L2)",
						"filterTechName": "",
						"defaultValue": "",
						"toValue": "",
						"isPublic": "0",
						"DrillName": "",
						"portletBuilderIdentifier": "DDIMKKA2_CDOOI01:DRESPO__DIMKKA2",
						"ioName": "BSV Lvl 2",
						"variableType": "S"
					}
				},
				{
					"@attributes": {
						"filterKey": "MAGIC_KEY_L3",
						"filterKeyName": "Business View (L3)",
						"filterTechName": "",
						"defaultValue": "",
						"toValue": "",
						"isPublic": "0",
						"DrillName": "",
						"portletBuilderIdentifier": "DDIMKKA3_CDOOI01:DRESPO__DIMKKA3",
						"ioName": "BSV Lvl 3",
						"variableType": "S"
					}
				},
				{
					"@attributes": {
						"filterKey": "MAGIC_KEY_L4",
						"filterKeyName": "Business View (L4)",
						"filterTechName": "",
						"defaultValue": "",
						"toValue": "",
						"isPublic": "0",
						"DrillName": "",
						"portletBuilderIdentifier": "DDIMKKA4_CDOOI01:DRESPO__DIMKKA4",
						"ioName": "BSV Lvl 4",
						"variableType": "S"
					}
				},
				{
					"@attributes": {
						"filterKey": "MAGIC_KEY_L5",
						"filterKeyName": "Business View (L5)",
						"filterTechName": "",
						"defaultValue": "",
						"toValue": "",
						"isPublic": "0",
						"DrillName": "",
						"portletBuilderIdentifier": "DDIMKKA5_CDOOI01:DRESPO__DIMKKA5",
						"ioName": "BSV Lvl 5",
						"variableType": "S"
					}
				},
				{
					"@attributes": {
						"filterKey": "MAGIC_KEY_L6",
						"filterKeyName": "Business View (L6)",
						"filterTechName": "",
						"defaultValue": "",
						"toValue": "",
						"isPublic": "0",
						"DrillName": "",
						"portletBuilderIdentifier": "DDIMKKA6_CDOOI01:DRESPO__DIMKKA6",
						"ioName": "BSV Lvl 6",
						"variableType": "S"
					}
				},
				{
					"@attributes": {
						"filterKey": "MAGIC_KEY_L7",
						"filterKeyName": "Business View (L7)",
						"filterTechName": "",
						"defaultValue": "",
						"toValue": "",
						"isPublic": "0",
						"DrillName": "",
						"portletBuilderIdentifier": "DDIMKKA7_CDOOI01:DRESPO__DIMKKA7",
						"ioName": "BSV Lvl 7",
						"variableType": "S"
					}
				},
				{
					"@attributes": {
						"filterKey": "MAGIC_KEY_L8",
						"filterKeyName": "Business View (L8)",
						"filterTechName": "",
						"defaultValue": "",
						"toValue": "",
						"isPublic": "0",
						"DrillName": "",
						"portletBuilderIdentifier": "DDIMKKA8_CDOOI01:DRESPO__DIMKKA8",
						"ioName": "BSV Lvl 8",
						"variableType": "S"
					}
				},
				{
					"@attributes": {
						"filterKey": "MAGIC_KEY_L9",
						"filterKeyName": "Business View (L9)",
						"filterTechName": "",
						"defaultValue": "",
						"toValue": "",
						"isPublic": "0",
						"DrillName": "",
						"portletBuilderIdentifier": "DDIMKKA9_CDOOSI01:DRESPO__DIMKKA9",
						"ioName": "BSV Lvl 9",
						"variableType": "S"
					}
				},
				{
					"@attributes": {
						"filterKey": "MAGIC_KEY_L10",
						"filterKeyName": "Business View (L10)",
						"filterTechName": "",
						"defaultValue": "",
						"toValue": "",
						"isPublic": "0",
						"DrillName": "",
						"portletBuilderIdentifier": "DDIMKKA10_CDOOSI01:DRESPO__DIMKKA10",
						"ioName": "BSV Lvl 10",
						"variableType": "S"
					}
				},
				{
					"@attributes": {
						"filterKey": "MAGIC_KEY_LOCAL_BU",
						"filterKeyName": "Local BU (MV)",
						"filterTechName": "",
						"defaultValue": "",
						"toValue": "",
						"isPublic": "0",
						"DrillName": "",
						"portletBuilderIdentifier": "DRESPO__DLOC_BU_M:DRESPO__DLOC_BU_M",
						"ioName": "Local BU (MV)",
						"variableType": ""
					}
				},
				{
					"@attributes": {
						"filterKey": "",
						"filterKeyName": "ROI: BP1 Key Figures (var.)",
						"filterTechName": "",
						"defaultValue": "",
						"toValue": "",
						"isPublic": "0",
						"DrillName": "",
						"portletBuilderIdentifier": "00O2TK9973U24DOQXFO2W347X:00O2TK9973U24DOQXFO2W347X",
						"ioName": "ROI: BP1 Key Figures cpa (var.)",
						"variableType": "STR"
					}
				},
				{
					"@attributes": {
						"filterKey": "",
						"filterKeyName": "Prokon",
						"filterTechName": "",
						"defaultValue": "",
						"toValue": "",
						"isPublic": "0",
						"DrillName": "",
						"portletBuilderIdentifier": "00O2TK9973U24DW9ZXPHMZ0IC:00O2TK9973U24DW9ZXPHMZ0IC",
						"ioName": "Prokon",
						"variableType": "STR"
					}
				},
				{
					"@attributes": {
						"filterKey": "",
						"filterKeyName": "",
						"filterTechName": "",
						"defaultValue": "",
						"toValue": "",
						"isPublic": "0",
						"DrillName": "",
						"portletBuilderIdentifier": "DCURRENCY_CDSOI01:",
						"Mandatory": "true",
						"ioName": "Currency",
						"variableType": "P",
						"isHierarchy": "false"
					}
				},
				{
					"@attributes": {
						"filterKey": "0CURRENCY",
						"filterKeyName": "Currency",
						"filterTechName": "DCURRENCY_CDSOI01",
						"defaultValue": "EUR",
						"toValue": "",
						"isPublic": "1",
						"DrillName": "",
						"portletBuilderIdentifier": "DCURRENCY_CDSOI01:",
						"Mandatory": "true",
						"ioName": "Currency",
						"variableType": "P",
						"isHierarchy": "false"
					}
				},
				{
					"@attributes": {
						"filterKey": "",
						"filterKeyName": "",
						"filterTechName": "",
						"defaultValue": "",
						"toValue": "",
						"isPublic": "0",
						"DrillName": "",
						"portletBuilderIdentifier": "DCURRENCY_CDSOI01:",
						"Mandatory": "true",
						"ioName": "Currency",
						"variableType": "P",
						"isHierarchy": "false"
					}
				},
				{
					"@attributes": {
						"filterKey": "",
						"filterKeyName": "",
						"filterTechName": "",
						"defaultValue": "",
						"toValue": "",
						"isPublic": "0",
						"DrillName": "",
						"portletBuilderIdentifier": "DCURRENCY_CDSOI01:",
						"Mandatory": "true",
						"ioName": "Currency",
						"variableType": "P",
						"isHierarchy": "false"
					}
				},
				{
					"@attributes": {
						"filterKey": "",
						"filterKeyName": "Exchange Rate Type",
						"filterTechName": "",
						"defaultValue": "",
						"toValue": "",
						"isPublic": "0",
						"DrillName": "",
						"portletBuilderIdentifier": "D0RTYPE_CXSNL01:",
						"ioName": "Exchange Rate Type",
						"variableType": "P",
						"isHierarchy": "false"
					}
				},
				{
					"@attributes": {
						"filterKey": "",
						"filterKeyName": "SG (Auth)",
						"filterTechName": "",
						"defaultValue": "",
						"toValue": "",
						"isPublic": "0",
						"DrillName": "",
						"portletBuilderIdentifier": "DSGA:DSGA",
						"ioName": "SG (Auth)",
						"variableType": ""
					}
				},
				{
					"@attributes": {
						"filterKey": "",
						"filterKeyName": "Respo (Auth)",
						"filterTechName": "",
						"defaultValue": "",
						"toValue": "",
						"isPublic": "0",
						"DrillName": "",
						"portletBuilderIdentifier": "DRESPL2A:DRESPL2A",
						"ioName": "Respo (Auth)",
						"variableType": ""
					}
				},
				{
					"@attributes": {
						"filterKey": "",
						"filterKeyName": "Perf. Overview Type",
						"filterTechName": "",
						"defaultValue": "",
						"toValue": "",
						"isPublic": "0",
						"DrillName": "",
						"portletBuilderIdentifier": "DRESPO__DCOREPIO1:DRESPO__DCOREPIO1",
						"ioName": "CSV Loc. St. Vw. Typ",
						"variableType": ""
					}
				},
				{
					"@attributes": {
						"filterKey": "",
						"filterKeyName": "CSV: Subbrand Type",
						"filterTechName": "",
						"defaultValue": "",
						"toValue": "",
						"isPublic": "0",
						"DrillName": "",
						"portletBuilderIdentifier": "DRESPO__DCOREBIO2:DRESPO__DCOREBIO2",
						"ioName": "CSV Loc. Brand Type",
						"variableType": ""
					}
				},
				{
					"@attributes": {
						"filterKey": "",
						"filterKeyName": "CSV: Brand Type",
						"filterTechName": "",
						"defaultValue": "",
						"toValue": "",
						"isPublic": "0",
						"DrillName": "",
						"portletBuilderIdentifier": "DRESPO__DCOREBIO1:DRESPO__DCOREBIO1",
						"ioName": "CSV Loc Brand FamTyp",
						"variableType": ""
					}
				},
				{
					"@attributes": {
						"filterKey": "",
						"filterKeyName": "CSV LocSub-Cha AddAO",
						"filterTechName": "",
						"defaultValue": "",
						"toValue": "",
						"isPublic": "0",
						"DrillName": "",
						"portletBuilderIdentifier": "D_COREC__DCORECSV3:D_COREC__DCORECSV3",
						"ioName": "CSV LocSub-Cha AddAO",
						"variableType": ""
					}
				},
				{
					"@attributes": {
						"filterKey": "",
						"filterKeyName": "CSV Loc.Sub.Chan.Typ",
						"filterTechName": "",
						"defaultValue": "",
						"toValue": "",
						"isPublic": "0",
						"DrillName": "",
						"portletBuilderIdentifier": "D_COREC__DCORECIO2:D_COREC__DCORECIO2",
						"ioName": "CSV Loc.Sub.Chan.Typ",
						"variableType": ""
					}
				},
				{
					"@attributes": {
						"filterKey": "",
						"filterKeyName": "CSV LocSubChan Type",
						"filterTechName": "",
						"defaultValue": "",
						"toValue": "",
						"isPublic": "0",
						"DrillName": "",
						"portletBuilderIdentifier": "D_COREC__DCORECIO3:D_COREC__DCORECIO3",
						"ioName": "CSV LocSubChan Type",
						"variableType": ""
					}
				},
				{
					"@attributes": {
						"filterKey": "",
						"filterKeyName": "CSV Loc. Channel Typ",
						"filterTechName": "",
						"defaultValue": "",
						"toValue": "",
						"isPublic": "0",
						"DrillName": "",
						"portletBuilderIdentifier": "D_COREC__DCORECIO1:D_COREC__DCORECIO1",
						"ioName": "CSV Loc. Channel Typ",
						"variableType": ""
					}
				}
			],
			"id": "SOA00_COPAPRP03_QS027",
			"lastChanged": "2018-06-19 16:27:01",
			"enableAO": "true",
			"analysisQuery": "SOA00_COPAPRP03_QS027",
			"ignoreWarnings": "STRUC_IS"
		}
	},
	"lastChangedBy": "behri",
	"lastChanged": "2018-06-19 16:27:12",
	"token": "",
	"tokenAddedOn": null,
	"transportStatus": "1"
}