{
	"id": "2576",
	"notes": "Transport requested by WDELL 01/06/2018",
	"scope": "PROD",
	"config": {
		"axes": {
			"axis": [
				{
					"id": "v1",
					"hide": "true",
					"hideAxisLabel": "true",
					"defaultTitle": "(SCALE UNIT)",
					"baseAtZero": "true",
					"titleLogic": "defaulttitle",
					"appendix": "",
					"defaultDrilldownTitle": "",
					"drilldownTitleLogic": "SMART",
					"drillAppendix": "",
					"hideAxisTitle": "false",
					"letUserChangeBasedOnZero": "false"
				},
				{
					"id": "v2",
					"hide": "true",
					"hideAxisLabel": "true",
					"defaultTitle": "",
					"baseAtZero": "true",
					"titleLogic": "SMART",
					"appendix": "",
					"defaultDrilldownTitle": "",
					"drilldownTitleLogic": "SMART",
					"drillAppendix": "",
					"hideAxisTitle": "true",
					"letUserChangeBasedOnZero": "true"
				},
				{
					"id": "h1",
					"defaultTitle": "",
					"labelRotationEnabled": "false",
					"canDropLabels": "false",
					"hideAxisLabel": "false",
					"hide": "false",
					"axisLabelMapping": "Overall Result:YTD"
				}
			]
		},
		"views": {
			"view": [
				{
					"chart": [
						{
							"group": [
								{
									"row": {
										"id": "1.2 BUD",
										"label": "BUD",
										"series": "column",
										"vaxis": "v1",
										"applyScale": "true",
										"appendix": " (SCALE UNIT)",
										"decimal": "0",
										"defaultVisible": "true",
										"defaultdrill": "false",
										"drillable": "false",
										"drillSeries": "line",
										"drillVAxis": "v1",
										"form": "budgetCols",
										"color": "0x676767",
										"showDataLabels": "false",
										"displayOrder": "0"
									}
								},
								{
									"row": [
										{
											"id": "1.1B ACT Bayer Core",
											"label": "ACT Bayer Core",
											"series": "column",
											"vaxis": "v1",
											"applyScale": "true",
											"appendix": " (SCALE UNIT)",
											"decimal": "0",
											"defaultVisible": "true",
											"defaultdrill": "false",
											"drillable": "true",
											"drillSeries": "line",
											"drillVAxis": "v1",
											"displayOrder": "1",
											"showDataLabels": "false",
											"color": "0x676767"
										},
										{
											"id": "1.1M ACT Monsanto",
											"label": "ACT Monsanto",
											"series": "column",
											"vaxis": "v1",
											"applyScale": "true",
											"appendix": " (SCALE UNIT)",
											"decimal": "0",
											"defaultVisible": "true",
											"defaultdrill": "false",
											"drillable": "true",
											"drillSeries": "line",
											"drillVAxis": "v1",
											"displayOrder": "1",
											"showDataLabels": "false",
											"color": "0xC0ABC0"
										}
									],
									"type": "stacked"
								}
							],
							"pos": "0.0",
							"useSubsetsForGroups": "true",
							"extractCol": "",
							"hideAxisTitle": "false",
							"titleLogic": "defaulttitle",
							"defaultTitle": " "
						},
						{
							"group": {
								"row": {
									"id": "1.2.3YTD Δ BUD cpa",
									"label": "",
									"series": "deviation",
									"vaxis": "v1",
									"applyScale": "true",
									"appendix": " (SCALE UNIT)",
									"decimal": "0",
									"defaultVisible": "true",
									"defaultdrill": "true",
									"drillable": "true",
									"drillSeries": "line",
									"drillVAxis": "v1",
									"displayOrder": "0"
								},
								"columnSetType": "overlapping"
							},
							"pos": "1.1",
							"extractCol": "Overall Result",
							"hideAxisTitle": "true"
						},
						{
							"group": {
								"row": {
									"id": "1.2.3 Δ BUD cpa",
									"label": "",
									"series": "deviation",
									"vaxis": "v1",
									"applyScale": "true",
									"appendix": " (SCALE UNIT)",
									"decimal": "0",
									"defaultVisible": "true",
									"defaultdrill": "false",
									"drillable": "false",
									"drillSeries": "line",
									"drillVAxis": "v1",
									"displayOrder": "0"
								},
								"columnSetType": "overlapping"
							},
							"pos": "0.1",
							"hideAxisTitle": "false",
							"titleLogic": "smart"
						},
						{
							"group": {
								"row": {
									"id": "1.2.4 Δ BUD cpa %",
									"label": "",
									"series": "deviationRect",
									"vaxis": "v1",
									"applyScale": "false",
									"appendix": "%",
									"decimal": "1",
									"defaultVisible": "true",
									"defaultdrill": "true",
									"drillable": "true",
									"drillSeries": "line",
									"drillVAxis": "v1",
									"displayOrder": "0"
								},
								"columnSetType": "overlapping"
							},
							"pos": "0.2",
							"hideAxisTitle": "false",
							"titleLogic": "smart"
						},
						{
							"group": {
								"row": {
									"id": "1.2.4YTD Δ BUD cpa %",
									"label": "",
									"series": "deviationRect",
									"vaxis": "v1",
									"applyScale": "false",
									"appendix": "%",
									"decimal": "1",
									"defaultVisible": "true",
									"defaultdrill": "true",
									"drillable": "true",
									"drillSeries": "line",
									"drillVAxis": "v1",
									"displayOrder": "0"
								},
								"columnSetType": "overlapping"
							},
							"pos": "1.2",
							"extractCol": "Overall Result",
							"hideAxisTitle": "true"
						},
						{
							"group": [
								{
									"row": {
										"id": "1.2YTD BUD",
										"label": "BUD YTD",
										"series": "column",
										"vaxis": "v1",
										"applyScale": "true",
										"appendix": " (SCALE UNIT)",
										"decimal": "0",
										"defaultVisible": "true",
										"defaultdrill": "false",
										"drillable": "false",
										"drillSeries": "line",
										"drillVAxis": "v1",
										"form": "budgetCols",
										"color": "0x676767",
										"showDataLabels": "false",
										"displayOrder": "0"
									}
								},
								{
									"row": [
										{
											"id": "1.1B ACT Bayer Core",
											"label": "ACT YTD Bayer",
											"series": "column",
											"vaxis": "v1",
											"applyScale": "true",
											"appendix": " (SCALE UNIT)",
											"decimal": "0",
											"defaultVisible": "true",
											"defaultdrill": "false",
											"drillable": "true",
											"drillSeries": "line",
											"drillVAxis": "v1",
											"displayOrder": "2",
											"form": "column",
											"color": "0x676767"
										},
										{
											"id": "1.1M ACT Monsanto",
											"label": "ACT YTD Monsanto",
											"series": "column",
											"vaxis": "v1",
											"applyScale": "true",
											"appendix": " (SCALE UNIT)",
											"decimal": "0",
											"defaultVisible": "true",
											"defaultdrill": "false",
											"drillable": "true",
											"drillSeries": "line",
											"drillVAxis": "v1",
											"form": "column",
											"showDataLabels": "false",
											"color": "0xC0ABC0",
											"displayOrder": "1"
										}
									],
									"type": "stacked"
								}
							],
							"pos": "1.0",
							"useSubsetsForGroups": "true",
							"extractCol": "Overall Result",
							"hideAxisTitle": "true",
							"columnSetType": "overlapping"
						}
					],
					"id": "v01",
					"label": "ACT vs BUD ca",
					"desiredColumnWidths": "85,15,0",
					"firstColGutterRight": "4",
					"gridSize": "2 X 3",
					"smartViewTag": "/BUD/A"
				},
				{
					"chart": [
						{
							"group": [
								{
									"row": {
										"id": "1.3 PY",
										"label": "PY",
										"series": "column",
										"vaxis": "v1",
										"applyScale": "true",
										"appendix": " (SCALE UNIT)",
										"decimal": "0",
										"defaultVisible": "true",
										"defaultdrill": "false",
										"drillable": "false",
										"drillSeries": "line",
										"drillVAxis": "v1",
										"form": "column",
										"color": "0xD9D9D9",
										"showDataLabels": "false",
										"displayOrder": "0"
									}
								},
								{
									"row": [
										{
											"id": "1.1B ACT Bayer Core",
											"label": "ACT Bayer Core",
											"series": "column",
											"vaxis": "v1",
											"applyScale": "true",
											"appendix": " (SCALE UNIT)",
											"decimal": "0",
											"defaultVisible": "true",
											"defaultdrill": "false",
											"drillable": "true",
											"drillSeries": "line",
											"drillVAxis": "v1",
											"displayOrder": "1",
											"showDataLabels": "false",
											"color": "0x676767"
										},
										{
											"id": "1.1M ACT Monsanto",
											"label": "ACT Monsanto",
											"series": "column",
											"vaxis": "v1",
											"applyScale": "true",
											"appendix": " (SCALE UNIT)",
											"decimal": "0",
											"defaultVisible": "true",
											"defaultdrill": "false",
											"drillable": "true",
											"drillSeries": "line",
											"drillVAxis": "v1",
											"displayOrder": "1",
											"showDataLabels": "false",
											"color": "0xC0ABC0"
										}
									],
									"type": "stacked"
								}
							],
							"pos": "0.0",
							"useSubsetsForGroups": "true",
							"extractCol": "",
							"hideAxisTitle": "false",
							"titleLogic": "defaulttitle",
							"defaultTitle": " "
						},
						{
							"group": {
								"row": {
									"id": "1.3.3YTD Δ PY cpa",
									"label": "",
									"series": "deviation",
									"vaxis": "v1",
									"applyScale": "true",
									"appendix": " (SCALE UNIT)",
									"decimal": "0",
									"defaultVisible": "true",
									"defaultdrill": "true",
									"drillable": "true",
									"drillSeries": "line",
									"drillVAxis": "v1",
									"displayOrder": "0"
								},
								"columnSetType": "overlapping"
							},
							"pos": "1.1",
							"extractCol": "Overall Result",
							"hideAxisTitle": "true"
						},
						{
							"group": {
								"row": {
									"id": "1.3.3 Δ PY cpa",
									"label": "",
									"series": "deviation",
									"vaxis": "v1",
									"applyScale": "true",
									"appendix": " (SCALE UNIT)",
									"decimal": "0",
									"defaultVisible": "true",
									"defaultdrill": "false",
									"drillable": "false",
									"drillSeries": "line",
									"drillVAxis": "v1",
									"displayOrder": "0"
								},
								"columnSetType": "overlapping"
							},
							"pos": "0.1",
							"hideAxisTitle": "false",
							"titleLogic": "smart"
						},
						{
							"group": {
								"row": {
									"id": "1.3.4 Δ PY cpa %",
									"label": "",
									"series": "deviationRect",
									"vaxis": "v1",
									"applyScale": "false",
									"appendix": "%",
									"decimal": "1",
									"defaultVisible": "true",
									"defaultdrill": "true",
									"drillable": "true",
									"drillSeries": "line",
									"drillVAxis": "v1",
									"displayOrder": "0"
								},
								"columnSetType": "overlapping"
							},
							"pos": "0.2",
							"hideAxisTitle": "false",
							"titleLogic": "smart"
						},
						{
							"group": {
								"row": {
									"id": "1.3.4YTD Δ PY cpa %",
									"label": "",
									"series": "deviationRect",
									"vaxis": "v1",
									"applyScale": "false",
									"appendix": "%",
									"decimal": "1",
									"defaultVisible": "true",
									"defaultdrill": "true",
									"drillable": "true",
									"drillSeries": "line",
									"drillVAxis": "v1",
									"displayOrder": "0"
								},
								"columnSetType": "overlapping"
							},
							"pos": "1.2",
							"extractCol": "Overall Result",
							"hideAxisTitle": "true"
						},
						{
							"group": [
								{
									"row": {
										"id": "1.3YTD PY",
										"label": "PY YTD",
										"series": "column",
										"vaxis": "v1",
										"applyScale": "true",
										"appendix": " (SCALE UNIT)",
										"decimal": "0",
										"defaultVisible": "true",
										"defaultdrill": "false",
										"drillable": "false",
										"drillSeries": "line",
										"drillVAxis": "v1",
										"form": "column",
										"color": "0xD9D9D9",
										"showDataLabels": "false",
										"displayOrder": "0"
									}
								},
								{
									"row": [
										{
											"id": "1.1B ACT Bayer Core",
											"label": "ACT YTD Bayer",
											"series": "column",
											"vaxis": "v1",
											"applyScale": "true",
											"appendix": " (SCALE UNIT)",
											"decimal": "0",
											"defaultVisible": "true",
											"defaultdrill": "false",
											"drillable": "true",
											"drillSeries": "line",
											"drillVAxis": "v1",
											"displayOrder": "2",
											"form": "column",
											"color": "0x676767"
										},
										{
											"id": "1.1M ACT Monsanto",
											"label": "ACT YTD Monsanto",
											"series": "column",
											"vaxis": "v1",
											"applyScale": "true",
											"appendix": " (SCALE UNIT)",
											"decimal": "0",
											"defaultVisible": "true",
											"defaultdrill": "false",
											"drillable": "true",
											"drillSeries": "line",
											"drillVAxis": "v1",
											"form": "column",
											"showDataLabels": "false",
											"color": "0xC0ABC0",
											"displayOrder": "1"
										}
									],
									"type": "stacked"
								}
							],
							"pos": "1.0",
							"useSubsetsForGroups": "true",
							"extractCol": "Overall Result",
							"hideAxisTitle": "true",
							"columnSetType": "overlapping"
						}
					],
					"id": "v02",
					"label": "ACT vs PY ca",
					"desiredColumnWidths": "85,15,0",
					"firstColGutterRight": "4",
					"gridSize": "2 X 3",
					"smartViewTag": "/PY/A"
				},
				{
					"chart": [
						{
							"group": [
								{
									"row": {
										"id": "1.2 BUD",
										"label": "",
										"series": "column",
										"vaxis": "v1",
										"applyScale": "true",
										"appendix": " (SCALE UNIT)",
										"decimal": "0",
										"defaultVisible": "true",
										"defaultdrill": "false",
										"drillable": "false",
										"drillSeries": "line",
										"drillVAxis": "v1",
										"form": "budgetCols",
										"color": "0x676767",
										"showDataLabels": "false",
										"displayOrder": "0"
									}
								},
								{
									"row": [
										{
											"id": "1.1B ACT Bayer Core",
											"label": "ACT Bayer Core",
											"series": "column",
											"vaxis": "v1",
											"applyScale": "true",
											"appendix": " (SCALE UNIT)",
											"decimal": "0",
											"defaultVisible": "true",
											"defaultdrill": "false",
											"drillable": "true",
											"drillSeries": "line",
											"drillVAxis": "v1",
											"displayOrder": "1",
											"showDataLabels": "false",
											"color": "0x676767"
										},
										{
											"id": "1.1M ACT Monsanto",
											"label": "ACT Monsanto",
											"series": "column",
											"vaxis": "v1",
											"applyScale": "true",
											"appendix": " (SCALE UNIT)",
											"decimal": "0",
											"defaultVisible": "true",
											"defaultdrill": "false",
											"drillable": "true",
											"drillSeries": "line",
											"drillVAxis": "v1",
											"displayOrder": "1",
											"showDataLabels": "false",
											"color": "0xC0ABC0"
										}
									],
									"type": "stacked"
								}
							],
							"pos": "0.0",
							"useSubsetsForGroups": "true",
							"extractCol": "",
							"hideAxisTitle": "false",
							"titleLogic": "defaulttitle",
							"defaultTitle": " "
						},
						{
							"group": {
								"row": {
									"id": "14.1YTD Δ &D0VERSION_TEXT2&",
									"label": "",
									"series": "deviation",
									"vaxis": "v1",
									"applyScale": "true",
									"appendix": " (SCALE UNIT)",
									"decimal": "0",
									"defaultVisible": "true",
									"defaultdrill": "true",
									"drillable": "true",
									"drillSeries": "line",
									"drillVAxis": "v1",
									"displayOrder": "0"
								},
								"columnSetType": "overlapping"
							},
							"pos": "1.1",
							"extractCol": "Overall Result",
							"hideAxisTitle": "true"
						},
						{
							"group": {
								"row": {
									"id": "1.4.1 Δ &D0VERSION_TEXT2&",
									"label": "",
									"series": "deviation",
									"vaxis": "v1",
									"applyScale": "true",
									"appendix": " (SCALE UNIT)",
									"decimal": "0",
									"defaultVisible": "true",
									"defaultdrill": "false",
									"drillable": "false",
									"drillSeries": "line",
									"drillVAxis": "v1",
									"displayOrder": "0"
								},
								"columnSetType": "overlapping"
							},
							"pos": "0.1",
							"hideAxisTitle": "false",
							"titleLogic": "smart"
						},
						{
							"group": {
								"row": {
									"id": "1.3.2 Δ PY %",
									"label": "",
									"series": "deviationRect",
									"vaxis": "v1",
									"applyScale": "false",
									"appendix": "%",
									"decimal": "1",
									"defaultVisible": "true",
									"defaultdrill": "true",
									"drillable": "true",
									"drillSeries": "line",
									"drillVAxis": "v1",
									"displayOrder": "0"
								},
								"columnSetType": "overlapping"
							},
							"pos": "0.2",
							"hideAxisTitle": "false",
							"titleLogic": "smart"
						},
						{
							"group": {
								"row": {
									"id": "1.3.2YTD Δ PY %",
									"label": "",
									"series": "deviationRect",
									"vaxis": "v1",
									"applyScale": "false",
									"appendix": "%",
									"decimal": "1",
									"defaultVisible": "true",
									"defaultdrill": "true",
									"drillable": "true",
									"drillSeries": "line",
									"drillVAxis": "v1",
									"displayOrder": "0"
								},
								"columnSetType": "overlapping"
							},
							"pos": "1.2",
							"extractCol": "Overall Result",
							"hideAxisTitle": "true"
						},
						{
							"group": [
								{
									"row": {
										"id": "1.2YTD BUD",
										"label": "",
										"series": "column",
										"vaxis": "v1",
										"applyScale": "true",
										"appendix": " (SCALE UNIT)",
										"decimal": "0",
										"defaultVisible": "true",
										"defaultdrill": "false",
										"drillable": "false",
										"drillSeries": "line",
										"drillVAxis": "v1",
										"form": "budgetCols",
										"color": "0x676767",
										"showDataLabels": "false",
										"displayOrder": "0"
									}
								},
								{
									"row": [
										{
											"id": "1.1B ACT Bayer Core",
											"label": "ACT YTD Bayer",
											"series": "column",
											"vaxis": "v1",
											"applyScale": "true",
											"appendix": " (SCALE UNIT)",
											"decimal": "0",
											"defaultVisible": "true",
											"defaultdrill": "false",
											"drillable": "true",
											"drillSeries": "line",
											"drillVAxis": "v1",
											"displayOrder": "2",
											"form": "column",
											"color": "0x676767"
										},
										{
											"id": "1.1M ACT Monsanto",
											"label": "ACT YTD Monsanto",
											"series": "column",
											"vaxis": "v1",
											"applyScale": "true",
											"appendix": " (SCALE UNIT)",
											"decimal": "0",
											"defaultVisible": "true",
											"defaultdrill": "false",
											"drillable": "true",
											"drillSeries": "line",
											"drillVAxis": "v1",
											"form": "column",
											"showDataLabels": "false",
											"color": "0xC0ABC0",
											"displayOrder": "1"
										}
									],
									"type": "stacked"
								}
							],
							"pos": "1.0",
							"useSubsetsForGroups": "true",
							"extractCol": "Overall Result",
							"hideAxisTitle": "true",
							"columnSetType": "overlapping"
						}
					],
					"id": "v05",
					"label": "ACT vs MR",
					"desiredColumnWidths": "85,15,0",
					"firstColGutterRight": "4",
					"gridSize": "2 X 3",
					"smartViewTag": "/MR/A"
				},
				{
					"chart": [
						{
							"group": [
								{
									"row": {
										"id": "1.2 BUD",
										"label": "BUD",
										"series": "column",
										"vaxis": "v1",
										"applyScale": "true",
										"appendix": " (SCALE UNIT)",
										"decimal": "0",
										"defaultVisible": "true",
										"defaultdrill": "false",
										"drillable": "false",
										"drillSeries": "line",
										"drillVAxis": "v1",
										"form": "budgetCols",
										"color": "0x676767",
										"showDataLabels": "false",
										"displayOrder": "0"
									}
								},
								{
									"row": [
										{
											"id": "1.1B ACT Bayer Core",
											"label": "ACT Bayer Core",
											"series": "column",
											"vaxis": "v1",
											"applyScale": "true",
											"appendix": " (SCALE UNIT)",
											"decimal": "0",
											"defaultVisible": "true",
											"defaultdrill": "false",
											"drillable": "true",
											"drillSeries": "line",
											"drillVAxis": "v1",
											"displayOrder": "1",
											"showDataLabels": "false",
											"color": "0x676767"
										},
										{
											"id": "1.1M ACT Monsanto",
											"label": "ACT Monsanto",
											"series": "column",
											"vaxis": "v1",
											"applyScale": "true",
											"appendix": " (SCALE UNIT)",
											"decimal": "0",
											"defaultVisible": "true",
											"defaultdrill": "false",
											"drillable": "true",
											"drillSeries": "line",
											"drillVAxis": "v1",
											"displayOrder": "1",
											"showDataLabels": "false",
											"color": "0xC0ABC0"
										}
									],
									"type": "stacked"
								}
							],
							"pos": "0.0",
							"useSubsetsForGroups": "true",
							"extractCol": "",
							"hideAxisTitle": "false",
							"titleLogic": "defaulttitle",
							"defaultTitle": " "
						},
						{
							"group": {
								"row": {
									"id": "1.2.1YTD Δ BUD",
									"label": "",
									"series": "deviation",
									"vaxis": "v1",
									"applyScale": "true",
									"appendix": " (SCALE UNIT)",
									"decimal": "0",
									"defaultVisible": "true",
									"defaultdrill": "true",
									"drillable": "true",
									"drillSeries": "line",
									"drillVAxis": "v1",
									"displayOrder": "0"
								},
								"columnSetType": "overlapping"
							},
							"pos": "1.1",
							"extractCol": "Overall Result",
							"hideAxisTitle": "true"
						},
						{
							"group": {
								"row": {
									"id": "1.2.1 Δ BUD",
									"label": "",
									"series": "deviation",
									"vaxis": "v1",
									"applyScale": "true",
									"appendix": " (SCALE UNIT)",
									"decimal": "0",
									"defaultVisible": "true",
									"defaultdrill": "false",
									"drillable": "false",
									"drillSeries": "line",
									"drillVAxis": "v1",
									"displayOrder": "0"
								},
								"columnSetType": "overlapping"
							},
							"pos": "0.1",
							"hideAxisTitle": "false",
							"titleLogic": "smart"
						},
						{
							"group": {
								"row": {
									"id": "1.2.2 Δ BUD %",
									"label": "",
									"series": "deviationRect",
									"vaxis": "v1",
									"applyScale": "false",
									"appendix": "%",
									"decimal": "1",
									"defaultVisible": "true",
									"defaultdrill": "true",
									"drillable": "true",
									"drillSeries": "line",
									"drillVAxis": "v1",
									"displayOrder": "0"
								},
								"columnSetType": "overlapping"
							},
							"pos": "0.2",
							"hideAxisTitle": "false",
							"titleLogic": "smart"
						},
						{
							"group": {
								"row": {
									"id": "1.2.2YTD Δ BUD %",
									"label": "",
									"series": "deviationRect",
									"vaxis": "v1",
									"applyScale": "false",
									"appendix": "%",
									"decimal": "1",
									"defaultVisible": "true",
									"defaultdrill": "true",
									"drillable": "true",
									"drillSeries": "line",
									"drillVAxis": "v1",
									"displayOrder": "0"
								},
								"columnSetType": "overlapping"
							},
							"pos": "1.2",
							"extractCol": "Overall Result",
							"hideAxisTitle": "true"
						},
						{
							"group": [
								{
									"row": {
										"id": "1.2YTD BUD",
										"label": "BUD YTD",
										"series": "column",
										"vaxis": "v1",
										"applyScale": "true",
										"appendix": " (SCALE UNIT)",
										"decimal": "0",
										"defaultVisible": "true",
										"defaultdrill": "false",
										"drillable": "false",
										"drillSeries": "line",
										"drillVAxis": "v1",
										"form": "budgetCols",
										"color": "0x676767",
										"showDataLabels": "false",
										"displayOrder": "0"
									}
								},
								{
									"row": [
										{
											"id": "1.1B ACT Bayer Core",
											"label": "ACT YTD Bayer",
											"series": "column",
											"vaxis": "v1",
											"applyScale": "true",
											"appendix": " (SCALE UNIT)",
											"decimal": "0",
											"defaultVisible": "true",
											"defaultdrill": "false",
											"drillable": "true",
											"drillSeries": "line",
											"drillVAxis": "v1",
											"displayOrder": "2",
											"form": "column",
											"color": "0x676767"
										},
										{
											"id": "1.1M ACT Monsanto",
											"label": "ACT YTD Monsanto",
											"series": "column",
											"vaxis": "v1",
											"applyScale": "true",
											"appendix": " (SCALE UNIT)",
											"decimal": "0",
											"defaultVisible": "true",
											"defaultdrill": "false",
											"drillable": "true",
											"drillSeries": "line",
											"drillVAxis": "v1",
											"form": "column",
											"showDataLabels": "false",
											"color": "0xC0ABC0",
											"displayOrder": "1"
										}
									],
									"type": "stacked"
								}
							],
							"pos": "1.0",
							"useSubsetsForGroups": "true",
							"extractCol": "Overall Result",
							"hideAxisTitle": "true",
							"columnSetType": "overlapping"
						}
					],
					"id": "v03",
					"label": "ACT vs BUD",
					"desiredColumnWidths": "85,15,0",
					"firstColGutterRight": "4",
					"gridSize": "2 X 3",
					"smartViewTag": "/BUD/N"
				},
				{
					"chart": [
						{
							"group": [
								{
									"row": {
										"id": "1.3 PY",
										"label": "PY",
										"series": "column",
										"vaxis": "v1",
										"applyScale": "true",
										"appendix": " (SCALE UNIT)",
										"decimal": "0",
										"defaultVisible": "true",
										"defaultdrill": "false",
										"drillable": "false",
										"drillSeries": "line",
										"drillVAxis": "v1",
										"form": "column",
										"color": "0xD9D9D9",
										"showDataLabels": "false",
										"displayOrder": "0"
									}
								},
								{
									"row": [
										{
											"id": "1.1B ACT Bayer Core",
											"label": "ACT Bayer Core",
											"series": "column",
											"vaxis": "v1",
											"applyScale": "true",
											"appendix": " (SCALE UNIT)",
											"decimal": "0",
											"defaultVisible": "true",
											"defaultdrill": "false",
											"drillable": "true",
											"drillSeries": "line",
											"drillVAxis": "v1",
											"displayOrder": "1",
											"showDataLabels": "false",
											"color": "0x676767"
										},
										{
											"id": "1.1M ACT Monsanto",
											"label": "ACT Monsanto",
											"series": "column",
											"vaxis": "v1",
											"applyScale": "true",
											"appendix": " (SCALE UNIT)",
											"decimal": "0",
											"defaultVisible": "true",
											"defaultdrill": "false",
											"drillable": "true",
											"drillSeries": "line",
											"drillVAxis": "v1",
											"displayOrder": "1",
											"showDataLabels": "false",
											"color": "0xC0ABC0"
										}
									],
									"type": "stacked"
								}
							],
							"pos": "0.0",
							"useSubsetsForGroups": "true",
							"extractCol": "",
							"hideAxisTitle": "false",
							"titleLogic": "defaulttitle",
							"defaultTitle": " "
						},
						{
							"group": {
								"row": {
									"id": "1.3.1YTD Δ PY",
									"label": "",
									"series": "deviation",
									"vaxis": "v1",
									"applyScale": "true",
									"appendix": " (SCALE UNIT)",
									"decimal": "0",
									"defaultVisible": "true",
									"defaultdrill": "true",
									"drillable": "true",
									"drillSeries": "line",
									"drillVAxis": "v1",
									"displayOrder": "0"
								},
								"columnSetType": "overlapping"
							},
							"pos": "1.1",
							"extractCol": "Overall Result",
							"hideAxisTitle": "true"
						},
						{
							"group": {
								"row": {
									"id": "1.3.1 Δ PY",
									"label": "",
									"series": "deviation",
									"vaxis": "v1",
									"applyScale": "true",
									"appendix": " (SCALE UNIT)",
									"decimal": "0",
									"defaultVisible": "true",
									"defaultdrill": "false",
									"drillable": "false",
									"drillSeries": "line",
									"drillVAxis": "v1",
									"displayOrder": "0"
								},
								"columnSetType": "overlapping"
							},
							"pos": "0.1",
							"hideAxisTitle": "false",
							"titleLogic": "smart"
						},
						{
							"group": {
								"row": {
									"id": "1.3.2 Δ PY %",
									"label": "",
									"series": "deviationRect",
									"vaxis": "v1",
									"applyScale": "false",
									"appendix": "%",
									"decimal": "1",
									"defaultVisible": "true",
									"defaultdrill": "true",
									"drillable": "true",
									"drillSeries": "line",
									"drillVAxis": "v1",
									"displayOrder": "0"
								},
								"columnSetType": "overlapping"
							},
							"pos": "0.2",
							"hideAxisTitle": "false",
							"titleLogic": "smart"
						},
						{
							"group": {
								"row": {
									"id": "1.3.2YTD Δ PY %",
									"label": "",
									"series": "deviationRect",
									"vaxis": "v1",
									"applyScale": "false",
									"appendix": "%",
									"decimal": "1",
									"defaultVisible": "true",
									"defaultdrill": "true",
									"drillable": "true",
									"drillSeries": "line",
									"drillVAxis": "v1",
									"displayOrder": "0"
								},
								"columnSetType": "overlapping"
							},
							"pos": "1.2",
							"extractCol": "Overall Result",
							"hideAxisTitle": "true"
						},
						{
							"group": [
								{
									"row": {
										"id": "1.3YTD PY",
										"label": "PY YTD",
										"series": "column",
										"vaxis": "v1",
										"applyScale": "true",
										"appendix": " (SCALE UNIT)",
										"decimal": "0",
										"defaultVisible": "true",
										"defaultdrill": "false",
										"drillable": "false",
										"drillSeries": "line",
										"drillVAxis": "v1",
										"form": "column",
										"color": "0xD9D9D9",
										"showDataLabels": "false",
										"displayOrder": "0"
									}
								},
								{
									"row": [
										{
											"id": "1.1B ACT Bayer Core",
											"label": "ACT YTD Bayer",
											"series": "column",
											"vaxis": "v1",
											"applyScale": "true",
											"appendix": " (SCALE UNIT)",
											"decimal": "0",
											"defaultVisible": "true",
											"defaultdrill": "false",
											"drillable": "true",
											"drillSeries": "line",
											"drillVAxis": "v1",
											"displayOrder": "2",
											"form": "column",
											"color": "0x676767"
										},
										{
											"id": "1.1M ACT Monsanto",
											"label": "ACT YTD Monsanto",
											"series": "column",
											"vaxis": "v1",
											"applyScale": "true",
											"appendix": " (SCALE UNIT)",
											"decimal": "0",
											"defaultVisible": "true",
											"defaultdrill": "false",
											"drillable": "true",
											"drillSeries": "line",
											"drillVAxis": "v1",
											"form": "column",
											"showDataLabels": "false",
											"color": "0xC0ABC0",
											"displayOrder": "1"
										}
									],
									"type": "stacked"
								}
							],
							"pos": "1.0",
							"useSubsetsForGroups": "true",
							"extractCol": "Overall Result",
							"hideAxisTitle": "true",
							"columnSetType": "overlapping"
						}
					],
					"id": "v04",
					"label": "ACT vs PY",
					"desiredColumnWidths": "85,15,0",
					"firstColGutterRight": "4",
					"gridSize": "2 X 3",
					"smartViewTag": "/PY/N"
				},
				{
					"id": "table",
					"visible": "false",
					"firstColumnHeaderAppendix": "",
					"groupByDrillItems": "true",
					"useKPIGroupBinding": "true"
				},
				{
					"chart": [
						{
							"group": [
								{
									"row": {
										"id": "1.2 BUD",
										"label": "",
										"series": "column",
										"vaxis": "v1",
										"applyScale": "true",
										"appendix": " (SCALE UNIT)",
										"decimal": "0",
										"defaultVisible": "true",
										"defaultdrill": "false",
										"drillable": "false",
										"drillSeries": "line",
										"drillVAxis": "v1",
										"form": "budgetCols",
										"color": "0x676767",
										"showDataLabels": "false",
										"displayOrder": "0"
									}
								},
								{
									"row": [
										{
											"id": "1.1B ACT Bayer Core",
											"label": "ACT Bayer Core",
											"series": "column",
											"vaxis": "v1",
											"applyScale": "true",
											"appendix": " (SCALE UNIT)",
											"decimal": "0",
											"defaultVisible": "true",
											"defaultdrill": "false",
											"drillable": "true",
											"drillSeries": "line",
											"drillVAxis": "v1",
											"displayOrder": "1",
											"showDataLabels": "false",
											"color": "0x676767"
										},
										{
											"id": "1.1M ACT Monsanto",
											"label": "ACT Monsanto",
											"series": "column",
											"vaxis": "v1",
											"applyScale": "true",
											"appendix": " (SCALE UNIT)",
											"decimal": "0",
											"defaultVisible": "true",
											"defaultdrill": "false",
											"drillable": "true",
											"drillSeries": "line",
											"drillVAxis": "v1",
											"displayOrder": "1",
											"showDataLabels": "false",
											"color": "0xC0ABC0"
										}
									],
									"type": "stacked"
								}
							],
							"pos": "0.0",
							"useSubsetsForGroups": "true",
							"extractCol": "",
							"hideAxisTitle": "false",
							"titleLogic": "defaulttitle",
							"defaultTitle": " "
						},
						{
							"group": {
								"row": {
									"id": "14.1YTD Δ &D0VERSION_TEXT2&",
									"label": "",
									"series": "deviation",
									"vaxis": "v1",
									"applyScale": "true",
									"appendix": " (SCALE UNIT)",
									"decimal": "0",
									"defaultVisible": "true",
									"defaultdrill": "true",
									"drillable": "true",
									"drillSeries": "line",
									"drillVAxis": "v1",
									"displayOrder": "0"
								},
								"columnSetType": "overlapping"
							},
							"pos": "1.1",
							"extractCol": "Overall Result",
							"hideAxisTitle": "true"
						},
						{
							"group": {
								"row": {
									"id": "1.4.1 Δ &D0VERSION_TEXT2&",
									"label": "",
									"series": "deviation",
									"vaxis": "v1",
									"applyScale": "true",
									"appendix": " (SCALE UNIT)",
									"decimal": "0",
									"defaultVisible": "true",
									"defaultdrill": "false",
									"drillable": "false",
									"drillSeries": "line",
									"drillVAxis": "v1",
									"displayOrder": "0"
								},
								"columnSetType": "overlapping"
							},
							"pos": "0.1",
							"hideAxisTitle": "false",
							"titleLogic": "smart"
						},
						{
							"group": {
								"row": {
									"id": "1.3.2 Δ PY %",
									"label": "",
									"series": "deviationRect",
									"vaxis": "v1",
									"applyScale": "false",
									"appendix": "%",
									"decimal": "1",
									"defaultVisible": "true",
									"defaultdrill": "true",
									"drillable": "true",
									"drillSeries": "line",
									"drillVAxis": "v1",
									"displayOrder": "0"
								},
								"columnSetType": "overlapping"
							},
							"pos": "0.2",
							"hideAxisTitle": "false",
							"titleLogic": "smart"
						},
						{
							"group": {
								"row": {
									"id": "1.3.2YTD Δ PY %",
									"label": "",
									"series": "deviationRect",
									"vaxis": "v1",
									"applyScale": "false",
									"appendix": "%",
									"decimal": "1",
									"defaultVisible": "true",
									"defaultdrill": "true",
									"drillable": "true",
									"drillSeries": "line",
									"drillVAxis": "v1",
									"displayOrder": "0"
								},
								"columnSetType": "overlapping"
							},
							"pos": "1.2",
							"extractCol": "Overall Result",
							"hideAxisTitle": "true"
						},
						{
							"group": [
								{
									"row": {
										"id": "1.2YTD BUD",
										"label": "",
										"series": "column",
										"vaxis": "v1",
										"applyScale": "true",
										"appendix": " (SCALE UNIT)",
										"decimal": "0",
										"defaultVisible": "true",
										"defaultdrill": "false",
										"drillable": "false",
										"drillSeries": "line",
										"drillVAxis": "v1",
										"form": "budgetCols",
										"color": "0x676767",
										"showDataLabels": "false",
										"displayOrder": "0"
									}
								},
								{
									"row": [
										{
											"id": "1.1B ACT Bayer Core",
											"label": "ACT YTD Bayer",
											"series": "column",
											"vaxis": "v1",
											"applyScale": "true",
											"appendix": " (SCALE UNIT)",
											"decimal": "0",
											"defaultVisible": "true",
											"defaultdrill": "false",
											"drillable": "true",
											"drillSeries": "line",
											"drillVAxis": "v1",
											"displayOrder": "2",
											"form": "column",
											"color": "0x676767"
										},
										{
											"id": "1.1M ACT Monsanto",
											"label": "ACT YTD Monsanto",
											"series": "column",
											"vaxis": "v1",
											"applyScale": "true",
											"appendix": " (SCALE UNIT)",
											"decimal": "0",
											"defaultVisible": "true",
											"defaultdrill": "false",
											"drillable": "true",
											"drillSeries": "line",
											"drillVAxis": "v1",
											"form": "column",
											"showDataLabels": "false",
											"color": "0xC0ABC0",
											"displayOrder": "1"
										}
									],
									"type": "stacked"
								}
							],
							"pos": "1.0",
							"useSubsetsForGroups": "true",
							"extractCol": "Overall Result",
							"hideAxisTitle": "true",
							"columnSetType": "overlapping"
						}
					],
					"id": "v06",
					"label": "ACT vs MR",
					"desiredColumnWidths": "85,15,0",
					"firstColGutterRight": "4",
					"gridSize": "2 X 3",
					"smartViewTag": "/MR/N"
				},
				{
					"chart": [
						{
							"group": [
								{
									"row": {
										"id": "1.4 &D0VERSION_TEXT2&",
										"label": "",
										"series": "column",
										"vaxis": "v1",
										"applyScale": "true",
										"appendix": " (SCALE UNIT)",
										"decimal": "0",
										"defaultVisible": "true",
										"defaultdrill": "false",
										"drillable": "false",
										"drillSeries": "line",
										"drillVAxis": "v1",
										"form": "budgetForecastColumn",
										"color": "0x676767",
										"showDataLabels": "false",
										"displayOrder": "0"
									}
								},
								{
									"row": [
										{
											"id": "1.1B ACT Bayer Core",
											"label": "ACT Bayer Core",
											"series": "column",
											"vaxis": "v1",
											"applyScale": "true",
											"appendix": " (SCALE UNIT)",
											"decimal": "0",
											"defaultVisible": "true",
											"defaultdrill": "false",
											"drillable": "true",
											"drillSeries": "line",
											"drillVAxis": "v1",
											"displayOrder": "1",
											"showDataLabels": "false",
											"color": "0x676767"
										},
										{
											"id": "1.1M ACT Monsanto",
											"label": "ACT Monsanto",
											"series": "column",
											"vaxis": "v1",
											"applyScale": "true",
											"appendix": " (SCALE UNIT)",
											"decimal": "0",
											"defaultVisible": "true",
											"defaultdrill": "false",
											"drillable": "true",
											"drillSeries": "line",
											"drillVAxis": "v1",
											"displayOrder": "1",
											"showDataLabels": "false",
											"color": "0xC0ABC0"
										}
									],
									"type": "stacked"
								}
							],
							"pos": "0.0",
							"useSubsetsForGroups": "true",
							"extractCol": "",
							"hideAxisTitle": "false",
							"titleLogic": "defaulttitle",
							"defaultTitle": " "
						},
						{
							"group": {
								"row": {
									"id": "1.4.3YTD Δ &D0VERSION_TEXT2& ca",
									"label": "",
									"series": "deviation",
									"vaxis": "v1",
									"applyScale": "true",
									"appendix": " (SCALE UNIT)",
									"decimal": "0",
									"defaultVisible": "true",
									"defaultdrill": "true",
									"drillable": "true",
									"drillSeries": "line",
									"drillVAxis": "v1",
									"displayOrder": "0"
								},
								"columnSetType": "overlapping"
							},
							"pos": "1.1",
							"extractCol": "Overall Result",
							"hideAxisTitle": "true"
						},
						{
							"group": {
								"row": {
									"id": "1.4.3 Δ &D0VERSION_TEXT2& ca",
									"label": "",
									"series": "deviation",
									"vaxis": "v1",
									"applyScale": "true",
									"appendix": " (SCALE UNIT)",
									"decimal": "0",
									"defaultVisible": "true",
									"defaultdrill": "false",
									"drillable": "false",
									"drillSeries": "line",
									"drillVAxis": "v1",
									"displayOrder": "0"
								},
								"columnSetType": "overlapping"
							},
							"pos": "0.1",
							"hideAxisTitle": "false",
							"titleLogic": "smart"
						},
						{
							"group": {
								"row": {
									"id": "1.4.4 Δ &D0VERSION_TEXT2& ca %",
									"label": "",
									"series": "deviationRect",
									"vaxis": "v1",
									"applyScale": "false",
									"appendix": "%",
									"decimal": "1",
									"defaultVisible": "true",
									"defaultdrill": "true",
									"drillable": "true",
									"drillSeries": "line",
									"drillVAxis": "v1",
									"displayOrder": "0"
								},
								"columnSetType": "overlapping"
							},
							"pos": "0.2",
							"hideAxisTitle": "false",
							"titleLogic": "smart"
						},
						{
							"group": {
								"row": {
									"id": "1.4.4YTDΔ &D0VERSION_TEXT2& ca %",
									"label": "",
									"series": "deviationRect",
									"vaxis": "v1",
									"applyScale": "false",
									"appendix": "%",
									"decimal": "1",
									"defaultVisible": "true",
									"defaultdrill": "true",
									"drillable": "true",
									"drillSeries": "line",
									"drillVAxis": "v1",
									"displayOrder": "0"
								},
								"columnSetType": "overlapping"
							},
							"pos": "1.2",
							"extractCol": "Overall Result",
							"hideAxisTitle": "true"
						},
						{
							"group": [
								{
									"row": {
										"id": "1.4YTD &D0VERSION_TEXT2&",
										"label": "",
										"series": "column",
										"vaxis": "v1",
										"applyScale": "true",
										"appendix": " (SCALE UNIT)",
										"decimal": "0",
										"defaultVisible": "true",
										"defaultdrill": "false",
										"drillable": "false",
										"drillSeries": "line",
										"drillVAxis": "v1",
										"form": "budgetForecastColumn",
										"color": "0x676767",
										"showDataLabels": "false",
										"displayOrder": "0"
									}
								},
								{
									"row": [
										{
											"id": "1.1B ACT Bayer Core",
											"label": "ACT YTD Bayer",
											"series": "column",
											"vaxis": "v1",
											"applyScale": "true",
											"appendix": " (SCALE UNIT)",
											"decimal": "0",
											"defaultVisible": "true",
											"defaultdrill": "false",
											"drillable": "true",
											"drillSeries": "line",
											"drillVAxis": "v1",
											"displayOrder": "2",
											"form": "column",
											"color": "0x676767"
										},
										{
											"id": "1.1M ACT Monsanto",
											"label": "ACT YTD Monsanto",
											"series": "column",
											"vaxis": "v1",
											"applyScale": "true",
											"appendix": " (SCALE UNIT)",
											"decimal": "0",
											"defaultVisible": "true",
											"defaultdrill": "false",
											"drillable": "true",
											"drillSeries": "line",
											"drillVAxis": "v1",
											"form": "column",
											"showDataLabels": "false",
											"color": "0xC0ABC0",
											"displayOrder": "1"
										}
									],
									"type": "stacked"
								}
							],
							"pos": "1.0",
							"useSubsetsForGroups": "true",
							"extractCol": "Overall Result",
							"hideAxisTitle": "true",
							"columnSetType": "overlapping"
						}
					],
					"id": "v07",
					"label": "ACT vs FC ca",
					"desiredColumnWidths": "85,15,0",
					"firstColGutterRight": "4",
					"gridSize": "2 X 3",
					"smartViewTag": "/FC/A"
				},
				{
					"chart": [
						{
							"group": [
								{
									"row": {
										"id": "1.4 &D0VERSION_TEXT2&",
										"label": "",
										"series": "column",
										"vaxis": "v1",
										"applyScale": "true",
										"appendix": " (SCALE UNIT)",
										"decimal": "0",
										"defaultVisible": "true",
										"defaultdrill": "false",
										"drillable": "false",
										"drillSeries": "line",
										"drillVAxis": "v1",
										"form": "budgetForecastColumn",
										"color": "0x676767",
										"showDataLabels": "false",
										"displayOrder": "0"
									}
								},
								{
									"row": [
										{
											"id": "1.1B ACT Bayer Core",
											"label": "ACT Bayer Core",
											"series": "column",
											"vaxis": "v1",
											"applyScale": "true",
											"appendix": " (SCALE UNIT)",
											"decimal": "0",
											"defaultVisible": "true",
											"defaultdrill": "false",
											"drillable": "true",
											"drillSeries": "line",
											"drillVAxis": "v1",
											"displayOrder": "1",
											"showDataLabels": "false",
											"color": "0x676767"
										},
										{
											"id": "1.1M ACT Monsanto",
											"label": "ACT Monsanto",
											"series": "column",
											"vaxis": "v1",
											"applyScale": "true",
											"appendix": " (SCALE UNIT)",
											"decimal": "0",
											"defaultVisible": "true",
											"defaultdrill": "false",
											"drillable": "true",
											"drillSeries": "line",
											"drillVAxis": "v1",
											"displayOrder": "1",
											"showDataLabels": "false",
											"color": "0xC0ABC0"
										}
									],
									"type": "stacked"
								}
							],
							"pos": "0.0",
							"useSubsetsForGroups": "true",
							"extractCol": "",
							"hideAxisTitle": "false",
							"titleLogic": "defaulttitle",
							"defaultTitle": " "
						},
						{
							"group": {
								"row": {
									"id": "14.1YTD Δ &D0VERSION_TEXT2&",
									"label": "",
									"series": "deviation",
									"vaxis": "v1",
									"applyScale": "true",
									"appendix": " (SCALE UNIT)",
									"decimal": "0",
									"defaultVisible": "true",
									"defaultdrill": "true",
									"drillable": "true",
									"drillSeries": "line",
									"drillVAxis": "v1",
									"displayOrder": "0"
								},
								"columnSetType": "overlapping"
							},
							"pos": "1.1",
							"extractCol": "Overall Result",
							"hideAxisTitle": "true"
						},
						{
							"group": {
								"row": {
									"id": "1.4.1 Δ &D0VERSION_TEXT2&",
									"label": "",
									"series": "deviation",
									"vaxis": "v1",
									"applyScale": "true",
									"appendix": " (SCALE UNIT)",
									"decimal": "0",
									"defaultVisible": "true",
									"defaultdrill": "false",
									"drillable": "false",
									"drillSeries": "line",
									"drillVAxis": "v1",
									"displayOrder": "0"
								},
								"columnSetType": "overlapping"
							},
							"pos": "0.1",
							"hideAxisTitle": "false",
							"titleLogic": "smart"
						},
						{
							"group": {
								"row": {
									"id": "1.4.2 Δ &D0VERSION_TEXT2& %",
									"label": "",
									"series": "deviationRect",
									"vaxis": "v1",
									"applyScale": "false",
									"appendix": "%",
									"decimal": "1",
									"defaultVisible": "true",
									"defaultdrill": "true",
									"drillable": "true",
									"drillSeries": "line",
									"drillVAxis": "v1",
									"displayOrder": "0"
								},
								"columnSetType": "overlapping"
							},
							"pos": "0.2",
							"hideAxisTitle": "false",
							"titleLogic": "smart"
						},
						{
							"group": {
								"row": {
									"id": "1.4.2YTD Δ &D0VERSION_TEXT2& %",
									"label": "",
									"series": "deviationRect",
									"vaxis": "v1",
									"applyScale": "false",
									"appendix": "%",
									"decimal": "1",
									"defaultVisible": "true",
									"defaultdrill": "true",
									"drillable": "true",
									"drillSeries": "line",
									"drillVAxis": "v1",
									"displayOrder": "0"
								},
								"columnSetType": "overlapping"
							},
							"pos": "1.2",
							"extractCol": "Overall Result",
							"hideAxisTitle": "true"
						},
						{
							"group": [
								{
									"row": {
										"id": "1.4YTD &D0VERSION_TEXT2&",
										"label": "",
										"series": "column",
										"vaxis": "v1",
										"applyScale": "true",
										"appendix": " (SCALE UNIT)",
										"decimal": "0",
										"defaultVisible": "true",
										"defaultdrill": "false",
										"drillable": "false",
										"drillSeries": "line",
										"drillVAxis": "v1",
										"form": "budgetForecastColumn",
										"color": "0x676767",
										"showDataLabels": "false",
										"displayOrder": "0"
									}
								},
								{
									"row": [
										{
											"id": "1.1B ACT Bayer Core",
											"label": "ACT YTD Bayer",
											"series": "column",
											"vaxis": "v1",
											"applyScale": "true",
											"appendix": " (SCALE UNIT)",
											"decimal": "0",
											"defaultVisible": "true",
											"defaultdrill": "false",
											"drillable": "true",
											"drillSeries": "line",
											"drillVAxis": "v1",
											"displayOrder": "2",
											"form": "column",
											"color": "0x676767"
										},
										{
											"id": "1.1M ACT Monsanto",
											"label": "ACT YTD Monsanto",
											"series": "column",
											"vaxis": "v1",
											"applyScale": "true",
											"appendix": " (SCALE UNIT)",
											"decimal": "0",
											"defaultVisible": "true",
											"defaultdrill": "false",
											"drillable": "true",
											"drillSeries": "line",
											"drillVAxis": "v1",
											"form": "column",
											"showDataLabels": "false",
											"color": "0xC0ABC0",
											"displayOrder": "1"
										}
									],
									"type": "stacked"
								}
							],
							"pos": "1.0",
							"useSubsetsForGroups": "true",
							"extractCol": "Overall Result",
							"hideAxisTitle": "true",
							"columnSetType": "overlapping"
						}
					],
					"id": "v08",
					"label": "ACT vs FC",
					"desiredColumnWidths": "85,15,0",
					"firstColGutterRight": "4",
					"gridSize": "2 X 3",
					"smartViewTag": "/FC/N"
				}
			],
			"editing": "v01",
			"default": "v01"
		},
		"aggregations": {},
		"dataExtraction": {
			"col": {
				"id": "Overall Result"
			}
		},
		"dataChanges": {
			"keyfigure": [
				{
					"id": "1.1 ACT",
					"suppressZeros": "1"
				},
				{
					"id": "1.2 BUD",
					"suppressZeros": "1"
				},
				{
					"id": "1.3 PY",
					"suppressZeros": "1"
				},
				{
					"id": "1.2.1 Δ BUD",
					"suppressZeros": "1"
				},
				{
					"id": "1.2.2 Δ BUD %",
					"suppressZeros": "1"
				},
				{
					"id": "1.2.3 Δ BUD cpa",
					"suppressZeros": "1"
				},
				{
					"id": "1.2.4 Δ BUD cpa %",
					"suppressZeros": "1"
				},
				{
					"id": "1.3.1 Δ PY",
					"suppressZeros": "1"
				},
				{
					"id": "1.3.2 Δ PY %",
					"suppressZeros": "1"
				},
				{
					"id": "1.3.3 Δ PY cpa",
					"suppressZeros": "1"
				},
				{
					"id": "1.3.4 Δ PY cpa %",
					"suppressZeros": "1"
				},
				{
					"id": "1.4.1 Δ &D0VERSION_TEXT2&",
					"suppressZeros": "1",
					"lastActualMonthPortalVariable": "Month/Year"
				},
				{
					"id": "1.4.2 Δ &D0VERSION_TEXT2& %",
					"suppressZeros": "1",
					"lastActualMonthPortalVariable": "Month/Year"
				},
				{
					"id": "1.4.3 Δ &D0VERSION_TEXT2& ca",
					"suppressZeros": "1",
					"lastActualMonthPortalVariable": "Month/Year"
				},
				{
					"id": "1.4.4 Δ &D0VERSION_TEXT2& ca %",
					"suppressZeros": "1",
					"lastActualMonthPortalVariable": "Month/Year"
				},
				{
					"id": "1.1B ACT Bayer Core",
					"suppressZeros": "1"
				},
				{
					"id": "1.1M ACT Monsanto",
					"suppressZeros": "1"
				}
			]
		},
		"conditions": {},
		"deviations": {
			"positiveColor": "0x005598",
			"negativeColor": "0xC32A1F",
			"showDataLabels": "true",
			"chartBackgroundColors": "false"
		},
		"colors": {},
		"id": "2576",
		"defaultTitle": "<P&L LineItem> Timeline",
		"classname": "com.bayer.bi.portlets.basePortlets.LineAndColumnTemplateWithDeviations",
		"scope": "PROD",
		"portletInfoURL": "http://bi-wiki.intranet.cnb/artikel.php?artikelArtName=portlet&ID=380",
		"defaultShortcuts": "viewState|c|shortLabel:CgsBCWRhdGEGC2ZpcnN0D3Rvb2xUaXAGFUNoYXJ0IHZpZXcLbGFiZWwGC0NoYXJ0FXNob3J0TGFi\nZWwGA0MB,CgsBCWRhdGEGDXNlY29uZA90b29sVGlwBhVUYWJsZSB2aWV3C2xhYmVsBgtUYWJsZRVzaG9ydExh\nYmVsBgNUAQ==;_dataScaling|r|shortLabel:CgsBC3ZhbHVlBg8xMDAwMDAwCW5hbWUGCU1pby4Vc2hvcnRMYWJlbAYGAQ==,CgsBC3ZhbHVlBgkxMDAwCW5hbWUGCVRzZC4Vc2hvcnRMYWJlbAYGAQ==",
		"defaultCacheTTL": "480",
		"defaultViewState": "first",
		"defaultLegendDirection": "bottom",
		"enableScale": "true",
		"defaultScaling": "1000000",
		"scalingChoices": "1,1000,1000000",
		"enableColumnSetType": "false",
		"columnSetTypechoices": "overlapping,clustered",
		"columnSetType": "overlapping",
		"defaultKeyFigure": "Default",
		"enableDrilldown": "false",
		"enableDrilldownByNone": "false",
		"defaultDrill": "None",
		"topNFilterKeyName": "",
		"enableAggregation": "false",
		"aggregationTypes": "",
		"defaultAggregationType": "",
		"enableScrolling": "false",
		"maxNumberOfVisibleItems": "0",
		"defaultScrollBarValue": "0",
		"enableAnalysis": "false",
		"enableAnalysisInDrill": "false",
		"currencyFilterKeyName": "Currency",
		"isActive": "1",
		"showInFinder": "1",
		"seriesSelectionEnabled": "false",
		"seriesSelectionMaximalNumberOfVisibleItems": "",
		"system": "H2R",
		"finderImage": "ColsAndLines;l1",
		"ca": "8",
		"useAlternativeRowSelection": "true",
		"hideGridLines": "true",
		"category": "Sales",
		"versionFrom": "3.3.001",
		"finderTitle": "BP1: P&L LineItem Timeline",
		"enableMultiJump": "true",
		"columnColorScheme": "spendMapPortlet_columns",
		"forecastColorScheme": "OBF_COLOR_SCHEME_LINES",
		"enableTotalIndicatorInStackedMode": "true",
		"showTotalInStackedMode": "false",
		"showOnlyLabelForTotal": "true",
		"volume": {
			"moduleFilter": [
				{
					"@attributes": {
						"filterKey": "STRUC_IS",
						"filterKeyName": "IS Structure",
						"filterTechName": "00O2TK9973U0DVOPE1MI53K4B",
						"defaultValue": "00O2TK9973U0DVOPE1MI53QFV",
						"toValue": "",
						"isPublic": "1",
						"DrillName": "00O2TK9973U0DVOPE1MI53K4B",
						"portletBuilderIdentifier": "00O2TK9973U0DVOPE1MI53K4B:00O2TK9973U0DVOPE1MI53K4B",
						"ioName": "ROI: IncomeStatement (short P&L - ALL POSITIVE)",
						"variableType": "STR"
					}
				},
				{
					"@attributes": {
						"filterKey": "MAGIC_KEY_HIER",
						"filterKeyName": "Business View Hierarchy",
						"filterTechName": "DDIMKKAX_HDSOI02",
						"defaultValue": "",
						"toValue": "",
						"isPublic": "1",
						"DrillName": "DRESPO__DIMKKAX",
						"portletBuilderIdentifier": "DDIMKKAX_HDSOI02:DRESPO__DIMKKAX",
						"ioName": "BSV: Hierarchy",
						"variableType": "P"
					}
				},
				{
					"@attributes": {
						"filterKey": "MAGIC_KEY_L1",
						"filterKeyName": "Division",
						"filterTechName": "DDIMKKA1_CDOOI01",
						"defaultValue": "",
						"toValue": "",
						"isPublic": "1",
						"DrillName": "DRESPO__DIMKKA1",
						"portletBuilderIdentifier": "DDIMKKA1_CDOOI01:DRESPO__DIMKKA1",
						"ioName": "BSV Lvl 1",
						"variableType": "S"
					}
				},
				{
					"@attributes": {
						"filterKey": "MAGIC_KEY_L2",
						"filterKeyName": "Business View",
						"filterTechName": "DDIMKKA2_CDMOI01",
						"defaultValue": "",
						"toValue": "",
						"isPublic": "1",
						"DrillName": "DRESPO__DIMKKA2",
						"portletBuilderIdentifier": "DDIMKKA2_CDMOI01:DRESPO__DIMKKA2",
						"ioName": "BSV Lvl 2",
						"variableType": "M"
					}
				},
				{
					"@attributes": {
						"filterKey": "MAGIC_KEY_L3",
						"filterKeyName": "Business View (L3)",
						"filterTechName": "DDIMKKA3_CDOOI01",
						"defaultValue": "",
						"toValue": "",
						"isPublic": "1",
						"DrillName": "DRESPO__DIMKKA3",
						"portletBuilderIdentifier": "DDIMKKA3_CDOOI01:DRESPO__DIMKKA3",
						"ioName": "BSV Lvl 3",
						"variableType": "S"
					}
				},
				{
					"@attributes": {
						"filterKey": "MAGIC_KEY_L4",
						"filterKeyName": "Business View (L4)",
						"filterTechName": "DDIMKKA4_CDOOI01",
						"defaultValue": "",
						"toValue": "",
						"isPublic": "1",
						"DrillName": "DRESPO__DIMKKA4",
						"portletBuilderIdentifier": "DDIMKKA4_CDOOI01:DRESPO__DIMKKA4",
						"ioName": "BSV Lvl 4",
						"variableType": "S"
					}
				},
				{
					"@attributes": {
						"filterKey": "MAGIC_KEY_L5",
						"filterKeyName": "Business View (L5)",
						"filterTechName": "DDIMKKA5_CDOOI01",
						"defaultValue": "",
						"toValue": "",
						"isPublic": "1",
						"DrillName": "DRESPO__DIMKKA5",
						"portletBuilderIdentifier": "DDIMKKA5_CDOOI01:DRESPO__DIMKKA5",
						"ioName": "BSV Lvl 5",
						"variableType": "S"
					}
				},
				{
					"@attributes": {
						"filterKey": "MAGIC_KEY_L6",
						"filterKeyName": "Business View (L6)",
						"filterTechName": "DDIMKKA6_CDOOI01",
						"defaultValue": "",
						"toValue": "",
						"isPublic": "1",
						"DrillName": "DRESPO__DIMKKA6",
						"portletBuilderIdentifier": "DDIMKKA6_CDOOI01:DRESPO__DIMKKA6",
						"ioName": "BSV Lvl 6",
						"variableType": "S"
					}
				},
				{
					"@attributes": {
						"filterKey": "MAGIC_KEY_L7",
						"filterKeyName": "Business View (L7)",
						"filterTechName": "DDIMKKA7_CDOOI01",
						"defaultValue": "",
						"toValue": "",
						"isPublic": "1",
						"DrillName": "DRESPO__DIMKKA7",
						"portletBuilderIdentifier": "DDIMKKA7_CDOOI01:DRESPO__DIMKKA7",
						"ioName": "BSV Lvl 7",
						"variableType": "S"
					}
				},
				{
					"@attributes": {
						"filterKey": "MAGIC_KEY_L8",
						"filterKeyName": "Business View (L8)",
						"filterTechName": "",
						"defaultValue": "",
						"toValue": "",
						"isPublic": "0",
						"DrillName": "",
						"portletBuilderIdentifier": "DDIMKKA8_CDOOI01:DRESPO__DIMKKA8",
						"ioName": "BSV Lvl 8",
						"variableType": "S"
					}
				},
				{
					"@attributes": {
						"filterKey": "MAGIC_KEY_L9",
						"filterKeyName": "Business View (L9)",
						"filterTechName": "",
						"defaultValue": "",
						"toValue": "",
						"isPublic": "0",
						"DrillName": "",
						"portletBuilderIdentifier": "DDIMKKA9_CDOOSI01:DRESPO__DIMKKA9",
						"ioName": "BSV Lvl 9",
						"variableType": "S"
					}
				},
				{
					"@attributes": {
						"filterKey": "MAGIC_KEY_L10",
						"filterKeyName": "Business View (L10)",
						"filterTechName": "",
						"defaultValue": "",
						"toValue": "",
						"isPublic": "0",
						"DrillName": "",
						"portletBuilderIdentifier": "DDIMKKA10_CDOOSI01:DRESPO__DIMKKA10",
						"ioName": "BSV Lvl 10",
						"variableType": "S"
					}
				},
				{
					"@attributes": {
						"filterKey": "DK_GB",
						"filterKeyName": "Business Group",
						"filterTechName": "DDK_GB_CDOOI",
						"defaultValue": "",
						"toValue": "",
						"isPublic": "1",
						"DrillName": "DRESPO__DK_GB",
						"portletBuilderIdentifier": "DDK_GB_CDOOI:DRESPO__DK_GB",
						"ioName": "CV 5 Business Group",
						"variableType": "S"
					}
				},
				{
					"@attributes": {
						"filterKey": "DSBE",
						"filterKeyName": "SBE",
						"filterTechName": "DRESPO_DSBE_CDOOI",
						"defaultValue": "",
						"toValue": "",
						"isPublic": "1",
						"DrillName": "DRESPO__DSBE",
						"portletBuilderIdentifier": "DRESPO_DSBE_CDOOI:DRESPO__DSBE",
						"ioName": "CV 6 SBE",
						"variableType": "S"
					}
				},
				{
					"@attributes": {
						"filterKey": "DRU",
						"filterKeyName": "Reporting Unit",
						"filterTechName": "DRESPO__DRU_CDOOI",
						"defaultValue": "",
						"toValue": "",
						"isPublic": "1",
						"DrillName": "DRESPO__DRU",
						"portletBuilderIdentifier": "DRESPO__DRU_CDOOI:DRESPO__DRU",
						"ioName": "CV 7 Reporting Unit",
						"variableType": "S"
					}
				},
				{
					"@attributes": {
						"filterKey": "MAGIC_KEY_COUNTRY_GROUP",
						"filterKeyName": "Country Group",
						"filterTechName": "DIMKKACG_CDOOSI01",
						"defaultValue": "",
						"toValue": "",
						"isPublic": "1",
						"DrillName": "DRESPO__DIMKKACG",
						"portletBuilderIdentifier": "DIMKKACG_CDOOSI01:DRESPO__DIMKKACG",
						"ioName": "BSV CG",
						"variableType": "S",
						"logic": "1"
					}
				},
				{
					"@attributes": {
						"filterKey": "0COUNTRY",
						"filterKeyName": "Country",
						"filterTechName": "DCOUNTRY_CDMOI01",
						"defaultValue": "",
						"toValue": "",
						"isPublic": "1",
						"DrillName": "DCTRY_FD",
						"portletBuilderIdentifier": "DCOUNTRY_CDMOI01:DCTRY_FD",
						"ioName": "Country final-dest.",
						"variableType": "M"
					}
				},
				{
					"@attributes": {
						"filterKey": "SOP_BRANDFAM",
						"filterKeyName": "Brand Family",
						"filterTechName": "DDRESPO_DBRANDF_CDSOI01",
						"defaultValue": "",
						"toValue": "",
						"isPublic": "1",
						"DrillName": "DRESPO__DBRANDF",
						"portletBuilderIdentifier": "DDRESPO_DBRANDF_CDSOI01:DRESPO__DBRANDF",
						"ioName": "CV Brand Family",
						"variableType": "S"
					}
				},
				{
					"@attributes": {
						"filterKey": "DATE",
						"format": "MM.YYYY",
						"filterKeyName": "Month/Year",
						"filterTechName": "D0FISCPER_CXSNI00",
						"defaultValue": "",
						"toValue": "",
						"isPublic": "1",
						"DrillName": "",
						"portletBuilderIdentifier": "D0FISCPER_CXSNI00:",
						"ioName": "Fiscal year/period",
						"variableType": "P",
						"isHierarchy": "false"
					}
				},
				{
					"@attributes": {
						"filterKey": "",
						"filterKeyName": "",
						"filterTechName": "",
						"defaultValue": "",
						"toValue": "",
						"isPublic": "0",
						"DrillName": "",
						"portletBuilderIdentifier": "0FISCPER3:0FISCPER3",
						"ioName": "Posting period",
						"variableType": ""
					}
				},
				{
					"@attributes": {
						"filterKey": "DPC_CV",
						"filterKeyName": "Profitcenter",
						"filterTechName": "DRESPO__DPC_CV",
						"defaultValue": "",
						"toValue": "",
						"isPublic": "1",
						"DrillName": "DRESPO__DPC_CV",
						"portletBuilderIdentifier": "DRESPO__DPC_CV:DRESPO__DPC_CV",
						"ioName": "CV 8 Profitcenter",
						"variableType": ""
					}
				},
				{
					"@attributes": {
						"filterKey": "CV_BRAND",
						"filterKeyName": "Brand",
						"filterTechName": "DRESPO__DBRAND",
						"defaultValue": "",
						"toValue": "",
						"isPublic": "1",
						"DrillName": "DRESPO__DBRAND",
						"portletBuilderIdentifier": "DRESPO__DBRAND:DRESPO__DBRAND",
						"ioName": "CV Brand",
						"variableType": ""
					}
				},
				{
					"@attributes": {
						"filterKey": "PFM_COUNTRY",
						"filterKeyName": "Country Portfolio",
						"filterTechName": "DRESPO__DMUSTW2",
						"defaultValue": "",
						"toValue": "",
						"isPublic": "1",
						"DrillName": "DRESPO__DMUSTW2",
						"portletBuilderIdentifier": "DRESPO__DMUSTW2:DRESPO__DMUSTW2",
						"ioName": "CV Country Attribute",
						"variableType": ""
					}
				},
				{
					"@attributes": {
						"filterKey": "PFM_BRAND",
						"filterKeyName": "Brand Portfolio",
						"filterTechName": "DRESPO__DMUSTW1",
						"defaultValue": "",
						"toValue": "",
						"isPublic": "1",
						"DrillName": "DRESPO__DMUSTW1",
						"portletBuilderIdentifier": "DRESPO__DMUSTW1:DRESPO__DMUSTW1",
						"ioName": "CV Brand Attribute",
						"variableType": ""
					}
				},
				{
					"@attributes": {
						"filterKey": "PFM_CTRY_BRAND",
						"filterKeyName": "Portfolio Management",
						"filterTechName": "DRESPO__DMVIEW",
						"defaultValue": "",
						"toValue": "",
						"isPublic": "1",
						"DrillName": "DRESPO__DMVIEW",
						"portletBuilderIdentifier": "DRESPO__DMVIEW:DRESPO__DMVIEW",
						"ioName": "CV Brand / Country",
						"variableType": ""
					}
				},
				{
					"@attributes": {
						"filterKey": "ADD_BRAND_GRP",
						"filterKeyName": "Add. Brand Grouping",
						"filterTechName": "0MATERIAL__DBRANDG",
						"defaultValue": "",
						"toValue": "",
						"isPublic": "1",
						"DrillName": "0MATERIAL__DBRANDG",
						"portletBuilderIdentifier": "0MATERIAL__DBRANDG:0MATERIAL__DBRANDG",
						"ioName": "Add.Brand Grouping",
						"variableType": ""
					}
				},
				{
					"@attributes": {
						"filterKey": "P_AND_L_ITEM",
						"filterKeyName": "P and L Item",
						"filterTechName": "D0CS_ITEM_CDOOI",
						"defaultValue": "",
						"toValue": "",
						"isPublic": "1",
						"DrillName": "0CS_ITEM",
						"portletBuilderIdentifier": "D0CS_ITEM_CDOOI:0CS_ITEM",
						"ioName": "Item",
						"variableType": "S"
					}
				},
				{
					"@attributes": {
						"filterKey": "0MAT_PRODH4",
						"filterKeyName": "Product Hier. L4",
						"filterTechName": "0MATERIAL__DPRODH4",
						"defaultValue": "",
						"toValue": "",
						"isPublic": "1",
						"DrillName": "0MATERIAL__DPRODH4",
						"portletBuilderIdentifier": "0MATERIAL__DPRODH4:0MATERIAL__DPRODH4",
						"ioName": "Prod.Hier. Lev. 4",
						"variableType": ""
					}
				},
				{
					"@attributes": {
						"filterKey": "DSPECIES",
						"filterKeyName": "Species",
						"filterTechName": "DDSPECIES_CDOOI",
						"defaultValue": "",
						"toValue": "",
						"isPublic": "1",
						"DrillName": "DSPECIES",
						"portletBuilderIdentifier": "DDSPECIES_CDOOI:DSPECIES",
						"ioName": "Species",
						"variableType": "S"
					}
				},
				{
					"@attributes": {
						"filterKey": "PRTN_MAGIC_KEY_L1",
						"filterKeyName": "Partner Business View (1)",
						"filterTechName": "",
						"defaultValue": "",
						"toValue": "",
						"isPublic": "0",
						"DrillName": "",
						"portletBuilderIdentifier": "DDIMKKA1_CDOOI02:DFCRSEND__DIMKKA1",
						"ioName": "Prt BSV Lvl 1",
						"variableType": "S"
					}
				},
				{
					"@attributes": {
						"filterKey": "PRTN_MAGIC_KEY_L2",
						"filterKeyName": "Partner Business View (2)",
						"filterTechName": "",
						"defaultValue": "",
						"toValue": "",
						"isPublic": "0",
						"DrillName": "",
						"portletBuilderIdentifier": "DDIMKKA2_CDOOI02:DFCRSEND__DIMKKA2",
						"ioName": "Prt BSV Lvl 2",
						"variableType": "S"
					}
				},
				{
					"@attributes": {
						"filterKey": "PRTN_MAGIC_KEY_L3",
						"filterKeyName": "Partner Business View (3)",
						"filterTechName": "",
						"defaultValue": "",
						"toValue": "",
						"isPublic": "0",
						"DrillName": "",
						"portletBuilderIdentifier": "DDIMKKA3_CDOOI02:DFCRSEND__DIMKKA3",
						"ioName": "Prt BSV Lvl 3",
						"variableType": "S"
					}
				},
				{
					"@attributes": {
						"filterKey": "PRTN_MAGIC_KEY_L4",
						"filterKeyName": "Partner Business View (4)",
						"filterTechName": "",
						"defaultValue": "",
						"toValue": "",
						"isPublic": "0",
						"DrillName": "",
						"portletBuilderIdentifier": "DDIMKKA4_CDOOI02:DFCRSEND__DIMKKA4",
						"ioName": "Prt BSV Lvl 4",
						"variableType": "S"
					}
				},
				{
					"@attributes": {
						"filterKey": "PRTN_MAGIC_KEY_L5",
						"filterKeyName": "Partner Business View (5)",
						"filterTechName": "",
						"defaultValue": "",
						"toValue": "",
						"isPublic": "0",
						"DrillName": "",
						"portletBuilderIdentifier": "DDIMKKA5_CDOOI02:DFCRSEND__DIMKKA5",
						"ioName": "Prt BSV Lvl 5",
						"variableType": "S"
					}
				},
				{
					"@attributes": {
						"filterKey": "PRTN_MAGIC_KEY_L6",
						"filterKeyName": "Partner Business View (6)",
						"filterTechName": "",
						"defaultValue": "",
						"toValue": "",
						"isPublic": "0",
						"DrillName": "",
						"portletBuilderIdentifier": "DDIMKKA6_CDOOI02:DFCRSEND__DIMKKA6",
						"ioName": "Prt BSV Lvl 6",
						"variableType": "S"
					}
				},
				{
					"@attributes": {
						"filterKey": "PRTN_MAGIC_KEY_L7",
						"filterKeyName": "Partner Business View (7)",
						"filterTechName": "",
						"defaultValue": "",
						"toValue": "",
						"isPublic": "0",
						"DrillName": "",
						"portletBuilderIdentifier": "DDIMKKA7_CDOOI02:DFCRSEND__DIMKKA7",
						"ioName": "Prt BSV Lvl 7",
						"variableType": "S"
					}
				},
				{
					"@attributes": {
						"filterKey": "PRTN_MAGIC_KEY_L8",
						"filterKeyName": "Partner Business View (8)",
						"filterTechName": "",
						"defaultValue": "",
						"toValue": "",
						"isPublic": "0",
						"DrillName": "",
						"portletBuilderIdentifier": "DDIMKKA8_CDOOI02:DFCRSEND__DIMKKA8",
						"ioName": "Prt BSV Lvl 8",
						"variableType": "S"
					}
				},
				{
					"@attributes": {
						"filterKey": "PRTN_MAGIC_KEY_L9",
						"filterKeyName": "Prtn. Management View 9Partner Business View (9)",
						"filterTechName": "",
						"defaultValue": "",
						"toValue": "",
						"isPublic": "0",
						"DrillName": "",
						"portletBuilderIdentifier": "DDIMKKA9_CDOOI02:DFCRSEND__DIMKKA9",
						"ioName": "Prt BSV Lvl 9",
						"variableType": "S"
					}
				},
				{
					"@attributes": {
						"filterKey": "PRTN_MAGIC_KEY_L10",
						"filterKeyName": "Partner Business View (10)",
						"filterTechName": "",
						"defaultValue": "",
						"toValue": "",
						"isPublic": "0",
						"DrillName": "",
						"portletBuilderIdentifier": "DDIMKKA10_CDOOI02:DFCRSEND__DIMKKA10",
						"ioName": "Prt BSV Lvl 10",
						"variableType": "S"
					}
				},
				{
					"@attributes": {
						"filterKey": "",
						"filterKeyName": "Exchange Rate Type",
						"filterTechName": "",
						"defaultValue": "",
						"toValue": "",
						"isPublic": "0",
						"DrillName": "",
						"portletBuilderIdentifier": "D0RTYPE_CXSNL01:",
						"ioName": "Exchange Rate Type",
						"variableType": "P",
						"isHierarchy": "false"
					}
				},
				{
					"@attributes": {
						"filterKey": "",
						"filterKeyName": "Version",
						"filterTechName": "",
						"defaultValue": "",
						"toValue": "",
						"isPublic": "0",
						"DrillName": "",
						"portletBuilderIdentifier": "D0VERSION_CXSMIFC2:",
						"Mandatory": "true",
						"ioName": "Version",
						"variableType": "P",
						"isHierarchy": "false"
					}
				},
				{
					"@attributes": {
						"filterKey": "",
						"filterKeyName": "",
						"filterTechName": "",
						"defaultValue": "",
						"toValue": "",
						"isPublic": "0",
						"DrillName": "",
						"portletBuilderIdentifier": "DCURRENCY_CDSOI01:",
						"Mandatory": "true",
						"ioName": "Currency",
						"variableType": "P",
						"isHierarchy": "false"
					}
				},
				{
					"@attributes": {
						"filterKey": "",
						"filterKeyName": "",
						"filterTechName": "",
						"defaultValue": "",
						"toValue": "",
						"isPublic": "0",
						"DrillName": "",
						"portletBuilderIdentifier": "DCURRENCY_CDSOI01:",
						"Mandatory": "true",
						"ioName": "Currency",
						"variableType": "P",
						"isHierarchy": "false"
					}
				},
				{
					"@attributes": {
						"filterKey": "0CURRENCY",
						"filterKeyName": "Currency",
						"filterTechName": "DCURRENCY_CDSOI01",
						"defaultValue": "EUR",
						"toValue": "",
						"isPublic": "1",
						"DrillName": "",
						"portletBuilderIdentifier": "DCURRENCY_CDSOI01:",
						"Mandatory": "true",
						"ioName": "Currency",
						"variableType": "P",
						"isHierarchy": "false"
					}
				},
				{
					"@attributes": {
						"filterKey": "",
						"filterKeyName": "",
						"filterTechName": "",
						"defaultValue": "",
						"toValue": "",
						"isPublic": "0",
						"DrillName": "",
						"portletBuilderIdentifier": "DCURRENCY_CDSOI01:",
						"Mandatory": "true",
						"ioName": "Currency",
						"variableType": "P",
						"isHierarchy": "false"
					}
				},
				{
					"@attributes": {
						"filterKey": "",
						"filterKeyName": "",
						"filterTechName": "",
						"defaultValue": "",
						"toValue": "",
						"isPublic": "0",
						"DrillName": "",
						"portletBuilderIdentifier": "DCURRENCY_CDSOI01:",
						"Mandatory": "true",
						"ioName": "Currency",
						"variableType": "P",
						"isHierarchy": "false"
					}
				},
				{
					"@attributes": {
						"filterKey": "",
						"filterKeyName": "",
						"filterTechName": "",
						"defaultValue": "",
						"toValue": "",
						"isPublic": "0",
						"DrillName": "",
						"portletBuilderIdentifier": "DCURRENCY_CDSOI01:",
						"Mandatory": "true",
						"ioName": "Currency",
						"variableType": "P",
						"isHierarchy": "false"
					}
				},
				{
					"@attributes": {
						"filterKey": "",
						"filterKeyName": "",
						"filterTechName": "",
						"defaultValue": "",
						"toValue": "",
						"isPublic": "0",
						"DrillName": "",
						"portletBuilderIdentifier": "DCURRENCY_CDSOI01:",
						"Mandatory": "true",
						"ioName": "Currency",
						"variableType": "P",
						"isHierarchy": "false"
					}
				},
				{
					"@attributes": {
						"filterKey": "",
						"filterKeyName": "Task",
						"filterTechName": "",
						"defaultValue": "",
						"toValue": "",
						"isPublic": "0",
						"DrillName": "",
						"portletBuilderIdentifier": "0SEND_CCTR__DTASK:0SEND_CCTR__DTASK",
						"ioName": "Task",
						"variableType": ""
					}
				},
				{
					"@attributes": {
						"filterKey": "",
						"filterKeyName": "ROI Timeline MTH/YTD Deviations cpa (var.)",
						"filterTechName": "",
						"defaultValue": "",
						"toValue": "",
						"isPublic": "0",
						"DrillName": "",
						"portletBuilderIdentifier": "00O2TK9973U285JU429TDYLC1:00O2TK9973U285JU429TDYLC1",
						"ioName": "ROI Timeline MTH/YTD Deviations cpa (var.)",
						"variableType": "STR"
					}
				}
			],
			"id": "SOA00_COPAPRP03_QS031",
			"hasTimeStructure": "true",
			"dateformat": "Mmm",
			"lastChanged": "2018-05-17 14:41:39",
			"enableAO": "true",
			"analysisQuery": "",
			"ignoreWarnings": "STRUC_IS,MAGIC_KEY_HIER",
			"useMappingTable": "BP1",
			"removeDrill": "00O2TK9973U0DVOPE1MI53K4B",
			"basedOnParamForDateEvent": "D0FISCPER_CXSNI00",
			"basedOnParamFormat": "Mmm YYYY"
		}
	},
	"lastChangedBy": "bemdx",
	"lastChanged": "2018-05-31 11:47:40",
	"token": "",
	"tokenAddedOn": null,
	"transportStatus": "1"
}