{
	"id": "5080",
	"notes": "DS 2.0\n",
	"scope": "QA",
	"config": {
		"axes": {
			"axis": [
				{
					"id": "v1",
					"defaultTitle": "",
					"baseAtZero": "true",
					"titleLogic": "SMART",
					"appendix": "",
					"defaultDrilldownTitle": "",
					"drilldownTitleLogic": "SMART",
					"drillAppendix": "",
					"hide": "true",
					"hideAxisTitle": "true",
					"hideAxisLabel": "true",
					"enableAxisMinMax": "false",
					"min": ""
				},
				{
					"id": "v2",
					"defaultTitle": "right title",
					"baseAtZero": "true",
					"titleLogic": "SMART",
					"appendix": " (SCALE UNIT)",
					"defaultDrilldownTitle": "",
					"drilldownTitleLogic": "SMART",
					"drillAppendix": "",
					"hide": "true",
					"hideAxisTitle": "true",
					"hideAxisLabel": "true"
				},
				{
					"id": "h1",
					"defaultTitle": "",
					"labelRotationEnabled": "false",
					"canDropLabels": "false",
					"hideAxisLabel": "false",
					"hide": "false"
				}
			]
		},
		"views": {
			"view": [
				{
					"chart": {
						"group": {
							"row": [
								{
									"id": "2.3 PY",
									"label": "",
									"series": "line",
									"vaxis": "v2",
									"applyScale": "true",
									"appendix": " (SCALE UNIT)",
									"decimal": "0",
									"defaultVisible": "true",
									"defaultdrill": "true",
									"drillable": "false",
									"drillSeries": "line",
									"drillVAxis": "v2",
									"displayOrder": "1",
									"form": "segment",
									"color": "0xD9D9D9",
									"showLastDataLabel": "false"
								},
								{
									"id": "2.1 ACT",
									"label": "",
									"series": "line",
									"vaxis": "v2",
									"applyScale": "true",
									"appendix": " (SCALE UNIT)",
									"decimal": "0",
									"defaultVisible": "true",
									"defaultdrill": "true",
									"drillable": "false",
									"drillSeries": "line",
									"drillVAxis": "v1",
									"displayOrder": "3",
									"form": "segment",
									"color": "0x676767",
									"showLastDataLabel": "true"
								},
								{
									"id": "2.2 BUD",
									"label": "BUD MTH",
									"series": "target",
									"vaxis": "v2",
									"applyScale": "true",
									"appendix": " (SCALE UNIT)",
									"decimal": "0",
									"defaultVisible": "true",
									"defaultdrill": "false",
									"drillable": "true",
									"drillSeries": "line",
									"drillVAxis": "v1",
									"displayOrder": "2",
									"showLastDataLabel": "true",
									"color": "0x676767"
								},
								{
									"id": "3.6.2 Extrapolation nom.",
									"label": "Extrapolation",
									"series": "dashed",
									"vaxis": "v2",
									"applyScale": "true",
									"appendix": " (SCALE UNIT)",
									"decimal": "0",
									"defaultVisible": "true",
									"defaultdrill": "false",
									"drillable": "true",
									"drillSeries": "line",
									"drillVAxis": "v1",
									"displayOrder": "0",
									"showLastDataLabel": "true",
									"low": "1.1 ACT",
									"form": "segment",
									"color": "0x969696"
								},
								{
									"id": "2.4 &D0VERSION_TEXT2& MTH",
									"label": "",
									"series": "target",
									"vaxis": "v2",
									"applyScale": "true",
									"appendix": " (SCALE UNIT)",
									"decimal": "0",
									"defaultVisible": "false",
									"defaultdrill": "false",
									"drillable": "true",
									"drillSeries": "line",
									"drillVAxis": "v1",
									"displayOrder": "4",
									"showLastDataLabel": "true",
									"color": "0x000000"
								}
							],
							"columnSetType": "overlapping"
						},
						"pos": "0.0",
						"hideAxisTitle": "",
						"defaultTitle": "",
						"titleLogic": "defaulttitle",
						"extractCol": ""
					},
					"id": "v03",
					"label": "Cumulative",
					"desiredColumnWidths": "100,0,0",
					"smartViewTag": ""
				},
				{
					"chart": {
						"group": {
							"row": [
								{
									"id": "1.3 PY",
									"label": "",
									"series": "column",
									"vaxis": "v1",
									"applyScale": "true",
									"appendix": "",
									"decimal": "1",
									"defaultVisible": "true",
									"defaultdrill": "false",
									"drillable": "true",
									"drillSeries": "line",
									"drillVAxis": "v1",
									"displayOrder": "0",
									"color": "0xD9D9D9",
									"showDataLabels": "false",
									"form": "column"
								},
								{
									"id": "1.1 ACT",
									"label": "",
									"series": "column",
									"vaxis": "v1",
									"applyScale": "true",
									"appendix": "",
									"decimal": "0",
									"defaultVisible": "true",
									"defaultdrill": "false",
									"drillable": "true",
									"drillSeries": "line",
									"drillVAxis": "v1",
									"displayOrder": "1",
									"color": "0x676767",
									"showDataLabels": "true"
								}
							],
							"columnSetType": "overlapping"
						},
						"pos": "0.0",
						"hideAxisTitle": "",
						"defaultTitle": "",
						"titleLogic": "defaulttitle",
						"extractCol": ""
					},
					"id": "v02",
					"label": "Daily",
					"desiredColumnWidths": "100,0,0",
					"smartViewTag": ""
				},
				{
					"id": "table",
					"label": "Table",
					"visible": "false",
					"firstColumnHeaderAppendix": "",
					"groupByDrillItems": "true",
					"useKPIGroupBinding": "true"
				}
			],
			"default": "v03",
			"editing": "v03"
		},
		"aggregations": {},
		"dataExtraction": {
			"col": {
				"id": "MTD"
			}
		},
		"dataChanges": {
			"keyfigure": [
				{
					"id": "1.1 ACT",
					"lastActualMonthPortalVariable": "Date",
					"suppressZeros": "1"
				},
				{
					"id": "1.2 BUD",
					"suppressZeros": "1",
					"lastActualMonthPortalVariable": ""
				},
				{
					"id": "1.3 PY",
					"suppressZeros": "1",
					"lastActualMonthPortalVariable": ""
				},
				{
					"id": "2.1 ACT",
					"suppressZeros": "1",
					"lastActualMonthPortalVariable": "Date"
				},
				{
					"id": "2.2 BUD",
					"suppressZeros": "1"
				},
				{
					"id": "2.3 PY",
					"suppressZeros": "1"
				},
				{
					"id": "3.6 Extrapolation",
					"suppressZeros": "1",
					"firstActualMonthPortalVariable": "D0DATE_CXSOI01"
				},
				{
					"id": "3.6.2 Extrapolation nom.",
					"suppressZeros": "1",
					"firstActualMonthPortalVariable": "D0DATE_CXSOI01"
				}
			],
			"action": [
				{
					"op": "copyCol",
					"srcId": "#",
					"targetOffset": "-1",
					"nullValues": "skip"
				},
				{
					"op": "dropCol",
					"id": "#"
				}
			]
		},
		"conditions": {},
		"deviations": {
			"positiveColor": "0xCC0000",
			"negativeColor": "0x999999",
			"showDataLabels": "true",
			"chartBackgroundColors": "true"
		},
		"id": "5080",
		"defaultTitle": "BP2 - DailySales Timeline",
		"classname": "com.bayer.bi.portlets.basePortlets.LineAndColumnTemplateWithDeviations",
		"scope": "QA",
		"portletInfoURL": "http://bi-wiki.intranet.cnb/artikel.php?artikelArtName=portlet&ID=481",
		"defaultShortcuts": "viewState|c|shortLabel:CgsBC2xhYmVsBgtDaGFydBVzaG9ydExhYmVsBgNDCWRhdGEGC2ZpcnN0D3Rvb2xUaXAGFUNoYXJ0IHZpZXcB,CgsBC2xhYmVsBgtUYWJsZRVzaG9ydExhYmVsBgNUCWRhdGEGDXNlY29uZA90b29sVGlwBhVUYWJsZSB2aWV3AQ==",
		"defaultCacheTTL": "60",
		"defaultViewState": "first",
		"defaultLegendDirection": "bottom",
		"enableScale": "true",
		"defaultScaling": "1000000",
		"scalingChoices": "1,1000,1000000",
		"enableColumnSetType": "false",
		"columnSetTypechoices": "clustered,overlaid,stacked,100%",
		"columnSetType": "clustered",
		"defaultKeyFigure": "Default",
		"enableDrilldown": "false",
		"enableDrilldownByNone": "false",
		"defaultDrill": "None",
		"topNFilterKeyName": "",
		"enableAggregation": "false",
		"aggregationTypes": "",
		"defaultAggregationType": "",
		"enableScrolling": "false",
		"maxNumberOfVisibleItems": "0",
		"defaultScrollBarValue": "0",
		"enableAnalysis": "false",
		"enableAnalysisInDrill": "false",
		"currencyFilterKeyName": "",
		"isActive": "1",
		"showInFinder": "1",
		"seriesSelectionEnabled": "false",
		"seriesSelectionMaximalNumberOfVisibleItems": "",
		"maxNumberOfResultRows": "2000",
		"handleRowLimitInBackEnd": "true",
		"system": "H2R",
		"useAlternativeRowSelection": "true",
		"hideGridLines": "true",
		"ca": "8",
		"finderTitle": "BP2 - DailySales Timeline",
		"finderImage": "Lines",
		"category": "Sales",
		"versionFrom": "3.10.011",
		"volume": {
			"moduleFilter": [
				{
					"@attributes": {
						"filterKey": "MAGIC_KEY_HIER",
						"filterKeyName": "Business View",
						"filterTechName": "DDIMKKAX_HDSOI02",
						"defaultValue": "",
						"toValue": "",
						"isPublic": "1",
						"DrillName": "",
						"portletBuilderIdentifier": "DDIMKKAX_HDSOI02:DRESPO__DIMKKAX",
						"ioName": "BSV: Hierarchy",
						"variableType": "P"
					}
				},
				{
					"@attributes": {
						"filterKey": "MAGIC_KEY_L1",
						"filterKeyName": "Division",
						"filterTechName": "",
						"defaultValue": "",
						"toValue": "",
						"isPublic": "0",
						"DrillName": "",
						"portletBuilderIdentifier": "DDIMKKA1_CDOOI01:DRESPO__DIMKKA1",
						"ioName": "BSV Lvl 1",
						"variableType": "S"
					}
				},
				{
					"@attributes": {
						"filterKey": "MAGIC_KEY_L2",
						"filterKeyName": "Business View (L2)",
						"filterTechName": "",
						"defaultValue": "",
						"toValue": "",
						"isPublic": "0",
						"DrillName": "",
						"portletBuilderIdentifier": "DDIMKKA2_CDOOI01:DRESPO__DIMKKA2",
						"ioName": "BSV Lvl 2",
						"variableType": "S"
					}
				},
				{
					"@attributes": {
						"filterKey": "MAGIC_KEY_L3",
						"filterKeyName": "Business View (L3)",
						"filterTechName": "",
						"defaultValue": "",
						"toValue": "",
						"isPublic": "0",
						"DrillName": "",
						"portletBuilderIdentifier": "DDIMKKA3_CDOOI01:DRESPO__DIMKKA3",
						"ioName": "BSV Lvl 3",
						"variableType": "S"
					}
				},
				{
					"@attributes": {
						"filterKey": "MAGIC_KEY_L4",
						"filterKeyName": "Business View (L4)",
						"filterTechName": "",
						"defaultValue": "",
						"toValue": "",
						"isPublic": "0",
						"DrillName": "",
						"portletBuilderIdentifier": "DDIMKKA4_CDOOI01:DRESPO__DIMKKA4",
						"ioName": "BSV Lvl 4",
						"variableType": "S"
					}
				},
				{
					"@attributes": {
						"filterKey": "MAGIC_KEY_L5",
						"filterKeyName": "Business View (L5)",
						"filterTechName": "",
						"defaultValue": "",
						"toValue": "",
						"isPublic": "0",
						"DrillName": "",
						"portletBuilderIdentifier": "DDIMKKA5_CDOOI01:DRESPO__DIMKKA5",
						"ioName": "BSV Lvl 5",
						"variableType": "S"
					}
				},
				{
					"@attributes": {
						"filterKey": "MAGIC_KEY_L6",
						"filterKeyName": "Business View (L6)",
						"filterTechName": "",
						"defaultValue": "",
						"toValue": "",
						"isPublic": "0",
						"DrillName": "",
						"portletBuilderIdentifier": "DDIMKKA6_CDOOI01:DRESPO__DIMKKA6",
						"ioName": "BSV Lvl 6",
						"variableType": "S"
					}
				},
				{
					"@attributes": {
						"filterKey": "MAGIC_KEY_L7",
						"filterKeyName": "Business View (L7)",
						"filterTechName": "",
						"defaultValue": "",
						"toValue": "",
						"isPublic": "0",
						"DrillName": "",
						"portletBuilderIdentifier": "DDIMKKA7_CDOOI01:DRESPO__DIMKKA7",
						"ioName": "BSV Lvl 7",
						"variableType": "S"
					}
				},
				{
					"@attributes": {
						"filterKey": "MAGIC_KEY_L8",
						"filterKeyName": "Business View (L8)",
						"filterTechName": "",
						"defaultValue": "",
						"toValue": "",
						"isPublic": "0",
						"DrillName": "",
						"portletBuilderIdentifier": "DDIMKKA8_CDOOI01:DRESPO__DIMKKA8",
						"ioName": "BSV Lvl 8",
						"variableType": "S"
					}
				},
				{
					"@attributes": {
						"filterKey": "MAGIC_KEY_L9",
						"filterKeyName": "Business View (L9)",
						"filterTechName": "",
						"defaultValue": "",
						"toValue": "",
						"isPublic": "0",
						"DrillName": "",
						"portletBuilderIdentifier": "DDIMKKA9_CDOOSI01:DRESPO__DIMKKA9",
						"ioName": "BSV Lvl 9",
						"variableType": "S"
					}
				},
				{
					"@attributes": {
						"filterKey": "MAGIC_KEY_L10",
						"filterKeyName": "Business View (L10)",
						"filterTechName": "",
						"defaultValue": "",
						"toValue": "",
						"isPublic": "0",
						"DrillName": "",
						"portletBuilderIdentifier": "DDIMKKA10_CDOOSI01:DRESPO__DIMKKA10",
						"ioName": "BSV Lvl 10",
						"variableType": "S"
					}
				},
				{
					"@attributes": {
						"filterKey": "DK_GB",
						"filterKeyName": "Business Group",
						"filterTechName": "DDK_GB_CDOOI",
						"defaultValue": "",
						"toValue": "",
						"isPublic": "1",
						"DrillName": "",
						"portletBuilderIdentifier": "DDK_GB_CDOOI:DRESPO__DK_GB",
						"ioName": "CV 5 Business Group",
						"variableType": "S"
					}
				},
				{
					"@attributes": {
						"filterKey": "DSBE",
						"filterKeyName": "Strategic Business Entity",
						"filterTechName": "DRESPO_DSBE_CDOOI",
						"defaultValue": "",
						"toValue": "",
						"isPublic": "1",
						"DrillName": "",
						"portletBuilderIdentifier": "DRESPO_DSBE_CDOOI:DRESPO__DSBE",
						"ioName": "CV 6 SBE",
						"variableType": "S"
					}
				},
				{
					"@attributes": {
						"filterKey": "DRU",
						"filterKeyName": "Reporting Unit",
						"filterTechName": "DRESPO__DRU_CDOOI",
						"defaultValue": "",
						"toValue": "",
						"isPublic": "1",
						"DrillName": "",
						"portletBuilderIdentifier": "DRESPO__DRU_CDOOI:DRESPO__DRU",
						"ioName": "CV 7 Reporting Unit",
						"variableType": "S"
					}
				},
				{
					"@attributes": {
						"filterKey": "MAGIC_KEY_COUNTRY_GROUP",
						"filterKeyName": "Country Group",
						"filterTechName": "DIMKKACG_CDOOSI01",
						"defaultValue": "",
						"toValue": "",
						"isPublic": "1",
						"DrillName": "",
						"portletBuilderIdentifier": "DIMKKACG_CDOOSI01:DRESPO__DIMKKACG",
						"ioName": "BSV CG",
						"variableType": "S",
						"logic": "1"
					}
				},
				{
					"@attributes": {
						"filterKey": "0COUNTRY",
						"filterKeyName": "Country",
						"filterTechName": "D0COUNTRY_CXOOIFE",
						"defaultValue": "",
						"toValue": "",
						"isPublic": "1",
						"DrillName": "",
						"portletBuilderIdentifier": "D0COUNTRY_CXOOIFE:DCTRY_FD",
						"ioName": "Country final-dest.",
						"variableType": "S"
					}
				},
				{
					"@attributes": {
						"filterKey": "SOP_BRANDFAM",
						"filterKeyName": "Brand Family",
						"filterTechName": "DDRESPO_DBRANDF_CDSOI01",
						"defaultValue": "",
						"toValue": "",
						"isPublic": "1",
						"DrillName": "",
						"portletBuilderIdentifier": "DDRESPO_DBRANDF_CDSOI01:DRESPO__DBRANDF",
						"ioName": "CV Brand Family",
						"variableType": "S"
					}
				},
				{
					"@attributes": {
						"filterKey": "CV_BRAND",
						"filterKeyName": "Brand",
						"filterTechName": "DDBRAND_CDOOI",
						"defaultValue": "",
						"toValue": "",
						"isPublic": "1",
						"DrillName": "",
						"portletBuilderIdentifier": "DDBRAND_CDOOI:DRESPO__DBRAND",
						"ioName": "CV Brand",
						"variableType": "S"
					}
				},
				{
					"@attributes": {
						"filterKey": "DPC_CV",
						"filterKeyName": "Brand (RPC)",
						"filterTechName": "DRESPO_DPC_CV_CDOOI",
						"defaultValue": "",
						"toValue": "",
						"isPublic": "1",
						"DrillName": "DRESPO__DPC_CV",
						"portletBuilderIdentifier": "DRESPO_DPC_CV_CDOOI:DRESPO__DPC_CV",
						"ioName": "CV 8 Profitcenter",
						"variableType": "S"
					}
				},
				{
					"@attributes": {
						"filterKey": "0CUSTOMER",
						"filterKeyName": "Customer",
						"filterTechName": "D0CUSTOMER_CDOOI",
						"defaultValue": "",
						"toValue": "",
						"isPublic": "1",
						"DrillName": "",
						"portletBuilderIdentifier": "D0CUSTOMER_CDOOI:0CUSTOMER",
						"ioName": "Customer",
						"variableType": "S"
					}
				},
				{
					"@attributes": {
						"filterKey": "ADD_BRAND_GRP",
						"filterKeyName": "Categories",
						"filterTechName": "DRESPO__DBRANDG",
						"defaultValue": "",
						"toValue": "",
						"isPublic": "1",
						"DrillName": "DRESPO__DBRANDG",
						"portletBuilderIdentifier": "DRESPO__DBRANDG:DRESPO__DBRANDG",
						"ioName": "Add. Grouping",
						"variableType": ""
					}
				},
				{
					"@attributes": {
						"filterKey": "PFM_BRAND",
						"filterKeyName": "Brand Portfolio",
						"filterTechName": "DRESPO__DMUSTW1",
						"defaultValue": "",
						"toValue": "",
						"isPublic": "1",
						"DrillName": "DRESPO__DMUSTW1",
						"portletBuilderIdentifier": "DRESPO__DMUSTW1:DRESPO__DMUSTW1",
						"ioName": "CV Brand Attribute",
						"variableType": ""
					}
				},
				{
					"@attributes": {
						"filterKey": "PFM_COUNTRY",
						"filterKeyName": "Country Portfolio",
						"filterTechName": "DRESPO__DMUSTW2",
						"defaultValue": "",
						"toValue": "",
						"isPublic": "1",
						"DrillName": "DRESPO__DMUSTW2",
						"portletBuilderIdentifier": "DRESPO__DMUSTW2:DRESPO__DMUSTW2",
						"ioName": "CV Country Attribute",
						"variableType": ""
					}
				},
				{
					"@attributes": {
						"filterKey": "PFM_CTRY_BRAND",
						"filterKeyName": "Portfolio Management",
						"filterTechName": "DRESPO__DMVIEW",
						"defaultValue": "",
						"toValue": "",
						"isPublic": "1",
						"DrillName": "DRESPO__DMVIEW",
						"portletBuilderIdentifier": "DRESPO__DMVIEW:DRESPO__DMVIEW",
						"ioName": "CV Brand / Country",
						"variableType": ""
					}
				},
				{
					"@attributes": {
						"filterKey": "DATE",
						"format": "DD.MM.YYYY",
						"filterKeyName": "Date",
						"filterTechName": "D0DATE_CXSOI01",
						"defaultValue": "",
						"toValue": "",
						"isPublic": "1",
						"DrillName": "",
						"portletBuilderIdentifier": "D0DATE_CXSOI01:",
						"ioName": "Date",
						"variableType": "P",
						"isHierarchy": "false"
					}
				},
				{
					"@attributes": {
						"filterKey": "",
						"filterKeyName": "Version",
						"filterTechName": "D0VERSION_CXSMIFC2",
						"defaultValue": "",
						"toValue": "",
						"isPublic": "1",
						"DrillName": "",
						"portletBuilderIdentifier": "D0VERSION_CXSMIFC2:",
						"Mandatory": "true",
						"ioName": "Version",
						"variableType": "P",
						"isHierarchy": "false"
					}
				},
				{
					"@attributes": {
						"filterKey": "0CURRENCY",
						"filterKeyName": "Currency",
						"filterTechName": "DCURRENCY_CDSOI01",
						"defaultValue": "EUR",
						"toValue": "",
						"isPublic": "1",
						"DrillName": "",
						"portletBuilderIdentifier": "DCURRENCY_CDSOI01:",
						"Mandatory": "true",
						"ioName": "Currency",
						"variableType": "P",
						"isHierarchy": "false"
					}
				},
				{
					"@attributes": {
						"filterKey": "CSV_PERFOV",
						"filterKeyName": "Local Steering View",
						"filterTechName": "D_DCOREPSV1_CDOOI01",
						"defaultValue": "",
						"toValue": "",
						"isPublic": "1",
						"DrillName": "DRESPO__DCOREPSV1",
						"portletBuilderIdentifier": "D_DCOREPSV1_CDOOI01:DRESPO__DCOREPSV1",
						"ioName": "CSV Loc. Steer. View",
						"variableType": "S",
						"logic": "1"
					}
				},
				{
					"@attributes": {
						"filterKey": "CSV_BRAND",
						"filterKeyName": "Local Brand Family",
						"filterTechName": "D_DCOREBSV1_CDOOI01",
						"defaultValue": "",
						"toValue": "",
						"isPublic": "1",
						"DrillName": "DRESPO__DCOREBSV1",
						"portletBuilderIdentifier": "D_DCOREBSV1_CDOOI01:DRESPO__DCOREBSV1",
						"ioName": "CSV Loc. Brand Fam.",
						"variableType": "S",
						"logic": "1"
					}
				},
				{
					"@attributes": {
						"filterKey": "CSV_SUBBRAND",
						"filterKeyName": "Local Brand",
						"filterTechName": "D_DCOREBSV2_CDOOI01",
						"defaultValue": "",
						"toValue": "",
						"isPublic": "1",
						"DrillName": "DRESPO__DCOREBSV2",
						"portletBuilderIdentifier": "D_DCOREBSV2_CDOOI01:DRESPO__DCOREBSV2",
						"ioName": "CSV Local Brand",
						"variableType": "S",
						"logic": "1"
					}
				},
				{
					"@attributes": {
						"filterKey": "CSV_CHANNEL",
						"filterKeyName": "Local Channel",
						"filterTechName": "D_DCORECSV1_CDOOI01",
						"defaultValue": "",
						"toValue": "",
						"isPublic": "1",
						"DrillName": "D_COREC__DCORECSV1",
						"portletBuilderIdentifier": "D_DCORECSV1_CDOOI01:D_COREC__DCORECSV1",
						"ioName": "CSV Local Channel",
						"variableType": "S",
						"logic": "1"
					}
				},
				{
					"@attributes": {
						"filterKey": "CSV_SUBCHANNEL",
						"filterKeyName": "Local Subchannel",
						"filterTechName": "D_DCORECSV2_CDOOI01",
						"defaultValue": "",
						"toValue": "",
						"isPublic": "1",
						"DrillName": "D_COREC__DCORECSV2",
						"portletBuilderIdentifier": "D_DCORECSV2_CDOOI01:D_COREC__DCORECSV2",
						"ioName": "CSV Local Subchannel",
						"variableType": "S",
						"logic": "1"
					}
				},
				{
					"@attributes": {
						"filterKey": "0MATERIAL",
						"filterKeyName": "Material",
						"filterTechName": "D0MATERIAL_CDOOI",
						"defaultValue": "",
						"toValue": "",
						"isPublic": "1",
						"DrillName": "0MATERIAL",
						"portletBuilderIdentifier": "D0MATERIAL_CDOOI:0MATERIAL",
						"ioName": "Material",
						"variableType": "S"
					}
				},
				{
					"@attributes": {
						"filterKey": "",
						"filterKeyName": "CSV Loc. Brand Type",
						"filterTechName": "",
						"defaultValue": "",
						"toValue": "",
						"isPublic": "0",
						"DrillName": "",
						"portletBuilderIdentifier": "DRESPO__DCOREBIO2:DRESPO__DCOREBIO2",
						"ioName": "CSV Loc. Brand Type",
						"variableType": ""
					}
				},
				{
					"@attributes": {
						"filterKey": "",
						"filterKeyName": "CSV Loc Brand FamTyp",
						"filterTechName": "",
						"defaultValue": "",
						"toValue": "",
						"isPublic": "0",
						"DrillName": "",
						"portletBuilderIdentifier": "DRESPO__DCOREBIO1:DRESPO__DCOREBIO1",
						"ioName": "CSV Loc Brand FamTyp",
						"variableType": ""
					}
				},
				{
					"@attributes": {
						"filterKey": "",
						"filterKeyName": "CSV Loc. St. Vw. Typ",
						"filterTechName": "",
						"defaultValue": "",
						"toValue": "",
						"isPublic": "0",
						"DrillName": "",
						"portletBuilderIdentifier": "DRESPO__DCOREPIO1:DRESPO__DCOREPIO1",
						"ioName": "CSV Loc. St. Vw. Typ",
						"variableType": ""
					}
				},
				{
					"@attributes": {
						"filterKey": "",
						"filterKeyName": "CSV Loc.Sub.Chan.Typ",
						"filterTechName": "",
						"defaultValue": "",
						"toValue": "",
						"isPublic": "0",
						"DrillName": "",
						"portletBuilderIdentifier": "D_COREC__DCORECIO2:D_COREC__DCORECIO2",
						"ioName": "CSV Loc.Sub.Chan.Typ",
						"variableType": ""
					}
				},
				{
					"@attributes": {
						"filterKey": "",
						"filterKeyName": "CSV Loc. Channel Typ",
						"filterTechName": "",
						"defaultValue": "",
						"toValue": "",
						"isPublic": "0",
						"DrillName": "",
						"portletBuilderIdentifier": "D_COREC__DCORECIO1:D_COREC__DCORECIO1",
						"ioName": "CSV Loc. Channel Typ",
						"variableType": ""
					}
				},
				{
					"@attributes": {
						"filterKey": "",
						"filterKeyName": "ROI: DS KF Structure",
						"filterTechName": "",
						"defaultValue": "",
						"toValue": "",
						"isPublic": "0",
						"DrillName": "",
						"portletBuilderIdentifier": "00O2TK9973U2BP6ACTNDQ7W5X:00O2TK9973U2BP6ACTNDQ7W5X",
						"ioName": "ROI: DS KF Structure",
						"variableType": "STR"
					}
				},
				{
					"@attributes": {
						"filterKey": "",
						"filterKeyName": "",
						"filterTechName": "",
						"defaultValue": "",
						"toValue": "",
						"isPublic": "0",
						"DrillName": "",
						"portletBuilderIdentifier": "00O2TK9973U2BP6ACTNDQF3BP:00O2TK9973U2BP6ACTNDQF3BP",
						"ioName": "",
						"variableType": "STR"
					}
				}
			],
			"id": "SOA00_COPAPRP03_QS051_02",
			"hasTimeStructure": "true",
			"dateformat": "dd",
			"lastChanged": "2018-06-18 10:13:39",
			"enableAO": "true"
		}
	},
	"lastChangedBy": "behri",
	"lastChanged": "2018-06-18 10:14:32",
	"token": "",
	"tokenAddedOn": null,
	"transportStatus": "3"
}