{
	"query": {
		"title": "SOA00_COPAPRP03_QS080",
		"limitexceeded": false,
		"nosuchuser": false,
		"nodata": false,
		"nosuchquery": false,
		"noauth": false
	},
	"meta": {
		"kf001": {
			"key": "00O2TK9973U0L3NSRWKB1PM08",
			"value": "\n01 Volume"
		},
		"kf002": {
			"key": "00O2TK9973U0L3NSRWKB1MMJS",
			"value": "\n02 % Total (Qty)"
		},
		"kf003": {
			"key": "00O2TK9973U0L3NSRWKB1NOH4",
			"value": "\n03 Net Sales"
		},
		"kf004": {
			"key": "00O2TK9973U0L3NSRWKB1MSVC",
			"value": "\n04 Price"
		},
		"kf005": {
			"key": "00O2TK9973U0L3NSRWKB1MZ6W",
			"value": "\nMin Price"
		},
		"kf006": {
			"key": "00O2TK9973U0L3NSRWKB1N5IG",
			"value": "\nMax Price"
		},
		"kf007": {
			"key": "00O2TK9973U0L4QZYKYJR5ZRN",
			"value": "\n050 ASP"
		},
		"kf008": {
			"key": "00O2TK9973U0L4QZYKYJR6637",
			"value": "\n051 Dev. ASP"
		},
		"kf009": {
			"key": "00O2TK9973U2BE8127E365TRD",
			"value": "\n052 Price Index"
		},
		"kf010": {
			"key": "00O2TK9973U0L3NSRWKB1PYNC",
			"value": "\n06 Volume PY"
		},
		"kf011": {
			"key": "00O2TK9973U0L3NSRWKB1O7FS",
			"value": "\n07 % Total PY (Qty)"
		},
		"kf012": {
			"key": "00O2TK9973U0L3NSRWKB1P9D4",
			"value": "\n08 Volume CY to PY"
		},
		"kf013": {
			"key": "00O2TK9973U0L3NSRWKB1OK2W",
			"value": "\n09 Net Sales PY"
		},
		"kf014": {
			"key": "00O2TK9973U0L3NSRWKB1OQEG",
			"value": "\n10 Price PY"
		},
		"kf015": {
			"key": "00O2TK9973U0L3NSRWKB1PFOO",
			"value": "\n11 Price CY to PY"
		},
		"kf016": {
			"key": "00O2TK9973U0L4R0TDBMGF1ND",
			"value": "\n120 ASP PY"
		},
		"kf017": {
			"key": "00O2TK9973U0L4R0TDBMGF7YX",
			"value": "\n121 Dev. PY ASP"
		},
		"kf018": {
			"key": "00O2TK9973U2BE8127E36602X",
			"value": "\n122 Price Index PY"
		}
	},
	"cube": [
		{
			"kf001": {
				"key": "00O2TK9973U0L3NSRWKB1PM08",
				"unit": ""
			},
			"kf002": {
				"key": "00O2TK9973U0L3NSRWKB1MMJS",
				"unit": ""
			},
			"kf003": {
				"key": "00O2TK9973U0L3NSRWKB1NOH4",
				"unit": ""
			},
			"kf004": {
				"key": "00O2TK9973U0L3NSRWKB1MSVC",
				"unit": ""
			},
			"kf005": {
				"key": "00O2TK9973U0L3NSRWKB1MZ6W",
				"unit": ""
			},
			"kf006": {
				"key": "00O2TK9973U0L3NSRWKB1N5IG",
				"unit": ""
			},
			"kf007": {
				"key": "00O2TK9973U0L4QZYKYJR5ZRN",
				"unit": ""
			},
			"kf008": {
				"key": "00O2TK9973U0L4QZYKYJR6637",
				"unit": ""
			},
			"kf009": {
				"key": "00O2TK9973U2BE8127E365TRD",
				"unit": ""
			},
			"kf010": {
				"key": "00O2TK9973U0L3NSRWKB1PYNC",
				"unit": ""
			},
			"kf011": {
				"key": "00O2TK9973U0L3NSRWKB1O7FS",
				"unit": ""
			},
			"kf012": {
				"key": "00O2TK9973U0L3NSRWKB1P9D4",
				"unit": ""
			},
			"kf013": {
				"key": "00O2TK9973U0L3NSRWKB1OK2W",
				"unit": ""
			},
			"kf014": {
				"key": "00O2TK9973U0L3NSRWKB1OQEG",
				"unit": ""
			},
			"kf015": {
				"key": "00O2TK9973U0L3NSRWKB1PFOO",
				"unit": ""
			},
			"kf016": {
				"key": "00O2TK9973U0L4R0TDBMGF1ND",
				"unit": ""
			},
			"kf017": {
				"key": "00O2TK9973U0L4R0TDBMGF7YX",
				"unit": ""
			},
			"kf018": {
				"key": "00O2TK9973U2BE8127E36602X",
				"unit": ""
			}
		}
	],
	"filters": [
		{
			"id": "0BILL_NUM",
			"from": {
				"key": "#",
				"value": "#"
			},
			"to": {
				"key": "",
				"to": ""
			}
		},
		{
			"id": "0CS_CHART",
			"from": {
				"key": "BI",
				"value": "BI"
			},
			"to": {
				"key": "",
				"to": ""
			}
		},
		{
			"id": "0CS_DIMEN",
			"from": {
				"key": "BX",
				"value": "BX"
			},
			"to": {
				"key": "",
				"to": ""
			}
		},
		{
			"id": "0CS_DOCTYPE",
			"from": {
				"key": "BX/Y8",
				"value": "Deviation Analysis uncons"
			},
			"to": {
				"key": "",
				"to": ""
			}
		},
		{
			"id": "0CURTYPE",
			"from": {
				"key": "#",
				"value": "Not assigned"
			},
			"to": {
				"key": "",
				"to": ""
			}
		},
		{
			"id": "0CURTYPE",
			"from": {
				"key": "10",
				"value": "Company code currency"
			},
			"to": {
				"key": "",
				"to": ""
			}
		},
		{
			"id": "0CUSTOMER",
			"from": {
				"key": "#",
				"value": "Not assigned"
			},
			"to": {
				"key": "",
				"to": ""
			}
		},
		{
			"id": "0FISCVARNT",
			"from": {
				"key": "K1",
				"value": "Calendar year, 1 spec. period"
			},
			"to": {
				"key": "",
				"to": ""
			}
		},
		{
			"id": "0IOBJSV",
			"from": {
				"key": "#",
				"value": "Not assigned"
			},
			"to": {
				"key": "",
				"to": ""
			}
		},
		{
			"id": "0IOBJSV",
			"from": {
				"key": "0PSG",
				"value": "Profit. segment"
			},
			"to": {
				"key": "",
				"to": ""
			}
		},
		{
			"id": "0VALUATION",
			"from": {
				"key": "#",
				"value": "Legal Valuation"
			},
			"to": {
				"key": "",
				"to": ""
			}
		},
		{
			"id": "0VERSION",
			"from": {
				"key": "0",
				"value": "Plan/actual version"
			},
			"to": {
				"key": "",
				"to": ""
			}
		},
		{
			"id": "DRESPO__D_CV0",
			"from": {
				"key": "LS",
				"value": "Bayer Group"
			},
			"to": {
				"key": "",
				"to": ""
			}
		}
	],
	"variables": [
		{
			"id": "DCURRENCY_CDSOI01",
			"from": {
				"key": "EUR",
				"value": "Euro"
			},
			"to": {
				"key": "",
				"to": ""
			}
		},
		{
			"id": "D0FISCPER_CXSNI00",
			"from": {
				"key": "009.2017",
				"value": "SEP 2017"
			},
			"to": {
				"key": "",
				"to": ""
			}
		},
		{
			"id": "D0FISCPER3_CXOML01",
			"from": {
				"key": "1",
				"value": "Jan"
			},
			"to": {
				"key": "009",
				"to": "Sep"
			}
		},
		{
			"id": "DFISCYEAR_CXSOL03",
			"from": {
				"key": "2017",
				"value": "Calendar year, 1 spec. period 2017"
			},
			"to": {
				"key": "",
				"to": ""
			}
		},
		{
			"id": "DZINFOPROV_CXOOL07",
			"from": {
				"key": "DA_CDCALF",
				"value": ""
			},
			"to": {
				"key": "",
				"to": ""
			}
		},
		{
			"id": "DZINFOPROV_CXOOL07",
			"from": {
				"key": "COPADPF",
				"value": ""
			},
			"to": {
				"key": "",
				"to": ""
			}
		},
		{
			"id": "DZINFOPROV_CXOOL07",
			"from": {
				"key": "COPACSP",
				"value": ""
			},
			"to": {
				"key": "",
				"to": ""
			}
		},
		{
			"id": "DZINFOPROV_CXOOL07",
			"from": {
				"key": "COPACCPCF",
				"value": ""
			},
			"to": {
				"key": "",
				"to": ""
			}
		},
		{
			"id": "DZINFOPROV_CXOOL07",
			"from": {
				"key": "BKA_CPRKF",
				"value": ""
			},
			"to": {
				"key": "",
				"to": ""
			}
		},
		{
			"id": "Z0COND_FDSOI01",
			"from": {
				"key": "10",
				"value": "10"
			},
			"to": {
				"key": "",
				"to": ""
			}
		},
		{
			"id": "DDAGGTYPE_CDSMI",
			"from": {
				"key": "YTD",
				"value": "Year-to-date"
			},
			"to": {
				"key": "",
				"to": ""
			}
		},
		{
			"id": "DREQSTAT_CDSOI01",
			"from": {
				"key": "R",
				"value": "released"
			},
			"to": {
				"key": "",
				"to": ""
			}
		},
		{
			"id": "DDIMKKAX_HDSOI02",
			"from": {
				"key": "WORLD",
				"value": "Bayer Group"
			},
			"to": {
				"key": "0HIER_NODE",
				"to": ""
			}
		},
		{
			"id": "DD_GCLCREP_CXOOL01",
			"from": {
				"key": "GC",
				"value": "Group Currency"
			},
			"to": {
				"key": "",
				"to": ""
			}
		},
		{
			"id": "DD_GCLCREP_CXOOL01",
			"from": {
				"key": "ALL",
				"value": "ALL"
			},
			"to": {
				"key": "",
				"to": ""
			}
		},
		{
			"id": "DD_GCLCREP_CXOOL01",
			"from": {
				"key": "#",
				"value": "Not assigned"
			},
			"to": {
				"key": "",
				"to": ""
			}
		},
		{
			"id": "DD_GCLCREP_CXOOL01",
			"from": {
				"key": "#",
				"value": "Not assigned"
			},
			"to": {
				"key": "",
				"to": ""
			}
		},
		{
			"id": "DZMRSC_CXOOL01",
			"from": {
				"key": "MON",
				"value": "Monsanto"
			},
			"to": {
				"key": "",
				"to": ""
			}
		}
	],
	"error": false
}