{
	"query": {
		"title": "SOA00_COPAPRPCF_QS023",
		"limitexceeded": false,
		"nosuchuser": false,
		"nodata": false,
		"nosuchquery": false,
		"noauth": false
	},
	"meta": {
		"char001": {
			"key": "00O2TK9973U0HI1AUMNJAGS9U",
			"value": "ROI: Deviations (Keep Sign)"
		},
		"kf001": {
			"key": "00O2TK9973U0HI1AUMNJAQFXE",
			"value": "\nJan"
		},
		"kf002": {
			"key": "00O2TK9973U0HI1AUMNJAQM8Y",
			"value": "\nFeb"
		},
		"kf003": {
			"key": "00O2TK9973U0HI1AUMNJAQYW2",
			"value": "\nMar"
		},
		"kf004": {
			"key": "00O2TK9973U0HI1AUMNJARBJ6",
			"value": "\nApr"
		},
		"kf005": {
			"key": "00O2TK9973U0HI1AUMNJARO6A",
			"value": "\nMay"
		},
		"kf006": {
			"key": "00O2TK9973U0HI1AUMNJAS0TE",
			"value": "\nJun"
		},
		"kf007": {
			"key": "00O2TK9973U0HI1AUMNJASDGI",
			"value": "\nJul"
		},
		"kf008": {
			"key": "00O2TK9973U0HI1AUMNJASQ3M",
			"value": "\nAug"
		},
		"kf009": {
			"key": "00O2TK9973U0HI1AUMNJAT2QQ",
			"value": "\nSep"
		},
		"kf010": {
			"key": "00O2TK9973U0HI1AUMNJATFDU",
			"value": "\nOct"
		},
		"kf011": {
			"key": "00O2TK9973U0HI1AUMNJATS0Y",
			"value": "\nNov"
		},
		"kf012": {
			"key": "00O2TK9973U0HI1AUMNJAU4O2",
			"value": "\nDec"
		}
	},
	"cube": [
		{
			"char001": {
				"key": "00O2TK9973U0HI1AUMNJAH4WY",
				"value": "1.1 CY Country Cash Flow"
			},
			"kf001": {
				"key": "00O2TK9973U0HI1AUMNJAQFXE",
				"value": "1125902790.50376493000",
				"unit": "EUR"
			},
			"kf002": {
				"key": "00O2TK9973U0HI1AUMNJAQM8Y",
				"value": "1737692459.14382116000",
				"unit": "EUR"
			},
			"kf003": {
				"key": "00O2TK9973U0HI1AUMNJAQYW2",
				"value": "2550988901.33758376000",
				"unit": "EUR"
			},
			"kf004": {
				"key": "00O2TK9973U0HI1AUMNJARBJ6",
				"value": "3764399851.32702310400",
				"unit": "EUR"
			},
			"kf005": {
				"key": "00O2TK9973U0HI1AUMNJARO6A",
				"value": "5457761870.14846872400",
				"unit": "EUR"
			},
			"kf006": {
				"key": "00O2TK9973U0HI1AUMNJAS0TE",
				"value": "7388801076.36543918600",
				"unit": "EUR"
			},
			"kf007": {
				"key": "00O2TK9973U0HI1AUMNJASDGI",
				"value": "8732591085.05542108800",
				"unit": "EUR"
			},
			"kf008": {
				"key": "00O2TK9973U0HI1AUMNJASQ3M",
				"value": "10185003640.9821502960",
				"unit": "EUR"
			},
			"kf009": {
				"key": "00O2TK9973U0HI1AUMNJAT2QQ",
				"value": "11936657083.0011880320",
				"unit": "EUR"
			},
			"kf010": {
				"key": "00O2TK9973U0HI1AUMNJATFDU",
				"value": "13366962143.5195569460",
				"unit": "EUR"
			},
			"kf011": {
				"key": "00O2TK9973U0HI1AUMNJATS0Y",
				"value": "14100738005.2495412100",
				"unit": "EUR"
			},
			"kf012": {
				"key": "00O2TK9973U0HI1AUMNJAU4O2",
				"value": "15956923849.8076015400",
				"unit": "EUR"
			}
		},
		{
			"char001": {
				"key": "00O2TK9973U0HI1AUMNJALIXU",
				"value": "2.1 PY Country Cash Flow"
			},
			"kf001": {
				"key": "00O2TK9973U0HI1AUMNJAQFXE",
				"value": "689439894.307582857000",
				"unit": "EUR"
			},
			"kf002": {
				"key": "00O2TK9973U0HI1AUMNJAQM8Y",
				"value": "1259078886.01891826200",
				"unit": "EUR"
			},
			"kf003": {
				"key": "00O2TK9973U0HI1AUMNJAQYW2",
				"value": "1981636475.44735648600",
				"unit": "EUR"
			},
			"kf004": {
				"key": "00O2TK9973U0HI1AUMNJARBJ6",
				"value": "3076544420.35579045700",
				"unit": "EUR"
			},
			"kf005": {
				"key": "00O2TK9973U0HI1AUMNJARO6A",
				"value": "4534231385.13260806100",
				"unit": "EUR"
			},
			"kf006": {
				"key": "00O2TK9973U0HI1AUMNJAS0TE",
				"value": "6628270113.72421492900",
				"unit": "EUR"
			},
			"kf007": {
				"key": "00O2TK9973U0HI1AUMNJASDGI",
				"value": "8069159264.69378351900",
				"unit": "EUR"
			},
			"kf008": {
				"key": "00O2TK9973U0HI1AUMNJASQ3M",
				"value": "9296590016.90465834500",
				"unit": "EUR"
			},
			"kf009": {
				"key": "00O2TK9973U0HI1AUMNJAT2QQ",
				"value": "11310088261.6273730600",
				"unit": "EUR"
			},
			"kf010": {
				"key": "00O2TK9973U0HI1AUMNJATFDU",
				"value": "12341310804.1644877100",
				"unit": "EUR"
			},
			"kf011": {
				"key": "00O2TK9973U0HI1AUMNJATS0Y",
				"value": "13114475945.4282314200",
				"unit": "EUR"
			},
			"kf012": {
				"key": "00O2TK9973U0HI1AUMNJAU4O2",
				"value": "14816958528.8016929500",
				"unit": "EUR"
			}
		},
		{
			"char001": {
				"key": "00O2TK9973U2BMH6Y1EGG8RGD",
				"value": "3.1 FC1 YTD"
			},
			"kf001": {
				"key": "00O2TK9973U0HI1AUMNJAQFXE",
				"value": "1196634135.97020430000",
				"unit": "EUR"
			},
			"kf002": {
				"key": "00O2TK9973U0HI1AUMNJAQM8Y",
				"value": "2532596258.61489352600",
				"unit": "EUR"
			},
			"kf003": {
				"key": "00O2TK9973U0HI1AUMNJAQYW2",
				"value": "4290751959.71271509400",
				"unit": "EUR"
			},
			"kf004": {
				"key": "00O2TK9973U0HI1AUMNJARBJ6",
				"value": "5699758696.09253092000",
				"unit": "EUR"
			},
			"kf005": {
				"key": "00O2TK9973U0HI1AUMNJARO6A",
				"value": "7060037226.20111200000",
				"unit": "EUR"
			},
			"kf006": {
				"key": "00O2TK9973U0HI1AUMNJAS0TE",
				"value": "8508225308.66956004000",
				"unit": "EUR"
			},
			"kf007": {
				"key": "00O2TK9973U0HI1AUMNJASDGI",
				"value": "9782639409.00544909000",
				"unit": "EUR"
			},
			"kf008": {
				"key": "00O2TK9973U0HI1AUMNJASQ3M",
				"value": "11108688371.0674032300",
				"unit": "EUR"
			},
			"kf009": {
				"key": "00O2TK9973U0HI1AUMNJAT2QQ",
				"value": "12600667308.8848425100",
				"unit": "EUR"
			},
			"kf010": {
				"key": "00O2TK9973U0HI1AUMNJATFDU",
				"value": "14043832019.5880082400",
				"unit": "EUR"
			},
			"kf011": {
				"key": "00O2TK9973U0HI1AUMNJATS0Y",
				"value": "16952122403.1572695200",
				"unit": "EUR"
			},
			"kf012": {
				"key": "00O2TK9973U0HI1AUMNJAU4O2",
				"value": "16952122403.1572695200",
				"unit": "EUR"
			}
		},
		{
			"char001": {
				"key": "00O2TK9973U0HI1AUMNJAPQN6",
				"value": "1.2 CYM Country Cash Flow"
			},
			"kf001": {
				"key": "00O2TK9973U0HI1AUMNJAQFXE",
				"value": "1125902790.50376493000",
				"unit": "EUR"
			},
			"kf002": {
				"key": "00O2TK9973U0HI1AUMNJAQM8Y",
				"value": "611789668.640049790500",
				"unit": "EUR"
			},
			"kf003": {
				"key": "00O2TK9973U0HI1AUMNJAQYW2",
				"value": "813296442.193745499000",
				"unit": "EUR"
			},
			"kf004": {
				"key": "00O2TK9973U0HI1AUMNJARBJ6",
				"value": "1213410949.98936112410",
				"unit": "EUR"
			},
			"kf005": {
				"key": "00O2TK9973U0HI1AUMNJARO6A",
				"value": "1693362018.82153337240",
				"unit": "EUR"
			},
			"kf006": {
				"key": "00O2TK9973U0HI1AUMNJAS0TE",
				"value": "1931039206.21676585300",
				"unit": "EUR"
			},
			"kf007": {
				"key": "00O2TK9973U0HI1AUMNJASDGI",
				"value": "1343790008.68994266030",
				"unit": "EUR"
			},
			"kf008": {
				"key": "00O2TK9973U0HI1AUMNJASQ3M",
				"value": "1452412555.92665452900",
				"unit": "EUR"
			},
			"kf009": {
				"key": "00O2TK9973U0HI1AUMNJAT2QQ",
				"value": "1751653442.01926974700",
				"unit": "EUR"
			},
			"kf010": {
				"key": "00O2TK9973U0HI1AUMNJATFDU",
				"value": "1430305060.51820681400",
				"unit": "EUR"
			},
			"kf011": {
				"key": "00O2TK9973U0HI1AUMNJATS0Y",
				"value": "733775861.729990775000",
				"unit": "EUR"
			},
			"kf012": {
				"key": "00O2TK9973U0HI1AUMNJAU4O2",
				"value": "1856185844.55832493000",
				"unit": "EUR"
			}
		},
		{
			"char001": {
				"key": "00O2TK9973U0HI1AUMNJAPWYQ",
				"value": "2.2 PYM Country Cash Flow"
			},
			"kf001": {
				"key": "00O2TK9973U0HI1AUMNJAQFXE",
				"value": "689439894.307582857000",
				"unit": "EUR"
			},
			"kf002": {
				"key": "00O2TK9973U0HI1AUMNJAQM8Y",
				"value": "569638991.711315595600",
				"unit": "EUR"
			},
			"kf003": {
				"key": "00O2TK9973U0HI1AUMNJAQYW2",
				"value": "722557589.428443174600",
				"unit": "EUR"
			},
			"kf004": {
				"key": "00O2TK9973U0HI1AUMNJARBJ6",
				"value": "1094907944.90840890000",
				"unit": "EUR"
			},
			"kf005": {
				"key": "00O2TK9973U0HI1AUMNJARO6A",
				"value": "1457686964.77688106450",
				"unit": "EUR"
			},
			"kf006": {
				"key": "00O2TK9973U0HI1AUMNJAS0TE",
				"value": "2094038728.59165684950",
				"unit": "EUR"
			},
			"kf007": {
				"key": "00O2TK9973U0HI1AUMNJASDGI",
				"value": "1440889150.96959695960",
				"unit": "EUR"
			},
			"kf008": {
				"key": "00O2TK9973U0HI1AUMNJASQ3M",
				"value": "1227430752.21095565390",
				"unit": "EUR"
			},
			"kf009": {
				"key": "00O2TK9973U0HI1AUMNJAT2QQ",
				"value": "2013498244.72253333200",
				"unit": "EUR"
			},
			"kf010": {
				"key": "00O2TK9973U0HI1AUMNJATFDU",
				"value": "1031222542.53726110320",
				"unit": "EUR"
			},
			"kf011": {
				"key": "00O2TK9973U0HI1AUMNJATS0Y",
				"value": "773165141.263724158000",
				"unit": "EUR"
			},
			"kf012": {
				"key": "00O2TK9973U0HI1AUMNJAU4O2",
				"value": "1702482583.37347095210",
				"unit": "EUR"
			}
		},
		{
			"char001": {
				"key": "00O2TK9973U2BMH6O9EAOFOUF",
				"value": "3.2 FC1"
			},
			"kf001": {
				"key": "00O2TK9973U0HI1AUMNJAQFXE",
				"value": "1196634135.97020430000",
				"unit": "EUR"
			},
			"kf002": {
				"key": "00O2TK9973U0HI1AUMNJAQM8Y",
				"value": "1335962122.64469842600",
				"unit": "EUR"
			},
			"kf003": {
				"key": "00O2TK9973U0HI1AUMNJAQYW2",
				"value": "1758155701.09782236700",
				"unit": "EUR"
			},
			"kf004": {
				"key": "00O2TK9973U0HI1AUMNJARBJ6",
				"value": "1409006736.37981862600",
				"unit": "EUR"
			},
			"kf005": {
				"key": "00O2TK9973U0HI1AUMNJARO6A",
				"value": "1360278530.10863369100",
				"unit": "EUR"
			},
			"kf006": {
				"key": "00O2TK9973U0HI1AUMNJAS0TE",
				"value": "1448188082.46834073200",
				"unit": "EUR"
			},
			"kf007": {
				"key": "00O2TK9973U0HI1AUMNJASDGI",
				"value": "1274414100.33601553200",
				"unit": "EUR"
			},
			"kf008": {
				"key": "00O2TK9973U0HI1AUMNJASQ3M",
				"value": "1326048962.06196464200",
				"unit": "EUR"
			},
			"kf009": {
				"key": "00O2TK9973U0HI1AUMNJAT2QQ",
				"value": "1491978937.81743065600",
				"unit": "EUR"
			},
			"kf010": {
				"key": "00O2TK9973U0HI1AUMNJATFDU",
				"value": "1443164710.70312983500",
				"unit": "EUR"
			},
			"kf011": {
				"key": "00O2TK9973U0HI1AUMNJATS0Y",
				"value": "1410826736.14381623500",
				"unit": "EUR"
			},
			"kf012": {
				"key": "00O2TK9973U0HI1AUMNJAU4O2",
				"value": "1497463647.42517463600",
				"unit": "EUR"
			}
		}
	],
	"filters": [
		{
			"id": "0CS_CHART",
			"from": {
				"key": "BI",
				"value": "BI"
			},
			"to": {
				"key": "",
				"to": ""
			}
		},
		{
			"id": "0CURTYPE",
			"from": {
				"key": "10",
				"value": "Company code currency"
			},
			"to": {
				"key": "",
				"to": ""
			}
		},
		{
			"id": "0CURTYPE",
			"from": {
				"key": "20",
				"value": "Controlling area currency"
			},
			"to": {
				"key": "",
				"to": ""
			}
		},
		{
			"id": "0FISCVARNT",
			"from": {
				"key": "K1",
				"value": "Calendar year, 1 spec. period"
			},
			"to": {
				"key": "",
				"to": ""
			}
		},
		{
			"id": "0INFOPROV",
			"from": {
				"key": "BKA_CPKD1",
				"value": "ePDM: ProKon Delta Balance Sheet"
			},
			"to": {
				"key": "",
				"to": ""
			}
		},
		{
			"id": "0INFOPROV",
			"from": {
				"key": "BKA_CPKD2",
				"value": "BKA_CPKD2"
			},
			"to": {
				"key": "",
				"to": ""
			}
		},
		{
			"id": "0INFOPROV",
			"from": {
				"key": "ECPCCCF",
				"value": "ECPCP - Cashflow"
			},
			"to": {
				"key": "",
				"to": ""
			}
		},
		{
			"id": "0INFOPROV",
			"from": {
				"key": "FIGLCCFT",
				"value": "FIGLCCFT"
			},
			"to": {
				"key": "",
				"to": ""
			}
		},
		{
			"id": "0INFOPROV",
			"from": {
				"key": "FIGLCCFTR",
				"value": "FIGLCCFTR"
			},
			"to": {
				"key": "",
				"to": ""
			}
		},
		{
			"id": "0INFOPROV",
			"from": {
				"key": "BKA_CPKD3",
				"value": "ePDM: ProKon Delta FIGLCCF01"
			},
			"to": {
				"key": "",
				"to": ""
			}
		},
		{
			"id": "0INFOPROV",
			"from": {
				"key": "BKA_CPKD4",
				"value": "BKA_CPKD4"
			},
			"to": {
				"key": "",
				"to": ""
			}
		},
		{
			"id": "0INFOPROV",
			"from": {
				"key": "BKA_CPKD6",
				"value": "ePDM: ProKon Delta FIGLCCF02"
			},
			"to": {
				"key": "",
				"to": ""
			}
		},
		{
			"id": "0VALUATION",
			"from": {
				"key": "#",
				"value": "Legal Valuation"
			},
			"to": {
				"key": "",
				"to": ""
			}
		}
	],
	"variables": [
		{
			"id": "DCURRENCY_CDSOI01",
			"from": {
				"key": "EUR",
				"value": "Euro"
			},
			"to": {
				"key": "",
				"to": ""
			}
		},
		{
			"id": "D0FISCPER_CXSNI00",
			"from": {
				"key": "009.2017",
				"value": "SEP 2017"
			},
			"to": {
				"key": "",
				"to": ""
			}
		},
		{
			"id": "DFISCYEAR_CXSOL03",
			"from": {
				"key": "2017",
				"value": "Calendar year, 1 spec. period 2017"
			},
			"to": {
				"key": "",
				"to": ""
			}
		},
		{
			"id": "D0RTYPE_CXSNL01",
			"from": {
				"key": "Q1F",
				"value": "QBR1 Forecast"
			},
			"to": {
				"key": "",
				"to": ""
			}
		},
		{
			"id": "D0VERSION_TEXT2",
			"from": {
				"key": "FC1",
				"value": "FC1"
			},
			"to": {
				"key": "",
				"to": ""
			}
		},
		{
			"id": "D0VERSION_CXSMIFC2",
			"from": {
				"key": "FC1",
				"value": "Forecast 1"
			},
			"to": {
				"key": "",
				"to": ""
			}
		},
		{
			"id": "DDIMKKAX_HDSOI02",
			"from": {
				"key": "WORLD",
				"value": "Bayer Group"
			},
			"to": {
				"key": "0HIER_NODE",
				"to": ""
			}
		},
		{
			"id": "DREQSTAT_CDSOI01",
			"from": {
				"key": "R",
				"value": "released"
			},
			"to": {
				"key": "",
				"to": ""
			}
		},
		{
			"id": "DD_GCLCREP_CXOOL01",
			"from": {
				"key": "GC",
				"value": "Group Currency"
			},
			"to": {
				"key": "",
				"to": ""
			}
		},
		{
			"id": "DD_GCLCREP_CXOOL01",
			"from": {
				"key": "ALL",
				"value": "ALL"
			},
			"to": {
				"key": "",
				"to": ""
			}
		},
		{
			"id": "DD_GCLCREP_CXOOL01",
			"from": {
				"key": "#",
				"value": "Not assigned"
			},
			"to": {
				"key": "",
				"to": ""
			}
		},
		{
			"id": "DD_GCLCREP_CXOOL01",
			"from": {
				"key": "#",
				"value": "Not assigned"
			},
			"to": {
				"key": "",
				"to": ""
			}
		},
		{
			"id": "DZMRSC_CXOOL01",
			"from": {
				"key": "MON",
				"value": "Monsanto"
			},
			"to": {
				"key": "",
				"to": ""
			}
		}
	],
	"error": false
}