{
	"version": "",
	"title": "ROI : Cash Flow Timeline",
	"id": "SOA00_COPAPRPCF_QS023",
	"infocube": "COPAPRPCF",
	"creator": "BEMDX",
	"creationDate": "2018-05-24",
	"creationTime": "15:05:24",
	"lastChanger": "WDELL",
	"changeDate": "2018-05-24",
	"changeTime": "15:05:24",
	"lastQueryExecutionDate": "2018-07-17",
	"lastQueryExecutionTime": "20:47:49",
	"available": true,
	"infoobjects": [
		{
			"id": "DIMKKAX",
			"infoobject": "DIMKKAX",
			"name": "BSV: Hierarchy",
			"descript": "BSV: Hierarchy",
			"position": "0001",
			"initialdisplay": "false",
			"ishierarchy": "true",
			"hierarchy": {
				"id": "BSV_HIER_ALL",
				"name": "",
				"level": "12"
			},
			"hienmdesc": "",
			"hienmlevel": "12",
			"isstructure": "false",
			"IS_FILTER": "false",
			"laytp": "AGG",
			"attribute": ""
		},
		{
			"id": "DIMKKA3",
			"infoobject": "DIMKKA3",
			"name": "BSV Lvl 3",
			"descript": "BSV Lvl 3",
			"position": "0002",
			"initialdisplay": "false",
			"isstructure": "false",
			"IS_FILTER": "false",
			"laytp": "AGG",
			"attribute": ""
		},
		{
			"id": "DIMKKA4",
			"infoobject": "DIMKKA4",
			"name": "BSV Lvl 4",
			"descript": "BSV Lvl 4",
			"position": "0003",
			"initialdisplay": "false",
			"isstructure": "false",
			"IS_FILTER": "false",
			"laytp": "AGG",
			"attribute": ""
		},
		{
			"id": "DIMKKA2",
			"infoobject": "DIMKKA2",
			"name": "BSV Lvl 2",
			"descript": "BSV Lvl 2",
			"position": "0004",
			"initialdisplay": "false",
			"isstructure": "false",
			"IS_FILTER": "false",
			"laytp": "AGG",
			"attribute": ""
		},
		{
			"id": "DIMKKA5",
			"infoobject": "DIMKKA5",
			"name": "BSV Lvl 5",
			"descript": "BSV Lvl 5",
			"position": "0005",
			"initialdisplay": "false",
			"isstructure": "false",
			"IS_FILTER": "false",
			"laytp": "AGG",
			"attribute": ""
		},
		{
			"id": "DIMKKA6",
			"infoobject": "DIMKKA6",
			"name": "BSV Lvl 6",
			"descript": "BSV Lvl 6",
			"position": "0006",
			"initialdisplay": "false",
			"isstructure": "false",
			"IS_FILTER": "false",
			"laytp": "AGG",
			"attribute": ""
		},
		{
			"id": "DIMKKA1",
			"infoobject": "DIMKKA1",
			"name": "BSV Lvl 1",
			"descript": "BSV Lvl 1",
			"position": "0007",
			"initialdisplay": "false",
			"isstructure": "false",
			"IS_FILTER": "false",
			"laytp": "AGG",
			"attribute": ""
		},
		{
			"id": "0FISCPER",
			"infoobject": "0FISCPER",
			"name": "Fiscal year/period",
			"descript": "Fiscal year/period",
			"position": "0008",
			"initialdisplay": "false",
			"isstructure": "false",
			"IS_FILTER": "false",
			"laytp": "AGG",
			"attribute": ""
		},
		{
			"id": "DSBE",
			"infoobject": "DSBE",
			"name": "SBE",
			"descript": "SBE",
			"position": "0009",
			"initialdisplay": "false",
			"isstructure": "false",
			"IS_FILTER": "false",
			"laytp": "AGG",
			"attribute": ""
		},
		{
			"id": "DRU",
			"infoobject": "DRU",
			"name": "Reporting Unit",
			"descript": "Reporting Unit",
			"position": "0010",
			"initialdisplay": "false",
			"isstructure": "false",
			"IS_FILTER": "false",
			"laytp": "AGG",
			"attribute": ""
		},
		{
			"id": "DIMKKACG",
			"infoobject": "DIMKKACG",
			"name": "BSV CG",
			"descript": "BSV CG",
			"position": "0011",
			"initialdisplay": "false",
			"isstructure": "false",
			"IS_FILTER": "false",
			"laytp": "AGG",
			"attribute": ""
		},
		{
			"id": "DCTRY_FD",
			"infoobject": "DCTRY_FD",
			"name": "Country final-dest.",
			"descript": "Country final-dest.",
			"position": "0012",
			"initialdisplay": "false",
			"isstructure": "false",
			"IS_FILTER": "false",
			"laytp": "AGG",
			"attribute": ""
		},
		{
			"id": "DPC__DBG",
			"infoobject": "DPC__DBG",
			"name": "Business Group",
			"descript": "Business Group",
			"position": "0013",
			"initialdisplay": "false",
			"isstructure": "false",
			"IS_FILTER": "false",
			"laytp": "AGG",
			"attribute": ""
		},
		{
			"id": "00O2TK9973U0HI1AUMNJAQ9LU",
			"infoobject": "00O2TK9973U0HI1AUMNJAQ9LU",
			"name": "Income Statement (P&L) + CF",
			"descript": "Income Statement (P&L) + CF",
			"position": "0001",
			"initialdisplay": "true",
			"isstructure": "true",
			"IS_FILTER": "false",
			"laytp": "COL",
			"attribute": ""
		},
		{
			"id": "0CS_CHART",
			"infoobject": "0CS_CHART",
			"name": "Cons Chart of Accts",
			"descript": "Cons Chart of Accts",
			"position": "0001",
			"initialdisplay": "false",
			"isstructure": "false",
			"IS_FILTER": "true",
			"laytp": "FIX",
			"attribute": ""
		},
		{
			"id": "0FISCVARNT",
			"infoobject": "0FISCVARNT",
			"name": "Fiscal Year Variant",
			"descript": "Fiscal Year Variant",
			"position": "0002",
			"initialdisplay": "false",
			"isstructure": "false",
			"IS_FILTER": "true",
			"laytp": "FIX",
			"attribute": ""
		},
		{
			"id": "0CURTYPE",
			"infoobject": "0CURTYPE",
			"name": "Currency Type",
			"descript": "Currency Type",
			"position": "0003",
			"initialdisplay": "false",
			"isstructure": "false",
			"IS_FILTER": "true",
			"laytp": "FIX",
			"attribute": ""
		},
		{
			"id": "0VERSION",
			"infoobject": "0VERSION",
			"name": "Version",
			"descript": "Version",
			"position": "0004",
			"initialdisplay": "false",
			"isstructure": "false",
			"IS_FILTER": "true",
			"laytp": "FIX",
			"attribute": ""
		},
		{
			"id": "0VALUATION",
			"infoobject": "0VALUATION",
			"name": "Valuation view",
			"descript": "Valuation view",
			"position": "0005",
			"initialdisplay": "false",
			"isstructure": "false",
			"IS_FILTER": "true",
			"laytp": "FIX",
			"attribute": ""
		},
		{
			"id": "DREQSTAT",
			"infoobject": "DREQSTAT",
			"name": "Status of Reporting",
			"descript": "Status of Reporting",
			"position": "0006",
			"initialdisplay": "false",
			"isstructure": "false",
			"IS_FILTER": "true",
			"laytp": "FIX",
			"attribute": ""
		},
		{
			"id": "00O2TK9973U0HI1AUMNJAGS9U",
			"infoobject": "00O2TK9973U0HI1AUMNJAGS9U",
			"name": "ROI: Deviations (Keep Sign)",
			"descript": "ROI: Deviations (Keep Sign)",
			"position": "0001",
			"initialdisplay": "true",
			"isstructure": "true",
			"IS_FILTER": "false",
			"laytp": "ROW",
			"attribute": ""
		}
	],
	"variables": [
		{
			"id": "D0FISCPER_CXSNI00",
			"name": "Fiscal Period / Year",
			"infoobject": {
				"id": "0FISCPER",
				"name": "Fiscal year/period"
			},
			"type": "1",
			"typetext": "Characteristic value",
			"processtype": "3",
			"processtypetext": "Customer exit",
			"parsel": "P",
			"parseltext": "Single value (parameters)",
			"input": true,
			"mandatory": true,
			"entrytype": "2",
			"entrytypetext": "Mandatory, Initial Value not Allowed",
			"dynchange": "",
			"flags": {
				"lh": "0",
				"r": "0"
			},
			"value": "",
			"highvalue": ""
		},
		{
			"id": "D0VERSION_CXSMIFC2",
			"name": "FC - Version",
			"infoobject": {
				"id": "0VERSION",
				"name": "Version"
			},
			"type": "1",
			"typetext": "Characteristic value",
			"processtype": "3",
			"processtypetext": "Customer exit",
			"parsel": "P",
			"parseltext": "Single value (parameters)",
			"input": true,
			"mandatory": true,
			"entrytype": "1",
			"entrytypetext": "Mandatory Variable Entry",
			"dynchange": "",
			"flags": {
				"lh": "0",
				"r": "0"
			},
			"value": "",
			"highvalue": ""
		},
		{
			"id": "DCOUNTRY_CDMOI01",
			"name": "Country",
			"infoobject": {
				"id": "DCTRY_FD",
				"name": "Country final-dest."
			},
			"type": "1",
			"typetext": "Characteristic value",
			"processtype": "5",
			"processtypetext": "User entry / default value",
			"parsel": "M",
			"parseltext": "Several Single Values",
			"input": true,
			"mandatory": false,
			"entrytype": "0",
			"entrytypetext": "Optional Variable Entry",
			"dynchange": "",
			"flags": {
				"lh": "0",
				"r": "0"
			},
			"value": "",
			"highvalue": ""
		},
		{
			"id": "DCURRENCY_CDSOI01",
			"name": "Target Currency",
			"infoobject": {
				"id": "0CURRENCY",
				"name": "Currency"
			},
			"type": "1",
			"typetext": "Characteristic value",
			"processtype": "5",
			"processtypetext": "User entry / default value",
			"parsel": "P",
			"parseltext": "Single value (parameters)",
			"input": true,
			"mandatory": true,
			"entrytype": "1",
			"entrytypetext": "Mandatory Variable Entry",
			"dynchange": "",
			"flags": {
				"lh": "0",
				"r": "0"
			},
			"value": "EUR",
			"highvalue": ""
		},
		{
			"id": "DDIMKKA1_CDOOI01",
			"name": "BSV Lvl 1",
			"infoobject": {
				"id": "DIMKKA1",
				"name": "BSV Lvl 1"
			},
			"type": "1",
			"typetext": "Characteristic value",
			"processtype": "5",
			"processtypetext": "User entry / default value",
			"parsel": "S",
			"parseltext": "Selection option",
			"input": true,
			"mandatory": false,
			"entrytype": "0",
			"entrytypetext": "Optional Variable Entry",
			"dynchange": "",
			"flags": {
				"lh": "0",
				"r": "0"
			},
			"value": "",
			"highvalue": ""
		},
		{
			"id": "DDIMKKA2_CDOOI01",
			"name": "BSV Lvl 2",
			"infoobject": {
				"id": "DIMKKA2",
				"name": "BSV Lvl 2"
			},
			"type": "1",
			"typetext": "Characteristic value",
			"processtype": "5",
			"processtypetext": "User entry / default value",
			"parsel": "S",
			"parseltext": "Selection option",
			"input": true,
			"mandatory": false,
			"entrytype": "0",
			"entrytypetext": "Optional Variable Entry",
			"dynchange": "",
			"flags": {
				"lh": "0",
				"r": "0"
			},
			"value": "",
			"highvalue": ""
		},
		{
			"id": "DDIMKKA3_CDOOI01",
			"name": "BSV Lvl 3",
			"infoobject": {
				"id": "DIMKKA3",
				"name": "BSV Lvl 3"
			},
			"type": "1",
			"typetext": "Characteristic value",
			"processtype": "5",
			"processtypetext": "User entry / default value",
			"parsel": "S",
			"parseltext": "Selection option",
			"input": true,
			"mandatory": false,
			"entrytype": "0",
			"entrytypetext": "Optional Variable Entry",
			"dynchange": "",
			"flags": {
				"lh": "0",
				"r": "0"
			},
			"value": "",
			"highvalue": ""
		},
		{
			"id": "DDIMKKA4_CDOOI01",
			"name": "BSV Lvl 4",
			"infoobject": {
				"id": "DIMKKA4",
				"name": "BSV Lvl 4"
			},
			"type": "1",
			"typetext": "Characteristic value",
			"processtype": "5",
			"processtypetext": "User entry / default value",
			"parsel": "S",
			"parseltext": "Selection option",
			"input": true,
			"mandatory": false,
			"entrytype": "0",
			"entrytypetext": "Optional Variable Entry",
			"dynchange": "",
			"flags": {
				"lh": "0",
				"r": "0"
			},
			"value": "",
			"highvalue": ""
		},
		{
			"id": "DDIMKKA5_CDOOI01",
			"name": "BSV Lvl 5",
			"infoobject": {
				"id": "DIMKKA5",
				"name": "BSV Lvl 5"
			},
			"type": "1",
			"typetext": "Characteristic value",
			"processtype": "5",
			"processtypetext": "User entry / default value",
			"parsel": "S",
			"parseltext": "Selection option",
			"input": true,
			"mandatory": false,
			"entrytype": "0",
			"entrytypetext": "Optional Variable Entry",
			"dynchange": "",
			"flags": {
				"lh": "0",
				"r": "0"
			},
			"value": "",
			"highvalue": ""
		},
		{
			"id": "DDIMKKA6_CDOOI01",
			"name": "BSV Lvl 6",
			"infoobject": {
				"id": "DIMKKA6",
				"name": "BSV Lvl 6"
			},
			"type": "1",
			"typetext": "Characteristic value",
			"processtype": "5",
			"processtypetext": "User entry / default value",
			"parsel": "S",
			"parseltext": "Selection option",
			"input": true,
			"mandatory": false,
			"entrytype": "0",
			"entrytypetext": "Optional Variable Entry",
			"dynchange": "",
			"flags": {
				"lh": "0",
				"r": "0"
			},
			"value": "",
			"highvalue": ""
		},
		{
			"id": "DDIMKKACG_CDOOI01",
			"name": "BSV Country Group (Sel. opt.)",
			"infoobject": {
				"id": "DIMKKACG",
				"name": "BSV CG"
			},
			"type": "1",
			"typetext": "Characteristic value",
			"processtype": "5",
			"processtypetext": "User entry / default value",
			"parsel": "S",
			"parseltext": "Selection option",
			"input": true,
			"mandatory": false,
			"entrytype": "0",
			"entrytypetext": "Optional Variable Entry",
			"dynchange": "",
			"flags": {
				"lh": "0",
				"r": "0"
			},
			"value": "",
			"highvalue": ""
		},
		{
			"id": "DDIMKKAX_HDSOI02",
			"name": "DIMKKAX HierNode selection",
			"infoobject": {
				"id": "DIMKKAX",
				"name": "BSV: Hierarchy"
			},
			"type": "2",
			"typetext": "Hierarchy nodes",
			"processtype": "5",
			"processtypetext": "User entry / default value",
			"parsel": "P",
			"parseltext": "Single value (parameters)",
			"input": true,
			"mandatory": false,
			"entrytype": "0",
			"entrytypetext": "Optional Variable Entry",
			"dynchange": "",
			"flags": {
				"lh": "0",
				"r": "0"
			},
			"value": "WORLD",
			"highvalue": "0HIER_NODE"
		},
		{
			"id": "DDRU_CDOOI01",
			"name": "Reporting Unit",
			"infoobject": {
				"id": "DRU",
				"name": "Reporting Unit"
			},
			"type": "1",
			"typetext": "Characteristic value",
			"processtype": "5",
			"processtypetext": "User entry / default value",
			"parsel": "S",
			"parseltext": "Selection option",
			"input": true,
			"mandatory": false,
			"entrytype": "0",
			"entrytypetext": "Optional Variable Entry",
			"dynchange": "",
			"flags": {
				"lh": "0",
				"r": "0"
			},
			"value": "",
			"highvalue": ""
		},
		{
			"id": "DDSBE_CDOOISBE",
			"name": "Strategic Business Entity",
			"infoobject": {
				"id": "DSBE",
				"name": "SBE"
			},
			"type": "1",
			"typetext": "Characteristic value",
			"processtype": "5",
			"processtypetext": "User entry / default value",
			"parsel": "S",
			"parseltext": "Selection option",
			"input": true,
			"mandatory": false,
			"entrytype": "0",
			"entrytypetext": "Optional Variable Entry",
			"dynchange": "",
			"flags": {
				"lh": "0",
				"r": "0"
			},
			"value": "",
			"highvalue": ""
		}
	],
	"structures": [
		{
			"objects": [
				{
					"id": "00O2TK9973U0HI1AUMNJAQFXE",
					"name": "Jan",
					"mapname": "",
					"position": "1",
					"hidden": false,
					"parent": "",
					"drillstate": "L",
					"range": {
						"line": {
							"object": "0FISCPER3",
							"sign": "I",
							"opt": "EQ",
							"keyLow": "001",
							"keyHigh": "",
							"dataTyp": "NUMC",
							"dataLength": "0003"
						}
					}
				},
				{
					"id": "00O2TK9973U0HI1AUMNJAQM8Y",
					"name": "Feb",
					"mapname": "",
					"position": "2",
					"hidden": false,
					"parent": "",
					"drillstate": "E",
					"range": {
						"line": {
							"object": "0FISCPER3",
							"sign": "I",
							"opt": "EQ",
							"keyLow": "002",
							"keyHigh": "",
							"dataTyp": "NUMC",
							"dataLength": "0003"
						}
					}
				},
				{
					"id": "00O2TK9973U0HI1AUMNJAQSKI",
					"name": "Feb YTD",
					"mapname": "",
					"position": "3",
					"hidden": true,
					"parent": "00O2TK9973U0HI1AUMNJAQM8Y",
					"drillstate": "L",
					"range": {
						"line": {
							"object": "0FISCPER3",
							"sign": "I",
							"opt": "LE",
							"keyLow": "002",
							"keyHigh": "",
							"dataTyp": "NUMC",
							"dataLength": "0003"
						}
					}
				},
				{
					"id": "00O2TK9973U0HI1AUMNJAQYW2",
					"name": "Mar",
					"mapname": "",
					"position": "4",
					"hidden": false,
					"parent": "",
					"drillstate": "C",
					"range": {
						"line": {
							"object": "0FISCPER3",
							"sign": "I",
							"opt": "EQ",
							"keyLow": "003",
							"keyHigh": "",
							"dataTyp": "NUMC",
							"dataLength": "0003"
						}
					}
				},
				{
					"id": "00O2TK9973U0HI1AUMNJAR57M",
					"name": "Mar YTD",
					"mapname": "",
					"position": "5",
					"hidden": true,
					"parent": "00O2TK9973U0HI1AUMNJAQYW2",
					"drillstate": "L",
					"range": {
						"line": {
							"object": "0FISCPER3",
							"sign": "I",
							"opt": "LE",
							"keyLow": "003",
							"keyHigh": "",
							"dataTyp": "NUMC",
							"dataLength": "0003"
						}
					}
				},
				{
					"id": "00O2TK9973U0HI1AUMNJARBJ6",
					"name": "Apr",
					"mapname": "",
					"position": "6",
					"hidden": false,
					"parent": "",
					"drillstate": "C",
					"range": {
						"line": {
							"object": "0FISCPER3",
							"sign": "I",
							"opt": "EQ",
							"keyLow": "004",
							"keyHigh": "",
							"dataTyp": "NUMC",
							"dataLength": "0003"
						}
					}
				},
				{
					"id": "00O2TK9973U0HI1AUMNJARHUQ",
					"name": "Apr YTD",
					"mapname": "",
					"position": "7",
					"hidden": true,
					"parent": "00O2TK9973U0HI1AUMNJARBJ6",
					"drillstate": "L",
					"range": {
						"line": {
							"object": "0FISCPER3",
							"sign": "I",
							"opt": "LE",
							"keyLow": "004",
							"keyHigh": "",
							"dataTyp": "NUMC",
							"dataLength": "0003"
						}
					}
				},
				{
					"id": "00O2TK9973U0HI1AUMNJARO6A",
					"name": "May",
					"mapname": "",
					"position": "8",
					"hidden": false,
					"parent": "",
					"drillstate": "C",
					"range": {
						"line": {
							"object": "0FISCPER3",
							"sign": "I",
							"opt": "EQ",
							"keyLow": "005",
							"keyHigh": "",
							"dataTyp": "NUMC",
							"dataLength": "0003"
						}
					}
				},
				{
					"id": "00O2TK9973U0HI1AUMNJARUHU",
					"name": "May YTD",
					"mapname": "",
					"position": "9",
					"hidden": true,
					"parent": "00O2TK9973U0HI1AUMNJARO6A",
					"drillstate": "L",
					"range": {
						"line": {
							"object": "0FISCPER3",
							"sign": "I",
							"opt": "LE",
							"keyLow": "005",
							"keyHigh": "",
							"dataTyp": "NUMC",
							"dataLength": "0003"
						}
					}
				},
				{
					"id": "00O2TK9973U0HI1AUMNJAS0TE",
					"name": "Jun",
					"mapname": "",
					"position": "10",
					"hidden": false,
					"parent": "",
					"drillstate": "C",
					"range": {
						"line": {
							"object": "0FISCPER3",
							"sign": "I",
							"opt": "EQ",
							"keyLow": "006",
							"keyHigh": "",
							"dataTyp": "NUMC",
							"dataLength": "0003"
						}
					}
				},
				{
					"id": "00O2TK9973U0HI1AUMNJAS74Y",
					"name": "Jun YTD",
					"mapname": "",
					"position": "11",
					"hidden": true,
					"parent": "00O2TK9973U0HI1AUMNJAS0TE",
					"drillstate": "L",
					"range": {
						"line": {
							"object": "0FISCPER3",
							"sign": "I",
							"opt": "LE",
							"keyLow": "006",
							"keyHigh": "",
							"dataTyp": "NUMC",
							"dataLength": "0003"
						}
					}
				},
				{
					"id": "00O2TK9973U0HI1AUMNJASDGI",
					"name": "Jul",
					"mapname": "",
					"position": "12",
					"hidden": false,
					"parent": "",
					"drillstate": "C",
					"range": {
						"line": {
							"object": "0FISCPER3",
							"sign": "I",
							"opt": "EQ",
							"keyLow": "007",
							"keyHigh": "",
							"dataTyp": "NUMC",
							"dataLength": "0003"
						}
					}
				},
				{
					"id": "00O2TK9973U0HI1AUMNJASJS2",
					"name": "Jul YTD",
					"mapname": "",
					"position": "13",
					"hidden": true,
					"parent": "00O2TK9973U0HI1AUMNJASDGI",
					"drillstate": "L",
					"range": {
						"line": {
							"object": "0FISCPER3",
							"sign": "I",
							"opt": "LE",
							"keyLow": "007",
							"keyHigh": "",
							"dataTyp": "NUMC",
							"dataLength": "0003"
						}
					}
				},
				{
					"id": "00O2TK9973U0HI1AUMNJASQ3M",
					"name": "Aug",
					"mapname": "",
					"position": "14",
					"hidden": false,
					"parent": "",
					"drillstate": "C",
					"range": {
						"line": {
							"object": "0FISCPER3",
							"sign": "I",
							"opt": "EQ",
							"keyLow": "008",
							"keyHigh": "",
							"dataTyp": "NUMC",
							"dataLength": "0003"
						}
					}
				},
				{
					"id": "00O2TK9973U0HI1AUMNJASWF6",
					"name": "Aug YTD",
					"mapname": "",
					"position": "15",
					"hidden": true,
					"parent": "00O2TK9973U0HI1AUMNJASQ3M",
					"drillstate": "L",
					"range": {
						"line": {
							"object": "0FISCPER3",
							"sign": "I",
							"opt": "LE",
							"keyLow": "008",
							"keyHigh": "",
							"dataTyp": "NUMC",
							"dataLength": "0003"
						}
					}
				},
				{
					"id": "00O2TK9973U0HI1AUMNJAT2QQ",
					"name": "Sep",
					"mapname": "",
					"position": "16",
					"hidden": false,
					"parent": "",
					"drillstate": "C",
					"range": {
						"line": {
							"object": "0FISCPER3",
							"sign": "I",
							"opt": "EQ",
							"keyLow": "009",
							"keyHigh": "",
							"dataTyp": "NUMC",
							"dataLength": "0003"
						}
					}
				},
				{
					"id": "00O2TK9973U0HI1AUMNJAT92A",
					"name": "Sep YTD",
					"mapname": "",
					"position": "17",
					"hidden": true,
					"parent": "00O2TK9973U0HI1AUMNJAT2QQ",
					"drillstate": "L",
					"range": {
						"line": {
							"object": "0FISCPER3",
							"sign": "I",
							"opt": "LE",
							"keyLow": "009",
							"keyHigh": "",
							"dataTyp": "NUMC",
							"dataLength": "0003"
						}
					}
				},
				{
					"id": "00O2TK9973U0HI1AUMNJATFDU",
					"name": "Oct",
					"mapname": "",
					"position": "18",
					"hidden": false,
					"parent": "",
					"drillstate": "C",
					"range": {
						"line": {
							"object": "0FISCPER3",
							"sign": "I",
							"opt": "EQ",
							"keyLow": "010",
							"keyHigh": "",
							"dataTyp": "NUMC",
							"dataLength": "0003"
						}
					}
				},
				{
					"id": "00O2TK9973U0HI1AUMNJATLPE",
					"name": "Oct YTD",
					"mapname": "",
					"position": "19",
					"hidden": true,
					"parent": "00O2TK9973U0HI1AUMNJATFDU",
					"drillstate": "L",
					"range": {
						"line": {
							"object": "0FISCPER3",
							"sign": "I",
							"opt": "LE",
							"keyLow": "010",
							"keyHigh": "",
							"dataTyp": "NUMC",
							"dataLength": "0003"
						}
					}
				},
				{
					"id": "00O2TK9973U0HI1AUMNJATS0Y",
					"name": "Nov",
					"mapname": "",
					"position": "20",
					"hidden": false,
					"parent": "",
					"drillstate": "C",
					"range": {
						"line": {
							"object": "0FISCPER3",
							"sign": "I",
							"opt": "EQ",
							"keyLow": "011",
							"keyHigh": "",
							"dataTyp": "NUMC",
							"dataLength": "0003"
						}
					}
				},
				{
					"id": "00O2TK9973U0HI1AUMNJATYCI",
					"name": "Nov YTD",
					"mapname": "",
					"position": "21",
					"hidden": true,
					"parent": "00O2TK9973U0HI1AUMNJATS0Y",
					"drillstate": "L",
					"range": {
						"line": {
							"object": "0FISCPER3",
							"sign": "I",
							"opt": "LE",
							"keyLow": "011",
							"keyHigh": "",
							"dataTyp": "NUMC",
							"dataLength": "0003"
						}
					}
				},
				{
					"id": "00O2TK9973U0HI1AUMNJAU4O2",
					"name": "Dec",
					"mapname": "",
					"position": "22",
					"hidden": false,
					"parent": "",
					"drillstate": "C",
					"range": {
						"line": {
							"object": "0FISCPER3",
							"sign": "I",
							"opt": "EQ",
							"keyLow": "012",
							"keyHigh": "",
							"dataTyp": "NUMC",
							"dataLength": "0003"
						}
					}
				},
				{
					"id": "00O2TK9973U0HI1AUMNJAUAZM",
					"name": "Dec YTD",
					"mapname": "",
					"position": "23",
					"hidden": true,
					"parent": "00O2TK9973U0HI1AUMNJAU4O2",
					"drillstate": "L",
					"range": {
						"line": {
							"object": "0FISCPER3",
							"sign": "I",
							"opt": "LE",
							"keyLow": "012",
							"keyHigh": "",
							"dataTyp": "NUMC",
							"dataLength": "0003"
						}
					}
				}
			],
			"id": "00O2TK9973U0HI1AUMNJAQ9LU",
			"name": "Income Statement (P&L) + CF",
			"mapname": "",
			"position": "1"
		},
		{
			"objects": [
				{
					"id": "00O2TK9973U0HI1AUMNJAGYLE",
					"name": "Fiscal Year/Period",
					"mapname": "",
					"position": "1",
					"hidden": true,
					"parent": "",
					"drillstate": "L",
					"range": {
						"line": [
							{
								"object": "1KYFNM",
								"sign": "I",
								"opt": "EQ",
								"keyLow": "1ROWCOUNT",
								"keyHigh": "",
								"dataTyp": "",
								"dataLength": "0000"
							},
							{
								"object": "0FISCPER",
								"sign": "I",
								"opt": "EQ",
								"keyLow": "00O2TK8CN6Y25DEIHEMLCCIXY",
								"keyHigh": "",
								"dataTyp": "NUMC",
								"dataLength": "0008"
							}
						]
					}
				},
				{
					"id": "00O2TK9973U0HI1AUMNJAH4WY",
					"name": "1.1 CY Country Cash Flow",
					"mapname": "",
					"position": "2",
					"hidden": false,
					"parent": "",
					"drillstate": "L",
					"range": ""
				},
				{
					"id": "00O2TK9973U0HI1AUMNJALIXU",
					"name": "2.1 PY Country Cash Flow",
					"mapname": "",
					"position": "3",
					"hidden": false,
					"parent": "",
					"drillstate": "L",
					"range": ""
				},
				{
					"id": "00O2TK9973U2BMH6Y1EGG8RGD",
					"name": "3.1 &D0VERSION_TEXT2& YTD",
					"mapname": "",
					"position": "4",
					"hidden": false,
					"parent": "",
					"drillstate": "L",
					"range": ""
				},
				{
					"id": "00O2TK9973U0HI1AUMNJAPQN6",
					"name": "1.2 CYM Country Cash Flow",
					"mapname": "",
					"position": "5",
					"hidden": false,
					"parent": "",
					"drillstate": "L",
					"range": {
						"line": [
							{
								"object": "1KYFNM",
								"sign": "I",
								"opt": "EQ",
								"keyLow": "00O2TK9973U27RAPQSK4D0JU3",
								"keyHigh": "",
								"dataTyp": "",
								"dataLength": "0000"
							},
							{
								"object": "0FISCYEAR",
								"sign": "I",
								"opt": "EQ",
								"keyLow": "00O2TK8CN6Y3VPBFC9MWIWGYD",
								"keyHigh": "",
								"dataTyp": "NUMC",
								"dataLength": "0004"
							},
							{
								"object": "0INFOPROV",
								"sign": "E",
								"opt": "EQ",
								"keyLow": "BKA_CPKD1",
								"keyHigh": "",
								"dataTyp": "CHAR",
								"dataLength": "001E"
							},
							{
								"object": "0INFOPROV",
								"sign": "E",
								"opt": "EQ",
								"keyLow": "BKA_CPKD2",
								"keyHigh": "",
								"dataTyp": "CHAR",
								"dataLength": "001E"
							},
							{
								"object": "DRESPL1",
								"sign": "I",
								"opt": "EQ",
								"keyLow": "000000000000000010",
								"keyHigh": "",
								"dataTyp": "CHAR",
								"dataLength": "0012"
							},
							{
								"object": "0IOBJSV",
								"sign": "E",
								"opt": "EQ",
								"keyLow": "FITL",
								"keyHigh": "",
								"dataTyp": "CHAR",
								"dataLength": "0004"
							},
							{
								"object": "0INFOPROV",
								"sign": "E",
								"opt": "EQ",
								"keyLow": "BKA_CPKD4",
								"keyHigh": "",
								"dataTyp": "CHAR",
								"dataLength": "001E"
							},
							{
								"object": "0INFOPROV",
								"sign": "E",
								"opt": "EQ",
								"keyLow": "FIGLCCFTR",
								"keyHigh": "",
								"dataTyp": "CHAR",
								"dataLength": "001E"
							},
							{
								"object": "0INFOPROV",
								"sign": "E",
								"opt": "EQ",
								"keyLow": "FIGLCCFT",
								"keyHigh": "",
								"dataTyp": "CHAR",
								"dataLength": "001E"
							}
						]
					}
				},
				{
					"id": "00O2TK9973U0HI1AUMNJAPWYQ",
					"name": "2.2 PYM Country Cash Flow",
					"mapname": "",
					"position": "6",
					"hidden": false,
					"parent": "",
					"drillstate": "L",
					"range": {
						"line": [
							{
								"object": "1KYFNM",
								"sign": "I",
								"opt": "EQ",
								"keyLow": "00O2TK9973U27RAPQSK4D0JU3",
								"keyHigh": "",
								"dataTyp": "",
								"dataLength": "0000"
							},
							{
								"object": "0INFOPROV",
								"sign": "E",
								"opt": "EQ",
								"keyLow": "BKA_CPKD1",
								"keyHigh": "",
								"dataTyp": "CHAR",
								"dataLength": "001E"
							},
							{
								"object": "0INFOPROV",
								"sign": "E",
								"opt": "EQ",
								"keyLow": "BKA_CPKD2",
								"keyHigh": "",
								"dataTyp": "CHAR",
								"dataLength": "001E"
							},
							{
								"object": "DRESPL1",
								"sign": "I",
								"opt": "EQ",
								"keyLow": "000000000000000010",
								"keyHigh": "",
								"dataTyp": "CHAR",
								"dataLength": "0012"
							},
							{
								"object": "0IOBJSV",
								"sign": "E",
								"opt": "EQ",
								"keyLow": "FITL",
								"keyHigh": "",
								"dataTyp": "CHAR",
								"dataLength": "0004"
							},
							{
								"object": "0INFOPROV",
								"sign": "E",
								"opt": "EQ",
								"keyLow": "BKA_CPKD4",
								"keyHigh": "",
								"dataTyp": "CHAR",
								"dataLength": "001E"
							},
							{
								"object": "0INFOPROV",
								"sign": "E",
								"opt": "EQ",
								"keyLow": "FIGLCCFTR",
								"keyHigh": "",
								"dataTyp": "CHAR",
								"dataLength": "001E"
							},
							{
								"object": "0INFOPROV",
								"sign": "E",
								"opt": "EQ",
								"keyLow": "FIGLCCFT",
								"keyHigh": "",
								"dataTyp": "CHAR",
								"dataLength": "001E"
							},
							{
								"object": "0FISCYEAR",
								"sign": "I",
								"opt": "EQ",
								"keyLow": "00O2TK8CN6Y3VPBFC9MWIWGYD",
								"keyHigh": "",
								"dataTyp": "NUMC",
								"dataLength": "0004"
							}
						]
					}
				},
				{
					"id": "00O2TK9973U2BMH6O9EAOFOUF",
					"name": "3.2 &D0VERSION_TEXT2&",
					"mapname": "",
					"position": "7",
					"hidden": false,
					"parent": "",
					"drillstate": "L",
					"range": {
						"line": [
							{
								"object": "1KYFNM",
								"sign": "I",
								"opt": "EQ",
								"keyLow": "00O2TK9973U0LC2ROCJKW2746",
								"keyHigh": "",
								"dataTyp": "",
								"dataLength": "0000"
							},
							{
								"object": "DRESPL1",
								"sign": "I",
								"opt": "EQ",
								"keyLow": "000000000000000010",
								"keyHigh": "",
								"dataTyp": "CHAR",
								"dataLength": "0012"
							},
							{
								"object": "0IOBJSV",
								"sign": "E",
								"opt": "EQ",
								"keyLow": "FITL",
								"keyHigh": "",
								"dataTyp": "CHAR",
								"dataLength": "0004"
							}
						]
					}
				}
			],
			"id": "00O2TK9973U0HI1AUMNJAGS9U",
			"name": "ROI: Deviations (Keep Sign)",
			"mapname": "",
			"position": "1"
		}
	]
}