{
	"query": {
		"title": "SOA00_COPAPRP03_QS054",
		"limitexceeded": false,
		"nosuchuser": false,
		"nodata": false,
		"nosuchquery": false,
		"noauth": false
	},
	"meta": {
		"kf001": {
			"key": "00O2TK9973U0L3U1UNOWPWADI",
			"value": "\nNetSales"
		},
		"kf002": {
			"key": "00O2TK9973U0L3U1UNOWPWGP2",
			"value": "\nPrice"
		},
		"kf003": {
			"key": "00O2TK9973U0L3U2NN7K6UH10",
			"value": "\nASP"
		},
		"kf004": {
			"key": "00O2TK9973U2BE8DOHAJ1XN3R",
			"value": "\nMin"
		},
		"kf005": {
			"key": "00O2TK9973U2BE8DW01EICOHF",
			"value": "\nMax"
		}
	},
	"cube": [
		{
			"kf001": {
				"key": "00O2TK9973U0L3U1UNOWPWADI",
				"unit": ""
			},
			"kf002": {
				"key": "00O2TK9973U0L3U1UNOWPWGP2",
				"unit": ""
			},
			"kf003": {
				"key": "00O2TK9973U0L3U2NN7K6UH10",
				"unit": ""
			},
			"kf004": {
				"key": "00O2TK9973U2BE8DOHAJ1XN3R",
				"unit": ""
			},
			"kf005": {
				"key": "00O2TK9973U2BE8DW01EICOHF",
				"unit": ""
			}
		}
	],
	"filters": [
		{
			"id": "0BILL_NUM",
			"from": {
				"key": "#",
				"value": "#"
			},
			"to": {
				"key": "",
				"to": ""
			}
		},
		{
			"id": "0CS_CHART",
			"from": {
				"key": "BI",
				"value": "BI"
			},
			"to": {
				"key": "",
				"to": ""
			}
		},
		{
			"id": "0CS_DIMEN",
			"from": {
				"key": "BX",
				"value": "BX"
			},
			"to": {
				"key": "",
				"to": ""
			}
		},
		{
			"id": "0CURTYPE",
			"from": {
				"key": "#",
				"value": "Not assigned"
			},
			"to": {
				"key": "",
				"to": ""
			}
		},
		{
			"id": "0CURTYPE",
			"from": {
				"key": "10",
				"value": "Company code currency"
			},
			"to": {
				"key": "",
				"to": ""
			}
		},
		{
			"id": "0FISCVARNT",
			"from": {
				"key": "K1",
				"value": "Calendar year, 1 spec. period"
			},
			"to": {
				"key": "",
				"to": ""
			}
		},
		{
			"id": "0G_CWW007",
			"from": {
				"key": "20",
				"value": "External"
			},
			"to": {
				"key": "",
				"to": ""
			}
		},
		{
			"id": "0IOBJSV",
			"from": {
				"key": "#",
				"value": "Not assigned"
			},
			"to": {
				"key": "",
				"to": ""
			}
		},
		{
			"id": "0IOBJSV",
			"from": {
				"key": "0PSG",
				"value": "Profit. segment"
			},
			"to": {
				"key": "",
				"to": ""
			}
		},
		{
			"id": "0VALUATION",
			"from": {
				"key": "#",
				"value": "Legal Valuation"
			},
			"to": {
				"key": "",
				"to": ""
			}
		},
		{
			"id": "0VERSION",
			"from": {
				"key": "0",
				"value": "Plan/actual version"
			},
			"to": {
				"key": "",
				"to": ""
			}
		},
		{
			"id": "DRESPO__D_CV0",
			"from": {
				"key": "LS",
				"value": "Bayer Group"
			},
			"to": {
				"key": "",
				"to": ""
			}
		}
	],
	"variables": [
		{
			"id": "DCURRENCY_CDSOI01",
			"from": {
				"key": "EUR",
				"value": "Euro"
			},
			"to": {
				"key": "",
				"to": ""
			}
		},
		{
			"id": "D0FISCPER_CXSNI00",
			"from": {
				"key": "009.2017",
				"value": "SEP 2017"
			},
			"to": {
				"key": "",
				"to": ""
			}
		},
		{
			"id": "D0FISCPER3_CXOML01",
			"from": {
				"key": "1",
				"value": "Jan"
			},
			"to": {
				"key": "009",
				"to": "Sep"
			}
		},
		{
			"id": "DFISCYEAR_CXSOL03",
			"from": {
				"key": "2017",
				"value": "Calendar year, 1 spec. period 2017"
			},
			"to": {
				"key": "",
				"to": ""
			}
		},
		{
			"id": "Z0COND_FDSOI01",
			"from": {
				"key": "10",
				"value": "10"
			},
			"to": {
				"key": "",
				"to": ""
			}
		},
		{
			"id": "DDAGGTYPE_CDSMI",
			"from": {
				"key": "YTD",
				"value": "Year-to-date"
			},
			"to": {
				"key": "",
				"to": ""
			}
		},
		{
			"id": "DDIMKKAX_HDSOI02",
			"from": {
				"key": "WORLD",
				"value": "Bayer Group"
			},
			"to": {
				"key": "0HIER_NODE",
				"to": ""
			}
		},
		{
			"id": "DREQSTAT_CDSOI01",
			"from": {
				"key": "R",
				"value": "released"
			},
			"to": {
				"key": "",
				"to": ""
			}
		},
		{
			"id": "DD_GCLCREP_CXOOL01",
			"from": {
				"key": "GC",
				"value": "Group Currency"
			},
			"to": {
				"key": "",
				"to": ""
			}
		},
		{
			"id": "DD_GCLCREP_CXOOL01",
			"from": {
				"key": "ALL",
				"value": "ALL"
			},
			"to": {
				"key": "",
				"to": ""
			}
		},
		{
			"id": "DD_GCLCREP_CXOOL01",
			"from": {
				"key": "#",
				"value": "Not assigned"
			},
			"to": {
				"key": "",
				"to": ""
			}
		},
		{
			"id": "DD_GCLCREP_CXOOL01",
			"from": {
				"key": "#",
				"value": "Not assigned"
			},
			"to": {
				"key": "",
				"to": ""
			}
		},
		{
			"id": "DZMRSC_CXOOL01",
			"from": {
				"key": "MON",
				"value": "Monsanto"
			},
			"to": {
				"key": "",
				"to": ""
			}
		}
	],
	"error": false
}