{
	"version": "",
	"title": "ROI: BP2 Customer Portfolio",
	"id": "SOA00_COPAPRP03_QS054",
	"infocube": "COPAPRP03",
	"creator": "WDELL",
	"creationDate": "2018-05-25",
	"creationTime": "12:50:22",
	"lastChanger": "BEHRI",
	"changeDate": "2018-05-25",
	"changeTime": "12:50:22",
	"lastQueryExecutionDate": "2018-07-17",
	"lastQueryExecutionTime": "20:39:09",
	"available": true,
	"infoobjects": [
		{
			"id": "DIMKKAX",
			"infoobject": "DIMKKAX",
			"name": "BSV: Hierarchy",
			"descript": "BSV: Hierarchy",
			"position": "0001",
			"initialdisplay": "false",
			"ishierarchy": "true",
			"hierarchy": {
				"id": "BSV_HIER_ALL",
				"name": "",
				"level": "12"
			},
			"hienmdesc": "",
			"hienmlevel": "12",
			"isstructure": "false",
			"IS_FILTER": "false",
			"laytp": "AGG",
			"attribute": ""
		},
		{
			"id": "DCTRY_FD",
			"infoobject": "DCTRY_FD",
			"name": "Country final-dest.",
			"descript": "Country final-dest.",
			"position": "0002",
			"initialdisplay": "false",
			"isstructure": "false",
			"IS_FILTER": "false",
			"laytp": "AGG",
			"attribute": ""
		},
		{
			"id": "0CUSTOMER",
			"infoobject": "0CUSTOMER",
			"name": "Customer",
			"descript": "Customer",
			"position": "0003",
			"initialdisplay": "false",
			"isstructure": "false",
			"IS_FILTER": "false",
			"laytp": "AGG",
			"attribute": ""
		},
		{
			"id": "DRESPO__DIMKKA1",
			"infoobject": "DRESPO__DIMKKA1",
			"name": "BSV Lvl 1",
			"descript": "BSV Lvl 1",
			"position": "0004",
			"initialdisplay": "false",
			"isstructure": "false",
			"IS_FILTER": "false",
			"laytp": "AGG",
			"attribute": ""
		},
		{
			"id": "DSPECIES",
			"infoobject": "DSPECIES",
			"name": "Species",
			"descript": "Species",
			"position": "0005",
			"initialdisplay": "false",
			"isstructure": "false",
			"IS_FILTER": "false",
			"laytp": "AGG",
			"attribute": ""
		},
		{
			"id": "0MATERIAL",
			"infoobject": "0MATERIAL",
			"name": "Material",
			"descript": "Material",
			"position": "0006",
			"initialdisplay": "false",
			"isstructure": "false",
			"IS_FILTER": "false",
			"laytp": "AGG",
			"attribute": ""
		},
		{
			"id": "0MATERIAL__DPRODH4",
			"infoobject": "0MATERIAL__DPRODH4",
			"name": "Prod.Hier. Lev. 4",
			"descript": "Prod.Hier. Lev. 4",
			"position": "0007",
			"initialdisplay": "false",
			"isstructure": "false",
			"IS_FILTER": "false",
			"laytp": "AGG",
			"attribute": ""
		},
		{
			"id": "DRESPO__DLOC_BU_M",
			"infoobject": "DRESPO__DLOC_BU_M",
			"name": "Local BU (MV)",
			"descript": "Local BU (MV)",
			"position": "0008",
			"initialdisplay": "false",
			"isstructure": "false",
			"IS_FILTER": "false",
			"laytp": "AGG",
			"attribute": ""
		},
		{
			"id": "DRESPO__DMUSTW1",
			"infoobject": "DRESPO__DMUSTW1",
			"name": "CV Brand Attribute",
			"descript": "CV Brand Attribute",
			"position": "0009",
			"initialdisplay": "false",
			"isstructure": "false",
			"IS_FILTER": "false",
			"laytp": "AGG",
			"attribute": ""
		},
		{
			"id": "DRESPO__DPC_CV",
			"infoobject": "DRESPO__DPC_CV",
			"name": "CV 8 Profitcenter",
			"descript": "CV 8 Profitcenter",
			"position": "0010",
			"initialdisplay": "false",
			"isstructure": "false",
			"IS_FILTER": "false",
			"laytp": "AGG",
			"attribute": ""
		},
		{
			"id": "DRESPO__DK_GB",
			"infoobject": "DRESPO__DK_GB",
			"name": "CV 5 Business Group",
			"descript": "CV 5 Business Group",
			"position": "0011",
			"initialdisplay": "false",
			"isstructure": "false",
			"IS_FILTER": "false",
			"laytp": "AGG",
			"attribute": ""
		},
		{
			"id": "DRESPO__DSBE",
			"infoobject": "DRESPO__DSBE",
			"name": "CV 6 SBE",
			"descript": "CV 6 SBE",
			"position": "0012",
			"initialdisplay": "false",
			"isstructure": "false",
			"IS_FILTER": "false",
			"laytp": "AGG",
			"attribute": ""
		},
		{
			"id": "DRESPO__DMUSTW2",
			"infoobject": "DRESPO__DMUSTW2",
			"name": "CV Country Attribute",
			"descript": "CV Country Attribute",
			"position": "0013",
			"initialdisplay": "false",
			"isstructure": "false",
			"IS_FILTER": "false",
			"laytp": "AGG",
			"attribute": ""
		},
		{
			"id": "DRESPO__DRU",
			"infoobject": "DRESPO__DRU",
			"name": "CV 7 Reporting Unit",
			"descript": "CV 7 Reporting Unit",
			"position": "0014",
			"initialdisplay": "false",
			"isstructure": "false",
			"IS_FILTER": "false",
			"laytp": "AGG",
			"attribute": ""
		},
		{
			"id": "DRESPO__DMVIEW",
			"infoobject": "DRESPO__DMVIEW",
			"name": "CV Brand / Country",
			"descript": "CV Brand / Country",
			"position": "0015",
			"initialdisplay": "false",
			"isstructure": "false",
			"IS_FILTER": "false",
			"laytp": "AGG",
			"attribute": ""
		},
		{
			"id": "DRESPO__DBRAND",
			"infoobject": "DRESPO__DBRAND",
			"name": "CV Brand",
			"descript": "CV Brand",
			"position": "0016",
			"initialdisplay": "false",
			"isstructure": "false",
			"IS_FILTER": "false",
			"laytp": "AGG",
			"attribute": ""
		},
		{
			"id": "DRESPO__DIMKKACG",
			"infoobject": "DRESPO__DIMKKACG",
			"name": "BSV CG",
			"descript": "BSV CG",
			"position": "0017",
			"initialdisplay": "false",
			"isstructure": "false",
			"IS_FILTER": "false",
			"laytp": "AGG",
			"attribute": ""
		},
		{
			"id": "0MATERIAL__DBRANDG",
			"infoobject": "0MATERIAL__DBRANDG",
			"name": "Add.Brand Grouping",
			"descript": "Add.Brand Grouping",
			"position": "0018",
			"initialdisplay": "false",
			"isstructure": "false",
			"IS_FILTER": "false",
			"laytp": "AGG",
			"attribute": ""
		},
		{
			"id": "DRESPO__DBRANDF",
			"infoobject": "DRESPO__DBRANDF",
			"name": "CV Brand Family",
			"descript": "CV Brand Family",
			"position": "0019",
			"initialdisplay": "false",
			"isstructure": "false",
			"IS_FILTER": "false",
			"laytp": "AGG",
			"attribute": ""
		},
		{
			"id": "DRESPO__DIMKKA10",
			"infoobject": "DRESPO__DIMKKA10",
			"name": "BSV Lvl 10",
			"descript": "BSV Lvl 10",
			"position": "0020",
			"initialdisplay": "false",
			"isstructure": "false",
			"IS_FILTER": "false",
			"laytp": "AGG",
			"attribute": ""
		},
		{
			"id": "DRESPO__DIMKKA2",
			"infoobject": "DRESPO__DIMKKA2",
			"name": "BSV Lvl 2",
			"descript": "BSV Lvl 2",
			"position": "0021",
			"initialdisplay": "false",
			"isstructure": "false",
			"IS_FILTER": "false",
			"laytp": "AGG",
			"attribute": ""
		},
		{
			"id": "DRESPO__DIMKKA3",
			"infoobject": "DRESPO__DIMKKA3",
			"name": "BSV Lvl 3",
			"descript": "BSV Lvl 3",
			"position": "0022",
			"initialdisplay": "false",
			"isstructure": "false",
			"IS_FILTER": "false",
			"laytp": "AGG",
			"attribute": ""
		},
		{
			"id": "DRESPO__DIMKKA4",
			"infoobject": "DRESPO__DIMKKA4",
			"name": "BSV Lvl 4",
			"descript": "BSV Lvl 4",
			"position": "0023",
			"initialdisplay": "false",
			"isstructure": "false",
			"IS_FILTER": "false",
			"laytp": "AGG",
			"attribute": ""
		},
		{
			"id": "DRESPO__DIMKKA5",
			"infoobject": "DRESPO__DIMKKA5",
			"name": "BSV Lvl 5",
			"descript": "BSV Lvl 5",
			"position": "0024",
			"initialdisplay": "false",
			"isstructure": "false",
			"IS_FILTER": "false",
			"laytp": "AGG",
			"attribute": ""
		},
		{
			"id": "DRESPO__DIMKKA6",
			"infoobject": "DRESPO__DIMKKA6",
			"name": "BSV Lvl 6",
			"descript": "BSV Lvl 6",
			"position": "0025",
			"initialdisplay": "false",
			"isstructure": "false",
			"IS_FILTER": "false",
			"laytp": "AGG",
			"attribute": ""
		},
		{
			"id": "DRESPO__DIMKKA7",
			"infoobject": "DRESPO__DIMKKA7",
			"name": "BSV Lvl 7",
			"descript": "BSV Lvl 7",
			"position": "0026",
			"initialdisplay": "false",
			"isstructure": "false",
			"IS_FILTER": "false",
			"laytp": "AGG",
			"attribute": ""
		},
		{
			"id": "DRESPO__DIMKKA8",
			"infoobject": "DRESPO__DIMKKA8",
			"name": "BSV Lvl 8",
			"descript": "BSV Lvl 8",
			"position": "0027",
			"initialdisplay": "false",
			"isstructure": "false",
			"IS_FILTER": "false",
			"laytp": "AGG",
			"attribute": ""
		},
		{
			"id": "DRESPO__DIMKKA9",
			"infoobject": "DRESPO__DIMKKA9",
			"name": "BSV Lvl 9",
			"descript": "BSV Lvl 9",
			"position": "0028",
			"initialdisplay": "false",
			"isstructure": "false",
			"IS_FILTER": "false",
			"laytp": "AGG",
			"attribute": ""
		},
		{
			"id": "DRESPO__DCOREPSV1",
			"infoobject": "DRESPO__DCOREPSV1",
			"name": "CSV Loc. Steer. View",
			"descript": "CSV Loc. Steer. View",
			"position": "0029",
			"initialdisplay": "false",
			"isstructure": "false",
			"IS_FILTER": "false",
			"laytp": "AGG",
			"attribute": ""
		},
		{
			"id": "DRESPO__DCOREPIO1",
			"infoobject": "DRESPO__DCOREPIO1",
			"name": "CSV Loc. St. Vw. Typ",
			"descript": "CSV Loc. St. Vw. Typ",
			"position": "0030",
			"initialdisplay": "false",
			"isstructure": "false",
			"IS_FILTER": "false",
			"laytp": "AGG",
			"attribute": ""
		},
		{
			"id": "DRESPO__DCOREBSV1",
			"infoobject": "DRESPO__DCOREBSV1",
			"name": "CSV Loc. Brand Fam.",
			"descript": "CSV Loc. Brand Fam.",
			"position": "0031",
			"initialdisplay": "false",
			"isstructure": "false",
			"IS_FILTER": "false",
			"laytp": "AGG",
			"attribute": ""
		},
		{
			"id": "DRESPO__DCOREBIO1",
			"infoobject": "DRESPO__DCOREBIO1",
			"name": "CSV Loc Brand FamTyp",
			"descript": "CSV Loc Brand FamTyp",
			"position": "0032",
			"initialdisplay": "false",
			"isstructure": "false",
			"IS_FILTER": "false",
			"laytp": "AGG",
			"attribute": ""
		},
		{
			"id": "DRESPO__DCOREBSV2",
			"infoobject": "DRESPO__DCOREBSV2",
			"name": "CSV Local Brand",
			"descript": "CSV Local Brand",
			"position": "0033",
			"initialdisplay": "false",
			"isstructure": "false",
			"IS_FILTER": "false",
			"laytp": "AGG",
			"attribute": ""
		},
		{
			"id": "DRESPO__DCOREBIO2",
			"infoobject": "DRESPO__DCOREBIO2",
			"name": "CSV Loc. Brand Type",
			"descript": "CSV Loc. Brand Type",
			"position": "0034",
			"initialdisplay": "false",
			"isstructure": "false",
			"IS_FILTER": "false",
			"laytp": "AGG",
			"attribute": ""
		},
		{
			"id": "D_COREC__DCORECSV1",
			"infoobject": "D_COREC__DCORECSV1",
			"name": "CSV Local Channel",
			"descript": "CSV Local Channel",
			"position": "0035",
			"initialdisplay": "false",
			"isstructure": "false",
			"IS_FILTER": "false",
			"laytp": "AGG",
			"attribute": ""
		},
		{
			"id": "D_COREC__DCORECIO1",
			"infoobject": "D_COREC__DCORECIO1",
			"name": "CSV Loc. Channel Typ",
			"descript": "CSV Loc. Channel Typ",
			"position": "0036",
			"initialdisplay": "false",
			"isstructure": "false",
			"IS_FILTER": "false",
			"laytp": "AGG",
			"attribute": ""
		},
		{
			"id": "D_COREC__DCORECSV2",
			"infoobject": "D_COREC__DCORECSV2",
			"name": "CSV Local Subchannel",
			"descript": "CSV Local Subchannel",
			"position": "0037",
			"initialdisplay": "false",
			"isstructure": "false",
			"IS_FILTER": "false",
			"laytp": "AGG",
			"attribute": ""
		},
		{
			"id": "D_COREC__DCORECIO2",
			"infoobject": "D_COREC__DCORECIO2",
			"name": "CSV Loc.Sub.Chan.Typ",
			"descript": "CSV Loc.Sub.Chan.Typ",
			"position": "0038",
			"initialdisplay": "false",
			"isstructure": "false",
			"IS_FILTER": "false",
			"laytp": "AGG",
			"attribute": ""
		},
		{
			"id": "D_COREC__DCORECSV3",
			"infoobject": "D_COREC__DCORECSV3",
			"name": "CSV LocSub-Cha AddAO",
			"descript": "CSV LocSub-Cha AddAO",
			"position": "0039",
			"initialdisplay": "false",
			"isstructure": "false",
			"IS_FILTER": "false",
			"laytp": "AGG",
			"attribute": ""
		},
		{
			"id": "D_COREC__DCORECIO3",
			"infoobject": "D_COREC__DCORECIO3",
			"name": "CSV LocSubChan Type",
			"descript": "CSV LocSubChan Type",
			"position": "0040",
			"initialdisplay": "false",
			"isstructure": "false",
			"IS_FILTER": "false",
			"laytp": "AGG",
			"attribute": ""
		},
		{
			"id": "00O2TK9973U0L3TKR7HHVVU7N",
			"infoobject": "00O2TK9973U0L3TKR7HHVVU7N",
			"name": "",
			"descript": "",
			"position": "0001",
			"initialdisplay": "true",
			"isstructure": "true",
			"IS_FILTER": "false",
			"laytp": "COL",
			"attribute": ""
		},
		{
			"id": "0FISCVARNT",
			"infoobject": "0FISCVARNT",
			"name": "Fiscal Year Variant",
			"descript": "Fiscal Year Variant",
			"position": "0001",
			"initialdisplay": "false",
			"isstructure": "false",
			"IS_FILTER": "true",
			"laytp": "FIX",
			"attribute": ""
		},
		{
			"id": "0FISCYEAR",
			"infoobject": "0FISCYEAR",
			"name": "Fiscal year",
			"descript": "Fiscal year",
			"position": "0002",
			"initialdisplay": "false",
			"isstructure": "false",
			"IS_FILTER": "true",
			"laytp": "FIX",
			"attribute": ""
		},
		{
			"id": "0CS_CHART",
			"infoobject": "0CS_CHART",
			"name": "Cons Chart of Accts",
			"descript": "Cons Chart of Accts",
			"position": "0003",
			"initialdisplay": "false",
			"isstructure": "false",
			"IS_FILTER": "true",
			"laytp": "FIX",
			"attribute": ""
		},
		{
			"id": "0CURTYPE",
			"infoobject": "0CURTYPE",
			"name": "Currency Type",
			"descript": "Currency Type",
			"position": "0004",
			"initialdisplay": "false",
			"isstructure": "false",
			"IS_FILTER": "true",
			"laytp": "FIX",
			"attribute": ""
		},
		{
			"id": "0IOBJSV",
			"infoobject": "0IOBJSV",
			"name": "Object Type",
			"descript": "Object Type",
			"position": "0005",
			"initialdisplay": "false",
			"isstructure": "false",
			"IS_FILTER": "true",
			"laytp": "FIX",
			"attribute": ""
		},
		{
			"id": "0VERSION",
			"infoobject": "0VERSION",
			"name": "Version",
			"descript": "Version",
			"position": "0006",
			"initialdisplay": "false",
			"isstructure": "false",
			"IS_FILTER": "true",
			"laytp": "FIX",
			"attribute": ""
		},
		{
			"id": "0VALUATION",
			"infoobject": "0VALUATION",
			"name": "Valuation view",
			"descript": "Valuation view",
			"position": "0007",
			"initialdisplay": "false",
			"isstructure": "false",
			"IS_FILTER": "true",
			"laytp": "FIX",
			"attribute": ""
		},
		{
			"id": "0CS_DIMEN",
			"infoobject": "0CS_DIMEN",
			"name": "Dimension",
			"descript": "Dimension",
			"position": "0008",
			"initialdisplay": "false",
			"isstructure": "false",
			"IS_FILTER": "true",
			"laytp": "FIX",
			"attribute": ""
		},
		{
			"id": "DRESPO__D_CV0",
			"infoobject": "DRESPO__D_CV0",
			"name": "CV 0 Life Sciene",
			"descript": "CV 0 Life Sciene",
			"position": "0009",
			"initialdisplay": "false",
			"isstructure": "false",
			"IS_FILTER": "true",
			"laytp": "FIX",
			"attribute": ""
		},
		{
			"id": "DCTRY_FDA",
			"infoobject": "DCTRY_FDA",
			"name": "Country final-dest.",
			"descript": "Country final-dest.",
			"position": "0010",
			"initialdisplay": "false",
			"isstructure": "false",
			"IS_FILTER": "true",
			"laytp": "FIX",
			"attribute": ""
		},
		{
			"id": "DSGA",
			"infoobject": "DSGA",
			"name": "SG (Auth)",
			"descript": "SG (Auth)",
			"position": "0011",
			"initialdisplay": "false",
			"isstructure": "false",
			"IS_FILTER": "true",
			"laytp": "FIX",
			"attribute": ""
		},
		{
			"id": "DBGA",
			"infoobject": "DBGA",
			"name": "BG (Auth)",
			"descript": "BG (Auth)",
			"position": "0012",
			"initialdisplay": "false",
			"isstructure": "false",
			"IS_FILTER": "true",
			"laytp": "FIX",
			"attribute": ""
		},
		{
			"id": "DPRKNSTAA",
			"infoobject": "DPRKNSTAA",
			"name": "BayReP: Status(Auth)",
			"descript": "BayReP: Status(Auth)",
			"position": "0013",
			"initialdisplay": "false",
			"isstructure": "false",
			"IS_FILTER": "true",
			"laytp": "FIX",
			"attribute": ""
		},
		{
			"id": "DRESPL2A",
			"infoobject": "DRESPL2A",
			"name": "Respo (Auth)",
			"descript": "Respo (Auth)",
			"position": "0014",
			"initialdisplay": "false",
			"isstructure": "false",
			"IS_FILTER": "true",
			"laytp": "FIX",
			"attribute": ""
		},
		{
			"id": "DCS_DTYPA",
			"infoobject": "DCS_DTYPA",
			"name": "Document Type (Auth)",
			"descript": "Document Type (Auth)",
			"position": "0015",
			"initialdisplay": "false",
			"isstructure": "false",
			"IS_FILTER": "true",
			"laytp": "FIX",
			"attribute": ""
		}
	],
	"variables": [
		{
			"id": "D0CUSTOMER_CDOOI",
			"name": "Customer",
			"infoobject": {
				"id": "0CUSTOMER",
				"name": "Customer"
			},
			"type": "1",
			"typetext": "Characteristic value",
			"processtype": "5",
			"processtypetext": "User entry / default value",
			"parsel": "S",
			"parseltext": "Selection option",
			"input": true,
			"mandatory": false,
			"entrytype": "0",
			"entrytypetext": "Optional Variable Entry",
			"dynchange": "",
			"flags": {
				"lh": "0",
				"r": "0"
			},
			"value": "",
			"highvalue": ""
		},
		{
			"id": "D0FISCPER_CXSNI00",
			"name": "Fiscal Period / Year",
			"infoobject": {
				"id": "0FISCPER",
				"name": "Fiscal year/period"
			},
			"type": "1",
			"typetext": "Characteristic value",
			"processtype": "3",
			"processtypetext": "Customer exit",
			"parsel": "P",
			"parseltext": "Single value (parameters)",
			"input": true,
			"mandatory": true,
			"entrytype": "2",
			"entrytypetext": "Mandatory, Initial Value not Allowed",
			"dynchange": "",
			"flags": {
				"lh": "0",
				"r": "0"
			},
			"value": "",
			"highvalue": ""
		},
		{
			"id": "DCURRENCY_CDSOI01",
			"name": "Target Currency",
			"infoobject": {
				"id": "0CURRENCY",
				"name": "Currency"
			},
			"type": "1",
			"typetext": "Characteristic value",
			"processtype": "5",
			"processtypetext": "User entry / default value",
			"parsel": "P",
			"parseltext": "Single value (parameters)",
			"input": true,
			"mandatory": true,
			"entrytype": "1",
			"entrytypetext": "Mandatory Variable Entry",
			"dynchange": "",
			"flags": {
				"lh": "0",
				"r": "0"
			},
			"value": "EUR",
			"highvalue": ""
		},
		{
			"id": "DDAGGTYPE_CDSMI",
			"name": "Date Agg. Type",
			"infoobject": {
				"id": "DDAGGTYPE",
				"name": "Date Agg. Type"
			},
			"type": "1",
			"typetext": "Characteristic value",
			"processtype": "5",
			"processtypetext": "User entry / default value",
			"parsel": "P",
			"parseltext": "Single value (parameters)",
			"input": true,
			"mandatory": true,
			"entrytype": "1",
			"entrytypetext": "Mandatory Variable Entry",
			"dynchange": "",
			"flags": {
				"lh": "0",
				"r": "0"
			},
			"value": "YTD",
			"highvalue": ""
		},
		{
			"id": "DDIMKKA10_CDOOSI01",
			"name": "BSV Lvl 10",
			"infoobject": {
				"id": "DRESPO__DIMKKA10",
				"name": "BSV Lvl 10"
			},
			"type": "1",
			"typetext": "Characteristic value",
			"processtype": "5",
			"processtypetext": "User entry / default value",
			"parsel": "S",
			"parseltext": "Selection option",
			"input": true,
			"mandatory": false,
			"entrytype": "0",
			"entrytypetext": "Optional Variable Entry",
			"dynchange": "",
			"flags": {
				"lh": "0",
				"r": "0"
			},
			"value": "",
			"highvalue": ""
		},
		{
			"id": "DDIMKKA1_CDOMI01",
			"name": "BSV Lvl 1",
			"infoobject": {
				"id": "DRESPO__DIMKKA1",
				"name": "BSV Lvl 1"
			},
			"type": "1",
			"typetext": "Characteristic value",
			"processtype": "5",
			"processtypetext": "User entry / default value",
			"parsel": "S",
			"parseltext": "Selection option",
			"input": true,
			"mandatory": false,
			"entrytype": "0",
			"entrytypetext": "Optional Variable Entry",
			"dynchange": "",
			"flags": {
				"lh": "0",
				"r": "0"
			},
			"value": "",
			"highvalue": ""
		},
		{
			"id": "DDIMKKA2_CDOOI01",
			"name": "BSV Lvl 2",
			"infoobject": {
				"id": "DRESPO__DIMKKA2",
				"name": "BSV Lvl 2"
			},
			"type": "1",
			"typetext": "Characteristic value",
			"processtype": "5",
			"processtypetext": "User entry / default value",
			"parsel": "S",
			"parseltext": "Selection option",
			"input": true,
			"mandatory": false,
			"entrytype": "0",
			"entrytypetext": "Optional Variable Entry",
			"dynchange": "",
			"flags": {
				"lh": "0",
				"r": "0"
			},
			"value": "",
			"highvalue": ""
		},
		{
			"id": "DDIMKKA3_CDOOI01",
			"name": "BSV Lvl 3",
			"infoobject": {
				"id": "DRESPO__DIMKKA3",
				"name": "BSV Lvl 3"
			},
			"type": "1",
			"typetext": "Characteristic value",
			"processtype": "5",
			"processtypetext": "User entry / default value",
			"parsel": "S",
			"parseltext": "Selection option",
			"input": true,
			"mandatory": false,
			"entrytype": "0",
			"entrytypetext": "Optional Variable Entry",
			"dynchange": "",
			"flags": {
				"lh": "0",
				"r": "0"
			},
			"value": "",
			"highvalue": ""
		},
		{
			"id": "DDIMKKA4_CDOOI01",
			"name": "BSV Lvl 4",
			"infoobject": {
				"id": "DRESPO__DIMKKA4",
				"name": "BSV Lvl 4"
			},
			"type": "1",
			"typetext": "Characteristic value",
			"processtype": "5",
			"processtypetext": "User entry / default value",
			"parsel": "S",
			"parseltext": "Selection option",
			"input": true,
			"mandatory": false,
			"entrytype": "0",
			"entrytypetext": "Optional Variable Entry",
			"dynchange": "",
			"flags": {
				"lh": "0",
				"r": "0"
			},
			"value": "",
			"highvalue": ""
		},
		{
			"id": "DDIMKKA5_CDOOI01",
			"name": "BSV Lvl 5",
			"infoobject": {
				"id": "DRESPO__DIMKKA5",
				"name": "BSV Lvl 5"
			},
			"type": "1",
			"typetext": "Characteristic value",
			"processtype": "5",
			"processtypetext": "User entry / default value",
			"parsel": "S",
			"parseltext": "Selection option",
			"input": true,
			"mandatory": false,
			"entrytype": "0",
			"entrytypetext": "Optional Variable Entry",
			"dynchange": "",
			"flags": {
				"lh": "0",
				"r": "0"
			},
			"value": "",
			"highvalue": ""
		},
		{
			"id": "DDIMKKA6_CDOOI01",
			"name": "BSV Lvl 6",
			"infoobject": {
				"id": "DRESPO__DIMKKA6",
				"name": "BSV Lvl 6"
			},
			"type": "1",
			"typetext": "Characteristic value",
			"processtype": "5",
			"processtypetext": "User entry / default value",
			"parsel": "S",
			"parseltext": "Selection option",
			"input": true,
			"mandatory": false,
			"entrytype": "0",
			"entrytypetext": "Optional Variable Entry",
			"dynchange": "",
			"flags": {
				"lh": "0",
				"r": "0"
			},
			"value": "",
			"highvalue": ""
		},
		{
			"id": "DDIMKKA7_CDOOI01",
			"name": "BSV Lvl 7",
			"infoobject": {
				"id": "DRESPO__DIMKKA7",
				"name": "BSV Lvl 7"
			},
			"type": "1",
			"typetext": "Characteristic value",
			"processtype": "5",
			"processtypetext": "User entry / default value",
			"parsel": "S",
			"parseltext": "Selection option",
			"input": true,
			"mandatory": false,
			"entrytype": "0",
			"entrytypetext": "Optional Variable Entry",
			"dynchange": "",
			"flags": {
				"lh": "0",
				"r": "0"
			},
			"value": "",
			"highvalue": ""
		},
		{
			"id": "DDIMKKA8_CDOOI01",
			"name": "BSV Lvl 8",
			"infoobject": {
				"id": "DRESPO__DIMKKA8",
				"name": "BSV Lvl 8"
			},
			"type": "1",
			"typetext": "Characteristic value",
			"processtype": "5",
			"processtypetext": "User entry / default value",
			"parsel": "S",
			"parseltext": "Selection option",
			"input": true,
			"mandatory": false,
			"entrytype": "0",
			"entrytypetext": "Optional Variable Entry",
			"dynchange": "",
			"flags": {
				"lh": "0",
				"r": "0"
			},
			"value": "",
			"highvalue": ""
		},
		{
			"id": "DDIMKKA9_CDOOSI01",
			"name": "BSV Lvl 9",
			"infoobject": {
				"id": "DRESPO__DIMKKA9",
				"name": "BSV Lvl 9"
			},
			"type": "1",
			"typetext": "Characteristic value",
			"processtype": "5",
			"processtypetext": "User entry / default value",
			"parsel": "S",
			"parseltext": "Selection option",
			"input": true,
			"mandatory": false,
			"entrytype": "0",
			"entrytypetext": "Optional Variable Entry",
			"dynchange": "",
			"flags": {
				"lh": "0",
				"r": "0"
			},
			"value": "",
			"highvalue": ""
		},
		{
			"id": "DDIMKKAX_HDSOI02",
			"name": "DIMKKAX HierNode selection",
			"infoobject": {
				"id": "DIMKKAX",
				"name": "BSV: Hierarchy"
			},
			"type": "2",
			"typetext": "Hierarchy nodes",
			"processtype": "5",
			"processtypetext": "User entry / default value",
			"parsel": "P",
			"parseltext": "Single value (parameters)",
			"input": true,
			"mandatory": false,
			"entrytype": "0",
			"entrytypetext": "Optional Variable Entry",
			"dynchange": "",
			"flags": {
				"lh": "0",
				"r": "0"
			},
			"value": "WORLD",
			"highvalue": "0HIER_NODE"
		},
		{
			"id": "DDK_GB_CDOOI",
			"name": "CV 5 Business Group",
			"infoobject": {
				"id": "DRESPO__DK_GB",
				"name": "CV 5 Business Group"
			},
			"type": "1",
			"typetext": "Characteristic value",
			"processtype": "5",
			"processtypetext": "User entry / default value",
			"parsel": "S",
			"parseltext": "Selection option",
			"input": true,
			"mandatory": false,
			"entrytype": "0",
			"entrytypetext": "Optional Variable Entry",
			"dynchange": "",
			"flags": {
				"lh": "0",
				"r": "0"
			},
			"value": "",
			"highvalue": ""
		},
		{
			"id": "DDRESPO_DBRANDF_CDSOI01",
			"name": "CV GI. Brand Family",
			"infoobject": {
				"id": "DRESPO__DBRANDF",
				"name": "CV Brand Family"
			},
			"type": "1",
			"typetext": "Characteristic value",
			"processtype": "5",
			"processtypetext": "User entry / default value",
			"parsel": "S",
			"parseltext": "Selection option",
			"input": true,
			"mandatory": false,
			"entrytype": "0",
			"entrytypetext": "Optional Variable Entry",
			"dynchange": "",
			"flags": {
				"lh": "0",
				"r": "0"
			},
			"value": "",
			"highvalue": ""
		},
		{
			"id": "DDSPECIES_CDOOI",
			"name": "Species",
			"infoobject": {
				"id": "DSPECIES",
				"name": "Species"
			},
			"type": "1",
			"typetext": "Characteristic value",
			"processtype": "5",
			"processtypetext": "User entry / default value",
			"parsel": "S",
			"parseltext": "Selection option",
			"input": true,
			"mandatory": false,
			"entrytype": "0",
			"entrytypetext": "Optional Variable Entry",
			"dynchange": "",
			"flags": {
				"lh": "0",
				"r": "0"
			},
			"value": "",
			"highvalue": ""
		},
		{
			"id": "DIMKKACG_CDOOSI01",
			"name": "Business Steering View Country Group",
			"infoobject": {
				"id": "DRESPO__DIMKKACG",
				"name": "BSV CG"
			},
			"type": "1",
			"typetext": "Characteristic value",
			"processtype": "5",
			"processtypetext": "User entry / default value",
			"parsel": "S",
			"parseltext": "Selection option",
			"input": true,
			"mandatory": false,
			"entrytype": "0",
			"entrytypetext": "Optional Variable Entry",
			"dynchange": "",
			"flags": {
				"lh": "0",
				"r": "0"
			},
			"value": "",
			"highvalue": ""
		},
		{
			"id": "DRESPO_DSBE_CDOOI",
			"name": "CV 6 SBE",
			"infoobject": {
				"id": "DRESPO__DSBE",
				"name": "CV 6 SBE"
			},
			"type": "1",
			"typetext": "Characteristic value",
			"processtype": "5",
			"processtypetext": "User entry / default value",
			"parsel": "S",
			"parseltext": "Selection option",
			"input": true,
			"mandatory": false,
			"entrytype": "0",
			"entrytypetext": "Optional Variable Entry",
			"dynchange": "",
			"flags": {
				"lh": "0",
				"r": "0"
			},
			"value": "",
			"highvalue": ""
		},
		{
			"id": "DRESPO__DRU_CDOOI",
			"name": "CV 7 Reporting Unit",
			"infoobject": {
				"id": "DRESPO__DRU",
				"name": "CV 7 Reporting Unit"
			},
			"type": "1",
			"typetext": "Characteristic value",
			"processtype": "5",
			"processtypetext": "User entry / default value",
			"parsel": "S",
			"parseltext": "Selection option",
			"input": true,
			"mandatory": false,
			"entrytype": "0",
			"entrytypetext": "Optional Variable Entry",
			"dynchange": "",
			"flags": {
				"lh": "0",
				"r": "0"
			},
			"value": "",
			"highvalue": ""
		},
		{
			"id": "D_DCOREBSV1_CDOOI01",
			"name": "CSV Brand",
			"infoobject": {
				"id": "DRESPO__DCOREBSV1",
				"name": "CSV Loc. Brand Fam."
			},
			"type": "1",
			"typetext": "Characteristic value",
			"processtype": "5",
			"processtypetext": "User entry / default value",
			"parsel": "S",
			"parseltext": "Selection option",
			"input": true,
			"mandatory": false,
			"entrytype": "0",
			"entrytypetext": "Optional Variable Entry",
			"dynchange": "",
			"flags": {
				"lh": "0",
				"r": "0"
			},
			"value": "",
			"highvalue": ""
		},
		{
			"id": "D_DCOREBSV2_CDOOI01",
			"name": "CSV Subbrand",
			"infoobject": {
				"id": "DRESPO__DCOREBSV2",
				"name": "CSV Local Brand"
			},
			"type": "1",
			"typetext": "Characteristic value",
			"processtype": "5",
			"processtypetext": "User entry / default value",
			"parsel": "S",
			"parseltext": "Selection option",
			"input": true,
			"mandatory": false,
			"entrytype": "0",
			"entrytypetext": "Optional Variable Entry",
			"dynchange": "",
			"flags": {
				"lh": "0",
				"r": "0"
			},
			"value": "",
			"highvalue": ""
		},
		{
			"id": "D_DCORECSV1_CDOOI01",
			"name": "CSV Local Channel",
			"infoobject": {
				"id": "D_COREC__DCORECSV1",
				"name": "CSV Local Channel"
			},
			"type": "1",
			"typetext": "Characteristic value",
			"processtype": "5",
			"processtypetext": "User entry / default value",
			"parsel": "S",
			"parseltext": "Selection option",
			"input": true,
			"mandatory": false,
			"entrytype": "0",
			"entrytypetext": "Optional Variable Entry",
			"dynchange": "",
			"flags": {
				"lh": "0",
				"r": "0"
			},
			"value": "",
			"highvalue": ""
		},
		{
			"id": "D_DCORECSV2_CDOOI01",
			"name": "CSV Local Subchannel",
			"infoobject": {
				"id": "D_COREC__DCORECSV2",
				"name": "CSV Local Subchannel"
			},
			"type": "1",
			"typetext": "Characteristic value",
			"processtype": "5",
			"processtypetext": "User entry / default value",
			"parsel": "S",
			"parseltext": "Selection option",
			"input": true,
			"mandatory": false,
			"entrytype": "0",
			"entrytypetext": "Optional Variable Entry",
			"dynchange": "",
			"flags": {
				"lh": "0",
				"r": "0"
			},
			"value": "",
			"highvalue": ""
		},
		{
			"id": "D_DCOREPSV1_CDOOI01",
			"name": "CSV Performance Overview",
			"infoobject": {
				"id": "DRESPO__DCOREPSV1",
				"name": "CSV Loc. Steer. View"
			},
			"type": "1",
			"typetext": "Characteristic value",
			"processtype": "5",
			"processtypetext": "User entry / default value",
			"parsel": "S",
			"parseltext": "Selection option",
			"input": true,
			"mandatory": false,
			"entrytype": "0",
			"entrytypetext": "Optional Variable Entry",
			"dynchange": "",
			"flags": {
				"lh": "0",
				"r": "0"
			},
			"value": "",
			"highvalue": ""
		},
		{
			"id": "Z0COND_FDSOI01",
			"name": "Top N (= 10)",
			"infoobject": {
				"id": "1FORMULA",
				"name": "1FORMULA"
			},
			"type": "4",
			"typetext": "Formula",
			"processtype": "5",
			"processtypetext": "User entry / default value",
			"parsel": "P",
			"parseltext": "Single value (parameters)",
			"input": true,
			"mandatory": false,
			"entrytype": "0",
			"entrytypetext": "Optional Variable Entry",
			"dynchange": "",
			"flags": {
				"lh": "0",
				"r": "0"
			},
			"value": "10",
			"highvalue": ""
		},
		{
			"id": "Z0COUNTRY_CDOOI01",
			"name": "Country",
			"infoobject": {
				"id": "DCTRY_FD",
				"name": "Country final-dest."
			},
			"type": "1",
			"typetext": "Characteristic value",
			"processtype": "5",
			"processtypetext": "User entry / default value",
			"parsel": "S",
			"parseltext": "Selection option",
			"input": true,
			"mandatory": false,
			"entrytype": "0",
			"entrytypetext": "Optional Variable Entry",
			"dynchange": "",
			"flags": {
				"lh": "0",
				"r": "0"
			},
			"value": "",
			"highvalue": ""
		}
	],
	"structures": [
		{
			"objects": [
				{
					"id": "00O2TK9973U0L3TKR7HHW6WFN",
					"name": "Fiscal Year/Period (Hidden)",
					"mapname": "",
					"position": "1",
					"hidden": true,
					"parent": "",
					"drillstate": "L",
					"range": {
						"line": [
							{
								"object": "0FISCPER",
								"sign": "I",
								"opt": "EQ",
								"keyLow": "00O2TK8CN6Y25DEIHEMLCCIXY",
								"keyHigh": "",
								"dataTyp": "NUMC",
								"dataLength": "0008"
							},
							{
								"object": "1KYFNM",
								"sign": "I",
								"opt": "EQ",
								"keyLow": "0AMOUNT",
								"keyHigh": "",
								"dataTyp": "CURR",
								"dataLength": "0017"
							},
							{
								"object": "DDAGGTYPE",
								"sign": "I",
								"opt": "EQ",
								"keyLow": "00O2TK8CN6Y2D74Y2REAQEX8M",
								"keyHigh": "",
								"dataTyp": "CHAR",
								"dataLength": "0003"
							}
						]
					}
				},
				{
					"id": "00O2TK9973U0L3U1UNOWPWADI",
					"name": "NetSales",
					"mapname": "",
					"position": "2",
					"hidden": false,
					"parent": "",
					"drillstate": "L",
					"range": {
						"line": [
							{
								"object": "1KYFNM",
								"sign": "I",
								"opt": "EQ",
								"keyLow": "00O2TK9973U0L3U1BMGP0JEH3",
								"keyHigh": "",
								"dataTyp": "",
								"dataLength": "0000"
							},
							{
								"object": "0FISCYEAR",
								"sign": "I",
								"opt": "EQ",
								"keyLow": "00O2TK8CN6Y3VPBFC9MWIWGYD",
								"keyHigh": "",
								"dataTyp": "NUMC",
								"dataLength": "0004"
							},
							{
								"object": "0FISCPER3",
								"sign": "I",
								"opt": "EQ",
								"keyLow": "00O2TK8CN6Y43HL5I0F51SA2W",
								"keyHigh": "",
								"dataTyp": "NUMC",
								"dataLength": "0003"
							}
						]
					}
				},
				{
					"id": "00O2TK9973U0L3U1UNOWPWGP2",
					"name": "Price",
					"mapname": "",
					"position": "3",
					"hidden": false,
					"parent": "",
					"drillstate": "L",
					"range": {
						"line": [
							{
								"object": "1KYFNM",
								"sign": "I",
								"opt": "EQ",
								"keyLow": "00O2TK9973U0L3U1EQKXMHVKG",
								"keyHigh": "",
								"dataTyp": "",
								"dataLength": "0000"
							},
							{
								"object": "0FISCYEAR",
								"sign": "I",
								"opt": "EQ",
								"keyLow": "00O2TK8CN6Y3VPBFC9MWIWGYD",
								"keyHigh": "",
								"dataTyp": "NUMC",
								"dataLength": "0004"
							},
							{
								"object": "0FISCPER3",
								"sign": "I",
								"opt": "EQ",
								"keyLow": "00O2TK8CN6Y43HL5I0F51SA2W",
								"keyHigh": "",
								"dataTyp": "NUMC",
								"dataLength": "0003"
							}
						]
					}
				},
				{
					"id": "00O2TK9973U0L3U2NN7K6UH10",
					"name": "ASP",
					"mapname": "",
					"position": "4",
					"hidden": false,
					"parent": "",
					"drillstate": "L",
					"range": {
						"line": [
							{
								"object": "1KYFNM",
								"sign": "I",
								"opt": "EQ",
								"keyLow": "00O2TK9973U0L3U1EQKXMHVKG",
								"keyHigh": "",
								"dataTyp": "",
								"dataLength": "0000"
							},
							{
								"object": "0CUSTOMER",
								"sign": "E",
								"opt": "EQ",
								"keyLow": "#",
								"keyHigh": "",
								"dataTyp": "CHAR",
								"dataLength": "000A"
							},
							{
								"object": "0FISCYEAR",
								"sign": "I",
								"opt": "EQ",
								"keyLow": "00O2TK8CN6Y3VPBFC9MWIWGYD",
								"keyHigh": "",
								"dataTyp": "NUMC",
								"dataLength": "0004"
							},
							{
								"object": "0FISCPER3",
								"sign": "I",
								"opt": "EQ",
								"keyLow": "00O2TK8CN6Y43HL5I0F51SA2W",
								"keyHigh": "",
								"dataTyp": "NUMC",
								"dataLength": "0003"
							}
						]
					}
				},
				{
					"id": "00O2TK9973U2BE8DOHAJ1XN3R",
					"name": "Min",
					"mapname": "",
					"position": "5",
					"hidden": false,
					"parent": "",
					"drillstate": "L",
					"range": ""
				},
				{
					"id": "00O2TK9973U2BE8DW01EICOHF",
					"name": "Max",
					"mapname": "",
					"position": "6",
					"hidden": false,
					"parent": "",
					"drillstate": "L",
					"range": ""
				}
			],
			"id": "00O2TK9973U0L3TKR7HHVVU7N",
			"name": "",
			"mapname": "",
			"position": "1"
		}
	]
}