{
	"sysid": "h2r",
	"syname": "DataOne Production",
	"systype": "sapbw",
	"masterdatadirectory": "masterdata/",
	"parameters": "parameters.json",
	"parametervalues": "<param>.json",
	"endpoints": {
		"getParameterList": {
			"url": "https://by0nja.de.bayer.cnb/roi/services/generalServices/roijs/getDimensionTypes.php",
			"params": null
		},
		"getParameterValues": {
			"url": "https://by0nja.de.bayer.cnb/roi/services/generalServices/roijs/getDimensionList.php",
			"params": [
				"internalKey"
			]
		},
		"getAllHierarchiesList": {
			"url": "https://by0nja.de.bayer.cnb/roi/services/generalServices/roijs/hierarchyFilterSelector/getHierarchyList.php",
			"params": null
		},
		"getDimensionsBasedOnHierarchy": {
			"url": "https://by0nja.de.bayer.cnb/roi/services/generalServices/roijs/hierarchyFilterSelector/getDimensionsBasedOnHierarchy.php",
			"params": [
				"hierarchyId"
			]
		},
		"getVirtualHierarchyValues": {
			"url": "https://by0nja.de.bayer.cnb/roi/services/generalServices/roijs/hierarchyFilterSelector/getVirtualHierarchyValues.php",
			"params": [
				"hierarchyId"
			]
		},
		"getHierarchyValuesByHierarchyId": {
			"url": "https://by0nja.de.bayer.cnb/roi/services/generalServices/roijs/hierarchyFilterSelector/getHierarchyValuesByHierarchyId.php",
			"params": [
				"hierarchyId"
			]
		},
		"realHierarchyHasChildren": {
			"url": "https://by0nja.de.bayer.cnb/roi/services/generalServices/roijs/hierarchyFilterSelector/realHierarchyHasChildren.php",
			"params": [
				"internalKey",
				"key"
			]
		},
		"definition": "https://by-dch2r.bayer-ag.com:8001/sap(bD1lbiZjPTIwMA==)/bc/bsp/sap/zdu_bms_rest_d/default.bsp",
		"structures": "https://by-dch2r.bayer-ag.com:8001/sap(bD1lbiZjPTIwMA==)/bc/bsp/sap/zdu_bms_rest_sr/default.bsp",
		"data": "https://by-dch2r.bayer-ag.com:8001/sap(bD1lbiZjPTIwMA==)/bc/bsp/sap/zdu_rest_qr_p2/default.bsp"
	}
}