{
	"query": {
		"title": "SOA00_COPAPRP03_QS050",
		"limitexceeded": false,
		"nosuchuser": false,
		"nodata": false,
		"nosuchquery": false,
		"noauth": false
	},
	"meta": {
		"kf001": {
			"key": "00O2TK9973U0HGCAQQLRDFCJ3",
			"value": "\n1.1 ACT"
		},
		"kf002": {
			"key": "00O2TK9973U0HGCAQQLRDFP67",
			"value": "\n1.2 BUD"
		},
		"kf003": {
			"key": "00O2TK9973U0HGCAQQLRDF67J",
			"value": "\n1.3 PY"
		},
		"kf004": {
			"key": "00O2TK9973U0HGD1BO91SEC6S",
			"value": "\n1.4 FC1"
		},
		"kf005": {
			"key": "00O2TK9973U0HGCAQQLRD7G33",
			"value": "\n1.2.1 Δ BUD"
		},
		"kf006": {
			"key": "00O2TK9973U0HGCAQQLRDA2WF",
			"value": "\n1.2.2 Δ BUD %"
		},
		"kf007": {
			"key": "00O2TK9973U0HGCAQQLRD6QSV",
			"value": "\n1.2.3 Δ BUD ca"
		},
		"kf008": {
			"key": "00O2TK9973U0HGCAQQLRD73FZ",
			"value": "\n1.2.4 Δ BUD ca %"
		},
		"kf009": {
			"key": "00O2TK9973U0HGCAQQLRD7MEN",
			"value": "\n1.3.1 Δ PY"
		},
		"kf010": {
			"key": "00O2TK9973U0HGCAQQLRD9WKV",
			"value": "\n1.3.2 Δ PY %"
		},
		"kf011": {
			"key": "00O2TK9973U0HGCAQQLRD6X4F",
			"value": "\n1.3.3 Δ PY ca"
		},
		"kf012": {
			"key": "00O2TK9973U0HGCAQQLRD79RJ",
			"value": "\n1.3.4 Δ PY ca %"
		},
		"kf013": {
			"key": "00O2TK9973U0HGD1BO91SEIIC",
			"value": "\n1.4.1 Δ FC1"
		},
		"kf014": {
			"key": "00O2TK9973U0HGD1BO91SEOTW",
			"value": "\n1.4.2 Δ FC1 %"
		},
		"kf015": {
			"key": "00O2TK9973U0HGD1BO91SEV5G",
			"value": "\n1.4.3 Δ FC1 ca"
		},
		"kf016": {
			"key": "00O2TK9973U0HGD1BO91SF1H0",
			"value": "\n1.4.4 Δ FC1 ca %"
		},
		"kf017": {
			"key": "00O2TK9973U0HGCAQQLRD7SQ7",
			"value": "\n2.2.1BUD TOGO"
		},
		"kf018": {
			"key": "00O2TK9973U0HGCAQQLRD8BOV",
			"value": "\n2.2.2BUD TOGO %"
		},
		"kf019": {
			"key": "00O2TK9973U0HGCAQQLRD8I0F",
			"value": "\n2.2.3BUD Color"
		},
		"kf020": {
			"key": "00O2TK9973U0HGCAQQLRD7Z1R",
			"value": "\n2.2.4BUD TOGO ca"
		},
		"kf021": {
			"key": "00O2TK9973U0HGCAQQLRDA97Z",
			"value": "\n2.2.5BUD TOGO ca %"
		},
		"kf022": {
			"key": "00O2TK9973U0HGCAQQLRD85DB",
			"value": "\n2.2.6BUDca Color"
		},
		"kf023": {
			"key": "00O2TK9973U0HGEI73DG6UK4T",
			"value": "\n3.1.1FCx TOGO"
		},
		"kf024": {
			"key": "00O2TK9973U0HGEI73DG6UQGD",
			"value": "\n3.1.4 FCx TOGO Color"
		},
		"kf025": {
			"key": "00O2TK9973U0HGEI73DG6UWRX",
			"value": "\n3.1.2FCx TOGO ca"
		},
		"kf026": {
			"key": "00O2TK9973U0HGEI73DG6V33H",
			"value": "\n3.1.3FCx TOGO@PY"
		},
		"kf027": {
			"key": "00O2TK9973U0HGEI73DG6V9F1",
			"value": "\n3.1.5 FCx TOGO Color ca"
		},
		"kf028": {
			"key": "00O2TK9973U0HGCAQQLRD8OBZ",
			"value": "\n4.1.1 % of BUD"
		},
		"kf029": {
			"key": "00O2TK9973U0LEB45Q2S2IPRV",
			"value": "\n4.1.1.2 % of BUD nom"
		},
		"kf030": {
			"key": "00O2TK9973U0HGCAQQLRD8UNJ",
			"value": "\n4.1.2 % of PY"
		},
		"kf031": {
			"key": "00O2TK9973U0HGCAQQLRD90Z3",
			"value": "\n4.1.3 Δ PY %pts"
		},
		"kf032": {
			"key": "00O2TK9973U0LEB45Q2S2IW3F",
			"value": "\n4.1.3.2 Δ PY %pts nom"
		},
		"kf033": {
			"key": "00O2TK9973U0HGCAQQLRD9DM7",
			"value": "\n4.1.4 Risk/Opp ca"
		},
		"kf034": {
			"key": "00O2TK9973U0LEB45Q2S2J2EZ",
			"value": "\n4.1.4.2 Risk/Opp nom"
		},
		"kf035": {
			"key": "00O2TK9973U0HGCAQQLRD9JXR",
			"value": "\n4.1.5 PY TOGO"
		},
		"kf036": {
			"key": "00O2TK9973U0HGCAQQLRD9Q9B",
			"value": "\n4.1.6 BUD TOGO @PY"
		},
		"kf037": {
			"key": "00O2TK9973U0HGCAQQLRD97AN",
			"value": "\nEST"
		},
		"kf038": {
			"key": "00O2TK9973U0LEB45Q2S2J8QJ",
			"value": "\nEST nom"
		}
	},
	"cube": [
		{
			"kf001": {
				"key": "00O2TK9973U0HGCAQQLRDFCJ3",
				"unit": ""
			},
			"kf002": {
				"key": "00O2TK9973U0HGCAQQLRDFP67",
				"unit": ""
			},
			"kf003": {
				"key": "00O2TK9973U0HGCAQQLRDF67J",
				"unit": ""
			},
			"kf004": {
				"key": "00O2TK9973U0HGD1BO91SEC6S",
				"unit": ""
			},
			"kf005": {
				"key": "00O2TK9973U0HGCAQQLRD7G33",
				"unit": ""
			},
			"kf006": {
				"key": "00O2TK9973U0HGCAQQLRDA2WF",
				"unit": ""
			},
			"kf007": {
				"key": "00O2TK9973U0HGCAQQLRD6QSV",
				"unit": ""
			},
			"kf008": {
				"key": "00O2TK9973U0HGCAQQLRD73FZ",
				"unit": ""
			},
			"kf009": {
				"key": "00O2TK9973U0HGCAQQLRD7MEN",
				"unit": ""
			},
			"kf010": {
				"key": "00O2TK9973U0HGCAQQLRD9WKV",
				"unit": ""
			},
			"kf011": {
				"key": "00O2TK9973U0HGCAQQLRD6X4F",
				"unit": ""
			},
			"kf012": {
				"key": "00O2TK9973U0HGCAQQLRD79RJ",
				"unit": ""
			},
			"kf013": {
				"key": "00O2TK9973U0HGD1BO91SEIIC",
				"unit": ""
			},
			"kf014": {
				"key": "00O2TK9973U0HGD1BO91SEOTW",
				"unit": ""
			},
			"kf015": {
				"key": "00O2TK9973U0HGD1BO91SEV5G",
				"unit": ""
			},
			"kf016": {
				"key": "00O2TK9973U0HGD1BO91SF1H0",
				"unit": ""
			},
			"kf017": {
				"key": "00O2TK9973U0HGCAQQLRD7SQ7",
				"unit": ""
			},
			"kf018": {
				"key": "00O2TK9973U0HGCAQQLRD8BOV",
				"unit": ""
			},
			"kf019": {
				"key": "00O2TK9973U0HGCAQQLRD8I0F",
				"unit": ""
			},
			"kf020": {
				"key": "00O2TK9973U0HGCAQQLRD7Z1R",
				"unit": ""
			},
			"kf021": {
				"key": "00O2TK9973U0HGCAQQLRDA97Z",
				"unit": ""
			},
			"kf022": {
				"key": "00O2TK9973U0HGCAQQLRD85DB",
				"unit": ""
			},
			"kf023": {
				"key": "00O2TK9973U0HGEI73DG6UK4T",
				"unit": ""
			},
			"kf024": {
				"key": "00O2TK9973U0HGEI73DG6UQGD",
				"unit": ""
			},
			"kf025": {
				"key": "00O2TK9973U0HGEI73DG6UWRX",
				"unit": ""
			},
			"kf026": {
				"key": "00O2TK9973U0HGEI73DG6V33H",
				"unit": ""
			},
			"kf027": {
				"key": "00O2TK9973U0HGEI73DG6V9F1",
				"unit": ""
			},
			"kf028": {
				"key": "00O2TK9973U0HGCAQQLRD8OBZ",
				"unit": ""
			},
			"kf029": {
				"key": "00O2TK9973U0LEB45Q2S2IPRV",
				"unit": ""
			},
			"kf030": {
				"key": "00O2TK9973U0HGCAQQLRD8UNJ",
				"unit": ""
			},
			"kf031": {
				"key": "00O2TK9973U0HGCAQQLRD90Z3",
				"unit": ""
			},
			"kf032": {
				"key": "00O2TK9973U0LEB45Q2S2IW3F",
				"unit": ""
			},
			"kf033": {
				"key": "00O2TK9973U0HGCAQQLRD9DM7",
				"unit": ""
			},
			"kf034": {
				"key": "00O2TK9973U0LEB45Q2S2J2EZ",
				"unit": ""
			},
			"kf035": {
				"key": "00O2TK9973U0HGCAQQLRD9JXR",
				"unit": ""
			},
			"kf036": {
				"key": "00O2TK9973U0HGCAQQLRD9Q9B",
				"unit": ""
			},
			"kf037": {
				"key": "00O2TK9973U0HGCAQQLRD97AN",
				"unit": ""
			},
			"kf038": {
				"key": "00O2TK9973U0LEB45Q2S2J8QJ",
				"unit": ""
			}
		}
	],
	"filters": [
		{
			"id": "0COMP_CODE",
			"from": {
				"key": "0196",
				"value": "Bayer/Venezuela"
			},
			"to": {
				"key": "",
				"to": ""
			}
		},
		{
			"id": "0CS_CHART",
			"from": {
				"key": "BI",
				"value": "BI"
			},
			"to": {
				"key": "",
				"to": ""
			}
		},
		{
			"id": "0CURTYPE",
			"from": {
				"key": "10",
				"value": "Company code currency"
			},
			"to": {
				"key": "",
				"to": ""
			}
		},
		{
			"id": "0FISCVARNT",
			"from": {
				"key": "K1",
				"value": "Calendar year, 1 spec. period"
			},
			"to": {
				"key": "",
				"to": ""
			}
		},
		{
			"id": "0G_CWW007",
			"from": {
				"key": "20",
				"value": "External"
			},
			"to": {
				"key": "",
				"to": ""
			}
		},
		{
			"id": "0IOBJSV",
			"from": {
				"key": "#",
				"value": "Not assigned"
			},
			"to": {
				"key": "",
				"to": ""
			}
		},
		{
			"id": "0IOBJSV",
			"from": {
				"key": "0PSG",
				"value": "Profit. segment"
			},
			"to": {
				"key": "",
				"to": ""
			}
		},
		{
			"id": "0VALUATION",
			"from": {
				"key": "#",
				"value": "Legal Valuation"
			},
			"to": {
				"key": "",
				"to": ""
			}
		},
		{
			"id": "DRESPO__D_CV0",
			"from": {
				"key": "LS",
				"value": "Bayer Group"
			},
			"to": {
				"key": "",
				"to": ""
			}
		},
		{
			"id": "D_XNETSAL",
			"from": {
				"key": "X",
				"value": "YES"
			},
			"to": {
				"key": "",
				"to": ""
			}
		}
	],
	"variables": [
		{
			"id": "DCURRENCY_CDSOI01",
			"from": {
				"key": "EUR",
				"value": "Euro"
			},
			"to": {
				"key": "",
				"to": ""
			}
		},
		{
			"id": "D0FISCPER3_CXSOL02",
			"from": {
				"key": "7",
				"value": "Jul"
			},
			"to": {
				"key": "",
				"to": ""
			}
		},
		{
			"id": "D0FISCYEAR_CXSOL02",
			"from": {
				"key": "2018",
				"value": "Calendar year, 1 spec. period 2018"
			},
			"to": {
				"key": "",
				"to": ""
			}
		},
		{
			"id": "DZINFOPROV_CXOOL07",
			"from": {
				"key": "DA_CDCALF",
				"value": ""
			},
			"to": {
				"key": "",
				"to": ""
			}
		},
		{
			"id": "DZINFOPROV_CXOOL07",
			"from": {
				"key": "COPADPF",
				"value": ""
			},
			"to": {
				"key": "",
				"to": ""
			}
		},
		{
			"id": "DZINFOPROV_CXOOL07",
			"from": {
				"key": "COPACSP",
				"value": ""
			},
			"to": {
				"key": "",
				"to": ""
			}
		},
		{
			"id": "DZINFOPROV_CXOOL07",
			"from": {
				"key": "COPACCPCF",
				"value": ""
			},
			"to": {
				"key": "",
				"to": ""
			}
		},
		{
			"id": "DZINFOPROV_CXOOL07",
			"from": {
				"key": "BKA_CPRKF",
				"value": ""
			},
			"to": {
				"key": "",
				"to": ""
			}
		},
		{
			"id": "D0DATE_CXSOI01",
			"from": {
				"key": "16.07.2018",
				"value": ""
			},
			"to": {
				"key": "",
				"to": ""
			}
		},
		{
			"id": "D0DATE_CXIOL01",
			"from": {
				"key": "01.07.2018",
				"value": ""
			},
			"to": {
				"key": "20180716",
				"to": ""
			}
		},
		{
			"id": "D0RTYPE_CXSNL01",
			"from": {
				"key": "Q1F",
				"value": "QBR1 Forecast"
			},
			"to": {
				"key": "",
				"to": ""
			}
		},
		{
			"id": "D0VERSION_TEXT2",
			"from": {
				"key": "FC1",
				"value": "FC1"
			},
			"to": {
				"key": "",
				"to": ""
			}
		},
		{
			"id": "D0VERSION_CXSMIFC2",
			"from": {
				"key": "FC1",
				"value": "Forecast 1"
			},
			"to": {
				"key": "",
				"to": ""
			}
		},
		{
			"id": "Z0COND_FDSOI01",
			"from": {
				"key": "10",
				"value": "10"
			},
			"to": {
				"key": "",
				"to": ""
			}
		},
		{
			"id": "D0DATE_FXSOL02",
			"from": {
				"key": "11",
				"value": "11"
			},
			"to": {
				"key": "",
				"to": ""
			}
		},
		{
			"id": "D0DATE_FXSOL01",
			"from": {
				"key": "22",
				"value": "22"
			},
			"to": {
				"key": "",
				"to": ""
			}
		},
		{
			"id": "DREQSTAT_CDSOI01",
			"from": {
				"key": "R",
				"value": "released"
			},
			"to": {
				"key": "",
				"to": ""
			}
		},
		{
			"id": "DDIMKKAX_HDSOI02",
			"from": {
				"key": "WORLD",
				"value": "Bayer Group"
			},
			"to": {
				"key": "0HIER_NODE",
				"to": ""
			}
		},
		{
			"id": "DD_GCLCREP_CXOOL01",
			"from": {
				"key": "GC",
				"value": "Group Currency"
			},
			"to": {
				"key": "",
				"to": ""
			}
		},
		{
			"id": "DD_GCLCREP_CXOOL01",
			"from": {
				"key": "ALL",
				"value": "ALL"
			},
			"to": {
				"key": "",
				"to": ""
			}
		},
		{
			"id": "DD_GCLCREP_CXOOL01",
			"from": {
				"key": "#",
				"value": "Not assigned"
			},
			"to": {
				"key": "",
				"to": ""
			}
		},
		{
			"id": "DD_GCLCREP_CXOOL01",
			"from": {
				"key": "#",
				"value": "Not assigned"
			},
			"to": {
				"key": "",
				"to": ""
			}
		},
		{
			"id": "DZMRSC_CXOOL01",
			"from": {
				"key": "MON",
				"value": "Monsanto"
			},
			"to": {
				"key": "",
				"to": ""
			}
		}
	],
	"error": false
}