{
	"query": {
		"title": "SOA00_COPAPRPCF_QS025",
		"limitexceeded": false,
		"nosuchuser": false,
		"nodata": false,
		"nosuchquery": false,
		"noauth": false
	},
	"meta": {
		"char001": {
			"key": "00O2TK9973U0HI1B8TLFKHIZA",
			"value": "Key Figures"
		},
		"kf001": {
			"key": "00O2TK9973U0HI1B8TLFKOWGM",
			"value": "\nOpen Trade Receivable"
		}
	},
	"cube": [
		{
			"char001": {
				"key": "00O2TK9973U0HI1B8TLFKJMTY",
				"value": "Total Open Items"
			},
			"kf001": {
				"key": "00O2TK9973U0HI1B8TLFKOWGM",
				"value": "9232883867.74",
				"unit": "EUR"
			}
		},
		{
			"char001": {
				"key": "00O2TK9973U0HI1B8TLFKHPAU",
				"value": "Total Overdue"
			},
			"kf001": {
				"key": "00O2TK9973U0HI1B8TLFKOWGM",
				"value": "1416270796.28",
				"unit": "EUR"
			}
		},
		{
			"char001": {
				"key": "00O2TK9973U0HI1B8TLFKJ3VA",
				"value": "Overdue > 360"
			},
			"kf001": {
				"key": "00O2TK9973U0HI1B8TLFKOWGM",
				"value": "319605494.06",
				"unit": "EUR"
			}
		},
		{
			"char001": {
				"key": "00O2TK9973U0HI1B8TLFKIXJQ",
				"value": "Overdue 91-360"
			},
			"kf001": {
				"key": "00O2TK9973U0HI1B8TLFKOWGM",
				"value": "438840051.07",
				"unit": "EUR"
			}
		},
		{
			"char001": {
				"key": "00O2TK9973U0HI1B8TLFKIR86",
				"value": "Overdue 31-90"
			},
			"kf001": {
				"key": "00O2TK9973U0HI1B8TLFKOWGM",
				"value": "399287649.23",
				"unit": "EUR"
			}
		},
		{
			"char001": {
				"key": "00O2TK9973U0HI1B8TLFKIKWM",
				"value": "Overdue 1-30"
			},
			"kf001": {
				"key": "00O2TK9973U0HI1B8TLFKOWGM",
				"value": "256486946.04",
				"unit": "EUR"
			}
		},
		{
			"char001": {
				"key": "00O2TK9973U0HI1B8TLFKHVME",
				"value": "Due 0-30"
			},
			"kf001": {
				"key": "00O2TK9973U0HI1B8TLFKOWGM",
				"value": "2391055491.94",
				"unit": "EUR"
			}
		},
		{
			"char001": {
				"key": "00O2TK9973U0HI1B8TLFKI1XY",
				"value": "Due 31-60"
			},
			"kf001": {
				"key": "00O2TK9973U0HI1B8TLFKOWGM",
				"value": "2093644216.29",
				"unit": "EUR"
			}
		},
		{
			"char001": {
				"key": "00O2TK9973U0HI1B8TLFKI89I",
				"value": "Due 61-90"
			},
			"kf001": {
				"key": "00O2TK9973U0HI1B8TLFKOWGM",
				"value": "1045478788.40",
				"unit": "EUR"
			}
		},
		{
			"char001": {
				"key": "00O2TK9973U0HI1B8TLFKP93Q",
				"value": "Due 91-180"
			},
			"kf001": {
				"key": "00O2TK9973U0HI1B8TLFKOWGM",
				"value": "831642174.20",
				"unit": "EUR"
			}
		},
		{
			"char001": {
				"key": "00O2TK9973U0HI1B8TLFKIEL2",
				"value": "Due > 180"
			},
			"kf001": {
				"key": "00O2TK9973U0HI1B8TLFKOWGM",
				"value": "707919681.66",
				"unit": "EUR"
			}
		},
		{
			"char001": {
				"key": "00O2TK9973U0HI1B8TLFKJA6U",
				"value": "Total Due"
			},
			"kf001": {
				"key": "00O2TK9973U0HI1B8TLFKOWGM",
				"value": "7072823855.36",
				"unit": "EUR"
			}
		},
		{
			"char001": {
				"key": "00O2TK9973U281V6DAMQKPAXH",
				"value": "Not assigned"
			},
			"kf001": {
				"key": "00O2TK9973U0HI1B8TLFKOWGM",
				"value": "743789216.10",
				"unit": "EUR"
			}
		}
	],
	"filters": [
		{
			"id": "0CS_ITEM",
			"from": {
				"key": "BI/12210000",
				"value": "Trade acc. receiv. / trade bills rec. (Total)"
			},
			"to": {
				"key": "",
				"to": ""
			}
		},
		{
			"id": "0CS_ITEM",
			"from": {
				"key": "BI/12211010",
				"value": "Trade bills receivable - OT"
			},
			"to": {
				"key": "",
				"to": ""
			}
		},
		{
			"id": "0CS_ITEM",
			"from": {
				"key": "BI/12211050",
				"value": "BPE Trade bills receivable - PC"
			},
			"to": {
				"key": "",
				"to": ""
			}
		},
		{
			"id": "0CS_ITEM",
			"from": {
				"key": "BI/12211100",
				"value": "Trade accounts and bills rec.-Others (Total)"
			},
			"to": {
				"key": "",
				"to": ""
			}
		},
		{
			"id": "0CS_ITEM",
			"from": {
				"key": "BI/12211200",
				"value": "Trade accounts and bills rec.-PartnerC (Total)"
			},
			"to": {
				"key": "",
				"to": ""
			}
		},
		{
			"id": "0CS_ITEM",
			"from": {
				"key": "BI/12212010",
				"value": "Trade accounts receivable - OT"
			},
			"to": {
				"key": "",
				"to": ""
			}
		},
		{
			"id": "0CS_ITEM",
			"from": {
				"key": "BI/12212020",
				"value": "BPE Trade accts receiv.-maturity>1 year operating cycle-OT"
			},
			"to": {
				"key": "",
				"to": ""
			}
		},
		{
			"id": "0CS_ITEM",
			"from": {
				"key": "BI/12212030",
				"value": "Receivables in kind, e.g. barter receivables - Others"
			},
			"to": {
				"key": "",
				"to": ""
			}
		},
		{
			"id": "0CS_ITEM",
			"from": {
				"key": "BI/12212050",
				"value": "Trade accounts receivable - PC"
			},
			"to": {
				"key": "",
				"to": ""
			}
		},
		{
			"id": "0CS_ITEM",
			"from": {
				"key": "BI/12212100",
				"value": "BPE Transfer of trade accounts rec.-PC"
			},
			"to": {
				"key": "",
				"to": ""
			}
		},
		{
			"id": "0CS_ITEM",
			"from": {
				"key": "BI/12212110",
				"value": "BPE Transfer of trade accounts receiv. fr. quotation"
			},
			"to": {
				"key": "",
				"to": ""
			}
		},
		{
			"id": "0CS_ITEM",
			"from": {
				"key": "BI/12212200",
				"value": "Receivables PoC - OT"
			},
			"to": {
				"key": "",
				"to": ""
			}
		},
		{
			"id": "0CS_ITEM",
			"from": {
				"key": "BI/12220300",
				"value": "BPE License receivables (Total)"
			},
			"to": {
				"key": "",
				"to": ""
			}
		},
		{
			"id": "0CS_ITEM",
			"from": {
				"key": "BI/12220310",
				"value": "BPE License receivables - OT"
			},
			"to": {
				"key": "",
				"to": ""
			}
		},
		{
			"id": "0CS_ITEM",
			"from": {
				"key": "BI/12220350",
				"value": "BPE License receivables-PC."
			},
			"to": {
				"key": "",
				"to": ""
			}
		},
		{
			"id": "0CS_ITEM",
			"from": {
				"key": "BI/12221560",
				"value": "Miscellaneous advance payments for services - Others"
			},
			"to": {
				"key": "",
				"to": ""
			}
		},
		{
			"id": "0CS_ITEM",
			"from": {
				"key": "BI/12220420",
				"value": "Interest receivable on outstanding trade receivable - Others"
			},
			"to": {
				"key": "",
				"to": ""
			}
		},
		{
			"id": "0CURTYPE",
			"from": {
				"key": "10",
				"value": "Company code currency"
			},
			"to": {
				"key": "",
				"to": ""
			}
		},
		{
			"id": "0FISCVARNT",
			"from": {
				"key": "K1",
				"value": "Calendar year, 1 spec. period"
			},
			"to": {
				"key": "",
				"to": ""
			}
		},
		{
			"id": "0INFOPROV",
			"from": {
				"key": "FIGLCCF01",
				"value": "FIGL: Cash Flow Trades (Reporting)"
			},
			"to": {
				"key": "",
				"to": ""
			}
		},
		{
			"id": "0INFOPROV",
			"from": {
				"key": "BKA_CPKD7",
				"value": "ePDM: ProKon Delta FIGLCCF01,02"
			},
			"to": {
				"key": "",
				"to": ""
			}
		},
		{
			"id": "DRESPL1",
			"from": {
				"key": "10",
				"value": "Commercial"
			},
			"to": {
				"key": "",
				"to": ""
			}
		}
	],
	"variables": [
		{
			"id": "D0CLEAR_DATE_CXSML01",
			"from": {
				"key": "30.09.2017",
				"value": ""
			},
			"to": {
				"key": "",
				"to": ""
			}
		},
		{
			"id": "DCURRENCY_CDSOI01",
			"from": {
				"key": "EUR",
				"value": "Euro"
			},
			"to": {
				"key": "",
				"to": ""
			}
		},
		{
			"id": "D0FISCPER_CXSNI00",
			"from": {
				"key": "009.2017",
				"value": "SEP 2017"
			},
			"to": {
				"key": "",
				"to": ""
			}
		},
		{
			"id": "DFISCPER3_CXSOL02",
			"from": {
				"key": "9",
				"value": "Sep"
			},
			"to": {
				"key": "",
				"to": ""
			}
		},
		{
			"id": "DFISCYEAR_CXSOL03",
			"from": {
				"key": "2017",
				"value": "Calendar year, 1 spec. period 2017"
			},
			"to": {
				"key": "",
				"to": ""
			}
		},
		{
			"id": "D0NETDUEDATE_CXSML01",
			"from": {
				"key": "30.09.2017",
				"value": ""
			},
			"to": {
				"key": "",
				"to": ""
			}
		},
		{
			"id": "DDIMKKAX_HDSOI02",
			"from": {
				"key": "WORLD",
				"value": "Bayer Group"
			},
			"to": {
				"key": "0HIER_NODE",
				"to": ""
			}
		},
		{
			"id": "DREQSTAT_CDSOI01",
			"from": {
				"key": "R",
				"value": "released"
			},
			"to": {
				"key": "",
				"to": ""
			}
		},
		{
			"id": "DD_GCLCREP_CXOOL01",
			"from": {
				"key": "GC",
				"value": "Group Currency"
			},
			"to": {
				"key": "",
				"to": ""
			}
		},
		{
			"id": "DD_GCLCREP_CXOOL01",
			"from": {
				"key": "ALL",
				"value": "ALL"
			},
			"to": {
				"key": "",
				"to": ""
			}
		},
		{
			"id": "DD_GCLCREP_CXOOL01",
			"from": {
				"key": "#",
				"value": "Not assigned"
			},
			"to": {
				"key": "",
				"to": ""
			}
		},
		{
			"id": "DD_GCLCREP_CXOOL01",
			"from": {
				"key": "#",
				"value": "Not assigned"
			},
			"to": {
				"key": "",
				"to": ""
			}
		},
		{
			"id": "DZMRSC_CXOOL01",
			"from": {
				"key": "MON",
				"value": "Monsanto"
			},
			"to": {
				"key": "",
				"to": ""
			}
		}
	],
	"error": false
}