{
	"version": "",
	"title": "ROI : A/R Customer Aging",
	"id": "SOA00_COPAPRPCF_QS025",
	"infocube": "COPAPRPCF",
	"creator": "BEMDX",
	"creationDate": "2018-05-29",
	"creationTime": "14:31:09",
	"lastChanger": "WDELL",
	"changeDate": "2018-05-29",
	"changeTime": "14:31:09",
	"lastQueryExecutionDate": "2018-07-17",
	"lastQueryExecutionTime": "20:51:32",
	"available": true,
	"infoobjects": [
		{
			"id": "0CUSTOMER",
			"infoobject": "0CUSTOMER",
			"name": "Customer",
			"descript": "Customer",
			"position": "0001",
			"initialdisplay": "false",
			"isstructure": "false",
			"IS_FILTER": "false",
			"laytp": "AGG",
			"attribute": ""
		},
		{
			"id": "DIMKKACG",
			"infoobject": "DIMKKACG",
			"name": "BSV CG",
			"descript": "BSV CG",
			"position": "0002",
			"initialdisplay": "false",
			"isstructure": "false",
			"IS_FILTER": "false",
			"laytp": "AGG",
			"attribute": ""
		},
		{
			"id": "DIMKKAX",
			"infoobject": "DIMKKAX",
			"name": "BSV: Hierarchy",
			"descript": "BSV: Hierarchy",
			"position": "0003",
			"initialdisplay": "false",
			"ishierarchy": "true",
			"hierarchy": {
				"id": "BSV_HIER_ALL",
				"name": "",
				"level": "12"
			},
			"hienmdesc": "",
			"hienmlevel": "12",
			"isstructure": "false",
			"IS_FILTER": "false",
			"laytp": "AGG",
			"attribute": ""
		},
		{
			"id": "DIMKKA1",
			"infoobject": "DIMKKA1",
			"name": "BSV Lvl 1",
			"descript": "BSV Lvl 1",
			"position": "0004",
			"initialdisplay": "false",
			"isstructure": "false",
			"IS_FILTER": "false",
			"laytp": "AGG",
			"attribute": ""
		},
		{
			"id": "DIMKKA2",
			"infoobject": "DIMKKA2",
			"name": "BSV Lvl 2",
			"descript": "BSV Lvl 2",
			"position": "0005",
			"initialdisplay": "false",
			"isstructure": "false",
			"IS_FILTER": "false",
			"laytp": "AGG",
			"attribute": ""
		},
		{
			"id": "DIMKKA3",
			"infoobject": "DIMKKA3",
			"name": "BSV Lvl 3",
			"descript": "BSV Lvl 3",
			"position": "0006",
			"initialdisplay": "false",
			"isstructure": "false",
			"IS_FILTER": "false",
			"laytp": "AGG",
			"attribute": ""
		},
		{
			"id": "DIMKKA4",
			"infoobject": "DIMKKA4",
			"name": "BSV Lvl 4",
			"descript": "BSV Lvl 4",
			"position": "0007",
			"initialdisplay": "false",
			"isstructure": "false",
			"IS_FILTER": "false",
			"laytp": "AGG",
			"attribute": ""
		},
		{
			"id": "DIMKKA5",
			"infoobject": "DIMKKA5",
			"name": "BSV Lvl 5",
			"descript": "BSV Lvl 5",
			"position": "0008",
			"initialdisplay": "false",
			"isstructure": "false",
			"IS_FILTER": "false",
			"laytp": "AGG",
			"attribute": ""
		},
		{
			"id": "DIMKKA6",
			"infoobject": "DIMKKA6",
			"name": "BSV Lvl 6",
			"descript": "BSV Lvl 6",
			"position": "0009",
			"initialdisplay": "false",
			"isstructure": "false",
			"IS_FILTER": "false",
			"laytp": "AGG",
			"attribute": ""
		},
		{
			"id": "DCTRY_FD",
			"infoobject": "DCTRY_FD",
			"name": "Country final-dest.",
			"descript": "Country final-dest.",
			"position": "0010",
			"initialdisplay": "false",
			"isstructure": "false",
			"IS_FILTER": "false",
			"laytp": "AGG",
			"attribute": ""
		},
		{
			"id": "DRU",
			"infoobject": "DRU",
			"name": "Reporting Unit",
			"descript": "Reporting Unit",
			"position": "0011",
			"initialdisplay": "false",
			"isstructure": "false",
			"IS_FILTER": "false",
			"laytp": "AGG",
			"attribute": ""
		},
		{
			"id": "DSBE",
			"infoobject": "DSBE",
			"name": "SBE",
			"descript": "SBE",
			"position": "0012",
			"initialdisplay": "false",
			"isstructure": "false",
			"IS_FILTER": "false",
			"laytp": "AGG",
			"attribute": ""
		},
		{
			"id": "0INFOPROV",
			"infoobject": "0INFOPROV",
			"name": "InfoProvider",
			"descript": "InfoProvider",
			"position": "0013",
			"initialdisplay": "false",
			"isstructure": "false",
			"IS_FILTER": "false",
			"laytp": "AGG",
			"attribute": ""
		},
		{
			"id": "DPC__DBG",
			"infoobject": "DPC__DBG",
			"name": "Business Group",
			"descript": "Business Group",
			"position": "0014",
			"initialdisplay": "false",
			"isstructure": "false",
			"IS_FILTER": "false",
			"laytp": "AGG",
			"attribute": ""
		},
		{
			"id": "00O2TK9973U0HI1B8TLFKLQOM",
			"infoobject": "00O2TK9973U0HI1B8TLFKLQOM",
			"name": "",
			"descript": "",
			"position": "0001",
			"initialdisplay": "true",
			"isstructure": "true",
			"IS_FILTER": "false",
			"laytp": "COL",
			"attribute": ""
		},
		{
			"id": "DCTRY_FDA",
			"infoobject": "DCTRY_FDA",
			"name": "Country final-dest.",
			"descript": "Country final-dest.",
			"position": "0001",
			"initialdisplay": "false",
			"isstructure": "false",
			"IS_FILTER": "true",
			"laytp": "FIX",
			"attribute": ""
		},
		{
			"id": "DSGA",
			"infoobject": "DSGA",
			"name": "SG (Auth)",
			"descript": "SG (Auth)",
			"position": "0002",
			"initialdisplay": "false",
			"isstructure": "false",
			"IS_FILTER": "true",
			"laytp": "FIX",
			"attribute": ""
		},
		{
			"id": "DBGA",
			"infoobject": "DBGA",
			"name": "BG (Auth)",
			"descript": "BG (Auth)",
			"position": "0003",
			"initialdisplay": "false",
			"isstructure": "false",
			"IS_FILTER": "true",
			"laytp": "FIX",
			"attribute": ""
		},
		{
			"id": "0CS_DIMEN",
			"infoobject": "0CS_DIMEN",
			"name": "Dimension",
			"descript": "Dimension",
			"position": "0004",
			"initialdisplay": "false",
			"isstructure": "false",
			"IS_FILTER": "true",
			"laytp": "FIX",
			"attribute": ""
		},
		{
			"id": "DCS_DTYPA",
			"infoobject": "DCS_DTYPA",
			"name": "Document Type (Auth)",
			"descript": "Document Type (Auth)",
			"position": "0005",
			"initialdisplay": "false",
			"isstructure": "false",
			"IS_FILTER": "true",
			"laytp": "FIX",
			"attribute": ""
		},
		{
			"id": "DPRKNSTAA",
			"infoobject": "DPRKNSTAA",
			"name": "BayReP: Status(Auth)",
			"descript": "BayReP: Status(Auth)",
			"position": "0006",
			"initialdisplay": "false",
			"isstructure": "false",
			"IS_FILTER": "true",
			"laytp": "FIX",
			"attribute": ""
		},
		{
			"id": "DRESPL2A",
			"infoobject": "DRESPL2A",
			"name": "Respo (Auth)",
			"descript": "Respo (Auth)",
			"position": "0007",
			"initialdisplay": "false",
			"isstructure": "false",
			"IS_FILTER": "true",
			"laytp": "FIX",
			"attribute": ""
		},
		{
			"id": "0CS_CHART",
			"infoobject": "0CS_CHART",
			"name": "Cons Chart of Accts",
			"descript": "Cons Chart of Accts",
			"position": "0008",
			"initialdisplay": "false",
			"isstructure": "false",
			"IS_FILTER": "true",
			"laytp": "FIX",
			"attribute": ""
		},
		{
			"id": "0FISCVARNT",
			"infoobject": "0FISCVARNT",
			"name": "Fiscal Year Variant",
			"descript": "Fiscal Year Variant",
			"position": "0009",
			"initialdisplay": "false",
			"isstructure": "false",
			"IS_FILTER": "true",
			"laytp": "FIX",
			"attribute": ""
		},
		{
			"id": "0CURTYPE",
			"infoobject": "0CURTYPE",
			"name": "Currency Type",
			"descript": "Currency Type",
			"position": "0010",
			"initialdisplay": "false",
			"isstructure": "false",
			"IS_FILTER": "true",
			"laytp": "FIX",
			"attribute": ""
		},
		{
			"id": "DREQSTAT",
			"infoobject": "DREQSTAT",
			"name": "Status of Reporting",
			"descript": "Status of Reporting",
			"position": "0011",
			"initialdisplay": "false",
			"isstructure": "false",
			"IS_FILTER": "true",
			"laytp": "FIX",
			"attribute": ""
		},
		{
			"id": "00O2TK9973U0HI1B8TLFKHIZA",
			"infoobject": "00O2TK9973U0HI1B8TLFKHIZA",
			"name": "",
			"descript": "",
			"position": "0001",
			"initialdisplay": "true",
			"isstructure": "true",
			"IS_FILTER": "false",
			"laytp": "ROW",
			"attribute": ""
		}
	],
	"variables": [
		{
			"id": "D0COMP_COD_CXOOIFE",
			"name": "Company Code",
			"infoobject": {
				"id": "0COMP_CODE",
				"name": "Company code"
			},
			"type": "1",
			"typetext": "Characteristic value",
			"processtype": "3",
			"processtypetext": "Customer exit",
			"parsel": "S",
			"parseltext": "Selection option",
			"input": true,
			"mandatory": false,
			"entrytype": "0",
			"entrytypetext": "Optional Variable Entry",
			"dynchange": "",
			"flags": {
				"lh": "0",
				"r": "0"
			},
			"value": "",
			"highvalue": ""
		},
		{
			"id": "D0CUSTOMER_CDOOI",
			"name": "Customer",
			"infoobject": {
				"id": "0CUSTOMER",
				"name": "Customer"
			},
			"type": "1",
			"typetext": "Characteristic value",
			"processtype": "5",
			"processtypetext": "User entry / default value",
			"parsel": "S",
			"parseltext": "Selection option",
			"input": true,
			"mandatory": false,
			"entrytype": "0",
			"entrytypetext": "Optional Variable Entry",
			"dynchange": "",
			"flags": {
				"lh": "0",
				"r": "0"
			},
			"value": "",
			"highvalue": ""
		},
		{
			"id": "D0FISCPER_CXSNI00",
			"name": "Fiscal Period / Year",
			"infoobject": {
				"id": "0FISCPER",
				"name": "Fiscal year/period"
			},
			"type": "1",
			"typetext": "Characteristic value",
			"processtype": "3",
			"processtypetext": "Customer exit",
			"parsel": "P",
			"parseltext": "Single value (parameters)",
			"input": true,
			"mandatory": true,
			"entrytype": "2",
			"entrytypetext": "Mandatory, Initial Value not Allowed",
			"dynchange": "",
			"flags": {
				"lh": "0",
				"r": "0"
			},
			"value": "",
			"highvalue": ""
		},
		{
			"id": "DCOUNTRY_CDMOI01",
			"name": "Country",
			"infoobject": {
				"id": "DCTRY_FD",
				"name": "Country final-dest."
			},
			"type": "1",
			"typetext": "Characteristic value",
			"processtype": "5",
			"processtypetext": "User entry / default value",
			"parsel": "M",
			"parseltext": "Several Single Values",
			"input": true,
			"mandatory": false,
			"entrytype": "0",
			"entrytypetext": "Optional Variable Entry",
			"dynchange": "",
			"flags": {
				"lh": "0",
				"r": "0"
			},
			"value": "",
			"highvalue": ""
		},
		{
			"id": "DCURRENCY_CDSOI01",
			"name": "Target Currency",
			"infoobject": {
				"id": "0CURRENCY",
				"name": "Currency"
			},
			"type": "1",
			"typetext": "Characteristic value",
			"processtype": "5",
			"processtypetext": "User entry / default value",
			"parsel": "P",
			"parseltext": "Single value (parameters)",
			"input": true,
			"mandatory": true,
			"entrytype": "1",
			"entrytypetext": "Mandatory Variable Entry",
			"dynchange": "",
			"flags": {
				"lh": "0",
				"r": "0"
			},
			"value": "EUR",
			"highvalue": ""
		},
		{
			"id": "DDIMKKA1_CDOOI01",
			"name": "BSV Lvl 1",
			"infoobject": {
				"id": "DIMKKA1",
				"name": "BSV Lvl 1"
			},
			"type": "1",
			"typetext": "Characteristic value",
			"processtype": "5",
			"processtypetext": "User entry / default value",
			"parsel": "S",
			"parseltext": "Selection option",
			"input": true,
			"mandatory": false,
			"entrytype": "0",
			"entrytypetext": "Optional Variable Entry",
			"dynchange": "",
			"flags": {
				"lh": "0",
				"r": "0"
			},
			"value": "",
			"highvalue": ""
		},
		{
			"id": "DDIMKKA2_CDOOI01",
			"name": "BSV Lvl 2",
			"infoobject": {
				"id": "DIMKKA2",
				"name": "BSV Lvl 2"
			},
			"type": "1",
			"typetext": "Characteristic value",
			"processtype": "5",
			"processtypetext": "User entry / default value",
			"parsel": "S",
			"parseltext": "Selection option",
			"input": true,
			"mandatory": false,
			"entrytype": "0",
			"entrytypetext": "Optional Variable Entry",
			"dynchange": "",
			"flags": {
				"lh": "0",
				"r": "0"
			},
			"value": "",
			"highvalue": ""
		},
		{
			"id": "DDIMKKA3_CDOOI01",
			"name": "BSV Lvl 3",
			"infoobject": {
				"id": "DIMKKA3",
				"name": "BSV Lvl 3"
			},
			"type": "1",
			"typetext": "Characteristic value",
			"processtype": "5",
			"processtypetext": "User entry / default value",
			"parsel": "S",
			"parseltext": "Selection option",
			"input": true,
			"mandatory": false,
			"entrytype": "0",
			"entrytypetext": "Optional Variable Entry",
			"dynchange": "",
			"flags": {
				"lh": "0",
				"r": "0"
			},
			"value": "",
			"highvalue": ""
		},
		{
			"id": "DDIMKKA4_CDOOI01",
			"name": "BSV Lvl 4",
			"infoobject": {
				"id": "DIMKKA4",
				"name": "BSV Lvl 4"
			},
			"type": "1",
			"typetext": "Characteristic value",
			"processtype": "5",
			"processtypetext": "User entry / default value",
			"parsel": "S",
			"parseltext": "Selection option",
			"input": true,
			"mandatory": false,
			"entrytype": "0",
			"entrytypetext": "Optional Variable Entry",
			"dynchange": "",
			"flags": {
				"lh": "0",
				"r": "0"
			},
			"value": "",
			"highvalue": ""
		},
		{
			"id": "DDIMKKA5_CDOOI01",
			"name": "BSV Lvl 5",
			"infoobject": {
				"id": "DIMKKA5",
				"name": "BSV Lvl 5"
			},
			"type": "1",
			"typetext": "Characteristic value",
			"processtype": "5",
			"processtypetext": "User entry / default value",
			"parsel": "S",
			"parseltext": "Selection option",
			"input": true,
			"mandatory": false,
			"entrytype": "0",
			"entrytypetext": "Optional Variable Entry",
			"dynchange": "",
			"flags": {
				"lh": "0",
				"r": "0"
			},
			"value": "",
			"highvalue": ""
		},
		{
			"id": "DDIMKKA6_CDOOI01",
			"name": "BSV Lvl 6",
			"infoobject": {
				"id": "DIMKKA6",
				"name": "BSV Lvl 6"
			},
			"type": "1",
			"typetext": "Characteristic value",
			"processtype": "5",
			"processtypetext": "User entry / default value",
			"parsel": "S",
			"parseltext": "Selection option",
			"input": true,
			"mandatory": false,
			"entrytype": "0",
			"entrytypetext": "Optional Variable Entry",
			"dynchange": "",
			"flags": {
				"lh": "0",
				"r": "0"
			},
			"value": "",
			"highvalue": ""
		},
		{
			"id": "DDIMKKACG_CDOOI01",
			"name": "BSV Country Group (Sel. opt.)",
			"infoobject": {
				"id": "DIMKKACG",
				"name": "BSV CG"
			},
			"type": "1",
			"typetext": "Characteristic value",
			"processtype": "5",
			"processtypetext": "User entry / default value",
			"parsel": "S",
			"parseltext": "Selection option",
			"input": true,
			"mandatory": false,
			"entrytype": "0",
			"entrytypetext": "Optional Variable Entry",
			"dynchange": "",
			"flags": {
				"lh": "0",
				"r": "0"
			},
			"value": "",
			"highvalue": ""
		},
		{
			"id": "DDIMKKAX_HDSOI02",
			"name": "DIMKKAX HierNode selection",
			"infoobject": {
				"id": "DIMKKAX",
				"name": "BSV: Hierarchy"
			},
			"type": "2",
			"typetext": "Hierarchy nodes",
			"processtype": "5",
			"processtypetext": "User entry / default value",
			"parsel": "P",
			"parseltext": "Single value (parameters)",
			"input": true,
			"mandatory": false,
			"entrytype": "0",
			"entrytypetext": "Optional Variable Entry",
			"dynchange": "",
			"flags": {
				"lh": "0",
				"r": "0"
			},
			"value": "WORLD",
			"highvalue": "0HIER_NODE"
		},
		{
			"id": "DDRU_CDOOI01",
			"name": "Reporting Unit",
			"infoobject": {
				"id": "DRU",
				"name": "Reporting Unit"
			},
			"type": "1",
			"typetext": "Characteristic value",
			"processtype": "5",
			"processtypetext": "User entry / default value",
			"parsel": "S",
			"parseltext": "Selection option",
			"input": true,
			"mandatory": false,
			"entrytype": "0",
			"entrytypetext": "Optional Variable Entry",
			"dynchange": "",
			"flags": {
				"lh": "0",
				"r": "0"
			},
			"value": "",
			"highvalue": ""
		},
		{
			"id": "DDSBE_CDOOISBE",
			"name": "Strategic Business Entity",
			"infoobject": {
				"id": "DSBE",
				"name": "SBE"
			},
			"type": "1",
			"typetext": "Characteristic value",
			"processtype": "5",
			"processtypetext": "User entry / default value",
			"parsel": "S",
			"parseltext": "Selection option",
			"input": true,
			"mandatory": false,
			"entrytype": "0",
			"entrytypetext": "Optional Variable Entry",
			"dynchange": "",
			"flags": {
				"lh": "0",
				"r": "0"
			},
			"value": "",
			"highvalue": ""
		}
	],
	"structures": [
		{
			"objects": [
				{
					"id": "00O2TK9973U0HI1B8TLFKOWGM",
					"name": "Open Trade Receivable",
					"mapname": "",
					"position": "1",
					"hidden": false,
					"parent": "",
					"drillstate": "L",
					"range": ""
				}
			],
			"id": "00O2TK9973U0HI1B8TLFKLQOM",
			"name": "",
			"mapname": "",
			"position": "1"
		},
		{
			"objects": [
				{
					"id": "00O2TK9973U0HI1B8TLFKJGIE",
					"name": "Fiscal Year/Period",
					"mapname": "",
					"position": "1",
					"hidden": true,
					"parent": "",
					"drillstate": "L",
					"range": {
						"line": [
							{
								"object": "0FISCPER",
								"sign": "I",
								"opt": "EQ",
								"keyLow": "00O2TK8CN6Y25DEIHEMLCCIXY",
								"keyHigh": "",
								"dataTyp": "NUMC",
								"dataLength": "0008"
							},
							{
								"object": "1KYFNM",
								"sign": "I",
								"opt": "EQ",
								"keyLow": "DCOUNT",
								"keyHigh": "",
								"dataTyp": "DEC",
								"dataLength": "0017"
							}
						]
					}
				},
				{
					"id": "00O2TK9973U0HI1B8TLFKJMTY",
					"name": "Total Open Items",
					"mapname": "",
					"position": "2",
					"hidden": false,
					"parent": "",
					"drillstate": "L",
					"range": ""
				},
				{
					"id": "00O2TK9973U0HI1B8TLFKHPAU",
					"name": "Total Overdue",
					"mapname": "",
					"position": "3",
					"hidden": false,
					"parent": "",
					"drillstate": "L",
					"range": {
						"line": [
							{
								"object": "0CLEAR_DATE",
								"sign": "I",
								"opt": "EQ",
								"keyLow": "#",
								"keyHigh": "",
								"dataTyp": "DATS",
								"dataLength": "000A"
							},
							{
								"object": "DXRAGL",
								"sign": "I",
								"opt": "EQ",
								"keyLow": "#",
								"keyHigh": "",
								"dataTyp": "CHAR",
								"dataLength": "0001"
							},
							{
								"object": "0NETDUEDATE",
								"sign": "E",
								"opt": "EQ",
								"keyLow": "#",
								"keyHigh": "",
								"dataTyp": "DATS",
								"dataLength": "000A"
							},
							{
								"object": "0FISCPER",
								"sign": "I",
								"opt": "LE",
								"keyLow": "00O2TK8CN6Y25DEIHEMLCCIXY",
								"keyHigh": "",
								"dataTyp": "NUMC",
								"dataLength": "0008"
							},
							{
								"object": "0CLEAR_DATE",
								"sign": "I",
								"opt": "GT",
								"keyLow": "00O2TK8CN6Y2CZL1KNH7A13AW",
								"keyHigh": "",
								"dataTyp": "DATS",
								"dataLength": "000A"
							},
							{
								"object": "1KYFNM",
								"sign": "I",
								"opt": "EQ",
								"keyLow": "00O2TK9973U0E4ZGU58MIA75N",
								"keyHigh": "",
								"dataTyp": "",
								"dataLength": "0000"
							},
							{
								"object": "0NETDUEDATE",
								"sign": "I",
								"opt": "LT",
								"keyLow": "00O2TK8CN6Y46NFK2LR85XMEV",
								"keyHigh": "",
								"dataTyp": "DATS",
								"dataLength": "000A"
							}
						]
					}
				},
				{
					"id": "00O2TK9973U0HI1B8TLFKJ3VA",
					"name": "Overdue > 360",
					"mapname": "",
					"position": "4",
					"hidden": false,
					"parent": "",
					"drillstate": "L",
					"range": {
						"line": [
							{
								"object": "0CLEAR_DATE",
								"sign": "I",
								"opt": "EQ",
								"keyLow": "#",
								"keyHigh": "",
								"dataTyp": "DATS",
								"dataLength": "000A"
							},
							{
								"object": "DXRAGL",
								"sign": "I",
								"opt": "EQ",
								"keyLow": "#",
								"keyHigh": "",
								"dataTyp": "CHAR",
								"dataLength": "0001"
							},
							{
								"object": "0NETDUEDATE",
								"sign": "E",
								"opt": "EQ",
								"keyLow": "#",
								"keyHigh": "",
								"dataTyp": "DATS",
								"dataLength": "000A"
							},
							{
								"object": "0FISCPER",
								"sign": "I",
								"opt": "LE",
								"keyLow": "00O2TK8CN6Y25DEIHEMLCCIXY",
								"keyHigh": "",
								"dataTyp": "NUMC",
								"dataLength": "0008"
							},
							{
								"object": "0CLEAR_DATE",
								"sign": "I",
								"opt": "GT",
								"keyLow": "00O2TK8CN6Y2CZL1KNH7A13AW",
								"keyHigh": "",
								"dataTyp": "DATS",
								"dataLength": "000A"
							},
							{
								"object": "1KYFNM",
								"sign": "I",
								"opt": "EQ",
								"keyLow": "00O2TK9973U0E4ZGU58MIA75N",
								"keyHigh": "",
								"dataTyp": "",
								"dataLength": "0000"
							},
							{
								"object": "0NETDUEDATE",
								"sign": "I",
								"opt": "LE",
								"keyLow": "00O2TK8CN6Y46NFK2LR85XMEV",
								"keyHigh": "",
								"dataTyp": "DATS",
								"dataLength": "000A"
							}
						]
					}
				},
				{
					"id": "00O2TK9973U0HI1B8TLFKIXJQ",
					"name": "Overdue 91-360",
					"mapname": "",
					"position": "5",
					"hidden": false,
					"parent": "",
					"drillstate": "L",
					"range": {
						"line": [
							{
								"object": "0CLEAR_DATE",
								"sign": "I",
								"opt": "EQ",
								"keyLow": "#",
								"keyHigh": "",
								"dataTyp": "DATS",
								"dataLength": "000A"
							},
							{
								"object": "DXRAGL",
								"sign": "I",
								"opt": "EQ",
								"keyLow": "#",
								"keyHigh": "",
								"dataTyp": "CHAR",
								"dataLength": "0001"
							},
							{
								"object": "0FISCPER",
								"sign": "I",
								"opt": "LE",
								"keyLow": "00O2TK8CN6Y25DEIHEMLCCIXY",
								"keyHigh": "",
								"dataTyp": "NUMC",
								"dataLength": "0008"
							},
							{
								"object": "0CLEAR_DATE",
								"sign": "I",
								"opt": "GT",
								"keyLow": "00O2TK8CN6Y2CZL1KNH7A13AW",
								"keyHigh": "",
								"dataTyp": "DATS",
								"dataLength": "000A"
							},
							{
								"object": "1KYFNM",
								"sign": "I",
								"opt": "EQ",
								"keyLow": "00O2TK9973U0E4ZGU58MIA75N",
								"keyHigh": "",
								"dataTyp": "",
								"dataLength": "0000"
							},
							{
								"object": "0NETDUEDATE",
								"sign": "I",
								"opt": "BT",
								"keyLow": "00O2TK8CN6Y46NFK2LR85XMEV",
								"keyHigh": "00O2TK8CN6Y46NFK2LR85XMEV",
								"dataTyp": "DATS",
								"dataLength": "000A"
							}
						]
					}
				},
				{
					"id": "00O2TK9973U0HI1B8TLFKIR86",
					"name": "Overdue 31-90",
					"mapname": "",
					"position": "6",
					"hidden": false,
					"parent": "",
					"drillstate": "L",
					"range": {
						"line": [
							{
								"object": "1KYFNM",
								"sign": "I",
								"opt": "EQ",
								"keyLow": "00O2TK9973U0E4ZGU58MIA75N",
								"keyHigh": "",
								"dataTyp": "",
								"dataLength": "0000"
							},
							{
								"object": "0CLEAR_DATE",
								"sign": "I",
								"opt": "EQ",
								"keyLow": "#",
								"keyHigh": "",
								"dataTyp": "DATS",
								"dataLength": "000A"
							},
							{
								"object": "DXRAGL",
								"sign": "I",
								"opt": "EQ",
								"keyLow": "#",
								"keyHigh": "",
								"dataTyp": "CHAR",
								"dataLength": "0001"
							},
							{
								"object": "0FISCPER",
								"sign": "I",
								"opt": "LE",
								"keyLow": "00O2TK8CN6Y25DEIHEMLCCIXY",
								"keyHigh": "",
								"dataTyp": "NUMC",
								"dataLength": "0008"
							},
							{
								"object": "0CLEAR_DATE",
								"sign": "I",
								"opt": "GT",
								"keyLow": "00O2TK8CN6Y2CZL1KNH7A13AW",
								"keyHigh": "",
								"dataTyp": "DATS",
								"dataLength": "000A"
							},
							{
								"object": "0NETDUEDATE",
								"sign": "I",
								"opt": "BT",
								"keyLow": "00O2TK8CN6Y46NFK2LR85XMEV",
								"keyHigh": "00O2TK8CN6Y46NFK2LR85XMEV",
								"dataTyp": "DATS",
								"dataLength": "000A"
							}
						]
					}
				},
				{
					"id": "00O2TK9973U0HI1B8TLFKIKWM",
					"name": "Overdue 1-30",
					"mapname": "",
					"position": "7",
					"hidden": false,
					"parent": "",
					"drillstate": "L",
					"range": {
						"line": [
							{
								"object": "0CLEAR_DATE",
								"sign": "I",
								"opt": "EQ",
								"keyLow": "#",
								"keyHigh": "",
								"dataTyp": "DATS",
								"dataLength": "000A"
							},
							{
								"object": "DXRAGL",
								"sign": "I",
								"opt": "EQ",
								"keyLow": "#",
								"keyHigh": "",
								"dataTyp": "CHAR",
								"dataLength": "0001"
							},
							{
								"object": "0FISCPER",
								"sign": "I",
								"opt": "LE",
								"keyLow": "00O2TK8CN6Y25DEIHEMLCCIXY",
								"keyHigh": "",
								"dataTyp": "NUMC",
								"dataLength": "0008"
							},
							{
								"object": "0CLEAR_DATE",
								"sign": "I",
								"opt": "GT",
								"keyLow": "00O2TK8CN6Y2CZL1KNH7A13AW",
								"keyHigh": "",
								"dataTyp": "DATS",
								"dataLength": "000A"
							},
							{
								"object": "1KYFNM",
								"sign": "I",
								"opt": "EQ",
								"keyLow": "00O2TK9973U0E4ZGU58MIA75N",
								"keyHigh": "",
								"dataTyp": "",
								"dataLength": "0000"
							},
							{
								"object": "0NETDUEDATE",
								"sign": "I",
								"opt": "BT",
								"keyLow": "00O2TK8CN6Y46NFK2LR85XMEV",
								"keyHigh": "00O2TK8CN6Y46NFK2LR85XMEV",
								"dataTyp": "DATS",
								"dataLength": "000A"
							}
						]
					}
				},
				{
					"id": "00O2TK9973U0HI1B8TLFKHVME",
					"name": "Due 0-30",
					"mapname": "",
					"position": "8",
					"hidden": false,
					"parent": "",
					"drillstate": "L",
					"range": {
						"line": [
							{
								"object": "0CLEAR_DATE",
								"sign": "I",
								"opt": "EQ",
								"keyLow": "#",
								"keyHigh": "",
								"dataTyp": "DATS",
								"dataLength": "000A"
							},
							{
								"object": "DXRAGL",
								"sign": "I",
								"opt": "EQ",
								"keyLow": "#",
								"keyHigh": "",
								"dataTyp": "CHAR",
								"dataLength": "0001"
							},
							{
								"object": "0FISCPER",
								"sign": "I",
								"opt": "LE",
								"keyLow": "00O2TK8CN6Y25DEIHEMLCCIXY",
								"keyHigh": "",
								"dataTyp": "NUMC",
								"dataLength": "0008"
							},
							{
								"object": "0CLEAR_DATE",
								"sign": "I",
								"opt": "GT",
								"keyLow": "00O2TK8CN6Y2CZL1KNH7A13AW",
								"keyHigh": "",
								"dataTyp": "DATS",
								"dataLength": "000A"
							},
							{
								"object": "1KYFNM",
								"sign": "I",
								"opt": "EQ",
								"keyLow": "00O2TK9973U0E4ZGU58MIA75N",
								"keyHigh": "",
								"dataTyp": "",
								"dataLength": "0000"
							},
							{
								"object": "0NETDUEDATE",
								"sign": "I",
								"opt": "BT",
								"keyLow": "00O2TK8CN6Y46NFK2LR85XMEV",
								"keyHigh": "00O2TK8CN6Y46NFK2LR85XMEV",
								"dataTyp": "DATS",
								"dataLength": "000A"
							}
						]
					}
				},
				{
					"id": "00O2TK9973U0HI1B8TLFKI1XY",
					"name": "Due 31-60",
					"mapname": "",
					"position": "9",
					"hidden": false,
					"parent": "",
					"drillstate": "L",
					"range": {
						"line": [
							{
								"object": "0CLEAR_DATE",
								"sign": "I",
								"opt": "EQ",
								"keyLow": "#",
								"keyHigh": "",
								"dataTyp": "DATS",
								"dataLength": "000A"
							},
							{
								"object": "DXRAGL",
								"sign": "I",
								"opt": "EQ",
								"keyLow": "#",
								"keyHigh": "",
								"dataTyp": "CHAR",
								"dataLength": "0001"
							},
							{
								"object": "0FISCPER",
								"sign": "I",
								"opt": "LE",
								"keyLow": "00O2TK8CN6Y25DEIHEMLCCIXY",
								"keyHigh": "",
								"dataTyp": "NUMC",
								"dataLength": "0008"
							},
							{
								"object": "0CLEAR_DATE",
								"sign": "I",
								"opt": "GT",
								"keyLow": "00O2TK8CN6Y2CZL1KNH7A13AW",
								"keyHigh": "",
								"dataTyp": "DATS",
								"dataLength": "000A"
							},
							{
								"object": "1KYFNM",
								"sign": "I",
								"opt": "EQ",
								"keyLow": "00O2TK9973U0E4ZGU58MIA75N",
								"keyHigh": "",
								"dataTyp": "",
								"dataLength": "0000"
							},
							{
								"object": "0NETDUEDATE",
								"sign": "I",
								"opt": "BT",
								"keyLow": "00O2TK8CN6Y46NFK2LR85XMEV",
								"keyHigh": "00O2TK8CN6Y46NFK2LR85XMEV",
								"dataTyp": "DATS",
								"dataLength": "000A"
							}
						]
					}
				},
				{
					"id": "00O2TK9973U0HI1B8TLFKI89I",
					"name": "Due 61-90",
					"mapname": "",
					"position": "10",
					"hidden": false,
					"parent": "",
					"drillstate": "L",
					"range": {
						"line": [
							{
								"object": "1KYFNM",
								"sign": "I",
								"opt": "EQ",
								"keyLow": "00O2TK9973U0E4ZGU58MIA75N",
								"keyHigh": "",
								"dataTyp": "",
								"dataLength": "0000"
							},
							{
								"object": "0CLEAR_DATE",
								"sign": "I",
								"opt": "EQ",
								"keyLow": "#",
								"keyHigh": "",
								"dataTyp": "DATS",
								"dataLength": "000A"
							},
							{
								"object": "DXRAGL",
								"sign": "I",
								"opt": "EQ",
								"keyLow": "#",
								"keyHigh": "",
								"dataTyp": "CHAR",
								"dataLength": "0001"
							},
							{
								"object": "0FISCPER",
								"sign": "I",
								"opt": "LE",
								"keyLow": "00O2TK8CN6Y25DEIHEMLCCIXY",
								"keyHigh": "",
								"dataTyp": "NUMC",
								"dataLength": "0008"
							},
							{
								"object": "0CLEAR_DATE",
								"sign": "I",
								"opt": "GT",
								"keyLow": "00O2TK8CN6Y2CZL1KNH7A13AW",
								"keyHigh": "",
								"dataTyp": "DATS",
								"dataLength": "000A"
							},
							{
								"object": "0NETDUEDATE",
								"sign": "I",
								"opt": "BT",
								"keyLow": "00O2TK8CN6Y46NFK2LR85XMEV",
								"keyHigh": "00O2TK8CN6Y46NFK2LR85XMEV",
								"dataTyp": "DATS",
								"dataLength": "000A"
							}
						]
					}
				},
				{
					"id": "00O2TK9973U0HI1B8TLFKP93Q",
					"name": "Due 91-180",
					"mapname": "",
					"position": "11",
					"hidden": false,
					"parent": "",
					"drillstate": "L",
					"range": {
						"line": [
							{
								"object": "0CLEAR_DATE",
								"sign": "I",
								"opt": "EQ",
								"keyLow": "#",
								"keyHigh": "",
								"dataTyp": "DATS",
								"dataLength": "000A"
							},
							{
								"object": "DXRAGL",
								"sign": "I",
								"opt": "EQ",
								"keyLow": "#",
								"keyHigh": "",
								"dataTyp": "CHAR",
								"dataLength": "0001"
							},
							{
								"object": "0FISCPER",
								"sign": "I",
								"opt": "LE",
								"keyLow": "00O2TK8CN6Y25DEIHEMLCCIXY",
								"keyHigh": "",
								"dataTyp": "NUMC",
								"dataLength": "0008"
							},
							{
								"object": "0CLEAR_DATE",
								"sign": "I",
								"opt": "GT",
								"keyLow": "00O2TK8CN6Y2CZL1KNH7A13AW",
								"keyHigh": "",
								"dataTyp": "DATS",
								"dataLength": "000A"
							},
							{
								"object": "1KYFNM",
								"sign": "I",
								"opt": "EQ",
								"keyLow": "00O2TK9973U0E4ZGU58MIA75N",
								"keyHigh": "",
								"dataTyp": "",
								"dataLength": "0000"
							},
							{
								"object": "0NETDUEDATE",
								"sign": "I",
								"opt": "BT",
								"keyLow": "00O2TK8CN6Y46NFK2LR85XMEV",
								"keyHigh": "00O2TK8CN6Y46NFK2LR85XMEV",
								"dataTyp": "DATS",
								"dataLength": "000A"
							}
						]
					}
				},
				{
					"id": "00O2TK9973U0HI1B8TLFKIEL2",
					"name": "Due > 180",
					"mapname": "",
					"position": "12",
					"hidden": false,
					"parent": "",
					"drillstate": "L",
					"range": {
						"line": [
							{
								"object": "1KYFNM",
								"sign": "I",
								"opt": "EQ",
								"keyLow": "00O2TK9973U0E4ZGU58MIA75N",
								"keyHigh": "",
								"dataTyp": "",
								"dataLength": "0000"
							},
							{
								"object": "0CLEAR_DATE",
								"sign": "I",
								"opt": "EQ",
								"keyLow": "#",
								"keyHigh": "",
								"dataTyp": "DATS",
								"dataLength": "000A"
							},
							{
								"object": "DXRAGL",
								"sign": "I",
								"opt": "EQ",
								"keyLow": "#",
								"keyHigh": "",
								"dataTyp": "CHAR",
								"dataLength": "0001"
							},
							{
								"object": "0FISCPER",
								"sign": "I",
								"opt": "LE",
								"keyLow": "00O2TK8CN6Y25DEIHEMLCCIXY",
								"keyHigh": "",
								"dataTyp": "NUMC",
								"dataLength": "0008"
							},
							{
								"object": "0CLEAR_DATE",
								"sign": "I",
								"opt": "GT",
								"keyLow": "00O2TK8CN6Y2CZL1KNH7A13AW",
								"keyHigh": "",
								"dataTyp": "DATS",
								"dataLength": "000A"
							},
							{
								"object": "0NETDUEDATE",
								"sign": "I",
								"opt": "GE",
								"keyLow": "00O2TK8CN6Y46NFK2LR85XMEV",
								"keyHigh": "",
								"dataTyp": "DATS",
								"dataLength": "000A"
							}
						]
					}
				},
				{
					"id": "00O2TK9973U0HI1B8TLFKJA6U",
					"name": "Total Due",
					"mapname": "",
					"position": "13",
					"hidden": false,
					"parent": "",
					"drillstate": "L",
					"range": {
						"line": [
							{
								"object": "0CLEAR_DATE",
								"sign": "I",
								"opt": "EQ",
								"keyLow": "#",
								"keyHigh": "",
								"dataTyp": "DATS",
								"dataLength": "000A"
							},
							{
								"object": "DXRAGL",
								"sign": "I",
								"opt": "EQ",
								"keyLow": "#",
								"keyHigh": "",
								"dataTyp": "CHAR",
								"dataLength": "0001"
							},
							{
								"object": "0FISCPER",
								"sign": "I",
								"opt": "LE",
								"keyLow": "00O2TK8CN6Y25DEIHEMLCCIXY",
								"keyHigh": "",
								"dataTyp": "NUMC",
								"dataLength": "0008"
							},
							{
								"object": "0CLEAR_DATE",
								"sign": "I",
								"opt": "GT",
								"keyLow": "00O2TK8CN6Y2CZL1KNH7A13AW",
								"keyHigh": "",
								"dataTyp": "DATS",
								"dataLength": "000A"
							},
							{
								"object": "1KYFNM",
								"sign": "I",
								"opt": "EQ",
								"keyLow": "00O2TK9973U0E4ZGU58MIA75N",
								"keyHigh": "",
								"dataTyp": "",
								"dataLength": "0000"
							},
							{
								"object": "0NETDUEDATE",
								"sign": "I",
								"opt": "GE",
								"keyLow": "00O2TK8CN6Y46NFK2LR85XMEV",
								"keyHigh": "",
								"dataTyp": "DATS",
								"dataLength": "000A"
							}
						]
					}
				},
				{
					"id": "00O2TK9973U281V6DAMQKPAXH",
					"name": "Not assigned",
					"mapname": "",
					"position": "14",
					"hidden": false,
					"parent": "",
					"drillstate": "E",
					"range": ""
				},
				{
					"id": "00O2TK9973U0HI1B8TLFKP2S6",
					"name": "Not assigned Balance",
					"mapname": "",
					"position": "15",
					"hidden": true,
					"parent": "00O2TK9973U281V6DAMQKPAXH",
					"drillstate": "L",
					"range": {
						"line": [
							{
								"object": "0CLEAR_DATE",
								"sign": "I",
								"opt": "EQ",
								"keyLow": "#",
								"keyHigh": "",
								"dataTyp": "DATS",
								"dataLength": "000A"
							},
							{
								"object": "DXRAGL",
								"sign": "I",
								"opt": "EQ",
								"keyLow": "#",
								"keyHigh": "",
								"dataTyp": "CHAR",
								"dataLength": "0001"
							},
							{
								"object": "0NETDUEDATE",
								"sign": "I",
								"opt": "EQ",
								"keyLow": "#",
								"keyHigh": "",
								"dataTyp": "DATS",
								"dataLength": "000A"
							},
							{
								"object": "0FISCPER",
								"sign": "I",
								"opt": "LE",
								"keyLow": "00O2TK8CN6Y25DEIHEMLCCIXY",
								"keyHigh": "",
								"dataTyp": "NUMC",
								"dataLength": "0008"
							},
							{
								"object": "0INFOPROV",
								"sign": "I",
								"opt": "EQ",
								"keyLow": "FIGLCCF01",
								"keyHigh": "",
								"dataTyp": "CHAR",
								"dataLength": "001E"
							},
							{
								"object": "0CLEAR_DATE",
								"sign": "I",
								"opt": "GT",
								"keyLow": "00O2TK8CN6Y2CZL1KNH7A13AW",
								"keyHigh": "",
								"dataTyp": "DATS",
								"dataLength": "000A"
							},
							{
								"object": "1KYFNM",
								"sign": "I",
								"opt": "EQ",
								"keyLow": "00O2TK9973U0E4ZGU58MIA75N",
								"keyHigh": "",
								"dataTyp": "",
								"dataLength": "0000"
							}
						]
					}
				},
				{
					"id": "00O2TK9973U281V6DAMQKPH91",
					"name": "Not assigned",
					"mapname": "",
					"position": "16",
					"hidden": true,
					"parent": "00O2TK9973U281V6DAMQKPAXH",
					"drillstate": "L",
					"range": {
						"line": [
							{
								"object": "1KYFNM",
								"sign": "I",
								"opt": "EQ",
								"keyLow": "00O2TK9973U0E4ZGU58MIA75N",
								"keyHigh": "",
								"dataTyp": "",
								"dataLength": "0000"
							},
							{
								"object": "0FISCYEAR",
								"sign": "I",
								"opt": "EQ",
								"keyLow": "00O2TK8CN6Y3VPBFC9MWIWGYD",
								"keyHigh": "",
								"dataTyp": "NUMC",
								"dataLength": "0004"
							},
							{
								"object": "0FISCPER3",
								"sign": "I",
								"opt": "LE",
								"keyLow": "00O2TK8CN6Y3VPBF48P8C27QB",
								"keyHigh": "",
								"dataTyp": "NUMC",
								"dataLength": "0003"
							},
							{
								"object": "0INFOPROV",
								"sign": "I",
								"opt": "EQ",
								"keyLow": "BKA_CPKD7",
								"keyHigh": "",
								"dataTyp": "CHAR",
								"dataLength": "001E"
							}
						]
					}
				}
			],
			"id": "00O2TK9973U0HI1B8TLFKHIZA",
			"name": "",
			"mapname": "",
			"position": "1"
		}
	]
}