[
	{
		"key": "#",
		"value": "Not assigned",
		"hierarchyId": "146",
		"parentKey": "10|#|#|#|#|#"
	},
	{
		"key": "AD",
		"value": "Andorra",
		"hierarchyId": "125",
		"parentKey": "EUROPE_EMEA|EUROPE_SOUTH_SR|SPAIN_CG"
	},
	{
		"key": "AE",
		"value": "Unit.Arab Emir.",
		"hierarchyId": "125",
		"parentKey": "EUROPE_EMEA|EUROPE_SOUTH_SR|MIDDLE_EAST"
	},
	{
		"key": "AF",
		"value": "Afghanistan",
		"hierarchyId": "125",
		"parentKey": "ASIA_PACIFIC_JAPAN|SOUTH_ASIA|PAKISTAN_AFGHANISTAN"
	},
	{
		"key": "AG",
		"value": "Antigua/Barbuda",
		"hierarchyId": "125",
		"parentKey": "LATIN_AMERICA|CENTRO_CARIBE_SR|CENTRO_CARIBE_CG"
	},
	{
		"key": "AI",
		"value": "Anguilla",
		"hierarchyId": "125",
		"parentKey": "LATIN_AMERICA|CENTRO_CARIBE_SR|CENTRO_CARIBE_CG"
	},
	{
		"key": "AL",
		"value": "Albania",
		"hierarchyId": "125",
		"parentKey": "EUROPE_EMEA|EUROPE_SOUTH_SR|ALPE_ADRIA"
	},
	{
		"key": "AM",
		"value": "Armenia",
		"hierarchyId": "125",
		"parentKey": "EUROPE_EMEA|RUSSIA_CIS_SR|BELARUS_CG"
	},
	{
		"key": "AN",
		"value": "Dutch Antilles",
		"hierarchyId": "125",
		"parentKey": "LATIN_AMERICA|CENTRO_CARIBE_SR|CENTRO_CARIBE_CG"
	},
	{
		"key": "AO",
		"value": "Angola",
		"hierarchyId": "125",
		"parentKey": "EUROPE_EMEA|EUROPE_SOUTH_SR|PORTUGAL_CG"
	},
	{
		"key": "AQ",
		"value": "Antarctica",
		"hierarchyId": "125",
		"parentKey": "PSEUDO_COUNTRY|PSEUDO_COUNTRY_SR|PSEUDO_COUNTRY_CG"
	},
	{
		"key": "AR",
		"value": "Argentina",
		"hierarchyId": "125",
		"parentKey": "LATIN_AMERICA|CONOSUR_SR|ARGENTINA_CG"
	},
	{
		"key": "AS",
		"value": "American Samoa",
		"hierarchyId": "125",
		"parentKey": "ASIA_PACIFIC_JAPAN|ANZ_SR|OCEANIA_CG"
	},
	{
		"key": "AT",
		"value": "Austria",
		"hierarchyId": "125",
		"parentKey": "EUROPE_EMEA|EUROPE_NORTH_SR|AUSTRIA_CG"
	},
	{
		"key": "AU",
		"value": "Australia",
		"hierarchyId": "125",
		"parentKey": "ASIA_PACIFIC_JAPAN|ANZ_SR|AUSTRALIA_NEW_ZEALAND"
	},
	{
		"key": "AW",
		"value": "Aruba",
		"hierarchyId": "125",
		"parentKey": "LATIN_AMERICA|CENTRO_CARIBE_SR|CENTRO_CARIBE_CG"
	},
	{
		"key": "AX",
		"value": "Åland Islands",
		"hierarchyId": "125",
		"parentKey": "EUROPE_EMEA|EUROPE_NORTH_SR|SCANDINAVIA"
	},
	{
		"key": "AZ",
		"value": "Azerbaijan",
		"hierarchyId": "125",
		"parentKey": "EUROPE_EMEA|RUSSIA_CIS_SR|BELARUS_CG"
	},
	{
		"key": "BA",
		"value": "Bosnia & Herzeg",
		"hierarchyId": "125",
		"parentKey": "EUROPE_EMEA|EUROPE_SOUTH_SR|ALPE_ADRIA"
	},
	{
		"key": "BB",
		"value": "Barbados",
		"hierarchyId": "125",
		"parentKey": "LATIN_AMERICA|CENTRO_CARIBE_SR|CENTRO_CARIBE_CG"
	},
	{
		"key": "BD",
		"value": "Bangladesh",
		"hierarchyId": "125",
		"parentKey": "ASIA_PACIFIC_JAPAN|SOUTH_ASIA|INDIA_CG"
	},
	{
		"key": "BE",
		"value": "Belgium",
		"hierarchyId": "125",
		"parentKey": "EUROPE_EMEA|EUROPE_NORTH_SR|BELGIUM_LUXEMBOURG"
	},
	{
		"key": "BF",
		"value": "Burkina Faso",
		"hierarchyId": "125",
		"parentKey": "EUROPE_EMEA|OTHER_EUROPE_SR|MIDDLE_AFRICA"
	},
	{
		"key": "BG",
		"value": "Bulgaria",
		"hierarchyId": "125",
		"parentKey": "EUROPE_EMEA|EUROPE_SOUTH_SR|ROMANIA_MOLDOVA_BULGARIA_CG"
	},
	{
		"key": "BH",
		"value": "Bahrain",
		"hierarchyId": "125",
		"parentKey": "EUROPE_EMEA|EUROPE_SOUTH_SR|MIDDLE_EAST"
	},
	{
		"key": "BI",
		"value": "Burundi",
		"hierarchyId": "125",
		"parentKey": "EUROPE_EMEA|OTHER_EUROPE_SR|MIDDLE_AFRICA"
	},
	{
		"key": "BJ",
		"value": "Benin",
		"hierarchyId": "125",
		"parentKey": "EUROPE_EMEA|OTHER_EUROPE_SR|MIDDLE_AFRICA"
	},
	{
		"key": "BL",
		"value": "St.-Barthélemy",
		"hierarchyId": "125",
		"parentKey": "LATIN_AMERICA|CENTRO_CARIBE_SR|CENTRO_CARIBE_CG"
	},
	{
		"key": "BM",
		"value": "Bermuda",
		"hierarchyId": "125",
		"parentKey": "LATIN_AMERICA|CENTRO_CARIBE_SR|CENTRO_CARIBE_CG"
	},
	{
		"key": "BN",
		"value": "Brunei Daruss.",
		"hierarchyId": "125",
		"parentKey": "ASIA_PACIFIC_JAPAN|SOUTH_ASIA|BRUNEI_CG"
	},
	{
		"key": "BO",
		"value": "Bolivia, Pl.St",
		"hierarchyId": "125",
		"parentKey": "LATIN_AMERICA|CONOSUR_SR|OTHER_CONOSUR_CG"
	},
	{
		"key": "BO9",
		"value": "Bolivia Zona Fr",
		"hierarchyId": "146",
		"parentKey": "4|#|#|#|#|#"
	},
	{
		"key": "BR",
		"value": "Brazil",
		"hierarchyId": "125",
		"parentKey": "LATIN_AMERICA|BRAZIL|BRAZIL_CG"
	},
	{
		"key": "BS",
		"value": "Bahamas",
		"hierarchyId": "125",
		"parentKey": "LATIN_AMERICA|CENTRO_CARIBE_SR|CENTRO_CARIBE_CG"
	},
	{
		"key": "BT",
		"value": "Bhutan",
		"hierarchyId": "125",
		"parentKey": "ASIA_PACIFIC_JAPAN|SOUTH_ASIA|INDIA_CG"
	},
	{
		"key": "BV",
		"value": "Bouvet Island",
		"hierarchyId": "125",
		"parentKey": "ASIA_PACIFIC_JAPAN|ANZ_SR|OCEANIA_CG"
	},
	{
		"key": "BW",
		"value": "Botswana",
		"hierarchyId": "125",
		"parentKey": "EUROPE_EMEA|EUROPE_NORTH_SR|SOUTHERN_AFRICA"
	},
	{
		"key": "BY",
		"value": "Belarus",
		"hierarchyId": "125",
		"parentKey": "EUROPE_EMEA|RUSSIA_CIS_SR|BELARUS_CG"
	},
	{
		"key": "BZ",
		"value": "Belize",
		"hierarchyId": "125",
		"parentKey": "LATIN_AMERICA|CENTRO_CARIBE_SR|CENTRO_CARIBE_CG"
	},
	{
		"key": "C1",
		"value": "Cyprus, TR",
		"hierarchyId": "125",
		"parentKey": "EUROPE_EMEA|EUROPE_SOUTH_SR|GREECE_CYPRUS"
	},
	{
		"key": "CA",
		"value": "Canada",
		"hierarchyId": "125",
		"parentKey": "NORTH_AMERICA|CANADA_SR|CANADA_CG"
	},
	{
		"key": "CA9",
		"value": "CA Freeport",
		"hierarchyId": "146",
		"parentKey": "4|#|#|#|#|#"
	},
	{
		"key": "CC",
		"value": "Cocos Islands",
		"hierarchyId": "125",
		"parentKey": "ASIA_PACIFIC_JAPAN|ANZ_SR|OCEANIA_CG"
	},
	{
		"key": "CD",
		"value": "Congo, Dem.Rep.",
		"hierarchyId": "125",
		"parentKey": "EUROPE_EMEA|OTHER_EUROPE_SR|MIDDLE_AFRICA"
	},
	{
		"key": "CF",
		"value": "Cent. Afr. Rep.",
		"hierarchyId": "125",
		"parentKey": "EUROPE_EMEA|OTHER_EUROPE_SR|MIDDLE_AFRICA"
	},
	{
		"key": "CG",
		"value": "Congo",
		"hierarchyId": "125",
		"parentKey": "EUROPE_EMEA|OTHER_EUROPE_SR|MIDDLE_AFRICA"
	},
	{
		"key": "CH",
		"value": "Switzerland",
		"hierarchyId": "125",
		"parentKey": "EUROPE_EMEA|EUROPE_NORTH_SR|SWITZERLAND_CG"
	},
	{
		"key": "CI",
		"value": "Cote d'Ivoire",
		"hierarchyId": "125",
		"parentKey": "EUROPE_EMEA|OTHER_EUROPE_SR|MIDDLE_AFRICA"
	},
	{
		"key": "CK",
		"value": "Cook Islands",
		"hierarchyId": "125",
		"parentKey": "ASIA_PACIFIC_JAPAN|ANZ_SR|OCEANIA_CG"
	},
	{
		"key": "CL",
		"value": "Chile",
		"hierarchyId": "125",
		"parentKey": "LATIN_AMERICA|CONOSUR_SR|CHILE_CG"
	},
	{
		"key": "CM",
		"value": "Cameroon",
		"hierarchyId": "125",
		"parentKey": "EUROPE_EMEA|OTHER_EUROPE_SR|MIDDLE_AFRICA"
	},
	{
		"key": "CN",
		"value": "PR of China",
		"hierarchyId": "125",
		"parentKey": "CHINA|CHINA_SR|CHINA_CG"
	},
	{
		"key": "CO",
		"value": "Colombia",
		"hierarchyId": "125",
		"parentKey": "LATIN_AMERICA|ANDEAN_SR|COLOMBIA_CG"
	},
	{
		"key": "CR",
		"value": "Costa Rica",
		"hierarchyId": "125",
		"parentKey": "LATIN_AMERICA|CENTRO_CARIBE_SR|CENTRO_CARIBE_CG"
	},
	{
		"key": "CS",
		"value": "SerMon",
		"hierarchyId": "125",
		"parentKey": "EUROPE_EMEA|EUROPE_SOUTH_SR|ALPE_ADRIA"
	},
	{
		"key": "CU",
		"value": "Cuba",
		"hierarchyId": "125",
		"parentKey": "EUROPE_EMEA|EUROPE_SOUTH_SR|SPAIN_CG"
	},
	{
		"key": "CV",
		"value": "Cape Verde",
		"hierarchyId": "125",
		"parentKey": "EUROPE_EMEA|EUROPE_SOUTH_SR|PORTUGAL_CG"
	},
	{
		"key": "CW",
		"value": "Curaçao",
		"hierarchyId": "125",
		"parentKey": "LATIN_AMERICA|CENTRO_CARIBE_SR|CENTRO_CARIBE_CG"
	},
	{
		"key": "CX",
		"value": "Christmas Isl.",
		"hierarchyId": "125",
		"parentKey": "ASIA_PACIFIC_JAPAN|ANZ_SR|OCEANIA_CG"
	},
	{
		"key": "CY",
		"value": "Cyprus",
		"hierarchyId": "125",
		"parentKey": "EUROPE_EMEA|EUROPE_SOUTH_SR|GREECE_CYPRUS"
	},
	{
		"key": "CZ",
		"value": "Czech Republic",
		"hierarchyId": "125",
		"parentKey": "EUROPE_EMEA|EUROPE_SOUTH_SR|CZECH_REPUBLIC_SLOVAKIA_CG"
	},
	{
		"key": "D1",
		"value": "Helgoland",
		"hierarchyId": "146",
		"parentKey": "11|#|#|#|#|#"
	},
	{
		"key": "DE",
		"value": "Germany",
		"hierarchyId": "125",
		"parentKey": "EUROPE_EMEA|GERMANY_SR|GERMANY_CG"
	},
	{
		"key": "DJ",
		"value": "Djibouti",
		"hierarchyId": "125",
		"parentKey": "EUROPE_EMEA|OTHER_EUROPE_SR|MIDDLE_AFRICA"
	},
	{
		"key": "DK",
		"value": "Denmark",
		"hierarchyId": "125",
		"parentKey": "EUROPE_EMEA|EUROPE_NORTH_SR|SCANDINAVIA"
	},
	{
		"key": "DM",
		"value": "Dominica",
		"hierarchyId": "125",
		"parentKey": "LATIN_AMERICA|CENTRO_CARIBE_SR|CENTRO_CARIBE_CG"
	},
	{
		"key": "DO",
		"value": "Dominican Rep.",
		"hierarchyId": "125",
		"parentKey": "LATIN_AMERICA|CENTRO_CARIBE_SR|CENTRO_CARIBE_CG"
	},
	{
		"key": "DZ",
		"value": "Algeria",
		"hierarchyId": "125",
		"parentKey": "EUROPE_EMEA|EUROPE_NORTH_SR|MAGHREB_COUNTRIES"
	},
	{
		"key": "E1",
		"value": "Canary Islands",
		"hierarchyId": "125",
		"parentKey": "EUROPE_EMEA|EUROPE_SOUTH_SR|SPAIN_CG"
	},
	{
		"key": "EC",
		"value": "Ecuador",
		"hierarchyId": "125",
		"parentKey": "LATIN_AMERICA|ANDEAN_SR|ECUADOR_CG"
	},
	{
		"key": "EE",
		"value": "Estonia",
		"hierarchyId": "125",
		"parentKey": "EUROPE_EMEA|EUROPE_NORTH_SR|FINLAND_CG"
	},
	{
		"key": "EG",
		"value": "Egypt",
		"hierarchyId": "125",
		"parentKey": "EUROPE_EMEA|EUROPE_SOUTH_SR|MIDDLE_EAST"
	},
	{
		"key": "ER",
		"value": "Eritrea",
		"hierarchyId": "125",
		"parentKey": "EUROPE_EMEA|OTHER_EUROPE_SR|MIDDLE_AFRICA"
	},
	{
		"key": "ES",
		"value": "Spain",
		"hierarchyId": "125",
		"parentKey": "EUROPE_EMEA|EUROPE_SOUTH_SR|SPAIN_CG"
	},
	{
		"key": "ET",
		"value": "Ethiopia",
		"hierarchyId": "125",
		"parentKey": "EUROPE_EMEA|OTHER_EUROPE_SR|MIDDLE_AFRICA"
	},
	{
		"key": "FI",
		"value": "Finland",
		"hierarchyId": "125",
		"parentKey": "EUROPE_EMEA|EUROPE_NORTH_SR|FINLAND_CG"
	},
	{
		"key": "FJ",
		"value": "Fiji",
		"hierarchyId": "125",
		"parentKey": "ASIA_PACIFIC_JAPAN|ANZ_SR|OCEANIA_CG"
	},
	{
		"key": "FK",
		"value": "Falkland Islnds",
		"hierarchyId": "125",
		"parentKey": "LATIN_AMERICA|CONOSUR_SR|OTHER_CONOSUR_CG"
	},
	{
		"key": "FM",
		"value": "Micronesia",
		"hierarchyId": "125",
		"parentKey": "ASIA_PACIFIC_JAPAN|ANZ_SR|OCEANIA_CG"
	},
	{
		"key": "FO",
		"value": "Faroe Islands",
		"hierarchyId": "125",
		"parentKey": "EUROPE_EMEA|EUROPE_NORTH_SR|SCANDINAVIA"
	},
	{
		"key": "FR",
		"value": "France",
		"hierarchyId": "125",
		"parentKey": "EUROPE_EMEA|EUROPE_NORTH_SR|FRANCE_CG"
	},
	{
		"key": "GA",
		"value": "Gabon",
		"hierarchyId": "125",
		"parentKey": "EUROPE_EMEA|OTHER_EUROPE_SR|MIDDLE_AFRICA"
	},
	{
		"key": "GB",
		"value": "United Kingdom",
		"hierarchyId": "125",
		"parentKey": "EUROPE_EMEA|EUROPE_NORTH_SR|UK_CG"
	},
	{
		"key": "GD",
		"value": "Grenada",
		"hierarchyId": "125",
		"parentKey": "LATIN_AMERICA|CENTRO_CARIBE_SR|CENTRO_CARIBE_CG"
	},
	{
		"key": "GE",
		"value": "Georgia",
		"hierarchyId": "125",
		"parentKey": "EUROPE_EMEA|RUSSIA_CIS_SR|BELARUS_CG"
	},
	{
		"key": "GF",
		"value": "French Guiana",
		"hierarchyId": "125",
		"parentKey": "EUROPE_EMEA|EUROPE_NORTH_SR|FRANCE_CG"
	},
	{
		"key": "GG",
		"value": "Guernsey",
		"hierarchyId": "125",
		"parentKey": "EUROPE_EMEA|EUROPE_NORTH_SR|UK_CG"
	},
	{
		"key": "GH",
		"value": "Ghana",
		"hierarchyId": "125",
		"parentKey": "EUROPE_EMEA|OTHER_EUROPE_SR|MIDDLE_AFRICA"
	},
	{
		"key": "GI",
		"value": "Gibraltar",
		"hierarchyId": "125",
		"parentKey": "EUROPE_EMEA|EUROPE_SOUTH_SR|SPAIN_CG"
	},
	{
		"key": "GL",
		"value": "Greenland",
		"hierarchyId": "125",
		"parentKey": "EUROPE_EMEA|EUROPE_NORTH_SR|SCANDINAVIA"
	},
	{
		"key": "GM",
		"value": "Gambia",
		"hierarchyId": "125",
		"parentKey": "EUROPE_EMEA|OTHER_EUROPE_SR|MIDDLE_AFRICA"
	},
	{
		"key": "GN",
		"value": "Guinea",
		"hierarchyId": "125",
		"parentKey": "EUROPE_EMEA|OTHER_EUROPE_SR|MIDDLE_AFRICA"
	},
	{
		"key": "GP",
		"value": "Guadeloupe",
		"hierarchyId": "125",
		"parentKey": "EUROPE_EMEA|EUROPE_NORTH_SR|FRANCE_CG"
	},
	{
		"key": "GQ",
		"value": "Equator. Guinea",
		"hierarchyId": "125",
		"parentKey": "EUROPE_EMEA|OTHER_EUROPE_SR|MIDDLE_AFRICA"
	},
	{
		"key": "GR",
		"value": "Greece",
		"hierarchyId": "125",
		"parentKey": "EUROPE_EMEA|EUROPE_SOUTH_SR|GREECE_CYPRUS"
	},
	{
		"key": "GS",
		"value": "S.Georgia/Sandw",
		"hierarchyId": "125",
		"parentKey": "ASIA_PACIFIC_JAPAN|ANZ_SR|OCEANIA_CG"
	},
	{
		"key": "GT",
		"value": "Guatemala",
		"hierarchyId": "125",
		"parentKey": "LATIN_AMERICA|CENTRO_CARIBE_SR|CENTRO_CARIBE_CG"
	},
	{
		"key": "GU",
		"value": "Guam",
		"hierarchyId": "125",
		"parentKey": "ASIA_PACIFIC_JAPAN|ANZ_SR|OCEANIA_CG"
	},
	{
		"key": "GW",
		"value": "Guinea-Bissau",
		"hierarchyId": "125",
		"parentKey": "EUROPE_EMEA|EUROPE_SOUTH_SR|PORTUGAL_CG"
	},
	{
		"key": "GY",
		"value": "Guyana",
		"hierarchyId": "125",
		"parentKey": "LATIN_AMERICA|CENTRO_CARIBE_SR|CENTRO_CARIBE_CG"
	},
	{
		"key": "HK",
		"value": "Hong Kong",
		"hierarchyId": "125",
		"parentKey": "CHINA|CHINA_SR|HONG_KONG_CG"
	},
	{
		"key": "HM",
		"value": "Heard/McDonald",
		"hierarchyId": "125",
		"parentKey": "ASIA_PACIFIC_JAPAN|ANZ_SR|OCEANIA_CG"
	},
	{
		"key": "HN",
		"value": "Honduras",
		"hierarchyId": "125",
		"parentKey": "LATIN_AMERICA|CENTRO_CARIBE_SR|CENTRO_CARIBE_CG"
	},
	{
		"key": "HR",
		"value": "Croatia",
		"hierarchyId": "125",
		"parentKey": "EUROPE_EMEA|EUROPE_SOUTH_SR|ALPE_ADRIA"
	},
	{
		"key": "HT",
		"value": "Haiti",
		"hierarchyId": "125",
		"parentKey": "LATIN_AMERICA|CENTRO_CARIBE_SR|CENTRO_CARIBE_CG"
	},
	{
		"key": "HU",
		"value": "Hungary",
		"hierarchyId": "125",
		"parentKey": "EUROPE_EMEA|EUROPE_SOUTH_SR|HUNGARY"
	},
	{
		"key": "ID",
		"value": "Indonesia",
		"hierarchyId": "125",
		"parentKey": "ASIA_PACIFIC_JAPAN|INDONESIA_SR|INDONESIA_CG"
	},
	{
		"key": "IE",
		"value": "Ireland",
		"hierarchyId": "125",
		"parentKey": "EUROPE_EMEA|EUROPE_NORTH_SR|IRELAND_CG"
	},
	{
		"key": "IL",
		"value": "Israel",
		"hierarchyId": "125",
		"parentKey": "EUROPE_EMEA|EUROPE_SOUTH_SR|ISRAEL_CG"
	},
	{
		"key": "IM",
		"value": "Isle of Man",
		"hierarchyId": "125",
		"parentKey": "EUROPE_EMEA|EUROPE_NORTH_SR|UK_CG"
	},
	{
		"key": "IN",
		"value": "India",
		"hierarchyId": "125",
		"parentKey": "ASIA_PACIFIC_JAPAN|SOUTH_ASIA|INDIA_CG"
	},
	{
		"key": "IO",
		"value": "Brit.Ind.Oc.Ter",
		"hierarchyId": "125",
		"parentKey": "EUROPE_EMEA|OTHER_EUROPE_SR|MIDDLE_AFRICA"
	},
	{
		"key": "IQ",
		"value": "Iraq",
		"hierarchyId": "125",
		"parentKey": "EUROPE_EMEA|EUROPE_SOUTH_SR|MIDDLE_EAST"
	},
	{
		"key": "IR",
		"value": "Islam Rep. Iran",
		"hierarchyId": "125",
		"parentKey": "EUROPE_EMEA|EUROPE_SOUTH_SR|MIDDLE_EAST"
	},
	{
		"key": "IS",
		"value": "Iceland",
		"hierarchyId": "125",
		"parentKey": "EUROPE_EMEA|EUROPE_NORTH_SR|SCANDINAVIA"
	},
	{
		"key": "IT",
		"value": "Italy",
		"hierarchyId": "125",
		"parentKey": "EUROPE_EMEA|EUROPE_SOUTH_SR|ITALY_CG"
	},
	{
		"key": "JE",
		"value": "Jersey",
		"hierarchyId": "125",
		"parentKey": "EUROPE_EMEA|EUROPE_NORTH_SR|UK_CG"
	},
	{
		"key": "JM",
		"value": "Jamaica",
		"hierarchyId": "125",
		"parentKey": "LATIN_AMERICA|CENTRO_CARIBE_SR|CENTRO_CARIBE_CG"
	},
	{
		"key": "JO",
		"value": "Jordan",
		"hierarchyId": "125",
		"parentKey": "EUROPE_EMEA|EUROPE_SOUTH_SR|MIDDLE_EAST"
	},
	{
		"key": "JP",
		"value": "Japan",
		"hierarchyId": "125",
		"parentKey": "ASIA_PACIFIC_JAPAN|JAPAN_SR|JAPAN_CG"
	},
	{
		"key": "KE",
		"value": "Kenya",
		"hierarchyId": "125",
		"parentKey": "EUROPE_EMEA|OTHER_EUROPE_SR|MIDDLE_AFRICA"
	},
	{
		"key": "KG",
		"value": "Kyrgyzstan",
		"hierarchyId": "125",
		"parentKey": "EUROPE_EMEA|RUSSIA_CIS_SR|KAZAKHSTAN_CG"
	},
	{
		"key": "KH",
		"value": "Cambodia",
		"hierarchyId": "125",
		"parentKey": "ASIA_PACIFIC_JAPAN|SOUTH_ASIA|CAMBODIA_CG"
	},
	{
		"key": "KI",
		"value": "Kiribati",
		"hierarchyId": "125",
		"parentKey": "ASIA_PACIFIC_JAPAN|ANZ_SR|OCEANIA_CG"
	},
	{
		"key": "KM",
		"value": "Comoros",
		"hierarchyId": "125",
		"parentKey": "EUROPE_EMEA|OTHER_EUROPE_SR|MIDDLE_AFRICA"
	},
	{
		"key": "KN",
		"value": "St. Kitts/Nevis",
		"hierarchyId": "125",
		"parentKey": "LATIN_AMERICA|OTHER_LA_SR|OTHER_LA_CG"
	},
	{
		"key": "KP",
		"value": "Korea, Dem.Rep",
		"hierarchyId": "125",
		"parentKey": "ASIA_PACIFIC_JAPAN|KOREA_SR|KOREA_CG"
	},
	{
		"key": "KR",
		"value": "Korea, Rep. Of",
		"hierarchyId": "125",
		"parentKey": "ASIA_PACIFIC_JAPAN|KOREA_SR|KOREA_CG"
	},
	{
		"key": "KW",
		"value": "Kuwait",
		"hierarchyId": "125",
		"parentKey": "EUROPE_EMEA|EUROPE_SOUTH_SR|MIDDLE_EAST"
	},
	{
		"key": "KY",
		"value": "Cayman Islands",
		"hierarchyId": "125",
		"parentKey": "LATIN_AMERICA|CENTRO_CARIBE_SR|CENTRO_CARIBE_CG"
	},
	{
		"key": "KZ",
		"value": "Kazakhstan",
		"hierarchyId": "125",
		"parentKey": "EUROPE_EMEA|RUSSIA_CIS_SR|KAZAKHSTAN_CG"
	},
	{
		"key": "LA",
		"value": "Lao, Dem. Rep.",
		"hierarchyId": "125",
		"parentKey": "ASIA_PACIFIC_JAPAN|SOUTH_ASIA|LAOS_CG"
	},
	{
		"key": "LB",
		"value": "Lebanon",
		"hierarchyId": "125",
		"parentKey": "EUROPE_EMEA|EUROPE_SOUTH_SR|MIDDLE_EAST"
	},
	{
		"key": "LC",
		"value": "Saint Lucia",
		"hierarchyId": "125",
		"parentKey": "LATIN_AMERICA|CENTRO_CARIBE_SR|CENTRO_CARIBE_CG"
	},
	{
		"key": "LI",
		"value": "Liechtenstein",
		"hierarchyId": "125",
		"parentKey": "EUROPE_EMEA|OTHER_EUROPE_SR|OTHER_EUROPE_CG"
	},
	{
		"key": "LK",
		"value": "Sri Lanka",
		"hierarchyId": "125",
		"parentKey": "ASIA_PACIFIC_JAPAN|SOUTH_ASIA|PAKISTAN_AFGHANISTAN"
	},
	{
		"key": "LR",
		"value": "Liberia",
		"hierarchyId": "125",
		"parentKey": "EUROPE_EMEA|OTHER_EUROPE_SR|MIDDLE_AFRICA"
	},
	{
		"key": "LS",
		"value": "Lesotho",
		"hierarchyId": "125",
		"parentKey": "EUROPE_EMEA|EUROPE_NORTH_SR|SOUTHERN_AFRICA"
	},
	{
		"key": "LT",
		"value": "Lithuania",
		"hierarchyId": "125",
		"parentKey": "EUROPE_EMEA|EUROPE_NORTH_SR|FINLAND_CG"
	},
	{
		"key": "LU",
		"value": "Luxembourg",
		"hierarchyId": "125",
		"parentKey": "EUROPE_EMEA|EUROPE_NORTH_SR|BELGIUM_LUXEMBOURG"
	},
	{
		"key": "LV",
		"value": "Latvia",
		"hierarchyId": "125",
		"parentKey": "EUROPE_EMEA|EUROPE_NORTH_SR|FINLAND_CG"
	},
	{
		"key": "LY",
		"value": "Libya",
		"hierarchyId": "125",
		"parentKey": "EUROPE_EMEA|EUROPE_SOUTH_SR|MIDDLE_EAST"
	},
	{
		"key": "M1",
		"value": "Tanger",
		"hierarchyId": "125",
		"parentKey": "EUROPE_EMEA|EUROPE_NORTH_SR|MAGHREB_COUNTRIES"
	},
	{
		"key": "MA",
		"value": "Morocco",
		"hierarchyId": "125",
		"parentKey": "EUROPE_EMEA|EUROPE_NORTH_SR|MAGHREB_COUNTRIES"
	},
	{
		"key": "MC",
		"value": "Monaco",
		"hierarchyId": "125",
		"parentKey": "EUROPE_EMEA|EUROPE_NORTH_SR|FRANCE_CG"
	},
	{
		"key": "MD",
		"value": "Moldova",
		"hierarchyId": "125",
		"parentKey": "EUROPE_EMEA|EUROPE_SOUTH_SR|ROMANIA_MOLDOVA_BULGARIA_CG"
	},
	{
		"key": "ME",
		"value": "Montenegro",
		"hierarchyId": "125",
		"parentKey": "EUROPE_EMEA|EUROPE_SOUTH_SR|ALPE_ADRIA"
	},
	{
		"key": "MF",
		"value": "Saint Martin",
		"hierarchyId": "125",
		"parentKey": "LATIN_AMERICA|CENTRO_CARIBE_SR|CENTRO_CARIBE_CG"
	},
	{
		"key": "MG",
		"value": "Madagascar",
		"hierarchyId": "125",
		"parentKey": "EUROPE_EMEA|EUROPE_NORTH_SR|SOUTHERN_AFRICA"
	},
	{
		"key": "MH",
		"value": "Marshall Isl.",
		"hierarchyId": "125",
		"parentKey": "ASIA_PACIFIC_JAPAN|ANZ_SR|OCEANIA_CG"
	},
	{
		"key": "MK",
		"value": "Macedonia",
		"hierarchyId": "125",
		"parentKey": "EUROPE_EMEA|EUROPE_SOUTH_SR|ALPE_ADRIA"
	},
	{
		"key": "ML",
		"value": "Mali",
		"hierarchyId": "125",
		"parentKey": "EUROPE_EMEA|OTHER_EUROPE_SR|MIDDLE_AFRICA"
	},
	{
		"key": "MM",
		"value": "Myanmar",
		"hierarchyId": "125",
		"parentKey": "ASIA_PACIFIC_JAPAN|SOUTH_ASIA|MYANMAR_CG"
	},
	{
		"key": "MN",
		"value": "Mongolia",
		"hierarchyId": "125",
		"parentKey": "EUROPE_EMEA|RUSSIA_CIS_SR|KAZAKHSTAN_CG"
	},
	{
		"key": "MO",
		"value": "Macao",
		"hierarchyId": "125",
		"parentKey": "CHINA|CHINA_SR|HONG_KONG_CG"
	},
	{
		"key": "MP",
		"value": "N. Mariana Isl.",
		"hierarchyId": "125",
		"parentKey": "ASIA_PACIFIC_JAPAN|ANZ_SR|OCEANIA_CG"
	},
	{
		"key": "MQ",
		"value": "Martinique",
		"hierarchyId": "125",
		"parentKey": "EUROPE_EMEA|EUROPE_NORTH_SR|FRANCE_CG"
	},
	{
		"key": "MR",
		"value": "Mauritania",
		"hierarchyId": "125",
		"parentKey": "EUROPE_EMEA|EUROPE_NORTH_SR|MAGHREB_COUNTRIES"
	},
	{
		"key": "MS",
		"value": "Montserrat",
		"hierarchyId": "125",
		"parentKey": "LATIN_AMERICA|CENTRO_CARIBE_SR|CENTRO_CARIBE_CG"
	},
	{
		"key": "MT",
		"value": "Malta",
		"hierarchyId": "125",
		"parentKey": "EUROPE_EMEA|EUROPE_NORTH_SR|MALTA_CG"
	},
	{
		"key": "MU",
		"value": "Mauritius",
		"hierarchyId": "125",
		"parentKey": "EUROPE_EMEA|EUROPE_NORTH_SR|SOUTHERN_AFRICA"
	},
	{
		"key": "MV",
		"value": "Maldives",
		"hierarchyId": "125",
		"parentKey": "ASIA_PACIFIC_JAPAN|SOUTH_ASIA|INDIA_CG"
	},
	{
		"key": "MW",
		"value": "Malawi",
		"hierarchyId": "125",
		"parentKey": "EUROPE_EMEA|EUROPE_NORTH_SR|SOUTHERN_AFRICA"
	},
	{
		"key": "MX",
		"value": "Mexico",
		"hierarchyId": "125",
		"parentKey": "LATIN_AMERICA|MEXICO|MEXICO_CG"
	},
	{
		"key": "MY",
		"value": "Malaysia",
		"hierarchyId": "125",
		"parentKey": "ASIA_PACIFIC_JAPAN|SOUTH_ASIA|MALAYSIA_CG"
	},
	{
		"key": "MZ",
		"value": "Mozambique",
		"hierarchyId": "125",
		"parentKey": "EUROPE_EMEA|EUROPE_SOUTH_SR|PORTUGAL_CG"
	},
	{
		"key": "NA",
		"value": "Namibia",
		"hierarchyId": "125",
		"parentKey": "EUROPE_EMEA|EUROPE_NORTH_SR|SOUTHERN_AFRICA"
	},
	{
		"key": "NC",
		"value": "New Caledonia",
		"hierarchyId": "125",
		"parentKey": "EUROPE_EMEA|EUROPE_NORTH_SR|FRANCE_CG"
	},
	{
		"key": "NE",
		"value": "Niger",
		"hierarchyId": "125",
		"parentKey": "EUROPE_EMEA|OTHER_EUROPE_SR|MIDDLE_AFRICA"
	},
	{
		"key": "NF",
		"value": "Norfolk Island",
		"hierarchyId": "125",
		"parentKey": "ASIA_PACIFIC_JAPAN|ANZ_SR|OCEANIA_CG"
	},
	{
		"key": "NG",
		"value": "Nigeria",
		"hierarchyId": "125",
		"parentKey": "EUROPE_EMEA|OTHER_EUROPE_SR|MIDDLE_AFRICA"
	},
	{
		"key": "NI",
		"value": "Nicaragua",
		"hierarchyId": "125",
		"parentKey": "LATIN_AMERICA|CENTRO_CARIBE_SR|CENTRO_CARIBE_CG"
	},
	{
		"key": "NL",
		"value": "Netherlands",
		"hierarchyId": "125",
		"parentKey": "EUROPE_EMEA|EUROPE_NORTH_SR|NETHERLANDS"
	},
	{
		"key": "NO",
		"value": "Norway",
		"hierarchyId": "125",
		"parentKey": "EUROPE_EMEA|EUROPE_NORTH_SR|SCANDINAVIA"
	},
	{
		"key": "NP",
		"value": "Nepal",
		"hierarchyId": "125",
		"parentKey": "ASIA_PACIFIC_JAPAN|OTHER_AP_SR|NEPAL_CG"
	},
	{
		"key": "NR",
		"value": "Nauru",
		"hierarchyId": "125",
		"parentKey": "ASIA_PACIFIC_JAPAN|ANZ_SR|OCEANIA_CG"
	},
	{
		"key": "NU",
		"value": "Niue",
		"hierarchyId": "125",
		"parentKey": "ASIA_PACIFIC_JAPAN|ANZ_SR|OCEANIA_CG"
	},
	{
		"key": "NZ",
		"value": "New Zealand",
		"hierarchyId": "125",
		"parentKey": "ASIA_PACIFIC_JAPAN|ANZ_SR|AUSTRALIA_NEW_ZEALAND"
	},
	{
		"key": "OM",
		"value": "Oman",
		"hierarchyId": "125",
		"parentKey": "EUROPE_EMEA|EUROPE_SOUTH_SR|MIDDLE_EAST"
	},
	{
		"key": "P1",
		"value": "Azores",
		"hierarchyId": "125",
		"parentKey": "EUROPE_EMEA|EUROPE_SOUTH_SR|PORTUGAL_CG"
	},
	{
		"key": "PA",
		"value": "Panama",
		"hierarchyId": "125",
		"parentKey": "LATIN_AMERICA|CENTRO_CARIBE_SR|CENTRO_CARIBE_CG"
	},
	{
		"key": "PE",
		"value": "Peru",
		"hierarchyId": "125",
		"parentKey": "LATIN_AMERICA|ANDEAN_SR|PERU_CG"
	},
	{
		"key": "PF",
		"value": "Frenc.Polynesia",
		"hierarchyId": "125",
		"parentKey": "EUROPE_EMEA|EUROPE_NORTH_SR|FRANCE_CG"
	},
	{
		"key": "PG",
		"value": "Papua N. Guinea",
		"hierarchyId": "125",
		"parentKey": "ASIA_PACIFIC_JAPAN|ANZ_SR|OCEANIA_CG"
	},
	{
		"key": "PH",
		"value": "Philippines",
		"hierarchyId": "125",
		"parentKey": "ASIA_PACIFIC_JAPAN|PHILIPPINES_SR|PHILIPPINES_CG"
	},
	{
		"key": "PK",
		"value": "Pakistan",
		"hierarchyId": "125",
		"parentKey": "ASIA_PACIFIC_JAPAN|SOUTH_ASIA|PAKISTAN_AFGHANISTAN"
	},
	{
		"key": "PL",
		"value": "Poland",
		"hierarchyId": "125",
		"parentKey": "EUROPE_EMEA|EUROPE_SOUTH_SR|POLAND_CG"
	},
	{
		"key": "PM",
		"value": "St. Pierre/Miq.",
		"hierarchyId": "125",
		"parentKey": "EUROPE_EMEA|EUROPE_NORTH_SR|FRANCE_CG"
	},
	{
		"key": "PN",
		"value": "Pitcairn",
		"hierarchyId": "125",
		"parentKey": "ASIA_PACIFIC_JAPAN|ANZ_SR|OCEANIA_CG"
	},
	{
		"key": "PR",
		"value": "Puerto Rico",
		"hierarchyId": "125",
		"parentKey": "NORTH_AMERICA|USA_INCL._PUERTO_RICO|PUERTO_RICO_CG"
	},
	{
		"key": "PS",
		"value": "Palaest. Author",
		"hierarchyId": "125",
		"parentKey": "EUROPE_EMEA|EUROPE_SOUTH_SR|MIDDLE_EAST"
	},
	{
		"key": "PT",
		"value": "Portugal",
		"hierarchyId": "125",
		"parentKey": "EUROPE_EMEA|EUROPE_SOUTH_SR|PORTUGAL_CG"
	},
	{
		"key": "PW",
		"value": "Palau",
		"hierarchyId": "125",
		"parentKey": "ASIA_PACIFIC_JAPAN|ANZ_SR|OCEANIA_CG"
	},
	{
		"key": "PY",
		"value": "Paraguay",
		"hierarchyId": "125",
		"parentKey": "LATIN_AMERICA|CONOSUR_SR|OTHER_CONOSUR_CG"
	},
	{
		"key": "QA",
		"value": "Qatar",
		"hierarchyId": "125",
		"parentKey": "EUROPE_EMEA|EUROPE_SOUTH_SR|MIDDLE_EAST"
	},
	{
		"key": "QU",
		"value": "Undef. Countr.",
		"hierarchyId": "146",
		"parentKey": "1|#|#|#|#|#"
	},
	{
		"key": "RE",
		"value": "Réunion",
		"hierarchyId": "125",
		"parentKey": "EUROPE_EMEA|EUROPE_NORTH_SR|FRANCE_CG"
	},
	{
		"key": "RO",
		"value": "Romania",
		"hierarchyId": "125",
		"parentKey": "EUROPE_EMEA|EUROPE_SOUTH_SR|ROMANIA_MOLDOVA_BULGARIA_CG"
	},
	{
		"key": "RS",
		"value": "Serbia",
		"hierarchyId": "125",
		"parentKey": "EUROPE_EMEA|EUROPE_SOUTH_SR|ALPE_ADRIA"
	},
	{
		"key": "RU",
		"value": "Russian Fed.",
		"hierarchyId": "125",
		"parentKey": "EUROPE_EMEA|RUSSIA_CIS_SR|RUSSIA_CG"
	},
	{
		"key": "RW",
		"value": "Rwanda",
		"hierarchyId": "125",
		"parentKey": "EUROPE_EMEA|OTHER_EUROPE_SR|MIDDLE_AFRICA"
	},
	{
		"key": "SA",
		"value": "Saudi Arabia",
		"hierarchyId": "125",
		"parentKey": "EUROPE_EMEA|EUROPE_SOUTH_SR|MIDDLE_EAST"
	},
	{
		"key": "SB",
		"value": "Solomon Islands",
		"hierarchyId": "125",
		"parentKey": "ASIA_PACIFIC_JAPAN|ANZ_SR|OCEANIA_CG"
	},
	{
		"key": "SC",
		"value": "Seychelles",
		"hierarchyId": "125",
		"parentKey": "EUROPE_EMEA|OTHER_EUROPE_SR|MIDDLE_AFRICA"
	},
	{
		"key": "SD",
		"value": "Sudan",
		"hierarchyId": "125",
		"parentKey": "EUROPE_EMEA|EUROPE_SOUTH_SR|MIDDLE_EAST"
	},
	{
		"key": "SE",
		"value": "Sweden",
		"hierarchyId": "125",
		"parentKey": "EUROPE_EMEA|EUROPE_NORTH_SR|SCANDINAVIA"
	},
	{
		"key": "SG",
		"value": "Singapore",
		"hierarchyId": "125",
		"parentKey": "ASIA_PACIFIC_JAPAN|SOUTH_ASIA|SINGAPORE_CG"
	},
	{
		"key": "SH",
		"value": "Saint Helena",
		"hierarchyId": "125",
		"parentKey": "EUROPE_EMEA|OTHER_EUROPE_SR|MIDDLE_AFRICA"
	},
	{
		"key": "SI",
		"value": "Slovenia",
		"hierarchyId": "125",
		"parentKey": "EUROPE_EMEA|EUROPE_SOUTH_SR|ALPE_ADRIA"
	},
	{
		"key": "SJ",
		"value": "Svalbard",
		"hierarchyId": "125",
		"parentKey": "EUROPE_EMEA|OTHER_EUROPE_SR|OTHER_EUROPE_CG"
	},
	{
		"key": "SK",
		"value": "Slovakia",
		"hierarchyId": "125",
		"parentKey": "EUROPE_EMEA|EUROPE_SOUTH_SR|CZECH_REPUBLIC_SLOVAKIA_CG"
	},
	{
		"key": "SL",
		"value": "Sierra Leone",
		"hierarchyId": "125",
		"parentKey": "EUROPE_EMEA|OTHER_EUROPE_SR|MIDDLE_AFRICA"
	},
	{
		"key": "SM",
		"value": "San Marino",
		"hierarchyId": "125",
		"parentKey": "EUROPE_EMEA|EUROPE_SOUTH_SR|ITALY_CG"
	},
	{
		"key": "SN",
		"value": "Senegal",
		"hierarchyId": "125",
		"parentKey": "EUROPE_EMEA|OTHER_EUROPE_SR|MIDDLE_AFRICA"
	},
	{
		"key": "SO",
		"value": "Somalia",
		"hierarchyId": "125",
		"parentKey": "EUROPE_EMEA|OTHER_EUROPE_SR|MIDDLE_AFRICA"
	},
	{
		"key": "SR",
		"value": "Suriname",
		"hierarchyId": "125",
		"parentKey": "LATIN_AMERICA|CENTRO_CARIBE_SR|CENTRO_CARIBE_CG"
	},
	{
		"key": "SS",
		"value": "South Sudan",
		"hierarchyId": "125",
		"parentKey": "EUROPE_EMEA|EUROPE_SOUTH_SR|MIDDLE_EAST"
	},
	{
		"key": "ST",
		"value": "S.Tome/Principe",
		"hierarchyId": "125",
		"parentKey": "EUROPE_EMEA|OTHER_EUROPE_SR|MIDDLE_AFRICA"
	},
	{
		"key": "SV",
		"value": "El Salvador",
		"hierarchyId": "125",
		"parentKey": "LATIN_AMERICA|CENTRO_CARIBE_SR|CENTRO_CARIBE_CG"
	},
	{
		"key": "SX",
		"value": "Sint Maarten",
		"hierarchyId": "125",
		"parentKey": "LATIN_AMERICA|CENTRO_CARIBE_SR|CENTRO_CARIBE_CG"
	},
	{
		"key": "SY",
		"value": "Syrian Arab Rep",
		"hierarchyId": "125",
		"parentKey": "EUROPE_EMEA|EUROPE_SOUTH_SR|MIDDLE_EAST"
	},
	{
		"key": "SZ",
		"value": "Swaziland",
		"hierarchyId": "125",
		"parentKey": "EUROPE_EMEA|EUROPE_NORTH_SR|SOUTHERN_AFRICA"
	},
	{
		"key": "TC",
		"value": "Turks/Cai. Isl.",
		"hierarchyId": "125",
		"parentKey": "LATIN_AMERICA|CENTRO_CARIBE_SR|CENTRO_CARIBE_CG"
	},
	{
		"key": "TD",
		"value": "Chad",
		"hierarchyId": "125",
		"parentKey": "EUROPE_EMEA|OTHER_EUROPE_SR|MIDDLE_AFRICA"
	},
	{
		"key": "TF",
		"value": "French S. Terr.",
		"hierarchyId": "125",
		"parentKey": "ASIA_PACIFIC_JAPAN|ANZ_SR|OCEANIA_CG"
	},
	{
		"key": "TG",
		"value": "Togo",
		"hierarchyId": "125",
		"parentKey": "EUROPE_EMEA|OTHER_EUROPE_SR|MIDDLE_AFRICA"
	},
	{
		"key": "TH",
		"value": "Thailand",
		"hierarchyId": "125",
		"parentKey": "ASIA_PACIFIC_JAPAN|SOUTH_ASIA|THAILAND_CG"
	},
	{
		"key": "TJ",
		"value": "Tajikistan",
		"hierarchyId": "125",
		"parentKey": "EUROPE_EMEA|RUSSIA_CIS_SR|KAZAKHSTAN_CG"
	},
	{
		"key": "TK",
		"value": "Tokelau",
		"hierarchyId": "125",
		"parentKey": "ASIA_PACIFIC_JAPAN|ANZ_SR|OCEANIA_CG"
	},
	{
		"key": "TL",
		"value": "Timor-Leste",
		"hierarchyId": "125",
		"parentKey": "ASIA_PACIFIC_JAPAN|OTHER_AP_SR|TIMOR_LESTE_CG"
	},
	{
		"key": "TM",
		"value": "Turkmenistan",
		"hierarchyId": "125",
		"parentKey": "EUROPE_EMEA|RUSSIA_CIS_SR|KAZAKHSTAN_CG"
	},
	{
		"key": "TN",
		"value": "Tunisia",
		"hierarchyId": "125",
		"parentKey": "EUROPE_EMEA|EUROPE_NORTH_SR|MAGHREB_COUNTRIES"
	},
	{
		"key": "TO",
		"value": "Tonga",
		"hierarchyId": "125",
		"parentKey": "ASIA_PACIFIC_JAPAN|ANZ_SR|OCEANIA_CG"
	},
	{
		"key": "TP",
		"value": "East Timor",
		"hierarchyId": "125",
		"parentKey": "ASIA_PACIFIC_JAPAN|OTHER_AP_SR|TIMOR_LESTE_CG"
	},
	{
		"key": "TR",
		"value": "Turkey",
		"hierarchyId": "125",
		"parentKey": "EUROPE_EMEA|EUROPE_SOUTH_SR|TURKEY_CG"
	},
	{
		"key": "TT",
		"value": "Trinidad/Tobago",
		"hierarchyId": "125",
		"parentKey": "LATIN_AMERICA|CENTRO_CARIBE_SR|CENTRO_CARIBE_CG"
	},
	{
		"key": "TV",
		"value": "Tuvalu",
		"hierarchyId": "125",
		"parentKey": "ASIA_PACIFIC_JAPAN|ANZ_SR|OCEANIA_CG"
	},
	{
		"key": "TW",
		"value": "Taiwan",
		"hierarchyId": "125",
		"parentKey": "CHINA|CHINA_SR|TAIWAN_CG"
	},
	{
		"key": "TZ",
		"value": "Tanzania, Rep.",
		"hierarchyId": "125",
		"parentKey": "EUROPE_EMEA|OTHER_EUROPE_SR|MIDDLE_AFRICA"
	},
	{
		"key": "UA",
		"value": "Ukraine",
		"hierarchyId": "125",
		"parentKey": "EUROPE_EMEA|EUROPE_SOUTH_SR|UKRAINE_CG"
	},
	{
		"key": "UG",
		"value": "Uganda",
		"hierarchyId": "125",
		"parentKey": "EUROPE_EMEA|OTHER_EUROPE_SR|MIDDLE_AFRICA"
	},
	{
		"key": "UK",
		"value": "UK",
		"hierarchyId": "146",
		"parentKey": "5|#|#|#|#|#"
	},
	{
		"key": "UM",
		"value": "US Minor Isl.",
		"hierarchyId": "125",
		"parentKey": "ASIA_PACIFIC_JAPAN|ANZ_SR|OCEANIA_CG"
	},
	{
		"key": "US",
		"value": "USA",
		"hierarchyId": "125",
		"parentKey": "NORTH_AMERICA|USA_INCL._PUERTO_RICO|USA_USA"
	},
	{
		"key": "UY",
		"value": "Uruguay",
		"hierarchyId": "125",
		"parentKey": "LATIN_AMERICA|CONOSUR_SR|OTHER_CONOSUR_CG"
	},
	{
		"key": "UZ",
		"value": "Uzbekistan",
		"hierarchyId": "125",
		"parentKey": "EUROPE_EMEA|RUSSIA_CIS_SR|KAZAKHSTAN_CG"
	},
	{
		"key": "VA",
		"value": "Holy See",
		"hierarchyId": "125",
		"parentKey": "EUROPE_EMEA|EUROPE_SOUTH_SR|ITALY_CG"
	},
	{
		"key": "VC",
		"value": "St. Vincent/Gr.",
		"hierarchyId": "125",
		"parentKey": "LATIN_AMERICA|CENTRO_CARIBE_SR|CENTRO_CARIBE_CG"
	},
	{
		"key": "VE",
		"value": "Venezuela,Bol.R",
		"hierarchyId": "125",
		"parentKey": "LATIN_AMERICA|ANDEAN_SR|VENEZUELA_CG"
	},
	{
		"key": "VG",
		"value": "Virgin Is. Brit",
		"hierarchyId": "125",
		"parentKey": "LATIN_AMERICA|CENTRO_CARIBE_SR|CENTRO_CARIBE_CG"
	},
	{
		"key": "VI",
		"value": "Virgin Is. U.S.",
		"hierarchyId": "125",
		"parentKey": "LATIN_AMERICA|CENTRO_CARIBE_SR|CENTRO_CARIBE_CG"
	},
	{
		"key": "VN",
		"value": "Viet Nam",
		"hierarchyId": "125",
		"parentKey": "ASIA_PACIFIC_JAPAN|SOUTH_ASIA|VIETNAM_CG"
	},
	{
		"key": "VU",
		"value": "Vanuatu",
		"hierarchyId": "125",
		"parentKey": "ASIA_PACIFIC_JAPAN|ANZ_SR|OCEANIA_CG"
	},
	{
		"key": "WF",
		"value": "Wallis/Futuna",
		"hierarchyId": "125",
		"parentKey": "EUROPE_EMEA|EUROPE_NORTH_SR|FRANCE_CG"
	},
	{
		"key": "WS",
		"value": "Samoa",
		"hierarchyId": "125",
		"parentKey": "ASIA_PACIFIC_JAPAN|ANZ_SR|OCEANIA_CG"
	},
	{
		"key": "XA",
		"value": "Americ Southsea",
		"hierarchyId": "125",
		"parentKey": "EUROPE_EMEA|EUROPE_NORTH_SR|MAGHREB_COUNTRIES"
	},
	{
		"key": "XBA",
		"value": "PH Baltics",
		"hierarchyId": null,
		"parentKey": null
	},
	{
		"key": "XBB",
		"value": "CC Baltics",
		"hierarchyId": "125",
		"parentKey": "EUROPE_EMEA|EUROPE_NORTH_SR|FINLAND_CG"
	},
	{
		"key": "XBD",
		"value": "DC Baltics",
		"hierarchyId": null,
		"parentKey": null
	},
	{
		"key": "XBE",
		"value": "AH Benelux",
		"hierarchyId": null,
		"parentKey": null
	},
	{
		"key": "XC",
		"value": "Ceuta",
		"hierarchyId": "125",
		"parentKey": "EUROPE_EMEA|EUROPE_SOUTH_SR|SPAIN_CG"
	},
	{
		"key": "XCA",
		"value": "PH Caribean Count.",
		"hierarchyId": "146",
		"parentKey": "11|REGION_BSP|AMERICAS|LATAM|LATAM_SR|CENTRO_CARIBE_CG"
	},
	{
		"key": "XCC",
		"value": "CC Centro",
		"hierarchyId": "125",
		"parentKey": "LATIN_AMERICA|CENTRO_CARIBE_SR|CENTRO_CARIBE_CG"
	},
	{
		"key": "XK",
		"value": "Kosovo",
		"hierarchyId": "125",
		"parentKey": "EUROPE_EMEA|EUROPE_SOUTH_SR|ALPE_ADRIA"
	},
	{
		"key": "XL",
		"value": "Melilla",
		"hierarchyId": "125",
		"parentKey": "EUROPE_EMEA|EUROPE_SOUTH_SR|SPAIN_CG"
	},
	{
		"key": "XM",
		"value": "Montenegro",
		"hierarchyId": "125",
		"parentKey": "EUROPE_EMEA|EUROPE_SOUTH_SR|ALPE_ADRIA"
	},
	{
		"key": "XSC",
		"value": "XSC",
		"hierarchyId": null,
		"parentKey": null
	},
	{
		"key": "YE",
		"value": "Yemen",
		"hierarchyId": "125",
		"parentKey": "EUROPE_EMEA|EUROPE_SOUTH_SR|MIDDLE_EAST"
	},
	{
		"key": "YT",
		"value": "Mayotte",
		"hierarchyId": "125",
		"parentKey": "EUROPE_EMEA|EUROPE_NORTH_SR|FRANCE_CG"
	},
	{
		"key": "YY",
		"value": "YY",
		"hierarchyId": "125",
		"parentKey": "PSEUDO_COUNTRY|PSEUDO_COUNTRY_SR|PSEUDO_COUNTRY_CG"
	},
	{
		"key": "ZA",
		"value": "South Africa",
		"hierarchyId": "125",
		"parentKey": "EUROPE_EMEA|EUROPE_NORTH_SR|SOUTHERN_AFRICA"
	},
	{
		"key": "ZM",
		"value": "Zambia",
		"hierarchyId": "125",
		"parentKey": "EUROPE_EMEA|EUROPE_NORTH_SR|SOUTHERN_AFRICA"
	},
	{
		"key": "ZW",
		"value": "Zimbabwe",
		"hierarchyId": "125",
		"parentKey": "EUROPE_EMEA|EUROPE_NORTH_SR|SOUTHERN_AFRICA"
	}
]