[
	{
		"key": "#",
		"value": "Not assigned",
		"hierarchyId": null,
		"parentKey": null
	},
	{
		"key": "AED",
		"value": "United Arab Emirates Dirham",
		"hierarchyId": null,
		"parentKey": null
	},
	{
		"key": "ARS",
		"value": "Argentine Peso",
		"hierarchyId": null,
		"parentKey": null
	},
	{
		"key": "AUD",
		"value": "Australian Dollar",
		"hierarchyId": null,
		"parentKey": null
	},
	{
		"key": "BDT",
		"value": "Bangladeshi Taka",
		"hierarchyId": null,
		"parentKey": null
	},
	{
		"key": "BGN",
		"value": "Bulgarian Lev",
		"hierarchyId": null,
		"parentKey": null
	},
	{
		"key": "BOB",
		"value": "Boliviano",
		"hierarchyId": null,
		"parentKey": null
	},
	{
		"key": "BRL",
		"value": "Brazilian Real",
		"hierarchyId": null,
		"parentKey": null
	},
	{
		"key": "CAD",
		"value": "Canadian Dollar",
		"hierarchyId": null,
		"parentKey": null
	},
	{
		"key": "CHF",
		"value": "Swiss Franc",
		"hierarchyId": null,
		"parentKey": null
	},
	{
		"key": "CLP",
		"value": "Chilean Peso",
		"hierarchyId": null,
		"parentKey": null
	},
	{
		"key": "CNY",
		"value": "Yuan Renminbi",
		"hierarchyId": null,
		"parentKey": null
	},
	{
		"key": "COP",
		"value": "Colombian Peso",
		"hierarchyId": null,
		"parentKey": null
	},
	{
		"key": "CRC",
		"value": "Costa Rican Colon",
		"hierarchyId": null,
		"parentKey": null
	},
	{
		"key": "CZK",
		"value": "Czech Koruna",
		"hierarchyId": null,
		"parentKey": null
	},
	{
		"key": "DKK",
		"value": "Danish Krone",
		"hierarchyId": null,
		"parentKey": null
	},
	{
		"key": "DOP",
		"value": "Dominican Peso",
		"hierarchyId": null,
		"parentKey": null
	},
	{
		"key": "DZD",
		"value": "Algerian Dinar",
		"hierarchyId": null,
		"parentKey": null
	},
	{
		"key": "EGP",
		"value": "Egyptian Pound",
		"hierarchyId": null,
		"parentKey": null
	},
	{
		"key": "EUR",
		"value": "Euro",
		"hierarchyId": null,
		"parentKey": null
	},
	{
		"key": "GBP",
		"value": "Pound Sterling",
		"hierarchyId": null,
		"parentKey": null
	},
	{
		"key": "GTQ",
		"value": "Guatemalan Quetzal",
		"hierarchyId": null,
		"parentKey": null
	},
	{
		"key": "HKD",
		"value": "Hong Kong Dollar",
		"hierarchyId": null,
		"parentKey": null
	},
	{
		"key": "HNL",
		"value": "Honduran Lempira",
		"hierarchyId": null,
		"parentKey": null
	},
	{
		"key": "HRK",
		"value": "Croatian Kuna",
		"hierarchyId": null,
		"parentKey": null
	},
	{
		"key": "HUF",
		"value": "Hungarian Forint",
		"hierarchyId": null,
		"parentKey": null
	},
	{
		"key": "IDR",
		"value": "Indonesian Rupiah",
		"hierarchyId": null,
		"parentKey": null
	},
	{
		"key": "ILS",
		"value": "Israeli Shekel",
		"hierarchyId": null,
		"parentKey": null
	},
	{
		"key": "INR",
		"value": "Indian Rupee",
		"hierarchyId": null,
		"parentKey": null
	},
	{
		"key": "IRR",
		"value": "Iranian Rial",
		"hierarchyId": null,
		"parentKey": null
	},
	{
		"key": "JPY",
		"value": "Japanese Yen",
		"hierarchyId": null,
		"parentKey": null
	},
	{
		"key": "KES",
		"value": "Kenyan Shilling",
		"hierarchyId": null,
		"parentKey": null
	},
	{
		"key": "KRW",
		"value": "South Korean Won",
		"hierarchyId": null,
		"parentKey": null
	},
	{
		"key": "KZT",
		"value": "Kazakhstani Tenge",
		"hierarchyId": null,
		"parentKey": null
	},
	{
		"key": "LVL",
		"value": "Latvian Lat",
		"hierarchyId": null,
		"parentKey": null
	},
	{
		"key": "MAD",
		"value": "Moroccan Dirham",
		"hierarchyId": null,
		"parentKey": null
	},
	{
		"key": "MXN",
		"value": "Mexican Peso",
		"hierarchyId": null,
		"parentKey": null
	},
	{
		"key": "MYR",
		"value": "Malaysian Ringgit",
		"hierarchyId": null,
		"parentKey": null
	},
	{
		"key": "NIO",
		"value": "Nicaraguan Cordoba Oro",
		"hierarchyId": null,
		"parentKey": null
	},
	{
		"key": "NOK",
		"value": "Norwegian Krone",
		"hierarchyId": null,
		"parentKey": null
	},
	{
		"key": "NZD",
		"value": "New Zealand Dollar",
		"hierarchyId": null,
		"parentKey": null
	},
	{
		"key": "PEN",
		"value": "Peruvian Sol",
		"hierarchyId": null,
		"parentKey": null
	},
	{
		"key": "PHP",
		"value": "Philippine Peso",
		"hierarchyId": null,
		"parentKey": null
	},
	{
		"key": "PKR",
		"value": "Pakistan Rupee",
		"hierarchyId": null,
		"parentKey": null
	},
	{
		"key": "PLN",
		"value": "Polish Zloty",
		"hierarchyId": null,
		"parentKey": null
	},
	{
		"key": "PYG",
		"value": "Paraguayan Guarani",
		"hierarchyId": null,
		"parentKey": null
	},
	{
		"key": "RON",
		"value": "Romanian Leu",
		"hierarchyId": null,
		"parentKey": null
	},
	{
		"key": "RSD",
		"value": "Serbian Dinar",
		"hierarchyId": null,
		"parentKey": null
	},
	{
		"key": "RUB",
		"value": "Russian Ruble",
		"hierarchyId": null,
		"parentKey": null
	},
	{
		"key": "SAR",
		"value": "Saudi Riyal",
		"hierarchyId": null,
		"parentKey": null
	},
	{
		"key": "SEK",
		"value": "Swedish Krona",
		"hierarchyId": null,
		"parentKey": null
	},
	{
		"key": "SGD",
		"value": "Singapore Dollar",
		"hierarchyId": null,
		"parentKey": null
	},
	{
		"key": "THB",
		"value": "Thailand Baht",
		"hierarchyId": null,
		"parentKey": null
	},
	{
		"key": "TRY",
		"value": "Turkish Lira",
		"hierarchyId": null,
		"parentKey": null
	},
	{
		"key": "TWD",
		"value": "New Taiwan Dollar",
		"hierarchyId": null,
		"parentKey": null
	},
	{
		"key": "UAH",
		"value": "Ukraine Hryvnia",
		"hierarchyId": null,
		"parentKey": null
	},
	{
		"key": "USD",
		"value": "United States Dollar",
		"hierarchyId": null,
		"parentKey": null
	},
	{
		"key": "UYU",
		"value": "Uruguayan Peso",
		"hierarchyId": null,
		"parentKey": null
	},
	{
		"key": "VEF",
		"value": "Venezuelan Bolivar",
		"hierarchyId": null,
		"parentKey": null
	},
	{
		"key": "VND",
		"value": "Vietnamese Dong",
		"hierarchyId": null,
		"parentKey": null
	},
	{
		"key": "XOF",
		"value": "CFA Franc BCEAO",
		"hierarchyId": null,
		"parentKey": null
	},
	{
		"key": "ZAR",
		"value": "South African Rand",
		"hierarchyId": null,
		"parentKey": null
	}
]