[
	{
		"key": "#",
		"value": "Not assigned",
		"hierarchyId": "128",
		"parentKey": "#|#|#|#"
	},
	{
		"key": "AB",
		"value": "Agency Business",
		"hierarchyId": "128",
		"parentKey": "CON|REC|REC|OTS"
	},
	{
		"key": "AH",
		"value": "Animal Health",
		"hierarchyId": "128",
		"parentKey": "CON|SSG|ANH|AN"
	},
	{
		"key": "BB",
		"value": "Business Services",
		"hierarchyId": "128",
		"parentKey": "CON|REC|REC|BBS"
	},
	{
		"key": "BS",
		"value": "Seeds",
		"hierarchyId": "128",
		"parentKey": "CON|SSG|BCS|CP/BS"
	},
	{
		"key": "CA",
		"value": "Coatings Adhesives a",
		"hierarchyId": "128",
		"parentKey": "DIS|DSG|DCO|BMS"
	},
	{
		"key": "CC",
		"value": "Consumer Health",
		"hierarchyId": "128",
		"parentKey": "CON|SSG|CHE|CH"
	},
	{
		"key": "CP",
		"value": "Crop Protection",
		"hierarchyId": "128",
		"parentKey": "CON|SSG|BCS|CP/BS"
	},
	{
		"key": "DC",
		"value": "Diabetes Care",
		"hierarchyId": "128",
		"parentKey": "DIS|DSG|DCO|DCH"
	},
	{
		"key": "DV",
		"value": "Other Products",
		"hierarchyId": "128",
		"parentKey": "CON|REC|REC|OTS"
	},
	{
		"key": "ED",
		"value": "Env. Science (DO)",
		"hierarchyId": "128",
		"parentKey": "DIS|DSG|DCO|DCS"
	},
	{
		"key": "EL",
		"value": "Elim. inter. Busines",
		"hierarchyId": "128",
		"parentKey": "CON|REC|REC|OTS"
	},
	{
		"key": "ES",
		"value": "Environmental Scienc",
		"hierarchyId": "128",
		"parentKey": "CON|SSG|BCS|CP/BS"
	},
	{
		"key": "GM",
		"value": "General Medicine",
		"hierarchyId": "128",
		"parentKey": "CON|SSG|PHC|PH/OH"
	},
	{
		"key": "HO",
		"value": "Corporate Functions",
		"hierarchyId": "128",
		"parentKey": "CON|REC|REC|BHO"
	},
	{
		"key": "IS",
		"value": "Currenta",
		"hierarchyId": "128",
		"parentKey": "CON|REC|REC|CUR"
	},
	{
		"key": "LO",
		"value": "Country Platforms",
		"hierarchyId": "128",
		"parentKey": "CON|REC|REC|LOS"
	},
	{
		"key": "MC",
		"value": "Radiology",
		"hierarchyId": "128",
		"parentKey": "CON|SSG|PHC|RD"
	},
	{
		"key": "OC",
		"value": "Others, Subgroup CS",
		"hierarchyId": "128",
		"parentKey": "CON|SSG|BCS|CP/BS"
	},
	{
		"key": "OH",
		"value": "Others, Subgroup HC",
		"hierarchyId": "128",
		"parentKey": "CON|SSG|PHC|OTP"
	},
	{
		"key": "OT",
		"value": "Other COV",
		"hierarchyId": "128",
		"parentKey": "DIS|DSG|DCO|BMS"
	},
	{
		"key": "PC",
		"value": "Polycarbonates",
		"hierarchyId": "128",
		"parentKey": "DIS|DSG|DCO|BMS"
	},
	{
		"key": "PO",
		"value": "Pharma Others",
		"hierarchyId": "128",
		"parentKey": "CON|SSG|PHC|PH/OH"
	},
	{
		"key": "PU",
		"value": "Polyurethanes",
		"hierarchyId": "128",
		"parentKey": "DIS|DSG|DCO|BMS"
	},
	{
		"key": "SG",
		"value": "CUR-companies",
		"hierarchyId": "128",
		"parentKey": "CON|REC|REC|CUR"
	},
	{
		"key": "SM",
		"value": "Specialty Medicine",
		"hierarchyId": "128",
		"parentKey": "CON|SSG|PHC|PH/OH"
	}
]