[
	{
		"key": "#",
		"value": "Not assigned",
		"hierarchyId": "128",
		"parentKey": "#|#|#|#|#|#"
	},
	{
		"key": "08230",
		"value": "Other Oncology",
		"hierarchyId": "128",
		"parentKey": "CON|SSG|PHC|PH/OH|SM|0820"
	},
	{
		"key": "08600",
		"value": "Intercompany service",
		"hierarchyId": "128",
		"parentKey": "CON|SSG|PHC|PH/OH|PO|0840"
	},
	{
		"key": "08610",
		"value": "Schering Integration",
		"hierarchyId": "128",
		"parentKey": "CON|SSG|PHC|PH/OH|PO|0840"
	},
	{
		"key": "08650",
		"value": "Oth. Molecular Imag.",
		"hierarchyId": "128",
		"parentKey": "CON|SSG|PHC|PH/OH|SM|0875"
	},
	{
		"key": "08730",
		"value": "Florbetaben",
		"hierarchyId": "128",
		"parentKey": "CON|SSG|PHC|PH/OH|SM|0875"
	},
	{
		"key": "08800",
		"value": "Intern. Reimburs. PH",
		"hierarchyId": "128",
		"parentKey": "CON|SSG|PHC|PH/OH|PO|0840"
	},
	{
		"key": "08900",
		"value": "Transition Genzyme",
		"hierarchyId": "128",
		"parentKey": "CON|SSG|PHC|PH/OH|SM|0821"
	},
	{
		"key": "08910",
		"value": "Group Restructuring",
		"hierarchyId": "128",
		"parentKey": "CON|SSG|PHC|PH/OH|PO|0840"
	},
	{
		"key": "08930",
		"value": "Restruct. Measures",
		"hierarchyId": "128",
		"parentKey": "CON|SSG|PHC|PH/OH|PO|0840"
	},
	{
		"key": "08960",
		"value": "Not divided into RU",
		"hierarchyId": "128",
		"parentKey": "CON|SSG|PHC|PH/OH|SM|0875"
	},
	{
		"key": "08A10",
		"value": "Anti-Infectives",
		"hierarchyId": "128",
		"parentKey": "CON|SSG|PHC|PH/OH|GM|0810"
	},
	{
		"key": "08A20",
		"value": "Men's Health",
		"hierarchyId": "128",
		"parentKey": "CON|SSG|PHC|PH/OH|GM|0810"
	},
	{
		"key": "08A30",
		"value": "Other Primary Care",
		"hierarchyId": "128",
		"parentKey": "CON|SSG|PHC|PH/OH|GM|0810"
	},
	{
		"key": "08A40",
		"value": "Generics",
		"hierarchyId": "128",
		"parentKey": "CON|SSG|PHC|PH/OH|GM|0810"
	},
	{
		"key": "08A90",
		"value": "Not div.into RU (PC)",
		"hierarchyId": "128",
		"parentKey": "CON|SSG|PHC|PH/OH|GM|0810"
	},
	{
		"key": "08AD0",
		"value": "08AD0",
		"hierarchyId": "128",
		"parentKey": "#|#|#|#|#|0800"
	},
	{
		"key": "08B10",
		"value": "Hypertension",
		"hierarchyId": "128",
		"parentKey": "CON|SSG|PHC|PH/OH|GM|0811"
	},
	{
		"key": "08B20",
		"value": "Anticoagulation",
		"hierarchyId": "128",
		"parentKey": "CON|SSG|PHC|PH/OH|GM|0811"
	},
	{
		"key": "08B30",
		"value": "Diabetes",
		"hierarchyId": "128",
		"parentKey": "CON|SSG|PHC|PH/OH|GM|0811"
	},
	{
		"key": "08B40",
		"value": "Renal Diseases",
		"hierarchyId": "128",
		"parentKey": "CON|SSG|PHC|PH/OH|GM|0811"
	},
	{
		"key": "08B50",
		"value": "Platelet Aggr. Inh.",
		"hierarchyId": "128",
		"parentKey": "CON|SSG|PHC|PH/OH|GM|0811"
	},
	{
		"key": "08B60",
		"value": "Hyperlipidaemia",
		"hierarchyId": "128",
		"parentKey": "CON|SSG|PHC|PH/OH|GM|0811"
	},
	{
		"key": "08B70",
		"value": "Pulmonary Hypert.",
		"hierarchyId": "128",
		"parentKey": "CON|SSG|PHC|PH/OH|GM|0810"
	},
	{
		"key": "08B80",
		"value": "Other CVD",
		"hierarchyId": "128",
		"parentKey": "CON|SSG|PHC|PH/OH|GM|0811"
	},
	{
		"key": "08B90",
		"value": "Not div.into RU(CRM)",
		"hierarchyId": "128",
		"parentKey": "CON|SSG|PHC|PH/OH|GM|0811"
	},
	{
		"key": "08D10",
		"value": "Short Act Contracept",
		"hierarchyId": "128",
		"parentKey": "CON|SSG|PHC|PH/OH|GM|0871"
	},
	{
		"key": "08D20",
		"value": "Long Act Contracept",
		"hierarchyId": "128",
		"parentKey": "CON|SSG|PHC|PH/OH|GM|0871"
	},
	{
		"key": "08D30",
		"value": "Gyn. Therapy",
		"hierarchyId": "128",
		"parentKey": "CON|SSG|PHC|PH/OH|GM|0871"
	},
	{
		"key": "08D40",
		"value": "Men. Mgmt.&Horm. TH.",
		"hierarchyId": "128",
		"parentKey": "CON|SSG|PHC|PH/OH|GM|0871"
	},
	{
		"key": "08D90",
		"value": "Not div.into RU(WHC)",
		"hierarchyId": "128",
		"parentKey": "CON|SSG|PHC|PH/OH|GM|0871"
	},
	{
		"key": "08DE0",
		"value": "08DE0",
		"hierarchyId": "128",
		"parentKey": "#|#|#|#|#|0800"
	},
	{
		"key": "08E10",
		"value": "PharmaChemicals",
		"hierarchyId": "128",
		"parentKey": "CON|SSG|PHC|PH/OH|GM|0878"
	},
	{
		"key": "08E20",
		"value": "Services",
		"hierarchyId": "128",
		"parentKey": "CON|SSG|PHC|PH/OH|GM|0878"
	},
	{
		"key": "08E30",
		"value": "Toll Manufacturing",
		"hierarchyId": "128",
		"parentKey": "CON|SSG|PHC|PH/OH|GM|0878"
	},
	{
		"key": "08E40",
		"value": "Non-Core Business",
		"hierarchyId": "128",
		"parentKey": "CON|SSG|PHC|PH/OH|GM|0878"
	},
	{
		"key": "08F10",
		"value": "Oncology",
		"hierarchyId": "128",
		"parentKey": "CON|SSG|PHC|PH/OH|SM|0820"
	},
	{
		"key": "08F90",
		"value": "Not div.into RU(ONC)",
		"hierarchyId": "128",
		"parentKey": "CON|SSG|PHC|PH/OH|SM|0820"
	},
	{
		"key": "08G10",
		"value": "Hematology",
		"hierarchyId": "128",
		"parentKey": "CON|SSG|PHC|PH/OH|SM|0830"
	},
	{
		"key": "08G90",
		"value": "Not div.into RU(HEM)",
		"hierarchyId": "128",
		"parentKey": "CON|SSG|PHC|PH/OH|SM|0830"
	},
	{
		"key": "08H10",
		"value": "Multiple Sclerosis",
		"hierarchyId": "128",
		"parentKey": "CON|SSG|PHC|PH/OH|SM|0874"
	},
	{
		"key": "08H20",
		"value": "Neurology",
		"hierarchyId": "128",
		"parentKey": "CON|SSG|PHC|PH/OH|SM|0874"
	},
	{
		"key": "08H90",
		"value": "Not div.into RU (NC)",
		"hierarchyId": "128",
		"parentKey": "CON|SSG|PHC|PH/OH|SM|0874"
	},
	{
		"key": "08I10",
		"value": "Ophthalmology",
		"hierarchyId": "128",
		"parentKey": "CON|SSG|PHC|PH/OH|SM|0876"
	},
	{
		"key": "08I90",
		"value": "Not div.into RU(OPT)",
		"hierarchyId": "128",
		"parentKey": "CON|SSG|PHC|PH/OH|SM|0876"
	},
	{
		"key": "08J10",
		"value": "Pulm.Hyp.Bayer Merck",
		"hierarchyId": "128",
		"parentKey": "CON|SSG|PHC|PH/OH|GM|0810"
	},
	{
		"key": "08J20",
		"value": "Pulm.Hyp.(Bay. only)",
		"hierarchyId": "128",
		"parentKey": "CON|SSG|PHC|PH/OH|GM|0810"
	},
	{
		"key": "08J30",
		"value": "Oth.CVD Bayer Merck",
		"hierarchyId": "128",
		"parentKey": "CON|SSG|PHC|PH/OH|GM|0811"
	},
	{
		"key": "08J40",
		"value": "Oth.CVD (Bayer only)",
		"hierarchyId": "128",
		"parentKey": "CON|SSG|PHC|PH/OH|GM|0811"
	},
	{
		"key": "08J50",
		"value": "Pulm. Hyp. Merck",
		"hierarchyId": "128",
		"parentKey": "CON|SSG|PHC|PH/OH|GM|0810"
	},
	{
		"key": "08J60",
		"value": "Other CVD Merck",
		"hierarchyId": "128",
		"parentKey": "CON|SSG|PHC|PH/OH|GM|0811"
	},
	{
		"key": "08J90",
		"value": "Not div.int.RU (B M)",
		"hierarchyId": "128",
		"parentKey": "CON|SSG|PHC|PH/OH|GM|0811"
	},
	{
		"key": "08MI0",
		"value": "08MI0",
		"hierarchyId": "128",
		"parentKey": "#|#|#|#|#|0800"
	},
	{
		"key": "08MK0",
		"value": "08MK0",
		"hierarchyId": "128",
		"parentKey": "#|#|#|#|#|0800"
	},
	{
		"key": "08PR0",
		"value": "08PR0",
		"hierarchyId": "128",
		"parentKey": "#|#|#|#|#|0800"
	},
	{
		"key": "08RS0",
		"value": "08RS0",
		"hierarchyId": "128",
		"parentKey": "#|#|#|#|#|0800"
	},
	{
		"key": "08UN0",
		"value": "08UN0",
		"hierarchyId": "128",
		"parentKey": "#|#|#|#|#|0800"
	},
	{
		"key": "09110",
		"value": "Insecticides",
		"hierarchyId": "128",
		"parentKey": "CON|SSG|BCS|CP/BS|CP|0911"
	},
	{
		"key": "09120",
		"value": "Reorganisation Insec",
		"hierarchyId": "128",
		"parentKey": "CON|SSG|BCS|CP/BS|CP|0911"
	},
	{
		"key": "09130",
		"value": "Fungicides",
		"hierarchyId": "128",
		"parentKey": "CON|SSG|BCS|CP/BS|CP|0913"
	},
	{
		"key": "09140",
		"value": "Reorganisation Fungi",
		"hierarchyId": "128",
		"parentKey": "CON|SSG|BCS|CP/BS|CP|0913"
	},
	{
		"key": "09150",
		"value": "Herbicides",
		"hierarchyId": "128",
		"parentKey": "CON|SSG|BCS|CP/BS|CP|0915"
	},
	{
		"key": "09160",
		"value": "Reorganisation Herbi",
		"hierarchyId": "128",
		"parentKey": "CON|SSG|BCS|CP/BS|CP|0915"
	},
	{
		"key": "09230",
		"value": "SeedGrowth",
		"hierarchyId": "128",
		"parentKey": "CON|SSG|BCS|CP/BS|CP|0923"
	},
	{
		"key": "09240",
		"value": "Reorg. SeedGrowth",
		"hierarchyId": "128",
		"parentKey": "CON|SSG|BCS|CP/BS|CP|0923"
	},
	{
		"key": "09410",
		"value": "Insecticides Global",
		"hierarchyId": "128",
		"parentKey": "CON|SSG|BCS|CP/BS|CP|0911"
	},
	{
		"key": "09420",
		"value": "Fungicides Global",
		"hierarchyId": "128",
		"parentKey": "CON|SSG|BCS|CP/BS|CP|0913"
	},
	{
		"key": "09430",
		"value": "Herbicides Global",
		"hierarchyId": "128",
		"parentKey": "CON|SSG|BCS|CP/BS|CP|0915"
	},
	{
		"key": "09440",
		"value": "SeedGrowth Global",
		"hierarchyId": "128",
		"parentKey": "CON|SSG|BCS|CP/BS|CP|0923"
	},
	{
		"key": "09510",
		"value": "Digital Farming",
		"hierarchyId": "128",
		"parentKey": "CON|SSG|BCS|CP/BS|CP|0951"
	},
	{
		"key": "09800",
		"value": "Intern. Reimburs. CP",
		"hierarchyId": "128",
		"parentKey": "CON|SSG|BCS|CP/BS|CP|0999"
	},
	{
		"key": "09910",
		"value": "Non-Core Business an",
		"hierarchyId": "128",
		"parentKey": "CON|SSG|BCS|CP/BS|CP|0999"
	},
	{
		"key": "09920",
		"value": "Restructuring Measur",
		"hierarchyId": "128",
		"parentKey": "CON|SSG|BCS|CP/BS|CP|0999"
	},
	{
		"key": "09940",
		"value": "Restr. New Bayer",
		"hierarchyId": "128",
		"parentKey": "CON|SSG|BCS|CP/BS|CP|0999"
	},
	{
		"key": "09980",
		"value": "Group Restructuring",
		"hierarchyId": "128",
		"parentKey": "CON|SSG|BCS|CP/BS|CP|0999"
	},
	{
		"key": "09990",
		"value": "Not divided into RU",
		"hierarchyId": "128",
		"parentKey": "CON|SSG|BCS|CP/BS|CP|0999"
	},
	{
		"key": "09AD0",
		"value": "09AD0",
		"hierarchyId": "128",
		"parentKey": "#|#|#|#|#|0900"
	},
	{
		"key": "09DE0",
		"value": "09DE0",
		"hierarchyId": "128",
		"parentKey": "#|#|#|#|#|0900"
	},
	{
		"key": "09EX0",
		"value": "09EX0",
		"hierarchyId": "128",
		"parentKey": "#|#|#|#|#|0900"
	},
	{
		"key": "09MI0",
		"value": "09MI0",
		"hierarchyId": "128",
		"parentKey": "#|#|#|#|#|0900"
	},
	{
		"key": "09MK0",
		"value": "09MK0",
		"hierarchyId": "128",
		"parentKey": "#|#|#|#|#|0900"
	},
	{
		"key": "09PR0",
		"value": "09PR0",
		"hierarchyId": "128",
		"parentKey": "#|#|#|#|#|0900"
	},
	{
		"key": "09RS0",
		"value": "09RS0",
		"hierarchyId": "128",
		"parentKey": "#|#|#|#|#|0900"
	},
	{
		"key": "09UN0",
		"value": "09UN0",
		"hierarchyId": "128",
		"parentKey": "#|#|#|#|#|0900"
	},
	{
		"key": "16210",
		"value": "Analgesics",
		"hierarchyId": "128",
		"parentKey": "CON|SSG|CHE|CH|CC|1627"
	},
	{
		"key": "16220",
		"value": "Cough & Cold",
		"hierarchyId": "128",
		"parentKey": "CON|SSG|CHE|CH|CC|1627"
	},
	{
		"key": "16230",
		"value": "Digestive Health",
		"hierarchyId": "128",
		"parentKey": "CON|SSG|CHE|CH|CC|1627"
	},
	{
		"key": "16240",
		"value": "Medicated Skin Care",
		"hierarchyId": "128",
		"parentKey": "CON|SSG|CHE|CH|CC|1627"
	},
	{
		"key": "16250",
		"value": "Nutritionals",
		"hierarchyId": "128",
		"parentKey": "CON|SSG|CHE|CH|CC|1627"
	},
	{
		"key": "16290",
		"value": "Cardio",
		"hierarchyId": "128",
		"parentKey": "CON|SSG|CHE|CH|CC|1627"
	},
	{
		"key": "16310",
		"value": "Foot Care",
		"hierarchyId": "128",
		"parentKey": "CON|SSG|CHE|CH|CC|1627"
	},
	{
		"key": "16320",
		"value": "Sun Care",
		"hierarchyId": "128",
		"parentKey": "CON|SSG|CHE|CH|CC|1627"
	},
	{
		"key": "16330",
		"value": "Allergy RX",
		"hierarchyId": "128",
		"parentKey": "CON|SSG|CHE|CH|CC|1627"
	},
	{
		"key": "16340",
		"value": "Allergy",
		"hierarchyId": "128",
		"parentKey": "CON|SSG|CHE|CH|CC|1627"
	},
	{
		"key": "16630",
		"value": "Dermatology",
		"hierarchyId": "128",
		"parentKey": "CON|SSG|CHE|CH|CC|1627"
	},
	{
		"key": "16660",
		"value": "Group Restructuring",
		"hierarchyId": "128",
		"parentKey": "CON|SSG|CHE|CH|CC|1627"
	},
	{
		"key": "16690",
		"value": "Not divided into RU",
		"hierarchyId": "128",
		"parentKey": "CON|SSG|CHE|CH|CC|1627"
	},
	{
		"key": "16800",
		"value": "Intern. Reimburs. CC",
		"hierarchyId": "128",
		"parentKey": "CON|SSG|CHE|CH|CC|1627"
	},
	{
		"key": "16910",
		"value": "Other Products (OTC)",
		"hierarchyId": "128",
		"parentKey": "CON|SSG|CHE|CH|CC|1627"
	},
	{
		"key": "16920",
		"value": "Restructuring Measur",
		"hierarchyId": "128",
		"parentKey": "CON|SSG|CHE|CH|CC|1627"
	},
	{
		"key": "16940",
		"value": "Restr. New Bayer",
		"hierarchyId": "128",
		"parentKey": "CON|SSG|CHE|CH|CC|1627"
	},
	{
		"key": "16950",
		"value": "Restructuring iPSE",
		"hierarchyId": "128",
		"parentKey": "CON|SSG|CHE|CH|CC|1627"
	},
	{
		"key": "16970",
		"value": "Non-Core Business an",
		"hierarchyId": "128",
		"parentKey": "CON|SSG|CHE|CH|CC|1627"
	},
	{
		"key": "16980",
		"value": "Group Restructuring",
		"hierarchyId": "128",
		"parentKey": "CON|SSG|CHE|CH|CC|1627"
	},
	{
		"key": "16990",
		"value": "Not divided into RU",
		"hierarchyId": "128",
		"parentKey": "CON|SSG|CHE|CH|CC|1627"
	},
	{
		"key": "16EX0",
		"value": "16EX0",
		"hierarchyId": "128",
		"parentKey": "#|#|#|#|#|1600"
	},
	{
		"key": "16MI0",
		"value": "16MI0",
		"hierarchyId": "128",
		"parentKey": "#|#|#|#|#|1600"
	},
	{
		"key": "16MK0",
		"value": "16MK0",
		"hierarchyId": "128",
		"parentKey": "#|#|#|#|#|1600"
	},
	{
		"key": "16PR0",
		"value": "16PR0",
		"hierarchyId": "128",
		"parentKey": "#|#|#|#|#|1600"
	},
	{
		"key": "16RS0",
		"value": "16RS0",
		"hierarchyId": "128",
		"parentKey": "#|#|#|#|#|1600"
	},
	{
		"key": "16SA0",
		"value": "16SA0",
		"hierarchyId": "128",
		"parentKey": "#|#|#|#|#|1600"
	},
	{
		"key": "16UN0",
		"value": "16UN0",
		"hierarchyId": "128",
		"parentKey": "#|#|#|#|#|1600"
	},
	{
		"key": "18120",
		"value": "Farm Animal Products",
		"hierarchyId": "128",
		"parentKey": "CON|SSG|ANH|AN|AH|1801"
	},
	{
		"key": "18170",
		"value": "Companion Animal Pro",
		"hierarchyId": "128",
		"parentKey": "CON|SSG|ANH|AN|AH|1801"
	},
	{
		"key": "18800",
		"value": "Intern. Reimburs. AH",
		"hierarchyId": "128",
		"parentKey": "CON|SSG|ANH|AN|AH|1801"
	},
	{
		"key": "18910",
		"value": "Other Products (AH)",
		"hierarchyId": "128",
		"parentKey": "CON|SSG|ANH|AN|AH|1801"
	},
	{
		"key": "18920",
		"value": "Restructuring Measur",
		"hierarchyId": "128",
		"parentKey": "CON|SSG|ANH|AN|AH|1801"
	},
	{
		"key": "18940",
		"value": "Restr. New Bayer",
		"hierarchyId": "128",
		"parentKey": "CON|SSG|ANH|AN|AH|1801"
	},
	{
		"key": "18950",
		"value": "Restructuring iPSE",
		"hierarchyId": "128",
		"parentKey": "CON|SSG|ANH|AN|AH|1801"
	},
	{
		"key": "18970",
		"value": "Non-Core Business an",
		"hierarchyId": "128",
		"parentKey": "CON|SSG|ANH|AN|AH|1801"
	},
	{
		"key": "18980",
		"value": "Group Restructuring",
		"hierarchyId": "128",
		"parentKey": "CON|SSG|ANH|AN|AH|1801"
	},
	{
		"key": "18990",
		"value": "Not divided into RU",
		"hierarchyId": "128",
		"parentKey": "CON|SSG|ANH|AN|AH|1801"
	},
	{
		"key": "18AD0",
		"value": "18AD0",
		"hierarchyId": "128",
		"parentKey": "#|#|#|#|#|1800"
	},
	{
		"key": "18EX0",
		"value": "18EX0",
		"hierarchyId": "128",
		"parentKey": "#|#|#|#|#|1800"
	},
	{
		"key": "18MK0",
		"value": "18MK0",
		"hierarchyId": "128",
		"parentKey": "#|#|#|#|#|1800"
	},
	{
		"key": "18PR0",
		"value": "18PR0",
		"hierarchyId": "128",
		"parentKey": "#|#|#|#|#|1800"
	},
	{
		"key": "18RS0",
		"value": "18RS0",
		"hierarchyId": "128",
		"parentKey": "#|#|#|#|#|1800"
	},
	{
		"key": "18UN0",
		"value": "18UN0",
		"hierarchyId": "128",
		"parentKey": "#|#|#|#|#|1800"
	},
	{
		"key": "20AD0",
		"value": "20AD0",
		"hierarchyId": "128",
		"parentKey": "#|#|#|#|#|2000"
	},
	{
		"key": "20MK0",
		"value": "20MK0",
		"hierarchyId": "128",
		"parentKey": "#|#|#|#|#|2000"
	},
	{
		"key": "20UN0",
		"value": "20UN0",
		"hierarchyId": "128",
		"parentKey": "#|#|#|#|#|2000"
	},
	{
		"key": "32500",
		"value": "Engineering",
		"hierarchyId": "128",
		"parentKey": "CON|REC|REC|BHO|HO|3201"
	},
	{
		"key": "32900",
		"value": "IP ENG",
		"hierarchyId": "128",
		"parentKey": "CON|REC|REC|BHO|HO|3201"
	},
	{
		"key": "32920",
		"value": "Restructuring Measur",
		"hierarchyId": "128",
		"parentKey": "CON|REC|REC|BHO|HO|3201"
	},
	{
		"key": "32990",
		"value": "Not divided into RU",
		"hierarchyId": "128",
		"parentKey": "CON|REC|REC|BHO|HO|3201"
	},
	{
		"key": "36AD0",
		"value": "36AD0",
		"hierarchyId": "128",
		"parentKey": "#|#|#|#|#|3600"
	},
	{
		"key": "36PR0",
		"value": "36PR0",
		"hierarchyId": "128",
		"parentKey": "#|#|#|#|#|3600"
	},
	{
		"key": "39010",
		"value": "Currenta",
		"hierarchyId": "128",
		"parentKey": "CON|REC|REC|CUR|IS|3901"
	},
	{
		"key": "39920",
		"value": "Restructuring Measur",
		"hierarchyId": "128",
		"parentKey": "CON|REC|REC|CUR|IS|3999"
	},
	{
		"key": "39990",
		"value": "Not divided into RU",
		"hierarchyId": "128",
		"parentKey": "CON|REC|REC|CUR|IS|3999"
	},
	{
		"key": "49100",
		"value": "Real Estate",
		"hierarchyId": "128",
		"parentKey": "CON|REC|REC|BHO|HO|4920"
	},
	{
		"key": "49940",
		"value": "Restr. New Bayer",
		"hierarchyId": "128",
		"parentKey": "CON|REC|REC|BHO|HO|4910"
	},
	{
		"key": "49950",
		"value": "Restructuring iPSE",
		"hierarchyId": "128",
		"parentKey": "CON|REC|REC|BHO|HO|4910"
	},
	{
		"key": "49960",
		"value": "Life Sciences Fund",
		"hierarchyId": "128",
		"parentKey": "CON|REC|REC|BHO|HO|4997"
	},
	{
		"key": "49970",
		"value": "Others",
		"hierarchyId": "128",
		"parentKey": "CON|REC|REC|BHO|HO|4997"
	},
	{
		"key": "49980",
		"value": "Group Restructuring",
		"hierarchyId": "128",
		"parentKey": "CON|REC|REC|BHO|HO|4910"
	},
	{
		"key": "49990",
		"value": "Corporate",
		"hierarchyId": "128",
		"parentKey": "CON|REC|REC|BHO|HO|4910"
	},
	{
		"key": "50230",
		"value": "Business Services",
		"hierarchyId": "128",
		"parentKey": "CON|REC|REC|BBS|BB|5001"
	},
	{
		"key": "50250",
		"value": "AccP Germany",
		"hierarchyId": "128",
		"parentKey": "CON|REC|REC|BBS|BB|5001"
	},
	{
		"key": "50300",
		"value": "SSC Accounting Serv.",
		"hierarchyId": "128",
		"parentKey": "CON|REC|REC|BBS|BB|5001"
	},
	{
		"key": "50800",
		"value": "Grp. Int. Reimb. BS",
		"hierarchyId": "128",
		"parentKey": "CON|REC|REC|BBS|BB|5001"
	},
	{
		"key": "50920",
		"value": "Restructuring Measur",
		"hierarchyId": "128",
		"parentKey": "CON|REC|REC|BBS|BB|5001"
	},
	{
		"key": "50940",
		"value": "Restr. New Bayer",
		"hierarchyId": "128",
		"parentKey": "CON|REC|REC|BBS|BB|5001"
	},
	{
		"key": "50950",
		"value": "Restructuring iPSE",
		"hierarchyId": "128",
		"parentKey": "CON|REC|REC|BBS|BB|5001"
	},
	{
		"key": "50990",
		"value": "Not divided into RU",
		"hierarchyId": "128",
		"parentKey": "CON|REC|REC|BBS|BB|5001"
	},
	{
		"key": "55100",
		"value": "Country Platforms",
		"hierarchyId": "128",
		"parentKey": "CON|REC|REC|LOS|LO|5501"
	},
	{
		"key": "55220",
		"value": "Country Speaker Cost",
		"hierarchyId": "128",
		"parentKey": "CON|REC|REC|LOS|LO|5501"
	},
	{
		"key": "55300",
		"value": "Accounting",
		"hierarchyId": "128",
		"parentKey": "CON|REC|REC|LOS|LO|5504"
	},
	{
		"key": "55310",
		"value": "Tax",
		"hierarchyId": "128",
		"parentKey": "CON|REC|REC|LOS|LO|5504"
	},
	{
		"key": "55320",
		"value": "Finance",
		"hierarchyId": "128",
		"parentKey": "CON|REC|REC|LOS|LO|5504"
	},
	{
		"key": "55330",
		"value": "Internal Audit",
		"hierarchyId": "128",
		"parentKey": "CON|REC|REC|LOS|LO|5504"
	},
	{
		"key": "55800",
		"value": "Grp. Int. Reimb. CPL",
		"hierarchyId": "128",
		"parentKey": "CON|REC|REC|LOS|LO|5501"
	},
	{
		"key": "55920",
		"value": "Restructuring Measur",
		"hierarchyId": "128",
		"parentKey": "CON|REC|REC|LOS|LO|5501"
	},
	{
		"key": "55940",
		"value": "Restr. New Bayer",
		"hierarchyId": "128",
		"parentKey": "CON|REC|REC|LOS|LO|5501"
	},
	{
		"key": "55950",
		"value": "Restructuring iPSE",
		"hierarchyId": "128",
		"parentKey": "CON|REC|REC|LOS|LO|5501"
	},
	{
		"key": "55990",
		"value": "Not divided into RU",
		"hierarchyId": "128",
		"parentKey": "CON|REC|REC|LOS|LO|5501"
	},
	{
		"key": "58020",
		"value": "CUR Subsidiaries",
		"hierarchyId": "128",
		"parentKey": "CON|REC|REC|CUR|SG|5802"
	},
	{
		"key": "58920",
		"value": "Restructuring Measur",
		"hierarchyId": "128",
		"parentKey": "CON|REC|REC|CUR|SG|5899"
	},
	{
		"key": "65510",
		"value": "CT/X - ray",
		"hierarchyId": "128",
		"parentKey": "CON|SSG|PHC|RD|MC|6573"
	},
	{
		"key": "65520",
		"value": "Interventional",
		"hierarchyId": "128",
		"parentKey": "CON|SSG|PHC|RD|MC|6573"
	},
	{
		"key": "65530",
		"value": "Device Service",
		"hierarchyId": "128",
		"parentKey": "CON|SSG|PHC|RD|MC|6573"
	},
	{
		"key": "65540",
		"value": "Other Products (RAD)",
		"hierarchyId": "128",
		"parentKey": "CON|SSG|PHC|RD|MC|6573"
	},
	{
		"key": "65550",
		"value": "MRI",
		"hierarchyId": "128",
		"parentKey": "CON|SSG|PHC|RD|MC|6573"
	},
	{
		"key": "65560",
		"value": "Restr.Measures (RAD)",
		"hierarchyId": "128",
		"parentKey": "CON|SSG|PHC|RD|MC|6573"
	},
	{
		"key": "65570",
		"value": "Non-Core Bus.and Ser",
		"hierarchyId": "128",
		"parentKey": "CON|SSG|PHC|RD|MC|6573"
	},
	{
		"key": "65580",
		"value": "Group Restructuring",
		"hierarchyId": "128",
		"parentKey": "CON|SSG|PHC|RD|MC|6573"
	},
	{
		"key": "65590",
		"value": "Not divided into RU",
		"hierarchyId": "128",
		"parentKey": "CON|SSG|PHC|RD|MC|6573"
	},
	{
		"key": "65620",
		"value": "Breeze System",
		"hierarchyId": "128",
		"parentKey": "DIS|DSG|DCO|DCH|DC|6572"
	},
	{
		"key": "65630",
		"value": "Contour System",
		"hierarchyId": "128",
		"parentKey": "DIS|DSG|DCO|DCH|DC|6572"
	},
	{
		"key": "65670",
		"value": "A1c System",
		"hierarchyId": "128",
		"parentKey": "DIS|DSG|DCO|DCH|DC|6572"
	},
	{
		"key": "65680",
		"value": "CGM",
		"hierarchyId": "128",
		"parentKey": "DIS|DSG|DCO|DCH|DC|6572"
	},
	{
		"key": "65710",
		"value": "DC TSA DO",
		"hierarchyId": "128",
		"parentKey": "DIS|DSG|DCO|DCH|DC|6571"
	},
	{
		"key": "65730",
		"value": "TeleHealthcare",
		"hierarchyId": "128",
		"parentKey": "DIS|DSG|DCO|DCH|DC|6572"
	},
	{
		"key": "65780",
		"value": "Delphi SI DO",
		"hierarchyId": "128",
		"parentKey": "DIS|DSG|DCO|DCH|DC|6571"
	},
	{
		"key": "65790",
		"value": "Other Products (DCD)",
		"hierarchyId": "128",
		"parentKey": "DIS|DSG|DCO|DCH|DC|6572"
	},
	{
		"key": "65800",
		"value": "Int. Reimburs. (DCD)",
		"hierarchyId": "128",
		"parentKey": "DIS|DSG|DCO|DCH|DC|6572"
	},
	{
		"key": "65810",
		"value": "Int. Reimburs. (RAD)",
		"hierarchyId": "128",
		"parentKey": "CON|SSG|PHC|RD|MC|6573"
	},
	{
		"key": "65850",
		"value": "Purch. IC Profit DSA",
		"hierarchyId": "128",
		"parentKey": "DIS|DSG|DCO|DCH|DC|6572"
	},
	{
		"key": "65860",
		"value": "Purch. Srv. TSA",
		"hierarchyId": "128",
		"parentKey": "DIS|DSG|DCO|DCH|DC|6572"
	},
	{
		"key": "65870",
		"value": "DC Allocation",
		"hierarchyId": "128",
		"parentKey": "CON|SSG|PHC|OTP|OH|6575"
	},
	{
		"key": "65880",
		"value": "DC Remnant (Bay Oth)",
		"hierarchyId": "128",
		"parentKey": "CON|SSG|PHC|OTP|OH|6575"
	},
	{
		"key": "65890",
		"value": "Transition Boston",
		"hierarchyId": "128",
		"parentKey": "CON|SSG|PHC|RD|MC|6579"
	},
	{
		"key": "65920",
		"value": "Restructuring Measur",
		"hierarchyId": "128",
		"parentKey": "DIS|DSG|DCO|DCH|DC|6572"
	},
	{
		"key": "65970",
		"value": "Non-Core Business an",
		"hierarchyId": "128",
		"parentKey": "DIS|DSG|DCO|DCH|DC|6572"
	},
	{
		"key": "65980",
		"value": "Group Restructuring",
		"hierarchyId": "128",
		"parentKey": "DIS|DSG|DCO|DCH|DC|6572"
	},
	{
		"key": "65990",
		"value": "Not divided into RU",
		"hierarchyId": "128",
		"parentKey": "DIS|DSG|DCO|DCH|DC|6572"
	},
	{
		"key": "65AD0",
		"value": "65AD0",
		"hierarchyId": "128",
		"parentKey": "#|#|#|#|#|6500"
	},
	{
		"key": "65EX0",
		"value": "65EX0",
		"hierarchyId": "128",
		"parentKey": "#|#|#|#|#|6500"
	},
	{
		"key": "65MK0",
		"value": "65MK0",
		"hierarchyId": "128",
		"parentKey": "#|#|#|#|#|6500"
	},
	{
		"key": "65PR0",
		"value": "65PR0",
		"hierarchyId": "128",
		"parentKey": "#|#|#|#|#|6500"
	},
	{
		"key": "65RS0",
		"value": "65RS0",
		"hierarchyId": "128",
		"parentKey": "#|#|#|#|#|6500"
	},
	{
		"key": "65UN0",
		"value": "65UN0",
		"hierarchyId": "128",
		"parentKey": "#|#|#|#|#|6500"
	},
	{
		"key": "70510",
		"value": "TPU Resins",
		"hierarchyId": "128",
		"parentKey": "DIS|DSG|DCO|BMS|PU|7004"
	},
	{
		"key": "70520",
		"value": "TDI",
		"hierarchyId": "128",
		"parentKey": "DIS|DSG|DCO|BMS|PU|7005"
	},
	{
		"key": "70530",
		"value": "MDI by-products",
		"hierarchyId": "128",
		"parentKey": "DIS|DSG|DCO|BMS|PU|7004"
	},
	{
		"key": "70540",
		"value": "PET",
		"hierarchyId": "128",
		"parentKey": "DIS|DSG|DCO|BMS|PU|7006"
	},
	{
		"key": "70550",
		"value": "TDI by-products",
		"hierarchyId": "128",
		"parentKey": "DIS|DSG|DCO|BMS|PU|7005"
	},
	{
		"key": "70570",
		"value": "PET - Raw Materials",
		"hierarchyId": "128",
		"parentKey": "DIS|DSG|DCO|BMS|PU|7006"
	},
	{
		"key": "70630",
		"value": "MDI",
		"hierarchyId": "128",
		"parentKey": "DIS|DSG|DCO|BMS|PU|7004"
	},
	{
		"key": "70750",
		"value": "MDI - Others",
		"hierarchyId": "128",
		"parentKey": "DIS|DSG|DCO|BMS|PU|7004"
	},
	{
		"key": "70780",
		"value": "TDI - Raw Materials",
		"hierarchyId": "128",
		"parentKey": "DIS|DSG|DCO|BMS|PU|7005"
	},
	{
		"key": "70AD0",
		"value": "70AD0",
		"hierarchyId": "128",
		"parentKey": "#|#|#|#|#|7000"
	},
	{
		"key": "70MK0",
		"value": "70MK0",
		"hierarchyId": "128",
		"parentKey": "#|#|#|#|#|7000"
	},
	{
		"key": "70PR0",
		"value": "70PR0",
		"hierarchyId": "128",
		"parentKey": "#|#|#|#|#|7000"
	},
	{
		"key": "73050",
		"value": "PCS by-products",
		"hierarchyId": "128",
		"parentKey": "DIS|DSG|DCO|BMS|PC|7331"
	},
	{
		"key": "73060",
		"value": "PCS Resins",
		"hierarchyId": "128",
		"parentKey": "DIS|DSG|DCO|BMS|PC|7331"
	},
	{
		"key": "73070",
		"value": "Raw Materials",
		"hierarchyId": "128",
		"parentKey": "DIS|DSG|DCO|BMS|PC|7331"
	},
	{
		"key": "73080",
		"value": "PC Sheets",
		"hierarchyId": "128",
		"parentKey": "DIS|DSG|DCO|BMS|PC|7331"
	},
	{
		"key": "73AD0",
		"value": "73AD0",
		"hierarchyId": "128",
		"parentKey": "#|#|#|#|#|7300"
	},
	{
		"key": "73MK0",
		"value": "73MK0",
		"hierarchyId": "128",
		"parentKey": "#|#|#|#|#|7300"
	},
	{
		"key": "74AD0",
		"value": "74AD0",
		"hierarchyId": "128",
		"parentKey": "#|#|#|#|#|7400"
	},
	{
		"key": "74MK0",
		"value": "74MK0",
		"hierarchyId": "128",
		"parentKey": "#|#|#|#|#|7400"
	},
	{
		"key": "75010",
		"value": "ALI",
		"hierarchyId": "128",
		"parentKey": "DIS|DSG|DCO|BMS|CA|7551"
	},
	{
		"key": "75020",
		"value": "ARP",
		"hierarchyId": "128",
		"parentKey": "DIS|DSG|DCO|BMS|CA|7551"
	},
	{
		"key": "75030",
		"value": "PPR",
		"hierarchyId": "128",
		"parentKey": "DIS|DSG|DCO|BMS|CA|7552"
	},
	{
		"key": "75050",
		"value": "SPR",
		"hierarchyId": "128",
		"parentKey": "DIS|DSG|DCO|BMS|CA|7552"
	},
	{
		"key": "75060",
		"value": "TXT",
		"hierarchyId": "128",
		"parentKey": "DIS|DSG|DCO|BMS|CA|7552"
	},
	{
		"key": "75070",
		"value": "SCPU",
		"hierarchyId": "128",
		"parentKey": "DIS|DSG|DCO|BMS|CA|7551"
	},
	{
		"key": "75080",
		"value": "RES by-products",
		"hierarchyId": "128",
		"parentKey": "DIS|DSG|DCO|BMS|CA|7552"
	},
	{
		"key": "75100",
		"value": "SF - Devel. Business",
		"hierarchyId": "128",
		"parentKey": "DIS|DSG|DCO|BMS|CA|7553"
	},
	{
		"key": "75200",
		"value": "CNT",
		"hierarchyId": "128",
		"parentKey": "DIS|DSG|DCO|BMS|CA|7553"
	},
	{
		"key": "75300",
		"value": "COM",
		"hierarchyId": "128",
		"parentKey": "DIS|DSG|DCO|BMS|CA|7552"
	},
	{
		"key": "75310",
		"value": "POW",
		"hierarchyId": "128",
		"parentKey": "DIS|DSG|DCO|BMS|CA|7552"
	},
	{
		"key": "75340",
		"value": "SPI",
		"hierarchyId": "128",
		"parentKey": "DIS|DSG|DCO|BMS|CA|7551"
	},
	{
		"key": "75350",
		"value": "NDI",
		"hierarchyId": "128",
		"parentKey": "DIS|DSG|DCO|BMS|CA|7551"
	},
	{
		"key": "75380",
		"value": "BMI by-products",
		"hierarchyId": "128",
		"parentKey": "DIS|DSG|DCO|BMS|CA|7551"
	},
	{
		"key": "75580",
		"value": "SF - PC Films",
		"hierarchyId": "128",
		"parentKey": "DIS|DSG|DCO|BMS|CA|7553"
	},
	{
		"key": "75600",
		"value": "SF - TPU Films",
		"hierarchyId": "128",
		"parentKey": "DIS|DSG|DCO|BMS|CA|7553"
	},
	{
		"key": "75AD0",
		"value": "75AD0",
		"hierarchyId": "128",
		"parentKey": "#|#|#|#|#|7500"
	},
	{
		"key": "75MK0",
		"value": "75MK0",
		"hierarchyId": "128",
		"parentKey": "#|#|#|#|#|7500"
	},
	{
		"key": "75PR0",
		"value": "75PR0",
		"hierarchyId": "128",
		"parentKey": "#|#|#|#|#|7500"
	},
	{
		"key": "77100",
		"value": "SLB-Infrastructure",
		"hierarchyId": "128",
		"parentKey": "DIS|DSG|DCO|BMS|OT|7762"
	},
	{
		"key": "77410",
		"value": "Basic Chemicals",
		"hierarchyId": "128",
		"parentKey": "DIS|DSG|DCO|BMS|OT|7761"
	},
	{
		"key": "77850",
		"value": "Covestro Hold. Costs",
		"hierarchyId": "128",
		"parentKey": "DIS|DSG|DCO|BMS|OT|7785"
	},
	{
		"key": "77900",
		"value": "IP COV",
		"hierarchyId": "128",
		"parentKey": "DIS|DSG|DCO|BMS|OT|7799"
	},
	{
		"key": "77910",
		"value": "COV Internal Service",
		"hierarchyId": "128",
		"parentKey": "DIS|DSG|DCO|BMS|OT|7799"
	},
	{
		"key": "77920",
		"value": "Restructuring Measur",
		"hierarchyId": "128",
		"parentKey": "DIS|DSG|DCO|BMS|OT|7799"
	},
	{
		"key": "77950",
		"value": "COV AB Others",
		"hierarchyId": "128",
		"parentKey": "DIS|DSG|DCO|BMS|OT|7799"
	},
	{
		"key": "77960",
		"value": "COV AB Lanxess",
		"hierarchyId": "128",
		"parentKey": "DIS|DSG|DCO|BMS|OT|7799"
	},
	{
		"key": "77970",
		"value": "Covestro Carve-Out",
		"hierarchyId": "128",
		"parentKey": "DIS|DSG|DCO|BMS|OT|7799"
	},
	{
		"key": "77980",
		"value": "Group Restructuring",
		"hierarchyId": "128",
		"parentKey": "DIS|DSG|DCO|BMS|OT|7799"
	},
	{
		"key": "77990",
		"value": "Not divided into RU",
		"hierarchyId": "128",
		"parentKey": "DIS|DSG|DCO|BMS|OT|7799"
	},
	{
		"key": "77MI0",
		"value": "77MI0",
		"hierarchyId": "128",
		"parentKey": "#|#|#|#|#|7700"
	},
	{
		"key": "77UN0",
		"value": "77UN0",
		"hierarchyId": "128",
		"parentKey": "#|#|#|#|#|7799"
	},
	{
		"key": "80140",
		"value": "Professional HQ",
		"hierarchyId": "128",
		"parentKey": "CON|SSG|BCS|CP/BS|ES|8019"
	},
	{
		"key": "80170",
		"value": "Vector Control",
		"hierarchyId": "128",
		"parentKey": "CON|SSG|BCS|CP/BS|ES|8019"
	},
	{
		"key": "80180",
		"value": "T&O/FOR/IVM",
		"hierarchyId": "128",
		"parentKey": "CON|SSG|BCS|CP/BS|ES|8019"
	},
	{
		"key": "80200",
		"value": "Reorganisation Profe",
		"hierarchyId": "128",
		"parentKey": "CON|SSG|BCS|CP/BS|ES|8019"
	},
	{
		"key": "80210",
		"value": "Reorganisation Consu",
		"hierarchyId": "128",
		"parentKey": "DIS|DSG|DCO|DCS|ED|8022"
	},
	{
		"key": "80220",
		"value": "Consumer / Branded",
		"hierarchyId": "128",
		"parentKey": "DIS|DSG|DCO|DCS|ED|8022"
	},
	{
		"key": "80230",
		"value": "Specialty Actives",
		"hierarchyId": "128",
		"parentKey": "CON|SSG|BCS|CP/BS|ES|8019"
	},
	{
		"key": "80240",
		"value": "Consumer HQ",
		"hierarchyId": "128",
		"parentKey": "DIS|DSG|DCO|DCS|ED|8022"
	},
	{
		"key": "80290",
		"value": "Prof. Pest Mgmt.",
		"hierarchyId": "128",
		"parentKey": "CON|SSG|BCS|CP/BS|ES|8019"
	},
	{
		"key": "80800",
		"value": "Intern. Reimburs. ES",
		"hierarchyId": "128",
		"parentKey": "CON|SSG|BCS|CP/BS|ES|8099"
	},
	{
		"key": "80920",
		"value": "Restructuring Measur",
		"hierarchyId": "128",
		"parentKey": "CON|SSG|BCS|CP/BS|ES|8099"
	},
	{
		"key": "80980",
		"value": "TSA-Consumer",
		"hierarchyId": "128",
		"parentKey": "CON|SSG|BCS|CP/BS|ES|8099"
	},
	{
		"key": "80AD0",
		"value": "80AD0",
		"hierarchyId": "128",
		"parentKey": "#|#|#|#|#|8000"
	},
	{
		"key": "80DE0",
		"value": "80DE0",
		"hierarchyId": "128",
		"parentKey": "#|#|#|#|#|8000"
	},
	{
		"key": "80EX0",
		"value": "80EX0",
		"hierarchyId": "128",
		"parentKey": "#|#|#|#|#|8000"
	},
	{
		"key": "80MI0",
		"value": "80MI0",
		"hierarchyId": "128",
		"parentKey": "#|#|#|#|#|8000"
	},
	{
		"key": "80MK0",
		"value": "80MK0",
		"hierarchyId": "128",
		"parentKey": "#|#|#|#|#|8000"
	},
	{
		"key": "80PR0",
		"value": "80PR0",
		"hierarchyId": "128",
		"parentKey": "#|#|#|#|#|8000"
	},
	{
		"key": "80RS0",
		"value": "80RS0",
		"hierarchyId": "128",
		"parentKey": "#|#|#|#|#|8000"
	},
	{
		"key": "80UN0",
		"value": "80UN0",
		"hierarchyId": "128",
		"parentKey": "#|#|#|#|#|8000"
	},
	{
		"key": "81250",
		"value": "Reorganisation Veget",
		"hierarchyId": "128",
		"parentKey": "CON|SSG|BCS|CP/BS|BS|8126"
	},
	{
		"key": "81260",
		"value": "Vegetables",
		"hierarchyId": "128",
		"parentKey": "CON|SSG|BCS|CP/BS|BS|8126"
	},
	{
		"key": "81270",
		"value": "Cotton",
		"hierarchyId": "128",
		"parentKey": "CON|SSG|BCS|CP/BS|BS|8154"
	},
	{
		"key": "81280",
		"value": "Seeds Non-Crop Spec.",
		"hierarchyId": "128",
		"parentKey": "CON|SSG|BCS|CP/BS|BS|8155"
	},
	{
		"key": "81310",
		"value": "Oilseeds",
		"hierarchyId": "128",
		"parentKey": "CON|SSG|BCS|CP/BS|BS|8131"
	},
	{
		"key": "81320",
		"value": "Rice",
		"hierarchyId": "128",
		"parentKey": "CON|SSG|BCS|CP/BS|BS|8155"
	},
	{
		"key": "81330",
		"value": "Other Crops",
		"hierarchyId": "128",
		"parentKey": "CON|SSG|BCS|CP/BS|BS|8155"
	},
	{
		"key": "81400",
		"value": "Intern. Cross Charge",
		"hierarchyId": "128",
		"parentKey": "CON|SSG|BCS|CP/BS|BS|8199"
	},
	{
		"key": "81410",
		"value": "Wheat",
		"hierarchyId": "128",
		"parentKey": "CON|SSG|BCS|CP/BS|BS|8155"
	},
	{
		"key": "81420",
		"value": "Soybean",
		"hierarchyId": "128",
		"parentKey": "CON|SSG|BCS|CP/BS|BS|8142"
	},
	{
		"key": "81430",
		"value": "Corn",
		"hierarchyId": "128",
		"parentKey": "CON|SSG|BCS|CP/BS|BS|8127"
	},
	{
		"key": "81800",
		"value": "Int. Reimburs. Seeds",
		"hierarchyId": "128",
		"parentKey": "CON|SSG|BCS|CP/BS|BS|8199"
	},
	{
		"key": "81920",
		"value": "Restructuring Measur",
		"hierarchyId": "128",
		"parentKey": "CON|SSG|BCS|CP/BS|BS|8199"
	},
	{
		"key": "81980",
		"value": "Group Restructuring",
		"hierarchyId": "128",
		"parentKey": "CON|SSG|BCS|CP/BS|BS|8199"
	},
	{
		"key": "81990",
		"value": "Not divided into RU",
		"hierarchyId": "128",
		"parentKey": "CON|SSG|BCS|CP/BS|BS|8199"
	},
	{
		"key": "81AD0",
		"value": "81AD0",
		"hierarchyId": "128",
		"parentKey": "#|#|#|#|#|8100"
	},
	{
		"key": "81DE0",
		"value": "81DE0",
		"hierarchyId": "128",
		"parentKey": "#|#|#|#|#|8100"
	},
	{
		"key": "81EX0",
		"value": "81EX0",
		"hierarchyId": "128",
		"parentKey": "#|#|#|#|#|8100"
	},
	{
		"key": "81MK0",
		"value": "81MK0",
		"hierarchyId": "128",
		"parentKey": "#|#|#|#|#|8100"
	},
	{
		"key": "81PR0",
		"value": "81PR0",
		"hierarchyId": "128",
		"parentKey": "#|#|#|#|#|8100"
	},
	{
		"key": "81RS0",
		"value": "81RS0",
		"hierarchyId": "128",
		"parentKey": "#|#|#|#|#|8100"
	},
	{
		"key": "81UN0",
		"value": "81UN0",
		"hierarchyId": "128",
		"parentKey": "#|#|#|#|#|8100"
	},
	{
		"key": "82930",
		"value": "Elimination internal",
		"hierarchyId": "128",
		"parentKey": "CON|SSG|PHC|OTP|OH|8298"
	},
	{
		"key": "82950",
		"value": "Restr. New Bayer",
		"hierarchyId": "128",
		"parentKey": "CON|SSG|PHC|OTP|OH|8293"
	},
	{
		"key": "82990",
		"value": "Not divided into RU",
		"hierarchyId": "128",
		"parentKey": "CON|SSG|PHC|OTP|OH|8293"
	},
	{
		"key": "83900",
		"value": "IP BCS",
		"hierarchyId": "128",
		"parentKey": "CON|SSG|BCS|CP/BS|OC|8393"
	},
	{
		"key": "83910",
		"value": "Pre Merger Monsanto",
		"hierarchyId": "128",
		"parentKey": "CON|SSG|BCS|CP/BS|OC|8393"
	},
	{
		"key": "83920",
		"value": "Post Merger Monsanto",
		"hierarchyId": "128",
		"parentKey": "CON|SSG|BCS|CP/BS|OC|8393"
	},
	{
		"key": "83940",
		"value": "Monsanto",
		"hierarchyId": "128",
		"parentKey": "CON|SSG|BCS|CP/BS|OC|8393"
	},
	{
		"key": "83980",
		"value": "Group Restructuring",
		"hierarchyId": "128",
		"parentKey": "CON|SSG|BCS|CP/BS|OC|8393"
	},
	{
		"key": "83990",
		"value": "Not divided into BG",
		"hierarchyId": "128",
		"parentKey": "CON|SSG|BCS|CP/BS|OC|8399"
	},
	{
		"key": "90100",
		"value": "STI",
		"hierarchyId": "128",
		"parentKey": "CON|REC|REC|OTS|DV|9001"
	},
	{
		"key": "90200",
		"value": "LTI",
		"hierarchyId": "128",
		"parentKey": "CON|REC|REC|OTS|DV|9001"
	},
	{
		"key": "93990",
		"value": "Not divided into RU",
		"hierarchyId": "128",
		"parentKey": "CON|REC|REC|OTS|EL|9399"
	},
	{
		"key": "97010",
		"value": "Ag.Bus.Third Parties",
		"hierarchyId": "128",
		"parentKey": "CON|REC|REC|OTS|AB|9701"
	},
	{
		"key": "97030",
		"value": "Ag.Bus. Lanxess",
		"hierarchyId": "128",
		"parentKey": "CON|REC|REC|OTS|AB|9701"
	},
	{
		"key": "97050",
		"value": "Ag. Bus. Affiliates",
		"hierarchyId": "128",
		"parentKey": "CON|REC|REC|OTS|AB|9701"
	},
	{
		"key": "97UN0",
		"value": "97UN0",
		"hierarchyId": "128",
		"parentKey": "#|#|#|#|#|9700"
	},
	{
		"key": "98900",
		"value": "GAC Strategy 2015",
		"hierarchyId": "128",
		"parentKey": "CON|REC|REC|OTS|DV|9899"
	},
	{
		"key": "98950",
		"value": "Remn. c/i Covestro",
		"hierarchyId": "128",
		"parentKey": "CON|REC|REC|OTS|DV|9895"
	},
	{
		"key": "98980",
		"value": "Group Restructuring",
		"hierarchyId": "128",
		"parentKey": "CON|REC|REC|OTS|DV|9899"
	},
	{
		"key": "98990",
		"value": "Not divided into RU",
		"hierarchyId": "128",
		"parentKey": "CON|REC|REC|OTS|DV|9899"
	},
	{
		"key": "98UN0",
		"value": "98UN0",
		"hierarchyId": "128",
		"parentKey": "#|#|#|#|#|9800"
	},
	{
		"key": "XXUN0",
		"value": "XXUN0",
		"hierarchyId": "128",
		"parentKey": "#|#|#|#|#|XX00"
	}
]