[
	{
		"key": "#",
		"value": "Not assigned",
		"hierarchyId": "128",
		"parentKey": "#|#|#|#|#"
	},
	{
		"key": "0800",
		"value": "0800",
		"hierarchyId": "128",
		"parentKey": "#|#|#|#|#"
	},
	{
		"key": "0810",
		"value": "Pulmonology/Anti-Infectives",
		"hierarchyId": "128",
		"parentKey": "CON|SSG|PHC|PH/OH|GM"
	},
	{
		"key": "0811",
		"value": "Cardiovascular Diseases",
		"hierarchyId": "128",
		"parentKey": "CON|SSG|PHC|PH/OH|GM"
	},
	{
		"key": "0820",
		"value": "Oncology (ONC)",
		"hierarchyId": "128",
		"parentKey": "CON|SSG|PHC|PH/OH|SM"
	},
	{
		"key": "0821",
		"value": "Transition Genzyme (TGE)",
		"hierarchyId": "128",
		"parentKey": "CON|SSG|PHC|PH/OH|SM"
	},
	{
		"key": "0830",
		"value": "Hematology (HEM)",
		"hierarchyId": "128",
		"parentKey": "CON|SSG|PHC|PH/OH|SM"
	},
	{
		"key": "0840",
		"value": "Pharma Others (PHO)",
		"hierarchyId": "128",
		"parentKey": "CON|SSG|PHC|PH/OH|PO"
	},
	{
		"key": "0871",
		"value": "Women's HealthCare (WHC)",
		"hierarchyId": "128",
		"parentKey": "CON|SSG|PHC|PH/OH|GM"
	},
	{
		"key": "0874",
		"value": "Neurology/CNS (NC)",
		"hierarchyId": "128",
		"parentKey": "CON|SSG|PHC|PH/OH|SM"
	},
	{
		"key": "0875",
		"value": "Molecular Imaging (MOI)",
		"hierarchyId": "128",
		"parentKey": "CON|SSG|PHC|PH/OH|SM"
	},
	{
		"key": "0876",
		"value": "Ophthalmology",
		"hierarchyId": "128",
		"parentKey": "CON|SSG|PHC|PH/OH|SM"
	},
	{
		"key": "0878",
		"value": "Other Business",
		"hierarchyId": "128",
		"parentKey": "CON|SSG|PHC|PH/OH|GM"
	},
	{
		"key": "0900",
		"value": "0900",
		"hierarchyId": "128",
		"parentKey": "#|#|#|#|#"
	},
	{
		"key": "0911",
		"value": "Insecticides (INS)",
		"hierarchyId": "128",
		"parentKey": "CON|SSG|BCS|CP/BS|CP"
	},
	{
		"key": "0913",
		"value": "Fungicides (FUN)",
		"hierarchyId": "128",
		"parentKey": "CON|SSG|BCS|CP/BS|CP"
	},
	{
		"key": "0915",
		"value": "Herbicides (HER)",
		"hierarchyId": "128",
		"parentKey": "CON|SSG|BCS|CP/BS|CP"
	},
	{
		"key": "0923",
		"value": "SeedGrowth (SGR)",
		"hierarchyId": "128",
		"parentKey": "CON|SSG|BCS|CP/BS|CP"
	},
	{
		"key": "0951",
		"value": "Digital Farming",
		"hierarchyId": "128",
		"parentKey": "CON|SSG|BCS|CP/BS|CP"
	},
	{
		"key": "0999",
		"value": "CP_Difference (CP_DIF)",
		"hierarchyId": "128",
		"parentKey": "CON|SSG|BCS|CP/BS|CP"
	},
	{
		"key": "1600",
		"value": "1600",
		"hierarchyId": "128",
		"parentKey": "#|#|#|#|#"
	},
	{
		"key": "1627",
		"value": "Consumer Health (CH)",
		"hierarchyId": "128",
		"parentKey": "CON|SSG|CHE|CH|CC"
	},
	{
		"key": "1800",
		"value": "1800",
		"hierarchyId": "128",
		"parentKey": "#|#|#|#|#"
	},
	{
		"key": "1801",
		"value": "Animal Health (AH)",
		"hierarchyId": "128",
		"parentKey": "CON|SSG|ANH|AN|AH"
	},
	{
		"key": "2000",
		"value": "2000",
		"hierarchyId": "128",
		"parentKey": "#|#|#|#|#"
	},
	{
		"key": "3201",
		"value": "Engineering & Technology",
		"hierarchyId": "128",
		"parentKey": "CON|REC|REC|BHO|HO"
	},
	{
		"key": "3600",
		"value": "3600",
		"hierarchyId": "128",
		"parentKey": "#|#|#|#|#"
	},
	{
		"key": "3901",
		"value": "Currenta (CUR)",
		"hierarchyId": "128",
		"parentKey": "CON|REC|REC|CUR|IS"
	},
	{
		"key": "3999",
		"value": "IS_Difference (IS_DIF)",
		"hierarchyId": "128",
		"parentKey": "CON|REC|REC|CUR|IS"
	},
	{
		"key": "4910",
		"value": "Corporate (CO)",
		"hierarchyId": "128",
		"parentKey": "CON|REC|REC|BHO|HO"
	},
	{
		"key": "4920",
		"value": "Real Estate (IB)",
		"hierarchyId": "128",
		"parentKey": "CON|REC|REC|BHO|HO"
	},
	{
		"key": "4997",
		"value": "Other Corporate Functions",
		"hierarchyId": "128",
		"parentKey": "CON|REC|REC|BHO|HO"
	},
	{
		"key": "5001",
		"value": "Business Services (BBS)",
		"hierarchyId": "128",
		"parentKey": "CON|REC|REC|BBS|BB"
	},
	{
		"key": "5501",
		"value": "Country Platforms (CPL)",
		"hierarchyId": "128",
		"parentKey": "CON|REC|REC|LOS|LO"
	},
	{
		"key": "5504",
		"value": "Global Functions (GF)",
		"hierarchyId": "128",
		"parentKey": "CON|REC|REC|LOS|LO"
	},
	{
		"key": "5802",
		"value": "CUR Subsidiaries (TG)",
		"hierarchyId": "128",
		"parentKey": "CON|REC|REC|CUR|SG"
	},
	{
		"key": "5899",
		"value": "SG_Difference (SG_DIF)",
		"hierarchyId": "128",
		"parentKey": "CON|REC|REC|CUR|SG"
	},
	{
		"key": "6500",
		"value": "6500",
		"hierarchyId": "128",
		"parentKey": "#|#|#|#|#"
	},
	{
		"key": "6571",
		"value": "Diabetes Care TSA DO",
		"hierarchyId": "128",
		"parentKey": "DIS|DSG|DCO|DCH|DC"
	},
	{
		"key": "6572",
		"value": "Diabetes Care (Purchaser)",
		"hierarchyId": "128",
		"parentKey": "DIS|DSG|DCO|DCH|DC"
	},
	{
		"key": "6573",
		"value": "Radiology (RAD)",
		"hierarchyId": "128",
		"parentKey": "CON|SSG|PHC|RD|MC"
	},
	{
		"key": "6575",
		"value": "Diabetes Care (Remnant Bayer)",
		"hierarchyId": "128",
		"parentKey": "CON|SSG|PHC|OTP|OH"
	},
	{
		"key": "6579",
		"value": "Transition Boston (TBO)",
		"hierarchyId": "128",
		"parentKey": "CON|SSG|PHC|RD|MC"
	},
	{
		"key": "7000",
		"value": "7000",
		"hierarchyId": "128",
		"parentKey": "#|#|#|#|#"
	},
	{
		"key": "7004",
		"value": "MDI (MDI)",
		"hierarchyId": "128",
		"parentKey": "DIS|DSG|DCO|BMS|PU"
	},
	{
		"key": "7005",
		"value": "TDI (TDI)",
		"hierarchyId": "128",
		"parentKey": "DIS|DSG|DCO|BMS|PU"
	},
	{
		"key": "7006",
		"value": "Polyether (PET)",
		"hierarchyId": "128",
		"parentKey": "DIS|DSG|DCO|BMS|PU"
	},
	{
		"key": "7300",
		"value": "7300",
		"hierarchyId": "128",
		"parentKey": "#|#|#|#|#"
	},
	{
		"key": "7331",
		"value": "Polycarbonates (PCS)",
		"hierarchyId": "128",
		"parentKey": "DIS|DSG|DCO|BMS|PC"
	},
	{
		"key": "7400",
		"value": "7400",
		"hierarchyId": "128",
		"parentKey": "#|#|#|#|#"
	},
	{
		"key": "7500",
		"value": "7500",
		"hierarchyId": "128",
		"parentKey": "#|#|#|#|#"
	},
	{
		"key": "7551",
		"value": "Base- & mod. Isocyanates (BMI)",
		"hierarchyId": "128",
		"parentKey": "DIS|DSG|DCO|BMS|CA"
	},
	{
		"key": "7552",
		"value": "Resins (RES)",
		"hierarchyId": "128",
		"parentKey": "DIS|DSG|DCO|BMS|CA"
	},
	{
		"key": "7553",
		"value": "Specialty Films (SF)",
		"hierarchyId": "128",
		"parentKey": "DIS|DSG|DCO|BMS|CA"
	},
	{
		"key": "7700",
		"value": "7700",
		"hierarchyId": "128",
		"parentKey": "#|#|#|#|#"
	},
	{
		"key": "7761",
		"value": "Basic Chemicals (BC)",
		"hierarchyId": "128",
		"parentKey": "DIS|DSG|DCO|BMS|OT"
	},
	{
		"key": "7762",
		"value": "Side-Line Business (SLB)",
		"hierarchyId": "128",
		"parentKey": "DIS|DSG|DCO|BMS|OT"
	},
	{
		"key": "7785",
		"value": "Corporate Center (CC)",
		"hierarchyId": "128",
		"parentKey": "DIS|DSG|DCO|BMS|OT"
	},
	{
		"key": "7799",
		"value": "OT_Difference (OT_DIF)",
		"hierarchyId": "128",
		"parentKey": "#|#|#|#|#"
	},
	{
		"key": "8000",
		"value": "8000",
		"hierarchyId": "128",
		"parentKey": "#|#|#|#|#"
	},
	{
		"key": "8019",
		"value": "Environmental Science",
		"hierarchyId": "128",
		"parentKey": "CON|SSG|BCS|CP/BS|ES"
	},
	{
		"key": "8022",
		"value": "Consumer (CNS)",
		"hierarchyId": "128",
		"parentKey": "DIS|DSG|DCO|DCS|ED"
	},
	{
		"key": "8099",
		"value": "ES_Difference (ES_DIF)",
		"hierarchyId": "128",
		"parentKey": "CON|SSG|BCS|CP/BS|ES"
	},
	{
		"key": "8100",
		"value": "8100",
		"hierarchyId": "128",
		"parentKey": "#|#|#|#|#"
	},
	{
		"key": "8126",
		"value": "Vegetables (VEG)",
		"hierarchyId": "128",
		"parentKey": "CON|SSG|BCS|CP/BS|BS"
	},
	{
		"key": "8127",
		"value": "Seeds & Traits (S&T)",
		"hierarchyId": "128",
		"parentKey": "CON|SSG|BCS|CP/BS|BS"
	},
	{
		"key": "8131",
		"value": "Oilseeds",
		"hierarchyId": "128",
		"parentKey": "CON|SSG|BCS|CP/BS|BS"
	},
	{
		"key": "8142",
		"value": "Soybean Seeds",
		"hierarchyId": "128",
		"parentKey": "CON|SSG|BCS|CP/BS|BS"
	},
	{
		"key": "8143",
		"value": "Corn Seeds",
		"hierarchyId": "128",
		"parentKey": "CON|SSG|BCS|CP/BS|BS"
	},
	{
		"key": "8154",
		"value": "Cotton Seeds",
		"hierarchyId": "128",
		"parentKey": "CON|SSG|BCS|CP/BS|BS"
	},
	{
		"key": "8155",
		"value": "Other Seeds",
		"hierarchyId": "128",
		"parentKey": "CON|SSG|BCS|CP/BS|BS"
	},
	{
		"key": "8199",
		"value": "BS_Difference (BS_DIF)",
		"hierarchyId": "128",
		"parentKey": "CON|SSG|BCS|CP/BS|BS"
	},
	{
		"key": "8293",
		"value": "Others BHC (OTH)",
		"hierarchyId": "128",
		"parentKey": "CON|SSG|PHC|OTP|OH"
	},
	{
		"key": "8298",
		"value": "Elim.inter. Business BHC (EHC)",
		"hierarchyId": "128",
		"parentKey": "CON|SSG|PHC|OTP|OH"
	},
	{
		"key": "8393",
		"value": "Others BCS (OH)",
		"hierarchyId": "128",
		"parentKey": "CON|SSG|BCS|CP/BS|OC"
	},
	{
		"key": "8399",
		"value": "OC_Difference (OC_DIF)",
		"hierarchyId": "128",
		"parentKey": "CON|SSG|BCS|CP/BS|OC"
	},
	{
		"key": "9001",
		"value": "STI/LTI",
		"hierarchyId": "128",
		"parentKey": "CON|REC|REC|OTS|DV"
	},
	{
		"key": "9399",
		"value": "EL_Difference (EL_DIF)",
		"hierarchyId": "128",
		"parentKey": "CON|REC|REC|OTS|EL"
	},
	{
		"key": "9700",
		"value": "9700",
		"hierarchyId": "128",
		"parentKey": "#|#|#|#|#"
	},
	{
		"key": "9701",
		"value": "Agency Business (AB)",
		"hierarchyId": "128",
		"parentKey": "CON|REC|REC|OTS|AB"
	},
	{
		"key": "9800",
		"value": "9800",
		"hierarchyId": "128",
		"parentKey": "#|#|#|#|#"
	},
	{
		"key": "9895",
		"value": "Remnant business Covestro",
		"hierarchyId": "128",
		"parentKey": "CON|REC|REC|OTS|DV"
	},
	{
		"key": "9899",
		"value": "Other Products (DIV)",
		"hierarchyId": "128",
		"parentKey": "CON|REC|REC|OTS|DV"
	},
	{
		"key": "XX00",
		"value": "XX00",
		"hierarchyId": "128",
		"parentKey": "#|#|#|#|#"
	}
]