[
	{
		"key": "#",
		"value": "Not assigned",
		"hierarchyId": null,
		"parentKey": null
	},
	{
		"key": "1",
		"value": "Beef",
		"hierarchyId": null,
		"parentKey": null
	},
	{
		"key": "10",
		"value": "Other CAP",
		"hierarchyId": null,
		"parentKey": null
	},
	{
		"key": "2",
		"value": "Dairy",
		"hierarchyId": null,
		"parentKey": null
	},
	{
		"key": "3",
		"value": "Sheep",
		"hierarchyId": null,
		"parentKey": null
	},
	{
		"key": "4",
		"value": "Swine",
		"hierarchyId": null,
		"parentKey": null
	},
	{
		"key": "5",
		"value": "Poultry",
		"hierarchyId": null,
		"parentKey": null
	},
	{
		"key": "6",
		"value": "Aqua",
		"hierarchyId": null,
		"parentKey": null
	},
	{
		"key": "7",
		"value": "Other FAP",
		"hierarchyId": null,
		"parentKey": null
	},
	{
		"key": "8",
		"value": "Dog",
		"hierarchyId": null,
		"parentKey": null
	},
	{
		"key": "9",
		"value": "Cat",
		"hierarchyId": null,
		"parentKey": null
	},
	{
		"key": "999",
		"value": "None",
		"hierarchyId": null,
		"parentKey": null
	}
]