[
	{
		"key": "#",
		"value": "Not assigned",
		"hierarchyId": "138",
		"parentKey": "#|#"
	},
	{
		"key": "000AH3REGION_HQ",
		"value": "Region HQ",
		"hierarchyId": "138",
		"parentKey": "ANH|100200_REG"
	},
	{
		"key": "000AH3REG_ADJUSTMENTS",
		"value": "Region Adjustments",
		"hierarchyId": "138",
		"parentKey": "ANH|100200_REG"
	},
	{
		"key": "001_USPR",
		"value": "USA incl. Puerto Rico",
		"hierarchyId": "138",
		"parentKey": "ANH|100001_REG"
	},
	{
		"key": "010AH3ASIA_SUB",
		"value": "Asia",
		"hierarchyId": "138",
		"parentKey": "ANH|100200_REG"
	},
	{
		"key": "010AH3UK",
		"value": "UK",
		"hierarchyId": "138",
		"parentKey": "ANH|100100_REG"
	},
	{
		"key": "010CH3EUROPENORTH_SUB",
		"value": "Europe North",
		"hierarchyId": "138",
		"parentKey": "CHE|100001_REG"
	},
	{
		"key": "010CH3USAINCLPUERTORICO",
		"value": "USA inc. Puerto Rico",
		"hierarchyId": "138",
		"parentKey": "CHE|100003_REG"
	},
	{
		"key": "010PH3CHINA_REG",
		"value": "China",
		"hierarchyId": "138",
		"parentKey": "PHC|100003_REG"
	},
	{
		"key": "010PH3GERMANY",
		"value": "Germany",
		"hierarchyId": "138",
		"parentKey": "PHC|100001_REG"
	},
	{
		"key": "010PH3USA_REG",
		"value": "USA",
		"hierarchyId": "138",
		"parentKey": "PHC|100001_REG"
	},
	{
		"key": "020AH3ITALY",
		"value": "Italy",
		"hierarchyId": "138",
		"parentKey": "ANH|100100_REG"
	},
	{
		"key": "020CH3CA",
		"value": "Canada",
		"hierarchyId": "138",
		"parentKey": "CHE|100003_REG"
	},
	{
		"key": "020CH3CONOSUR_SUB",
		"value": "Conosur",
		"hierarchyId": "138",
		"parentKey": "CHE|100004_REG"
	},
	{
		"key": "020CH3EUROPESOUTH_SUB",
		"value": "Europe South",
		"hierarchyId": "138",
		"parentKey": "CHE|100001_REG"
	},
	{
		"key": "020PH3APAC_REG",
		"value": "APAC",
		"hierarchyId": "138",
		"parentKey": "PHC|100003_REG"
	},
	{
		"key": "020PH3CANADA",
		"value": "Canada",
		"hierarchyId": "138",
		"parentKey": "PHC|100001_REG"
	},
	{
		"key": "020PH3UK",
		"value": "United Kingdom",
		"hierarchyId": "138",
		"parentKey": "PHC|100005_REG"
	},
	{
		"key": "030AH3ANZ_SUB",
		"value": "ANZ",
		"hierarchyId": "138",
		"parentKey": "ANH|100200_REG"
	},
	{
		"key": "030AH3DACH",
		"value": "DACH",
		"hierarchyId": "138",
		"parentKey": "ANH|100100_REG"
	},
	{
		"key": "030AH3LATAM NORTH_SUB",
		"value": "LATAM North",
		"hierarchyId": "138",
		"parentKey": "ANH|100200_REG"
	},
	{
		"key": "030CH3EUDE",
		"value": "Germany",
		"hierarchyId": "138",
		"parentKey": "CHE|100001_REG"
	},
	{
		"key": "030PH3FRANCE",
		"value": "France",
		"hierarchyId": "138",
		"parentKey": "PHC|100005_REG"
	},
	{
		"key": "030PH3LATAM_REG",
		"value": "LATAM",
		"hierarchyId": "138",
		"parentKey": "PHC|100001_REG"
	},
	{
		"key": "040AH3FRANCE",
		"value": "France",
		"hierarchyId": "138",
		"parentKey": "ANH|100100_REG"
	},
	{
		"key": "040AH3GREATERCHINA_SUB",
		"value": "Greater China",
		"hierarchyId": "138",
		"parentKey": "ANH|100200_REG"
	},
	{
		"key": "040CH3EURUSSIACIS",
		"value": "Russia / CIS",
		"hierarchyId": "138",
		"parentKey": "CHE|100001_REG"
	},
	{
		"key": "040CH3MEXICO",
		"value": "Mexico",
		"hierarchyId": "138",
		"parentKey": "CHE|100004_REG"
	},
	{
		"key": "040PH3ITALY",
		"value": "Italy",
		"hierarchyId": "138",
		"parentKey": "PHC|100005_REG"
	},
	{
		"key": "050AH3IBERIA",
		"value": "Iberia",
		"hierarchyId": "138",
		"parentKey": "ANH|100100_REG"
	},
	{
		"key": "050AH3LATAM SOUTH_SUB",
		"value": "LATAM South",
		"hierarchyId": "138",
		"parentKey": "ANH|100200_REG"
	},
	{
		"key": "050PH3SPAIN",
		"value": "Spain",
		"hierarchyId": "138",
		"parentKey": "PHC|100005_REG"
	},
	{
		"key": "060AH3BENELUX",
		"value": "BeNeLux",
		"hierarchyId": "138",
		"parentKey": "ANH|100100_REG"
	},
	{
		"key": "060AH3MERA_SUB",
		"value": "MERA",
		"hierarchyId": "138",
		"parentKey": "ANH|100200_REG"
	},
	{
		"key": "060CH3APAC_SUB",
		"value": "Asia Pacific / Japan",
		"hierarchyId": "138",
		"parentKey": "CHE|100006_REG"
	},
	{
		"key": "060CH3CENTROCARIBE",
		"value": "Centro Caribe",
		"hierarchyId": "138",
		"parentKey": "CHE|100004_REG"
	},
	{
		"key": "070AH3CEE",
		"value": "Central Eastern Europe",
		"hierarchyId": "138",
		"parentKey": "ANH|100100_REG"
	},
	{
		"key": "070CH3ANDEAN_SUB",
		"value": "Andean",
		"hierarchyId": "138",
		"parentKey": "CHE|100004_REG"
	},
	{
		"key": "070CH3CHINA",
		"value": "China",
		"hierarchyId": "138",
		"parentKey": "CHE|100006_REG"
	},
	{
		"key": "080AH3NORDICS",
		"value": "Nordics",
		"hierarchyId": "138",
		"parentKey": "ANH|100100_REG"
	},
	{
		"key": "090AH3SEE",
		"value": "South East Europe",
		"hierarchyId": "138",
		"parentKey": "ANH|100100_REG"
	},
	{
		"key": "090CH3BRAZIL",
		"value": "Brazil",
		"hierarchyId": "138",
		"parentKey": "CHE|100004_REG"
	},
	{
		"key": "090CH3OTHERASIAPACIFIC",
		"value": "Other Asia Pacific",
		"hierarchyId": "138",
		"parentKey": "CHE|100006_REG"
	},
	{
		"key": "090CH3OTHEREUROPE",
		"value": "Other Europe",
		"hierarchyId": "138",
		"parentKey": "CHE|100001_REG"
	},
	{
		"key": "095AH3PORTUGAL",
		"value": "Portugal",
		"hierarchyId": "138",
		"parentKey": "ANH|100100_REG"
	},
	{
		"key": "0ACO",
		"value": "Commercial Operations HQ",
		"hierarchyId": "138",
		"parentKey": "BCS|0ACO"
	},
	{
		"key": "0CONTRACT",
		"value": "Contract Business",
		"hierarchyId": "138",
		"parentKey": "PHC|70"
	},
	{
		"key": "0NEWS",
		"value": "BCS/0NEWS",
		"hierarchyId": "138",
		"parentKey": "BCS|0NEWS"
	},
	{
		"key": "100001_REG",
		"value": "Americas",
		"hierarchyId": "138",
		"parentKey": "PHC|100001_REG"
	},
	{
		"key": "100003_REG",
		"value": "China & APAC",
		"hierarchyId": "138",
		"parentKey": "PHC|100003_REG"
	},
	{
		"key": "100005_REG",
		"value": "EMEA",
		"hierarchyId": "138",
		"parentKey": "PHC|100005_REG"
	},
	{
		"key": "100100_REG",
		"value": "Americas",
		"hierarchyId": "138",
		"parentKey": "PHC|RD"
	},
	{
		"key": "100200_REG",
		"value": "Asia Pacific",
		"hierarchyId": "138",
		"parentKey": "PHC|RD"
	},
	{
		"key": "100300_REG",
		"value": "Europe",
		"hierarchyId": "138",
		"parentKey": "PHC|RD"
	},
	{
		"key": "100400_REG",
		"value": "Pseudo Country",
		"hierarchyId": "138",
		"parentKey": "PHC|RD"
	},
	{
		"key": "110000",
		"value": "Region HQ",
		"hierarchyId": "138",
		"parentKey": "ANH|100001_REG"
	},
	{
		"key": "1EM1_REG",
		"value": "EMEA 1",
		"hierarchyId": "138",
		"parentKey": "BCS|0ACO"
	},
	{
		"key": "1EM2_REG",
		"value": "EMEA 2",
		"hierarchyId": "138",
		"parentKey": "BCS|0ACO"
	},
	{
		"key": "1EM3_REG",
		"value": "EMEA 3",
		"hierarchyId": "138",
		"parentKey": "BCS|0ACO"
	},
	{
		"key": "200000",
		"value": "Product Supply",
		"hierarchyId": "138",
		"parentKey": "ANH|30"
	},
	{
		"key": "30",
		"value": "Division HQ",
		"hierarchyId": "138",
		"parentKey": "CHE|30"
	},
	{
		"key": "300000",
		"value": "Global CAO",
		"hierarchyId": "138",
		"parentKey": "ANH|30"
	},
	{
		"key": "300_CA",
		"value": "Canada",
		"hierarchyId": "138",
		"parentKey": "ANH|100001_REG"
	},
	{
		"key": "3N1_REG",
		"value": "North America",
		"hierarchyId": "138",
		"parentKey": "BCS|0ACO"
	},
	{
		"key": "400000",
		"value": "Global R&D",
		"hierarchyId": "138",
		"parentKey": "ANH|30"
	},
	{
		"key": "500000",
		"value": "Non-Core Activities",
		"hierarchyId": "138",
		"parentKey": "ANH|70"
	},
	{
		"key": "500100",
		"value": "Globally Managed Business",
		"hierarchyId": "138",
		"parentKey": "ANH|70"
	},
	{
		"key": "500200",
		"value": "Manufacturing Services",
		"hierarchyId": "138",
		"parentKey": "ANH|70"
	},
	{
		"key": "500300",
		"value": "Healthcare Programs",
		"hierarchyId": "138",
		"parentKey": "CHE|70"
	},
	{
		"key": "500500",
		"value": "Corporate Sales",
		"hierarchyId": "138",
		"parentKey": "BCS|70"
	},
	{
		"key": "500600",
		"value": "Industrial Sales",
		"hierarchyId": "138",
		"parentKey": "BCS|70"
	},
	{
		"key": "500700",
		"value": "PM Sales",
		"hierarchyId": "138",
		"parentKey": "BCS|70"
	},
	{
		"key": "500900",
		"value": "Additional Business (excl.by Local Unit)",
		"hierarchyId": "138",
		"parentKey": "BCS|70"
	},
	{
		"key": "5L1",
		"value": "LATAM 1",
		"hierarchyId": "138",
		"parentKey": "BCS|0ACO"
	},
	{
		"key": "5L2_REG",
		"value": "LATAM 2",
		"hierarchyId": "138",
		"parentKey": "BCS|0ACO"
	},
	{
		"key": "600000",
		"value": "Divisional HQ (incl. BPA)",
		"hierarchyId": "138",
		"parentKey": "ANH|30"
	},
	{
		"key": "600100",
		"value": "Divisional BU HQ",
		"hierarchyId": "138",
		"parentKey": "ANH|30"
	},
	{
		"key": "600200",
		"value": "Global Divisional Marketing",
		"hierarchyId": "138",
		"parentKey": "ANH|30"
	},
	{
		"key": "600300",
		"value": "Global Divisional Licensing",
		"hierarchyId": "138",
		"parentKey": "BCS|30"
	},
	{
		"key": "600400",
		"value": "Global Divisional Market Access",
		"hierarchyId": "138",
		"parentKey": "BCS|30"
	},
	{
		"key": "600500",
		"value": "Brand Core Teams",
		"hierarchyId": "138",
		"parentKey": "ANH|30"
	},
	{
		"key": "70",
		"value": "Additional Business",
		"hierarchyId": "138",
		"parentKey": "PHC|RD"
	},
	{
		"key": "700000",
		"value": "PPA",
		"hierarchyId": "138",
		"parentKey": "ANH|90"
	},
	{
		"key": "7A1_REG",
		"value": "APAC 1",
		"hierarchyId": "138",
		"parentKey": "BCS|0ACO"
	},
	{
		"key": "7A2_REG",
		"value": "APAC 2",
		"hierarchyId": "138",
		"parentKey": "BCS|0ACO"
	},
	{
		"key": "800000",
		"value": "Divested Business",
		"hierarchyId": "138",
		"parentKey": "BCS|80"
	},
	{
		"key": "90",
		"value": "PPA",
		"hierarchyId": "138",
		"parentKey": "PHC|RD"
	},
	{
		"key": "990000",
		"value": "Not Assigned",
		"hierarchyId": "138",
		"parentKey": "ANH|30"
	},
	{
		"key": "AMERICAS_R",
		"value": "Americas (Region)",
		"hierarchyId": "138",
		"parentKey": "PHC|100001_REG"
	},
	{
		"key": "ANH",
		"value": "Animal Health",
		"hierarchyId": "138",
		"parentKey": "ANH|ANH"
	},
	{
		"key": "BBS",
		"value": "Business Services",
		"hierarchyId": "138",
		"parentKey": "REC|BBS"
	},
	{
		"key": "BCS",
		"value": "Crop Science",
		"hierarchyId": "138",
		"parentKey": "BCS|BCS"
	},
	{
		"key": "BHO",
		"value": "Corporate Functions",
		"hierarchyId": "138",
		"parentKey": "REC|BHO"
	},
	{
		"key": "BMS",
		"value": "Covestro Discontinued",
		"hierarchyId": "138",
		"parentKey": "BMS|BMS"
	},
	{
		"key": "CCTH_A0",
		"value": "Bayer Holding",
		"hierarchyId": "138",
		"parentKey": "REC|BHO"
	},
	{
		"key": "CCTH_A3",
		"value": "BHC Subgroup",
		"hierarchyId": "138",
		"parentKey": "REC|OTH"
	},
	{
		"key": "CCTH_BF",
		"value": "CH Finance",
		"hierarchyId": "138",
		"parentKey": "CHE|30"
	},
	{
		"key": "CCTH_C3A",
		"value": "Seeds & Traits ACO",
		"hierarchyId": "138",
		"parentKey": "BCS|0NEWS"
	},
	{
		"key": "CCTH_C3S",
		"value": "Seeds & Traits New",
		"hierarchyId": "138",
		"parentKey": "BCS|0NEWS"
	},
	{
		"key": "CCTH_CB",
		"value": "BAC",
		"hierarchyId": "138",
		"parentKey": "BCS|30"
	},
	{
		"key": "CCTH_CC",
		"value": "Digital Farming",
		"hierarchyId": "138",
		"parentKey": "BCS|30"
	},
	{
		"key": "CCTH_CD",
		"value": "ACO HQ",
		"hierarchyId": "138",
		"parentKey": "BCS|30"
	},
	{
		"key": "CCTH_CE",
		"value": "SPM",
		"hierarchyId": "138",
		"parentKey": "BCS|30"
	},
	{
		"key": "CCTH_CF",
		"value": "CS Finance",
		"hierarchyId": "138",
		"parentKey": "BCS|30"
	},
	{
		"key": "CCTH_CX",
		"value": "Projects & Sup.",
		"hierarchyId": "138",
		"parentKey": "BCS|30"
	},
	{
		"key": "CCTH_D",
		"value": "Chief Executive Officer",
		"hierarchyId": "138",
		"parentKey": "REC|BHO"
	},
	{
		"key": "CCTH_E",
		"value": "Finance",
		"hierarchyId": "138",
		"parentKey": "REC|BHO"
	},
	{
		"key": "CCTH_G",
		"value": "HR, Technology & Sustainability",
		"hierarchyId": "138",
		"parentKey": "REC|BHO"
	},
	{
		"key": "CCTH_H",
		"value": "Innovation",
		"hierarchyId": "138",
		"parentKey": "REC|BHO"
	},
	{
		"key": "CCTH_I",
		"value": "Business Services",
		"hierarchyId": "138",
		"parentKey": "REC|BBS"
	},
	{
		"key": "CCTH_IA",
		"value": "Central Costs",
		"hierarchyId": "138",
		"parentKey": "REC|BBS"
	},
	{
		"key": "CCTH_IB",
		"value": "IT Func. Lead.",
		"hierarchyId": "138",
		"parentKey": "REC|BBS"
	},
	{
		"key": "CCTH_IC",
		"value": "ITO",
		"hierarchyId": "138",
		"parentKey": "REC|BBS"
	},
	{
		"key": "CCTH_ID",
		"value": "IT BP",
		"hierarchyId": "138",
		"parentKey": "REC|BBS"
	},
	{
		"key": "CCTH_IE",
		"value": "IBO",
		"hierarchyId": "138",
		"parentKey": "REC|BBS"
	},
	{
		"key": "CCTH_IF",
		"value": "HRO",
		"hierarchyId": "138",
		"parentKey": "REC|BBS"
	},
	{
		"key": "CCTH_IG",
		"value": "Bus. Consulting",
		"hierarchyId": "138",
		"parentKey": "REC|BBS"
	},
	{
		"key": "CCTH_IH",
		"value": "Admin. Services",
		"hierarchyId": "138",
		"parentKey": "REC|BBS"
	},
	{
		"key": "CCTH_II",
		"value": "iPSE2020",
		"hierarchyId": "138",
		"parentKey": "REC|BBS"
	},
	{
		"key": "CCTH_IJ",
		"value": "New Bayer",
		"hierarchyId": "138",
		"parentKey": "REC|BBS"
	},
	{
		"key": "CCTH_JF",
		"value": "AH Finance",
		"hierarchyId": "138",
		"parentKey": "ANH|30"
	},
	{
		"key": "CCTH_K",
		"value": "Country Platform",
		"hierarchyId": "138",
		"parentKey": "REC|LOS"
	},
	{
		"key": "CCTH_KA",
		"value": "SBR",
		"hierarchyId": "138",
		"parentKey": "REC|LOS"
	},
	{
		"key": "CCTH_KB",
		"value": "CFO",
		"hierarchyId": "138",
		"parentKey": "REC|LOS"
	},
	{
		"key": "CCTH_KC",
		"value": "LBS",
		"hierarchyId": "138",
		"parentKey": "REC|LOS"
	},
	{
		"key": "CCTH_LC",
		"value": "Currenta",
		"hierarchyId": "138",
		"parentKey": "CUR|CUR"
	},
	{
		"key": "CCTH_LL",
		"value": "Chemion",
		"hierarchyId": "138",
		"parentKey": "CUR|CUR"
	},
	{
		"key": "CCTH_LT",
		"value": "Tectrion",
		"hierarchyId": "138",
		"parentKey": "CUR|CUR"
	},
	{
		"key": "CCTH_PA",
		"value": "Drug Discovery",
		"hierarchyId": "138",
		"parentKey": "PHC|30"
	},
	{
		"key": "CCTH_PB",
		"value": "Development",
		"hierarchyId": "138",
		"parentKey": "PHC|30"
	},
	{
		"key": "CCTH_PC",
		"value": "Medical Aff. & PV",
		"hierarchyId": "138",
		"parentKey": "PHC|30"
	},
	{
		"key": "CCTH_PF",
		"value": "PH Finance",
		"hierarchyId": "138",
		"parentKey": "PHC|30"
	},
	{
		"key": "CCTH_PG",
		"value": "Oncology",
		"hierarchyId": "138",
		"parentKey": "PHC|30"
	},
	{
		"key": "CCTH_PX",
		"value": "Div. Projects & Sup.",
		"hierarchyId": "138",
		"parentKey": "PHC|30"
	},
	{
		"key": "CHE",
		"value": "Consumer Health",
		"hierarchyId": "138",
		"parentKey": "CHE|CHE"
	},
	{
		"key": "CHINA_APAC_R",
		"value": "China & APAC (Region)",
		"hierarchyId": "138",
		"parentKey": "PHC|100003_REG"
	},
	{
		"key": "CUR",
		"value": "Currenta",
		"hierarchyId": "138",
		"parentKey": "CUR|CUR"
	},
	{
		"key": "DCH",
		"value": "Consumer Health Discontinued",
		"hierarchyId": "138",
		"parentKey": "DCH|DCH"
	},
	{
		"key": "DCO",
		"value": "Discontinued Operations",
		"hierarchyId": "138",
		"parentKey": "DCO|DCO"
	},
	{
		"key": "JAPAN",
		"value": "Japan",
		"hierarchyId": "138",
		"parentKey": "PHC|100007"
	},
	{
		"key": "LOS",
		"value": "Country Platforms",
		"hierarchyId": "138",
		"parentKey": "REC|LOS"
	},
	{
		"key": "MON",
		"value": "BCS/MON",
		"hierarchyId": "138",
		"parentKey": "BCS|MON"
	},
	{
		"key": "NA.2",
		"value": "RE - Not assigned",
		"hierarchyId": "138",
		"parentKey": "REC|NA"
	},
	{
		"key": "OTH",
		"value": "Other Products",
		"hierarchyId": "138",
		"parentKey": "REC|OTH"
	},
	{
		"key": "OTHER EUROPE_SR",
		"value": "Other Europe",
		"hierarchyId": "138",
		"parentKey": "ANH|100100_REG"
	},
	{
		"key": "PHC",
		"value": "Pharmaceuticals",
		"hierarchyId": "138",
		"parentKey": "PHC|PHC"
	},
	{
		"key": "PSEUDO COUNTRY",
		"value": "Pseudo Country",
		"hierarchyId": "138",
		"parentKey": "CHE|100009_REG"
	},
	{
		"key": "PSEUDO COUNTRY_SR",
		"value": "Pseudo Country",
		"hierarchyId": "138",
		"parentKey": "ANH|100300_REG"
	},
	{
		"key": "RD",
		"value": "Radiology",
		"hierarchyId": "138",
		"parentKey": "PHC|RD"
	},
	{
		"key": "RE.1",
		"value": "RE.1 - Agency",
		"hierarchyId": "138",
		"parentKey": "REC|RE.1"
	},
	{
		"key": "RE.2",
		"value": "RE.2 - LTI",
		"hierarchyId": "138",
		"parentKey": "REC|RE.2"
	},
	{
		"key": "RE.3",
		"value": "RE.3 - Corporate Functions",
		"hierarchyId": "138",
		"parentKey": "REC|RE.3"
	},
	{
		"key": "RE.3.1",
		"value": "RE.3.1 - CF - Germany (separator)",
		"hierarchyId": "138",
		"parentKey": "REC|RE.3"
	},
	{
		"key": "RE.3.2",
		"value": "RE.3.2 - CF - International (separator)",
		"hierarchyId": "138",
		"parentKey": "REC|RE.3"
	},
	{
		"key": "RE.3.99",
		"value": "Reimbursements",
		"hierarchyId": "138",
		"parentKey": "REC|RE.3"
	},
	{
		"key": "RE.4",
		"value": "RE.4 - Business Services",
		"hierarchyId": "138",
		"parentKey": "REC|RE.4"
	},
	{
		"key": "RE.4.1",
		"value": "RE.4.1 - BS - Germany (separator)",
		"hierarchyId": "138",
		"parentKey": "REC|RE.4"
	},
	{
		"key": "RE.4.2",
		"value": "RE.4.2 - BS - International (separator)",
		"hierarchyId": "138",
		"parentKey": "REC|RE.4"
	},
	{
		"key": "RE.4.99",
		"value": "Reimbursements",
		"hierarchyId": "138",
		"parentKey": "REC|RE.4"
	},
	{
		"key": "RE.5",
		"value": "RE.5 - Currenta",
		"hierarchyId": "138",
		"parentKey": "REC|RE.5"
	},
	{
		"key": "RE.6",
		"value": "RE.6 - Country Platform (separator)",
		"hierarchyId": "138",
		"parentKey": "REC|RE.6"
	},
	{
		"key": "RE.6.1",
		"value": "RE.6.1 - CPL - Germany",
		"hierarchyId": "138",
		"parentKey": "REC|RE.6"
	},
	{
		"key": "RE.6.2",
		"value": "RE.6.2 - CPL - International (separator)",
		"hierarchyId": "138",
		"parentKey": "REC|RE.6"
	},
	{
		"key": "RE.6.99",
		"value": "Reimbursements",
		"hierarchyId": "138",
		"parentKey": "REC|RE.6"
	},
	{
		"key": "RE.7",
		"value": "RE.7 - Other Products",
		"hierarchyId": "138",
		"parentKey": "REC|RE.7"
	},
	{
		"key": "RE.7.1",
		"value": "RE.7.1 - Oth. Prod. - Germany",
		"hierarchyId": "138",
		"parentKey": "REC|RE.7"
	},
	{
		"key": "RE.7.2",
		"value": "RE.7.2 - Oth. Prod. - International (separator)",
		"hierarchyId": "138",
		"parentKey": "REC|RE.7"
	},
	{
		"key": "SMRTG",
		"value": "Strategic Marketing",
		"hierarchyId": "138",
		"parentKey": "PHC|30"
	},
	{
		"key": "ZW_EMA_REG",
		"value": "EMA",
		"hierarchyId": "138",
		"parentKey": "PHC|100005_REG"
	},
	{
		"key": "ZW_EU1_REG",
		"value": "EU I",
		"hierarchyId": "138",
		"parentKey": "PHC|100005_REG"
	},
	{
		"key": "ZW_EU2_REG",
		"value": "EU II",
		"hierarchyId": "138",
		"parentKey": "PHC|100005_REG"
	},
	{
		"key": "ZZADJW_REG",
		"value": "Adjustments World",
		"hierarchyId": "138",
		"parentKey": "BCS|0ACO"
	},
	{
		"key": "ZZX_ES",
		"value": "Environmental Science",
		"hierarchyId": "138",
		"parentKey": "BCS|0ACO"
	},
	{
		"key": "ZZZCH3OTHERLATAM",
		"value": "Other Latam",
		"hierarchyId": "138",
		"parentKey": "CHE|100004_REG"
	},
	{
		"key": "ZZ_EMEA_R",
		"value": "EMEA (Region)",
		"hierarchyId": "138",
		"parentKey": "PHC|100005_REG"
	}
]