[
	{
		"key": "#",
		"value": "Not assigned",
		"hierarchyId": null,
		"parentKey": null
	},
	{
		"key": "ARCAR",
		"value": "Cardiology",
		"hierarchyId": null,
		"parentKey": null
	},
	{
		"key": "AREST",
		"value": "Established Products",
		"hierarchyId": null,
		"parentKey": null
	},
	{
		"key": "ARITH",
		"value": "Innovative Therapies",
		"hierarchyId": null,
		"parentKey": null
	},
	{
		"key": "ARNCB",
		"value": "Others NCB",
		"hierarchyId": null,
		"parentKey": null
	},
	{
		"key": "ARONC",
		"value": "Oncology",
		"hierarchyId": null,
		"parentKey": null
	},
	{
		"key": "DEAH",
		"value": "AH",
		"hierarchyId": null,
		"parentKey": null
	},
	{
		"key": "DECC",
		"value": "CC",
		"hierarchyId": null,
		"parentKey": null
	},
	{
		"key": "DEDDC",
		"value": "Disc. DC",
		"hierarchyId": null,
		"parentKey": null
	},
	{
		"key": "DEGM",
		"value": "GM",
		"hierarchyId": null,
		"parentKey": null
	},
	{
		"key": "DEHON",
		"value": "HEM & ONC",
		"hierarchyId": null,
		"parentKey": null
	},
	{
		"key": "DEMOI",
		"value": "MOI",
		"hierarchyId": null,
		"parentKey": null
	},
	{
		"key": "DEOB",
		"value": "OTH Bus.",
		"hierarchyId": null,
		"parentKey": null
	},
	{
		"key": "DEOTH",
		"value": "PH-OTH",
		"hierarchyId": null,
		"parentKey": null
	},
	{
		"key": "DERA",
		"value": "RAD",
		"hierarchyId": null,
		"parentKey": null
	},
	{
		"key": "DESM",
		"value": "SM",
		"hierarchyId": null,
		"parentKey": null
	},
	{
		"key": "DETG",
		"value": "Trans",
		"hierarchyId": null,
		"parentKey": null
	},
	{
		"key": "DEWHC",
		"value": "WHC",
		"hierarchyId": null,
		"parentKey": null
	},
	{
		"key": "JPAH",
		"value": "AH",
		"hierarchyId": null,
		"parentKey": null
	},
	{
		"key": "JPBBS",
		"value": "BBS",
		"hierarchyId": null,
		"parentKey": null
	},
	{
		"key": "JPBGP",
		"value": "BBGP",
		"hierarchyId": null,
		"parentKey": null
	},
	{
		"key": "JPCH",
		"value": "CH",
		"hierarchyId": null,
		"parentKey": null
	},
	{
		"key": "JPCVN",
		"value": "CRM/Neur.",
		"hierarchyId": null,
		"parentKey": null
	},
	{
		"key": "JPDC",
		"value": "DC",
		"hierarchyId": null,
		"parentKey": null
	},
	{
		"key": "JPHOL",
		"value": "HOL",
		"hierarchyId": null,
		"parentKey": null
	},
	{
		"key": "JPONH",
		"value": "HEM & ONC",
		"hierarchyId": null,
		"parentKey": null
	},
	{
		"key": "JPOPH",
		"value": "OPT",
		"hierarchyId": null,
		"parentKey": null
	},
	{
		"key": "JPOTH",
		"value": "OTH (LTI/STI)",
		"hierarchyId": null,
		"parentKey": null
	},
	{
		"key": "JPPHO",
		"value": "PH-OTH",
		"hierarchyId": null,
		"parentKey": null
	},
	{
		"key": "JPRAD",
		"value": "RAD",
		"hierarchyId": null,
		"parentKey": null
	},
	{
		"key": "JPWHE",
		"value": "WHC & EP",
		"hierarchyId": null,
		"parentKey": null
	},
	{
		"key": "MXAH",
		"value": "AH",
		"hierarchyId": null,
		"parentKey": null
	},
	{
		"key": "MXCAR",
		"value": "CAR",
		"hierarchyId": null,
		"parentKey": null
	},
	{
		"key": "MXCC",
		"value": "CH",
		"hierarchyId": null,
		"parentKey": null
	},
	{
		"key": "MXDC",
		"value": "CH Disc.",
		"hierarchyId": null,
		"parentKey": null
	},
	{
		"key": "MXEP",
		"value": "EP",
		"hierarchyId": null,
		"parentKey": null
	},
	{
		"key": "MXLAC",
		"value": "LAC",
		"hierarchyId": null,
		"parentKey": null
	},
	{
		"key": "MXONC",
		"value": "ONC",
		"hierarchyId": null,
		"parentKey": null
	},
	{
		"key": "MXOTH",
		"value": "OTH-PH",
		"hierarchyId": null,
		"parentKey": null
	},
	{
		"key": "MXOTP",
		"value": "OTP",
		"hierarchyId": null,
		"parentKey": null
	},
	{
		"key": "MXRAD",
		"value": "RAD",
		"hierarchyId": null,
		"parentKey": null
	},
	{
		"key": "MXSPM",
		"value": "SPM",
		"hierarchyId": null,
		"parentKey": null
	},
	{
		"key": "US00C",
		"value": "Cardio Pulmonary",
		"hierarchyId": null,
		"parentKey": null
	},
	{
		"key": "US00T",
		"value": "Therapeutics",
		"hierarchyId": null,
		"parentKey": null
	},
	{
		"key": "US10N",
		"value": "Nutritionals",
		"hierarchyId": null,
		"parentKey": null
	},
	{
		"key": "US10O",
		"value": "Oncology",
		"hierarchyId": null,
		"parentKey": null
	},
	{
		"key": "US20H",
		"value": "Hematology",
		"hierarchyId": null,
		"parentKey": null
	},
	{
		"key": "US20P",
		"value": "Personal Care",
		"hierarchyId": null,
		"parentKey": null
	},
	{
		"key": "US30N",
		"value": "Neurology",
		"hierarchyId": null,
		"parentKey": null
	},
	{
		"key": "US30O",
		"value": "Ophthalmology",
		"hierarchyId": null,
		"parentKey": null
	},
	{
		"key": "US30P",
		"value": "Profit Stars",
		"hierarchyId": null,
		"parentKey": null
	},
	{
		"key": "US40D",
		"value": "Dermatology",
		"hierarchyId": null,
		"parentKey": null
	},
	{
		"key": "US40W",
		"value": "WHC",
		"hierarchyId": null,
		"parentKey": null
	},
	{
		"key": "US50E",
		"value": "Established Products",
		"hierarchyId": null,
		"parentKey": null
	},
	{
		"key": "US90O",
		"value": "Others",
		"hierarchyId": null,
		"parentKey": null
	},
	{
		"key": "US95D",
		"value": "Discontinued",
		"hierarchyId": null,
		"parentKey": null
	}
]