[
	{
		"key": "#",
		"value": "Not assigned",
		"hierarchyId": "138",
		"parentKey": "#"
	},
	{
		"key": "0ACO",
		"value": "Commercial Operations",
		"hierarchyId": "138",
		"parentKey": "BCS"
	},
	{
		"key": "0NEWS",
		"value": "New Seeds",
		"hierarchyId": "138",
		"parentKey": "BCS"
	},
	{
		"key": "100001_REG",
		"value": "Americas",
		"hierarchyId": "138",
		"parentKey": "PHC"
	},
	{
		"key": "100003_REG",
		"value": "China & APAC",
		"hierarchyId": "138",
		"parentKey": "PHC"
	},
	{
		"key": "100004_REG",
		"value": "Latin America",
		"hierarchyId": "138",
		"parentKey": "CHE"
	},
	{
		"key": "100005_REG",
		"value": "EMEA",
		"hierarchyId": "138",
		"parentKey": "PHC"
	},
	{
		"key": "100006_REG",
		"value": "Asia Pacific",
		"hierarchyId": "138",
		"parentKey": "CHE"
	},
	{
		"key": "100007",
		"value": "Japan",
		"hierarchyId": "138",
		"parentKey": "PHC"
	},
	{
		"key": "100009_REG",
		"value": "Other",
		"hierarchyId": "138",
		"parentKey": "CHE"
	},
	{
		"key": "100100_REG",
		"value": "Europe",
		"hierarchyId": "138",
		"parentKey": "ANH"
	},
	{
		"key": "100200_REG",
		"value": "International",
		"hierarchyId": "138",
		"parentKey": "ANH"
	},
	{
		"key": "100300_REG",
		"value": "Pseudo Country",
		"hierarchyId": "138",
		"parentKey": "ANH"
	},
	{
		"key": "30",
		"value": "Division HQ",
		"hierarchyId": "138",
		"parentKey": "ANH"
	},
	{
		"key": "70",
		"value": "Additional Business",
		"hierarchyId": "138",
		"parentKey": "ANH"
	},
	{
		"key": "80",
		"value": "Divested Business",
		"hierarchyId": "138",
		"parentKey": "BCS"
	},
	{
		"key": "90",
		"value": "PPA",
		"hierarchyId": "138",
		"parentKey": "ANH"
	},
	{
		"key": "ANH",
		"value": "Animal Health",
		"hierarchyId": "138",
		"parentKey": "ANH"
	},
	{
		"key": "BBS",
		"value": "Business Services",
		"hierarchyId": "138",
		"parentKey": "REC"
	},
	{
		"key": "BCS",
		"value": "Crop Science",
		"hierarchyId": "138",
		"parentKey": "BCS"
	},
	{
		"key": "BHO",
		"value": "Corporate Functions",
		"hierarchyId": "138",
		"parentKey": "REC"
	},
	{
		"key": "BMS",
		"value": "Covestro Discontinued",
		"hierarchyId": "138",
		"parentKey": "BMS"
	},
	{
		"key": "CHE",
		"value": "Consumer Health",
		"hierarchyId": "138",
		"parentKey": "CHE"
	},
	{
		"key": "CUR",
		"value": "Currenta",
		"hierarchyId": "138",
		"parentKey": "CUR"
	},
	{
		"key": "DCH",
		"value": "Consumer Health Discontinued",
		"hierarchyId": "138",
		"parentKey": "DCH"
	},
	{
		"key": "DCO",
		"value": "Discontinued Operations",
		"hierarchyId": "138",
		"parentKey": "DCO"
	},
	{
		"key": "LOS",
		"value": "Country Platforms",
		"hierarchyId": "138",
		"parentKey": "REC"
	},
	{
		"key": "MON",
		"value": "BCS/MON",
		"hierarchyId": "138",
		"parentKey": "BCS"
	},
	{
		"key": "NA",
		"value": "RE - Not assigned",
		"hierarchyId": "138",
		"parentKey": "REC"
	},
	{
		"key": "OTH",
		"value": "Other Products",
		"hierarchyId": "138",
		"parentKey": "REC"
	},
	{
		"key": "PHC",
		"value": "Pharmaceuticals",
		"hierarchyId": "138",
		"parentKey": "PHC"
	},
	{
		"key": "RD",
		"value": "Radiology",
		"hierarchyId": "138",
		"parentKey": "PHC"
	},
	{
		"key": "RE.1",
		"value": "RE.1 - Agency",
		"hierarchyId": "138",
		"parentKey": "REC"
	},
	{
		"key": "RE.2",
		"value": "RE.2 - LTI",
		"hierarchyId": "138",
		"parentKey": "REC"
	},
	{
		"key": "RE.3",
		"value": "RE.3 - Corporate Functions",
		"hierarchyId": "138",
		"parentKey": "REC"
	},
	{
		"key": "RE.4",
		"value": "RE.4 - Business Services",
		"hierarchyId": "138",
		"parentKey": "REC"
	},
	{
		"key": "RE.5",
		"value": "RE.5 - Currenta",
		"hierarchyId": "138",
		"parentKey": "REC"
	},
	{
		"key": "RE.6",
		"value": "RE.6 - Country Platform (separator)",
		"hierarchyId": "138",
		"parentKey": "REC"
	},
	{
		"key": "RE.7",
		"value": "RE.7 - Other Products",
		"hierarchyId": "138",
		"parentKey": "REC"
	}
]