[
	{
		"key": "#",
		"value": "Not assigned",
		"hierarchyId": null,
		"parentKey": null
	},
	{
		"key": "ANH",
		"value": "Animal Health",
		"hierarchyId": null,
		"parentKey": null
	},
	{
		"key": "BCS",
		"value": "Crop Science",
		"hierarchyId": null,
		"parentKey": null
	},
	{
		"key": "BMS",
		"value": "Covestro Discontinued",
		"hierarchyId": null,
		"parentKey": null
	},
	{
		"key": "CHE",
		"value": "Consumer Health",
		"hierarchyId": null,
		"parentKey": null
	},
	{
		"key": "CUR",
		"value": "Currenta",
		"hierarchyId": null,
		"parentKey": null
	},
	{
		"key": "DCH",
		"value": "Consumer Health Discontinued",
		"hierarchyId": null,
		"parentKey": null
	},
	{
		"key": "DCO",
		"value": "Discontinued Operations",
		"hierarchyId": null,
		"parentKey": null
	},
	{
		"key": "PHC",
		"value": "Pharmaceuticals",
		"hierarchyId": null,
		"parentKey": null
	},
	{
		"key": "REC",
		"value": "Reconciliation",
		"hierarchyId": null,
		"parentKey": null
	}
]