[
	{
		"key": "#/#",
		"value": "Not assigned",
		"hierarchyId": null,
		"parentKey": null
	},
	{
		"key": "#/110000",
		"value": "Region HQ",
		"hierarchyId": null,
		"parentKey": null
	},
	{
		"key": "#/150000",
		"value": "New Seeds Region",
		"hierarchyId": null,
		"parentKey": null
	},
	{
		"key": "#/200000",
		"value": "Product Supply",
		"hierarchyId": null,
		"parentKey": null
	},
	{
		"key": "#/300000",
		"value": "Global CAO",
		"hierarchyId": null,
		"parentKey": null
	},
	{
		"key": "#/400000",
		"value": "Global R&D",
		"hierarchyId": null,
		"parentKey": null
	},
	{
		"key": "#/500000",
		"value": "Non-Core Activities",
		"hierarchyId": null,
		"parentKey": null
	},
	{
		"key": "#/500100",
		"value": "Globally Managed Business",
		"hierarchyId": null,
		"parentKey": null
	},
	{
		"key": "#/500200",
		"value": "Manufacturing Services",
		"hierarchyId": null,
		"parentKey": null
	},
	{
		"key": "#/600000",
		"value": "Divisional HQ (incl. BPA)",
		"hierarchyId": null,
		"parentKey": null
	},
	{
		"key": "#/600100",
		"value": "Divisional BU HQ",
		"hierarchyId": null,
		"parentKey": null
	},
	{
		"key": "#/600200",
		"value": "Global Divisional Marketing",
		"hierarchyId": null,
		"parentKey": null
	},
	{
		"key": "#/700000",
		"value": "PPA",
		"hierarchyId": null,
		"parentKey": null
	},
	{
		"key": "#/800000",
		"value": "Divested Business",
		"hierarchyId": null,
		"parentKey": null
	},
	{
		"key": "ANH/#",
		"value": "Not assigned",
		"hierarchyId": null,
		"parentKey": null
	},
	{
		"key": "ANH/000AH4PORTUGAL",
		"value": "Portugal",
		"hierarchyId": null,
		"parentKey": null
	},
	{
		"key": "ANH/000AH4REGIONADJUSTMENTS",
		"value": "REGION ADJUSTMENTS",
		"hierarchyId": null,
		"parentKey": null
	},
	{
		"key": "ANH/000AH4REGIONHQ",
		"value": "REGION HQ",
		"hierarchyId": null,
		"parentKey": null
	},
	{
		"key": "ANH/010AH4JAPAN",
		"value": "Japan",
		"hierarchyId": null,
		"parentKey": null
	},
	{
		"key": "ANH/010AH4POLANDEXPORT",
		"value": "Poland + Export",
		"hierarchyId": null,
		"parentKey": null
	},
	{
		"key": "ANH/010AH4SEE",
		"value": "South East Europe",
		"hierarchyId": null,
		"parentKey": null
	},
	{
		"key": "ANH/010AH4SOUTHERAFRICA",
		"value": "Southern Africa",
		"hierarchyId": null,
		"parentKey": null
	},
	{
		"key": "ANH/020AH4CENTRO",
		"value": "Centro",
		"hierarchyId": null,
		"parentKey": null
	},
	{
		"key": "ANH/020AH4CONOSUR",
		"value": "Conosur",
		"hierarchyId": null,
		"parentKey": null
	},
	{
		"key": "ANH/020AH4CZSK",
		"value": "Czech Republik & Slovakia",
		"hierarchyId": null,
		"parentKey": null
	},
	{
		"key": "ANH/020AH4HU",
		"value": "ANH/020AH4HU",
		"hierarchyId": null,
		"parentKey": null
	},
	{
		"key": "ANH/020AH4RUSSIA",
		"value": "Russia",
		"hierarchyId": null,
		"parentKey": null
	},
	{
		"key": "ANH/020AH4VIETNAM",
		"value": "Vietnam",
		"hierarchyId": null,
		"parentKey": null
	},
	{
		"key": "ANH/030AH4ANDINA",
		"value": "Andina",
		"hierarchyId": null,
		"parentKey": null
	},
	{
		"key": "ANH/030AH4DIRECT BUSINESS",
		"value": "Direct Business",
		"hierarchyId": null,
		"parentKey": null
	},
	{
		"key": "ANH/030AH4THAILAND",
		"value": "Thailand",
		"hierarchyId": null,
		"parentKey": null
	},
	{
		"key": "ANH/040AH4KOREA",
		"value": "Korea",
		"hierarchyId": null,
		"parentKey": null
	},
	{
		"key": "ANH/040AH4TURKEY",
		"value": "Turkey",
		"hierarchyId": null,
		"parentKey": null
	},
	{
		"key": "ANH/050AH3BRAZIL",
		"value": "Brazil",
		"hierarchyId": null,
		"parentKey": null
	},
	{
		"key": "ANH/050AH4INDIA",
		"value": "India",
		"hierarchyId": null,
		"parentKey": null
	},
	{
		"key": "ANH/050AH4UKRAINE",
		"value": "Ukraine",
		"hierarchyId": null,
		"parentKey": null
	},
	{
		"key": "ANH/060AH3MEXICO",
		"value": "Mexico",
		"hierarchyId": null,
		"parentKey": null
	},
	{
		"key": "ANH/060AH4EASTWESTAFRICA",
		"value": "East / West Africa",
		"hierarchyId": null,
		"parentKey": null
	},
	{
		"key": "ANH/060AH4PHILIPPINES",
		"value": "Philippines",
		"hierarchyId": null,
		"parentKey": null
	},
	{
		"key": "ANH/070AH4IND_MY",
		"value": "Indonesia / Malaysia",
		"hierarchyId": null,
		"parentKey": null
	},
	{
		"key": "ANH/070AH4LATAM NORTH_SUB",
		"value": "Venezuela,Bol.R",
		"hierarchyId": null,
		"parentKey": null
	},
	{
		"key": "ANH/110000",
		"value": "Region HQ",
		"hierarchyId": null,
		"parentKey": null
	},
	{
		"key": "ANH/200000",
		"value": "Product Supply",
		"hierarchyId": null,
		"parentKey": null
	},
	{
		"key": "ANH/300000",
		"value": "Global CAO",
		"hierarchyId": null,
		"parentKey": null
	},
	{
		"key": "ANH/400000",
		"value": "Global R&D",
		"hierarchyId": null,
		"parentKey": null
	},
	{
		"key": "ANH/500000",
		"value": "Non-Core Activities",
		"hierarchyId": null,
		"parentKey": null
	},
	{
		"key": "ANH/500100",
		"value": "Globally Managed Business",
		"hierarchyId": null,
		"parentKey": null
	},
	{
		"key": "ANH/500200",
		"value": "Manufacturing Services",
		"hierarchyId": null,
		"parentKey": null
	},
	{
		"key": "ANH/600000",
		"value": "Divisional HQ (incl. BPA)",
		"hierarchyId": null,
		"parentKey": null
	},
	{
		"key": "ANH/600100",
		"value": "Divisional BU HQ",
		"hierarchyId": null,
		"parentKey": null
	},
	{
		"key": "ANH/600200",
		"value": "Global Divisional Marketing",
		"hierarchyId": null,
		"parentKey": null
	},
	{
		"key": "ANH/600500",
		"value": "Brand Core Teams",
		"hierarchyId": null,
		"parentKey": null
	},
	{
		"key": "ANH/700000",
		"value": "PPA",
		"hierarchyId": null,
		"parentKey": null
	},
	{
		"key": "ANH/990000",
		"value": "Not Assigned",
		"hierarchyId": null,
		"parentKey": null
	},
	{
		"key": "ANH/AUSTRALIA_CG",
		"value": "Australia",
		"hierarchyId": null,
		"parentKey": null
	},
	{
		"key": "ANH/BENELUX_CG",
		"value": "BeNeLux",
		"hierarchyId": null,
		"parentKey": null
	},
	{
		"key": "ANH/CANADA_CG",
		"value": "Canada",
		"hierarchyId": null,
		"parentKey": null
	},
	{
		"key": "ANH/CHINA_CG",
		"value": "China",
		"hierarchyId": null,
		"parentKey": null
	},
	{
		"key": "ANH/DACH_CG",
		"value": "DACH",
		"hierarchyId": null,
		"parentKey": null
	},
	{
		"key": "ANH/FRANCE_CG",
		"value": "France",
		"hierarchyId": null,
		"parentKey": null
	},
	{
		"key": "ANH/IBERIA_CG",
		"value": "Iberia",
		"hierarchyId": null,
		"parentKey": null
	},
	{
		"key": "ANH/ITALY_CG",
		"value": "Italy",
		"hierarchyId": null,
		"parentKey": null
	},
	{
		"key": "ANH/NEW ZEALAND_CG",
		"value": "New Zealand",
		"hierarchyId": null,
		"parentKey": null
	},
	{
		"key": "ANH/NORDICS_CG",
		"value": "Nordics",
		"hierarchyId": null,
		"parentKey": null
	},
	{
		"key": "ANH/OCEANIA",
		"value": "Oceania",
		"hierarchyId": null,
		"parentKey": null
	},
	{
		"key": "ANH/OTHER EUROPE_CG",
		"value": "Other Europe",
		"hierarchyId": null,
		"parentKey": null
	},
	{
		"key": "ANH/PSEUDO COUNTRY_CG",
		"value": "Pseudo Country",
		"hierarchyId": null,
		"parentKey": null
	},
	{
		"key": "ANH/TAIWAN_CG",
		"value": "Taiwan",
		"hierarchyId": null,
		"parentKey": null
	},
	{
		"key": "ANH/UK_CG",
		"value": "United Kingdom",
		"hierarchyId": null,
		"parentKey": null
	},
	{
		"key": "ANH/USA INCL. PUERTO RICO",
		"value": "USA incl. Puerto Rico",
		"hierarchyId": null,
		"parentKey": null
	},
	{
		"key": "BCS/#",
		"value": "Not assigned",
		"hierarchyId": null,
		"parentKey": null
	},
	{
		"key": "BCS/000ACO4DACH",
		"value": "DACH",
		"hierarchyId": null,
		"parentKey": null
	},
	{
		"key": "BCS/010ACO4FRANCE",
		"value": "France (enlarged)",
		"hierarchyId": null,
		"parentKey": null
	},
	{
		"key": "BCS/010ACO4USA",
		"value": "USA",
		"hierarchyId": null,
		"parentKey": null
	},
	{
		"key": "BCS/020ACO4CANADA",
		"value": "Canada",
		"hierarchyId": null,
		"parentKey": null
	},
	{
		"key": "BCS/020ACO4JP",
		"value": "Japan",
		"hierarchyId": null,
		"parentKey": null
	},
	{
		"key": "BCS/020ES5GCC",
		"value": "GCC",
		"hierarchyId": null,
		"parentKey": null
	},
	{
		"key": "BCS/030ES5MIDDLEEAST",
		"value": "Middle East",
		"hierarchyId": null,
		"parentKey": null
	},
	{
		"key": "BCS/040ES5NORTHAFRICA",
		"value": "North Africa",
		"hierarchyId": null,
		"parentKey": null
	},
	{
		"key": "BCS/110000",
		"value": "Region HQ",
		"hierarchyId": null,
		"parentKey": null
	},
	{
		"key": "BCS/1400",
		"value": "Poland",
		"hierarchyId": null,
		"parentKey": null
	},
	{
		"key": "BCS/1401",
		"value": "Baltics",
		"hierarchyId": null,
		"parentKey": null
	},
	{
		"key": "BCS/150000",
		"value": "New Seeds Region",
		"hierarchyId": null,
		"parentKey": null
	},
	{
		"key": "BCS/1610",
		"value": "NA - Northern Africa",
		"hierarchyId": null,
		"parentKey": null
	},
	{
		"key": "BCS/1611",
		"value": "WCA West & Central Africa",
		"hierarchyId": null,
		"parentKey": null
	},
	{
		"key": "BCS/1AU",
		"value": "Australia",
		"hierarchyId": null,
		"parentKey": null
	},
	{
		"key": "BCS/200000",
		"value": "Product Supply",
		"hierarchyId": null,
		"parentKey": null
	},
	{
		"key": "BCS/300000",
		"value": "Global CAO",
		"hierarchyId": null,
		"parentKey": null
	},
	{
		"key": "BCS/400000",
		"value": "Global R&D",
		"hierarchyId": null,
		"parentKey": null
	},
	{
		"key": "BCS/500000",
		"value": "Non-Core Activities",
		"hierarchyId": null,
		"parentKey": null
	},
	{
		"key": "BCS/500200",
		"value": "Manufacturing Services",
		"hierarchyId": null,
		"parentKey": null
	},
	{
		"key": "BCS/500500",
		"value": "Corporate Sales",
		"hierarchyId": null,
		"parentKey": null
	},
	{
		"key": "BCS/500600",
		"value": "Industrial Sales",
		"hierarchyId": null,
		"parentKey": null
	},
	{
		"key": "BCS/500700",
		"value": "PM Sales",
		"hierarchyId": null,
		"parentKey": null
	},
	{
		"key": "BCS/500900",
		"value": "Additional Business (excl.by Local Unit)",
		"hierarchyId": null,
		"parentKey": null
	},
	{
		"key": "BCS/55",
		"value": "Central America",
		"hierarchyId": null,
		"parentKey": null
	},
	{
		"key": "BCS/57",
		"value": "Andean",
		"hierarchyId": null,
		"parentKey": null
	},
	{
		"key": "BCS/5ES_ADJUSTMENTNORTHAMERICA",
		"value": "Adjustment North America",
		"hierarchyId": null,
		"parentKey": null
	},
	{
		"key": "BCS/5ES_CSCENTRALADJUSTMENTS",
		"value": "CS Central Adjustments",
		"hierarchyId": null,
		"parentKey": null
	},
	{
		"key": "BCS/5ES_ESCENTRALADJUSTMENTS",
		"value": "ES Central Adjustments",
		"hierarchyId": null,
		"parentKey": null
	},
	{
		"key": "BCS/5ES_HQCOSTSLATINAMERICA",
		"value": "HQ Costs Latin America",
		"hierarchyId": null,
		"parentKey": null
	},
	{
		"key": "BCS/5ES_HQCOSTSNORTHAMERICA",
		"value": "HQ Costs North America",
		"hierarchyId": null,
		"parentKey": null
	},
	{
		"key": "BCS/600000",
		"value": "Divisional HQ (incl. BPA)",
		"hierarchyId": null,
		"parentKey": null
	},
	{
		"key": "BCS/600100",
		"value": "Divisional BU HQ",
		"hierarchyId": null,
		"parentKey": null
	},
	{
		"key": "BCS/600200",
		"value": "Global Divisional Marketing",
		"hierarchyId": null,
		"parentKey": null
	},
	{
		"key": "BCS/600300",
		"value": "Global Divisional Licensing",
		"hierarchyId": null,
		"parentKey": null
	},
	{
		"key": "BCS/600400",
		"value": "Global Divisional Market Access",
		"hierarchyId": null,
		"parentKey": null
	},
	{
		"key": "BCS/600500",
		"value": "Brand Core Teams",
		"hierarchyId": null,
		"parentKey": null
	},
	{
		"key": "BCS/700000",
		"value": "PPA",
		"hierarchyId": null,
		"parentKey": null
	},
	{
		"key": "BCS/7411",
		"value": "China",
		"hierarchyId": null,
		"parentKey": null
	},
	{
		"key": "BCS/7611",
		"value": "Indonesia",
		"hierarchyId": null,
		"parentKey": null
	},
	{
		"key": "BCS/7612",
		"value": "Malaysia",
		"hierarchyId": null,
		"parentKey": null
	},
	{
		"key": "BCS/7613",
		"value": "Thailand",
		"hierarchyId": null,
		"parentKey": null
	},
	{
		"key": "BCS/7614",
		"value": "Vietnam",
		"hierarchyId": null,
		"parentKey": null
	},
	{
		"key": "BCS/800000",
		"value": "Divested Business",
		"hierarchyId": null,
		"parentKey": null
	},
	{
		"key": "BCS/A1A_SR",
		"value": "Adjustments APAC 1",
		"hierarchyId": null,
		"parentKey": null
	},
	{
		"key": "BCS/A2A_SR",
		"value": "Adjustments APAC 2",
		"hierarchyId": null,
		"parentKey": null
	},
	{
		"key": "BCS/ADJEMEA1_SR",
		"value": "Adjustments EMEA 1",
		"hierarchyId": null,
		"parentKey": null
	},
	{
		"key": "BCS/ADJUSTMENT_WE_CG",
		"value": "Adjustment NWE",
		"hierarchyId": null,
		"parentKey": null
	},
	{
		"key": "BCS/APAC_CG",
		"value": "APAC HQ",
		"hierarchyId": null,
		"parentKey": null
	},
	{
		"key": "BCS/APAC_OTHERS_CS",
		"value": "APAC Others",
		"hierarchyId": null,
		"parentKey": null
	},
	{
		"key": "BCS/AR_CG",
		"value": "Argentina",
		"hierarchyId": null,
		"parentKey": null
	},
	{
		"key": "BCS/AR_SR",
		"value": "Argentina/Uruguay",
		"hierarchyId": null,
		"parentKey": null
	},
	{
		"key": "BCS/AU_SR",
		"value": "Australia",
		"hierarchyId": null,
		"parentKey": null
	},
	{
		"key": "BCS/AW_SR",
		"value": "Adjustments World",
		"hierarchyId": null,
		"parentKey": null
	},
	{
		"key": "BCS/BD_SR",
		"value": "Bangladesh",
		"hierarchyId": null,
		"parentKey": null
	},
	{
		"key": "BCS/BENELUX_SR",
		"value": "BeNeLux",
		"hierarchyId": null,
		"parentKey": null
	},
	{
		"key": "BCS/BG_RO_SR",
		"value": "Bulgaria / Romania / Moldova",
		"hierarchyId": null,
		"parentKey": null
	},
	{
		"key": "BCS/BR_CG",
		"value": "Brazil",
		"hierarchyId": null,
		"parentKey": null
	},
	{
		"key": "BCS/BR_SR",
		"value": "Brazil",
		"hierarchyId": null,
		"parentKey": null
	},
	{
		"key": "BCS/BT_SR",
		"value": "Bhutan",
		"hierarchyId": null,
		"parentKey": null
	},
	{
		"key": "BCS/CA_CG",
		"value": "Canada",
		"hierarchyId": null,
		"parentKey": null
	},
	{
		"key": "BCS/CEA_CG",
		"value": "Central America & Caribbean",
		"hierarchyId": null,
		"parentKey": null
	},
	{
		"key": "BCS/CENTRAL_EMEA_APAC_CG",
		"value": "Central EMEA APAC",
		"hierarchyId": null,
		"parentKey": null
	},
	{
		"key": "BCS/CER_NORTH_CG",
		"value": "CER North",
		"hierarchyId": null,
		"parentKey": null
	},
	{
		"key": "BCS/CER_SOUTH_CG",
		"value": "CER South",
		"hierarchyId": null,
		"parentKey": null
	},
	{
		"key": "BCS/CEX",
		"value": "Central - Others",
		"hierarchyId": null,
		"parentKey": null
	},
	{
		"key": "BCS/CL_SR",
		"value": "Chile",
		"hierarchyId": null,
		"parentKey": null
	},
	{
		"key": "BCS/CNC",
		"value": "China",
		"hierarchyId": null,
		"parentKey": null
	},
	{
		"key": "BCS/CONOSURWOAR",
		"value": "CONOSUR w/o Argentina",
		"hierarchyId": null,
		"parentKey": null
	},
	{
		"key": "BCS/CZ_SK_SR",
		"value": "Czech / Slovak Rep.",
		"hierarchyId": null,
		"parentKey": null
	},
	{
		"key": "BCS/DAX",
		"value": "DACH",
		"hierarchyId": null,
		"parentKey": null
	},
	{
		"key": "BCS/E2A_SR",
		"value": "Adjustments EMEA 2",
		"hierarchyId": null,
		"parentKey": null
	},
	{
		"key": "BCS/E3A_SR",
		"value": "Adjustments EMEA 3",
		"hierarchyId": null,
		"parentKey": null
	},
	{
		"key": "BCS/EASTERNAFR_SR",
		"value": "Eastern Africa",
		"hierarchyId": null,
		"parentKey": null
	},
	{
		"key": "BCS/FRX",
		"value": "France",
		"hierarchyId": null,
		"parentKey": null
	},
	{
		"key": "BCS/GRX",
		"value": "Greece",
		"hierarchyId": null,
		"parentKey": null
	},
	{
		"key": "BCS/GR_SR",
		"value": "Greece (enlarged)",
		"hierarchyId": null,
		"parentKey": null
	},
	{
		"key": "BCS/HK-TW-PH_CG",
		"value": "HK-TW-PH",
		"hierarchyId": null,
		"parentKey": null
	},
	{
		"key": "BCS/HR_SI_RS_SR",
		"value": "Alpe Adria",
		"hierarchyId": null,
		"parentKey": null
	},
	{
		"key": "BCS/HU_SR",
		"value": "Hungary",
		"hierarchyId": null,
		"parentKey": null
	},
	{
		"key": "BCS/IBERIA_CG",
		"value": "Iberia",
		"hierarchyId": null,
		"parentKey": null
	},
	{
		"key": "BCS/IBERIA_SR",
		"value": "Iberia  (enlarged)",
		"hierarchyId": null,
		"parentKey": null
	},
	{
		"key": "BCS/INDIA_CG",
		"value": "India",
		"hierarchyId": null,
		"parentKey": null
	},
	{
		"key": "BCS/INDONESIA_CG",
		"value": "Indonesia",
		"hierarchyId": null,
		"parentKey": null
	},
	{
		"key": "BCS/IN_SR",
		"value": "India",
		"hierarchyId": null,
		"parentKey": null
	},
	{
		"key": "BCS/ITX",
		"value": "Italy",
		"hierarchyId": null,
		"parentKey": null
	},
	{
		"key": "BCS/IT_SR",
		"value": "Italy (enlarged)",
		"hierarchyId": null,
		"parentKey": null
	},
	{
		"key": "BCS/JAX",
		"value": "Japan",
		"hierarchyId": null,
		"parentKey": null
	},
	{
		"key": "BCS/KOREA_CG",
		"value": "Korea",
		"hierarchyId": null,
		"parentKey": null
	},
	{
		"key": "BCS/KR_SR",
		"value": "Korea, Rep. Of",
		"hierarchyId": null,
		"parentKey": null
	},
	{
		"key": "BCS/L2A_SR",
		"value": "Adjustments LATAM 2",
		"hierarchyId": null,
		"parentKey": null
	},
	{
		"key": "BCS/LK_SR",
		"value": "Sri Lanka",
		"hierarchyId": null,
		"parentKey": null
	},
	{
		"key": "BCS/MALAYSIA_CG",
		"value": "Malaysia",
		"hierarchyId": null,
		"parentKey": null
	},
	{
		"key": "BCS/MIDDLEEAST_SR",
		"value": "Middle East",
		"hierarchyId": null,
		"parentKey": null
	},
	{
		"key": "BCS/MON",
		"value": "BCS/MON",
		"hierarchyId": null,
		"parentKey": null
	},
	{
		"key": "BCS/MV_SR",
		"value": "Maldives",
		"hierarchyId": null,
		"parentKey": null
	},
	{
		"key": "BCS/MX_CG",
		"value": "Mexico",
		"hierarchyId": null,
		"parentKey": null
	},
	{
		"key": "BCS/MX_SR",
		"value": "Mexico",
		"hierarchyId": null,
		"parentKey": null
	},
	{
		"key": "BCS/NBX",
		"value": "NLBE",
		"hierarchyId": null,
		"parentKey": null
	},
	{
		"key": "BCS/NORDICS_CG",
		"value": "Nordics",
		"hierarchyId": null,
		"parentKey": null
	},
	{
		"key": "BCS/NORDICS_SR",
		"value": "Nordics",
		"hierarchyId": null,
		"parentKey": null
	},
	{
		"key": "BCS/NZ_SR",
		"value": "New Zealand",
		"hierarchyId": null,
		"parentKey": null
	},
	{
		"key": "BCS/OTHERAUNZ_SR",
		"value": "Other AU NZ",
		"hierarchyId": null,
		"parentKey": null
	},
	{
		"key": "BCS/PH_SR",
		"value": "Philippines",
		"hierarchyId": null,
		"parentKey": null
	},
	{
		"key": "BCS/PK_SR",
		"value": "Pakistan",
		"hierarchyId": null,
		"parentKey": null
	},
	{
		"key": "BCS/PY_BO_SR",
		"value": "Paraguay / Bolivia",
		"hierarchyId": null,
		"parentKey": null
	},
	{
		"key": "BCS/RAN_CG",
		"value": "Region Andrean",
		"hierarchyId": null,
		"parentKey": null
	},
	{
		"key": "BCS/REST_SOA_CG",
		"value": "Rest of SOA",
		"hierarchyId": null,
		"parentKey": null
	},
	{
		"key": "BCS/RUKZBY_SR",
		"value": "CIS",
		"hierarchyId": null,
		"parentKey": null
	},
	{
		"key": "BCS/SAC",
		"value": "South Africa",
		"hierarchyId": null,
		"parentKey": null
	},
	{
		"key": "BCS/SA_SR",
		"value": "Southern Africa",
		"hierarchyId": null,
		"parentKey": null
	},
	{
		"key": "BCS/SG_SR",
		"value": "Singapore",
		"hierarchyId": null,
		"parentKey": null
	},
	{
		"key": "BCS/SSA_WO_ZA_CG",
		"value": "SSA w/o ZA",
		"hierarchyId": null,
		"parentKey": null
	},
	{
		"key": "BCS/THAIL_MEKONG_CG",
		"value": "Thailand-Mekong",
		"hierarchyId": null,
		"parentKey": null
	},
	{
		"key": "BCS/TRC",
		"value": "Turkey",
		"hierarchyId": null,
		"parentKey": null
	},
	{
		"key": "BCS/TURKEY_SR",
		"value": "Turkey (enlarged)",
		"hierarchyId": null,
		"parentKey": null
	},
	{
		"key": "BCS/TW_SR",
		"value": "Taiwan",
		"hierarchyId": null,
		"parentKey": null
	},
	{
		"key": "BCS/UA_SR",
		"value": "Ukraine",
		"hierarchyId": null,
		"parentKey": null
	},
	{
		"key": "BCS/UKIE_SR",
		"value": "UK/ Ireland",
		"hierarchyId": null,
		"parentKey": null
	},
	{
		"key": "BCS/UKX",
		"value": "UK",
		"hierarchyId": null,
		"parentKey": null
	},
	{
		"key": "BCS/UM_SR",
		"value": "Adjustments North Americas",
		"hierarchyId": null,
		"parentKey": null
	},
	{
		"key": "BCS/USES_CG",
		"value": "United States",
		"hierarchyId": null,
		"parentKey": null
	},
	{
		"key": "BCS/XA",
		"value": "Americ Southsea",
		"hierarchyId": null,
		"parentKey": null
	},
	{
		"key": "CHE/#",
		"value": "Not assigned",
		"hierarchyId": null,
		"parentKey": null
	},
	{
		"key": "CHE/000CH5ANZ",
		"value": "Australia/NZ",
		"hierarchyId": null,
		"parentKey": null
	},
	{
		"key": "CHE/000CH5BELARUS",
		"value": "Belarus",
		"hierarchyId": null,
		"parentKey": null
	},
	{
		"key": "CHE/000CH5FINLAND",
		"value": "Finland",
		"hierarchyId": null,
		"parentKey": null
	},
	{
		"key": "CHE/000CH5ITALY",
		"value": "Italy",
		"hierarchyId": null,
		"parentKey": null
	},
	{
		"key": "CHE/000CH5KAZAKHSTAN",
		"value": "Kazakhstan",
		"hierarchyId": null,
		"parentKey": null
	},
	{
		"key": "CHE/000CH5NEPAL",
		"value": "Nepal",
		"hierarchyId": null,
		"parentKey": null
	},
	{
		"key": "CHE/000CH5RUSSIA",
		"value": "Russia",
		"hierarchyId": null,
		"parentKey": null
	},
	{
		"key": "CHE/000CHSCANDINAVIA",
		"value": "Scandinavia",
		"hierarchyId": null,
		"parentKey": null
	},
	{
		"key": "CHE/010CH5ROMANIAMOLDAVIABULGARIA",
		"value": "Romania, Moldova / Bulgaria",
		"hierarchyId": null,
		"parentKey": null
	},
	{
		"key": "CHE/010CH5THAILAND",
		"value": "Thailand",
		"hierarchyId": null,
		"parentKey": null
	},
	{
		"key": "CHE/020CH5HUNGARY",
		"value": "Hungary",
		"hierarchyId": null,
		"parentKey": null
	},
	{
		"key": "CHE/020CH5VIETNAM",
		"value": "Vietnam",
		"hierarchyId": null,
		"parentKey": null
	},
	{
		"key": "CHE/030CH5CZSK",
		"value": "Czech Republic & Slovakia",
		"hierarchyId": null,
		"parentKey": null
	},
	{
		"key": "CHE/030CH5SINGAPORE",
		"value": "Singapore",
		"hierarchyId": null,
		"parentKey": null
	},
	{
		"key": "CHE/040CH5MALAYSIA",
		"value": "Malaysia",
		"hierarchyId": null,
		"parentKey": null
	},
	{
		"key": "CHE/060CH5PAKISTANDAFG",
		"value": "Pakistan / Afghanistan",
		"hierarchyId": null,
		"parentKey": null
	},
	{
		"key": "CHE/070CH5CAMBODIA",
		"value": "Cambodia",
		"hierarchyId": null,
		"parentKey": null
	},
	{
		"key": "CHE/080CH5MYANMAR",
		"value": "Myanmar",
		"hierarchyId": null,
		"parentKey": null
	},
	{
		"key": "CHE/090CH5INDIA",
		"value": "India",
		"hierarchyId": null,
		"parentKey": null
	},
	{
		"key": "CHE/095CH5LAOS",
		"value": "Laos",
		"hierarchyId": null,
		"parentKey": null
	},
	{
		"key": "CHE/110000",
		"value": "Region HQ",
		"hierarchyId": null,
		"parentKey": null
	},
	{
		"key": "CHE/120000",
		"value": "Small Country Cluster",
		"hierarchyId": null,
		"parentKey": null
	},
	{
		"key": "CHE/200000",
		"value": "Product Supply",
		"hierarchyId": null,
		"parentKey": null
	},
	{
		"key": "CHE/300000",
		"value": "Global CAO",
		"hierarchyId": null,
		"parentKey": null
	},
	{
		"key": "CHE/400000",
		"value": "Global R&D",
		"hierarchyId": null,
		"parentKey": null
	},
	{
		"key": "CHE/500000",
		"value": "Non-Core Activities",
		"hierarchyId": null,
		"parentKey": null
	},
	{
		"key": "CHE/500100",
		"value": "Globally Managed Business",
		"hierarchyId": null,
		"parentKey": null
	},
	{
		"key": "CHE/500200",
		"value": "Manufacturing Services",
		"hierarchyId": null,
		"parentKey": null
	},
	{
		"key": "CHE/500300",
		"value": "Healthcare Programs",
		"hierarchyId": null,
		"parentKey": null
	},
	{
		"key": "CHE/5CHGREECE_CYPRUS",
		"value": "Greece/Cyprus",
		"hierarchyId": null,
		"parentKey": null
	},
	{
		"key": "CHE/5CHUSA_USA",
		"value": "USA",
		"hierarchyId": null,
		"parentKey": null
	},
	{
		"key": "CHE/600000",
		"value": "Divisional HQ (incl. BPA)",
		"hierarchyId": null,
		"parentKey": null
	},
	{
		"key": "CHE/600100",
		"value": "Divisional BU HQ",
		"hierarchyId": null,
		"parentKey": null
	},
	{
		"key": "CHE/600200",
		"value": "Global Divisional Marketing",
		"hierarchyId": null,
		"parentKey": null
	},
	{
		"key": "CHE/600300",
		"value": "Global Divisional Licensing",
		"hierarchyId": null,
		"parentKey": null
	},
	{
		"key": "CHE/600400",
		"value": "Global Divisional Market Access",
		"hierarchyId": null,
		"parentKey": null
	},
	{
		"key": "CHE/600500",
		"value": "Brand Core Teams",
		"hierarchyId": null,
		"parentKey": null
	},
	{
		"key": "CHE/700000",
		"value": "PPA",
		"hierarchyId": null,
		"parentKey": null
	},
	{
		"key": "CHE/800000",
		"value": "Divested Business",
		"hierarchyId": null,
		"parentKey": null
	},
	{
		"key": "CHE/990000",
		"value": "Not Assigned",
		"hierarchyId": null,
		"parentKey": null
	},
	{
		"key": "CHE/ALPE ADRIA",
		"value": "Alpe Adria",
		"hierarchyId": null,
		"parentKey": null
	},
	{
		"key": "CHE/ARGENTINA_CG",
		"value": "Argentina",
		"hierarchyId": null,
		"parentKey": null
	},
	{
		"key": "CHE/AUSTRIA_CG",
		"value": "Austria",
		"hierarchyId": null,
		"parentKey": null
	},
	{
		"key": "CHE/BELGIUM & LUXEMBOURG",
		"value": "Belgium / Luxembourg",
		"hierarchyId": null,
		"parentKey": null
	},
	{
		"key": "CHE/BRAZIL_CG",
		"value": "Brazil",
		"hierarchyId": null,
		"parentKey": null
	},
	{
		"key": "CHE/CANADA_CG",
		"value": "Canada",
		"hierarchyId": null,
		"parentKey": null
	},
	{
		"key": "CHE/CENTRO & CARIBE_CG",
		"value": "Centro / Caribe",
		"hierarchyId": null,
		"parentKey": null
	},
	{
		"key": "CHE/CHILE_CG",
		"value": "Chile",
		"hierarchyId": null,
		"parentKey": null
	},
	{
		"key": "CHE/CHINA_CG",
		"value": "China",
		"hierarchyId": null,
		"parentKey": null
	},
	{
		"key": "CHE/COLOMBIA_CG",
		"value": "Colombia",
		"hierarchyId": null,
		"parentKey": null
	},
	{
		"key": "CHE/ECUADOR_CG",
		"value": "Ecuador",
		"hierarchyId": null,
		"parentKey": null
	},
	{
		"key": "CHE/FRANCE_CG",
		"value": "France",
		"hierarchyId": null,
		"parentKey": null
	},
	{
		"key": "CHE/GERMANY_CG",
		"value": "Germany",
		"hierarchyId": null,
		"parentKey": null
	},
	{
		"key": "CHE/HONG KONG_CG",
		"value": "Hong Kong",
		"hierarchyId": null,
		"parentKey": null
	},
	{
		"key": "CHE/INDONESIA_CG",
		"value": "Indonesia",
		"hierarchyId": null,
		"parentKey": null
	},
	{
		"key": "CHE/IRELAND_CG",
		"value": "Ireland",
		"hierarchyId": null,
		"parentKey": null
	},
	{
		"key": "CHE/ISRAEL_CG",
		"value": "Israel",
		"hierarchyId": null,
		"parentKey": null
	},
	{
		"key": "CHE/JAPAN_CG",
		"value": "Japan",
		"hierarchyId": null,
		"parentKey": null
	},
	{
		"key": "CHE/KOREA_CG",
		"value": "Korea",
		"hierarchyId": null,
		"parentKey": null
	},
	{
		"key": "CHE/MAGHREB COUNTRIES",
		"value": "Maghreb Countries",
		"hierarchyId": null,
		"parentKey": null
	},
	{
		"key": "CHE/MALTA_CG",
		"value": "Malta",
		"hierarchyId": null,
		"parentKey": null
	},
	{
		"key": "CHE/MEXICO_CG",
		"value": "Mexico",
		"hierarchyId": null,
		"parentKey": null
	},
	{
		"key": "CHE/MIDDLE AFRICA",
		"value": "Middle Africa",
		"hierarchyId": null,
		"parentKey": null
	},
	{
		"key": "CHE/MIDDLE EAST",
		"value": "Middle East",
		"hierarchyId": null,
		"parentKey": null
	},
	{
		"key": "CHE/NETHERLANDS",
		"value": "Netherlands",
		"hierarchyId": null,
		"parentKey": null
	},
	{
		"key": "CHE/OCEANIA_CG",
		"value": "Oceania",
		"hierarchyId": null,
		"parentKey": null
	},
	{
		"key": "CHE/OTHER CONOSUR_CG",
		"value": "Other Conosur",
		"hierarchyId": null,
		"parentKey": null
	},
	{
		"key": "CHE/OTHER EUROPE NORTH",
		"value": "Other Europe North",
		"hierarchyId": null,
		"parentKey": null
	},
	{
		"key": "CHE/OTHER EUROPE SOUTH",
		"value": "Other Europe South",
		"hierarchyId": null,
		"parentKey": null
	},
	{
		"key": "CHE/OTHER EUROPE_CG",
		"value": "Other Europe",
		"hierarchyId": null,
		"parentKey": null
	},
	{
		"key": "CHE/OTHER LA_CG",
		"value": "Other Latin America",
		"hierarchyId": null,
		"parentKey": null
	},
	{
		"key": "CHE/PERU_CG",
		"value": "Peru",
		"hierarchyId": null,
		"parentKey": null
	},
	{
		"key": "CHE/PHILIPPINES_CG",
		"value": "Philippines",
		"hierarchyId": null,
		"parentKey": null
	},
	{
		"key": "CHE/POLAND_CG",
		"value": "Poland",
		"hierarchyId": null,
		"parentKey": null
	},
	{
		"key": "CHE/PORTUGAL_CG",
		"value": "Portugal",
		"hierarchyId": null,
		"parentKey": null
	},
	{
		"key": "CHE/PSEUDO COUNTRY_CG",
		"value": "Pseudo Country",
		"hierarchyId": null,
		"parentKey": null
	},
	{
		"key": "CHE/PUERTO RICO_CG",
		"value": "Puerto Rico",
		"hierarchyId": null,
		"parentKey": null
	},
	{
		"key": "CHE/SOUTHERN AFRICA",
		"value": "Southern Africa",
		"hierarchyId": null,
		"parentKey": null
	},
	{
		"key": "CHE/SPAIN_CG",
		"value": "Spain",
		"hierarchyId": null,
		"parentKey": null
	},
	{
		"key": "CHE/SWITZERLAND_CG",
		"value": "Switzerland",
		"hierarchyId": null,
		"parentKey": null
	},
	{
		"key": "CHE/TAIWAN_CG",
		"value": "Taiwan",
		"hierarchyId": null,
		"parentKey": null
	},
	{
		"key": "CHE/TURKEY_CG",
		"value": "Turkey",
		"hierarchyId": null,
		"parentKey": null
	},
	{
		"key": "CHE/UKRAINE_CG",
		"value": "Ukraine",
		"hierarchyId": null,
		"parentKey": null
	},
	{
		"key": "CHE/UK_CG",
		"value": "United Kingdom",
		"hierarchyId": null,
		"parentKey": null
	},
	{
		"key": "CHE/VENEZUELA_CG",
		"value": "Venezuela",
		"hierarchyId": null,
		"parentKey": null
	},
	{
		"key": "DCO/#",
		"value": "Not assigned",
		"hierarchyId": null,
		"parentKey": null
	},
	{
		"key": "DCO/110000",
		"value": "Region HQ",
		"hierarchyId": null,
		"parentKey": null
	},
	{
		"key": "DCO/1AU",
		"value": "DCO/1AU",
		"hierarchyId": null,
		"parentKey": null
	},
	{
		"key": "DCO/200000",
		"value": "Product Supply",
		"hierarchyId": null,
		"parentKey": null
	},
	{
		"key": "DCO/300000",
		"value": "Global CAO",
		"hierarchyId": null,
		"parentKey": null
	},
	{
		"key": "DCO/400000",
		"value": "Global R&D",
		"hierarchyId": null,
		"parentKey": null
	},
	{
		"key": "DCO/500000",
		"value": "Non-Core Activities",
		"hierarchyId": null,
		"parentKey": null
	},
	{
		"key": "DCO/600000",
		"value": "Divisional HQ (incl. BPA)",
		"hierarchyId": null,
		"parentKey": null
	},
	{
		"key": "DCO/600100",
		"value": "Divisional BU HQ",
		"hierarchyId": null,
		"parentKey": null
	},
	{
		"key": "DCO/600200",
		"value": "Global Divisional Marketing",
		"hierarchyId": null,
		"parentKey": null
	},
	{
		"key": "DCO/600300",
		"value": "Global Divisional Licensing",
		"hierarchyId": null,
		"parentKey": null
	},
	{
		"key": "DCO/600500",
		"value": "Brand Core Teams",
		"hierarchyId": null,
		"parentKey": null
	},
	{
		"key": "DCO/700000",
		"value": "PPA",
		"hierarchyId": null,
		"parentKey": null
	},
	{
		"key": "DCO/800000",
		"value": "Divested Business",
		"hierarchyId": null,
		"parentKey": null
	},
	{
		"key": "DCO/AR_CG",
		"value": "DCO/AR_CG",
		"hierarchyId": null,
		"parentKey": null
	},
	{
		"key": "DCO/BR_CG",
		"value": "DCO/BR_CG",
		"hierarchyId": null,
		"parentKey": null
	},
	{
		"key": "DCO/CA_CG",
		"value": "DCO/CA_CG",
		"hierarchyId": null,
		"parentKey": null
	},
	{
		"key": "DCO/CER_NORTH_CG",
		"value": "DCO/CER_NORTH_CG",
		"hierarchyId": null,
		"parentKey": null
	},
	{
		"key": "DCO/CER_SOUTH_CG",
		"value": "DCO/CER_SOUTH_CG",
		"hierarchyId": null,
		"parentKey": null
	},
	{
		"key": "DCO/CEX",
		"value": "DCO/CEX",
		"hierarchyId": null,
		"parentKey": null
	},
	{
		"key": "DCO/CONOSURWOAR",
		"value": "DCO/CONOSURWOAR",
		"hierarchyId": null,
		"parentKey": null
	},
	{
		"key": "DCO/DAX",
		"value": "DCO/DAX",
		"hierarchyId": null,
		"parentKey": null
	},
	{
		"key": "DCO/FRX",
		"value": "DCO/FRX",
		"hierarchyId": null,
		"parentKey": null
	},
	{
		"key": "DCO/IBERIA_CG",
		"value": "Iberia",
		"hierarchyId": null,
		"parentKey": null
	},
	{
		"key": "DCO/INDIA_CG",
		"value": "India",
		"hierarchyId": null,
		"parentKey": null
	},
	{
		"key": "DCO/INDONESIA_CG",
		"value": "Indonesia",
		"hierarchyId": null,
		"parentKey": null
	},
	{
		"key": "DCO/ITX",
		"value": "DCO/ITX",
		"hierarchyId": null,
		"parentKey": null
	},
	{
		"key": "DCO/MALAYSIA_CG",
		"value": "Malaysia",
		"hierarchyId": null,
		"parentKey": null
	},
	{
		"key": "DCO/MX_CG",
		"value": "DCO/MX_CG",
		"hierarchyId": null,
		"parentKey": null
	},
	{
		"key": "DCO/NBX",
		"value": "DCO/NBX",
		"hierarchyId": null,
		"parentKey": null
	},
	{
		"key": "DCO/NORDICS_CG",
		"value": "Nordics",
		"hierarchyId": null,
		"parentKey": null
	},
	{
		"key": "DCO/RAN_CG",
		"value": "DCO/RAN_CG",
		"hierarchyId": null,
		"parentKey": null
	},
	{
		"key": "DCO/SAC",
		"value": "DCO/SAC",
		"hierarchyId": null,
		"parentKey": null
	},
	{
		"key": "DCO/SSA_WO_ZA_CG",
		"value": "DCO/SSA_WO_ZA_CG",
		"hierarchyId": null,
		"parentKey": null
	},
	{
		"key": "DCO/TRC",
		"value": "DCO/TRC",
		"hierarchyId": null,
		"parentKey": null
	},
	{
		"key": "DCO/UKX",
		"value": "DCO/UKX",
		"hierarchyId": null,
		"parentKey": null
	},
	{
		"key": "DCO/USES_CG",
		"value": "DCO/USES_CG",
		"hierarchyId": null,
		"parentKey": null
	},
	{
		"key": "PHC/#",
		"value": "Not assigned",
		"hierarchyId": null,
		"parentKey": null
	},
	{
		"key": "PHC/000PH5AGENTMARKETS_CG",
		"value": "Agent Markets",
		"hierarchyId": null,
		"parentKey": null
	},
	{
		"key": "PHC/000PH5ALGERIA_CG",
		"value": "Algeria",
		"hierarchyId": null,
		"parentKey": null
	},
	{
		"key": "PHC/000PH5COLOMBIA",
		"value": "Colombia",
		"hierarchyId": null,
		"parentKey": null
	},
	{
		"key": "PHC/000PH5ECUADOR",
		"value": "Ecuador",
		"hierarchyId": null,
		"parentKey": null
	},
	{
		"key": "PHC/000PH5EGYPT_CG",
		"value": "Egypt",
		"hierarchyId": null,
		"parentKey": null
	},
	{
		"key": "PHC/000PH5FINLAND",
		"value": "Finland",
		"hierarchyId": null,
		"parentKey": null
	},
	{
		"key": "PHC/000PH5GULF_CG",
		"value": "Gulf",
		"hierarchyId": null,
		"parentKey": null
	},
	{
		"key": "PHC/000PH5JORDANLEBANON_CG",
		"value": "Jordan / Lebanon",
		"hierarchyId": null,
		"parentKey": null
	},
	{
		"key": "PHC/000PH5MAROCCO_CG",
		"value": "Morocco",
		"hierarchyId": null,
		"parentKey": null
	},
	{
		"key": "PHC/000PH5PERU",
		"value": "Peru",
		"hierarchyId": null,
		"parentKey": null
	},
	{
		"key": "PHC/000PH5TUNISIA_CG",
		"value": "Tunisia",
		"hierarchyId": null,
		"parentKey": null
	},
	{
		"key": "PHC/000RAD4ANDEAN",
		"value": "Andean",
		"hierarchyId": null,
		"parentKey": null
	},
	{
		"key": "PHC/000RAD4CONOSUR",
		"value": "Conosur",
		"hierarchyId": null,
		"parentKey": null
	},
	{
		"key": "PHC/000RAD4EUROPE1 HQ",
		"value": "Europe1 HQ",
		"hierarchyId": null,
		"parentKey": null
	},
	{
		"key": "PHC/000RAD4EUROPE2HQ",
		"value": "Europe2 HQ",
		"hierarchyId": null,
		"parentKey": null
	},
	{
		"key": "PHC/000RAD4IRELAND",
		"value": "Ireland",
		"hierarchyId": null,
		"parentKey": null
	},
	{
		"key": "PHC/000RAD4KOREA",
		"value": "Korea",
		"hierarchyId": null,
		"parentKey": null
	},
	{
		"key": "PHC/000RAD4OTHER AP",
		"value": "Other Asia Pacific",
		"hierarchyId": null,
		"parentKey": null
	},
	{
		"key": "PHC/000RAD4OTHEREUROPE",
		"value": "Other Europe",
		"hierarchyId": null,
		"parentKey": null
	},
	{
		"key": "PHC/000RAD4OTHLA",
		"value": "Other Latin America",
		"hierarchyId": null,
		"parentKey": null
	},
	{
		"key": "PHC/000RAD4THAI_CAM_MYANM",
		"value": "THAI /CAM /MY",
		"hierarchyId": null,
		"parentKey": null
	},
	{
		"key": "PHC/000RAD4UK",
		"value": "United Kingdom",
		"hierarchyId": null,
		"parentKey": null
	},
	{
		"key": "PHC/000RU_CIS_SUB",
		"value": "Russia & CIS",
		"hierarchyId": null,
		"parentKey": null
	},
	{
		"key": "PHC/010PH5BALTICS",
		"value": "Baltics",
		"hierarchyId": null,
		"parentKey": null
	},
	{
		"key": "PHC/010RAD4BRAZIL",
		"value": "Brazil",
		"hierarchyId": null,
		"parentKey": null
	},
	{
		"key": "PHC/010RAD4TWHKPHP",
		"value": "TW / HK / PHP",
		"hierarchyId": null,
		"parentKey": null
	},
	{
		"key": "PHC/010SPAIN_CG",
		"value": "Spain",
		"hierarchyId": null,
		"parentKey": null
	},
	{
		"key": "PHC/020CZ_AT_CG",
		"value": "Swiss & Austria",
		"hierarchyId": null,
		"parentKey": null
	},
	{
		"key": "PHC/020RAD4INDIA",
		"value": "India",
		"hierarchyId": null,
		"parentKey": null
	},
	{
		"key": "PHC/020RAD4MEXICO",
		"value": "Mexico",
		"hierarchyId": null,
		"parentKey": null
	},
	{
		"key": "PHC/022PLBALTIC_CG",
		"value": "Poland & Baltic",
		"hierarchyId": null,
		"parentKey": null
	},
	{
		"key": "PHC/025RAD4VIETSG",
		"value": "Viet / SG",
		"hierarchyId": null,
		"parentKey": null
	},
	{
		"key": "PHC/030ITALY_SR",
		"value": "Italy",
		"hierarchyId": null,
		"parentKey": null
	},
	{
		"key": "PHC/030NORDICS_CG",
		"value": "Nordics",
		"hierarchyId": null,
		"parentKey": null
	},
	{
		"key": "PHC/030RAD4PAKISTAN_AFGHANISTAN_BANG",
		"value": "Pk / Afg / Bang",
		"hierarchyId": null,
		"parentKey": null
	},
	{
		"key": "PHC/040BENELUX_CG",
		"value": "Benelux",
		"hierarchyId": null,
		"parentKey": null
	},
	{
		"key": "PHC/040GREEZE_ROM_CG",
		"value": "Greece & Romania Cluster",
		"hierarchyId": null,
		"parentKey": null
	},
	{
		"key": "PHC/040RAD4020RAD4MY_BR",
		"value": "Malay /Brune",
		"hierarchyId": null,
		"parentKey": null
	},
	{
		"key": "PHC/040RAD4CENTRO",
		"value": "Centro / Caribe",
		"hierarchyId": null,
		"parentKey": null
	},
	{
		"key": "PHC/045HUCZSK_CG",
		"value": "HU  & CZ  & SK",
		"hierarchyId": null,
		"parentKey": null
	},
	{
		"key": "PHC/050MIDDLEEAST_CG",
		"value": "MENA",
		"hierarchyId": null,
		"parentKey": null
	},
	{
		"key": "PHC/050PH5CENTRO_CG",
		"value": "Centro / Caribe",
		"hierarchyId": null,
		"parentKey": null
	},
	{
		"key": "PHC/050RAD4IND",
		"value": "Indonesia",
		"hierarchyId": null,
		"parentKey": null
	},
	{
		"key": "PHC/050_PORTUGAL_CG",
		"value": "Portugal",
		"hierarchyId": null,
		"parentKey": null
	},
	{
		"key": "PHC/055TURKEY_CG",
		"value": "Turkey  & Iran",
		"hierarchyId": null,
		"parentKey": null
	},
	{
		"key": "PHC/055_ALPEADRIA",
		"value": "Alpe Adria",
		"hierarchyId": null,
		"parentKey": null
	},
	{
		"key": "PHC/060RAD4AFRICA_SUB",
		"value": "Southern & M Africa",
		"hierarchyId": null,
		"parentKey": null
	},
	{
		"key": "PHC/060_IRELAND",
		"value": "Ireland",
		"hierarchyId": null,
		"parentKey": null
	},
	{
		"key": "PHC/095RAD4_VEN",
		"value": "Venezuela",
		"hierarchyId": null,
		"parentKey": null
	},
	{
		"key": "PHC/110000",
		"value": "Region HQ",
		"hierarchyId": null,
		"parentKey": null
	},
	{
		"key": "PHC/120000",
		"value": "Small Country Cluster",
		"hierarchyId": null,
		"parentKey": null
	},
	{
		"key": "PHC/200000",
		"value": "Product Supply",
		"hierarchyId": null,
		"parentKey": null
	},
	{
		"key": "PHC/300000",
		"value": "Global CAO",
		"hierarchyId": null,
		"parentKey": null
	},
	{
		"key": "PHC/400000",
		"value": "Global R&D",
		"hierarchyId": null,
		"parentKey": null
	},
	{
		"key": "PHC/4RADAUSTRALIA_NEWZEALAND",
		"value": "Australia & N Z",
		"hierarchyId": null,
		"parentKey": null
	},
	{
		"key": "PHC/500000",
		"value": "Non-Core Activities",
		"hierarchyId": null,
		"parentKey": null
	},
	{
		"key": "PHC/500100",
		"value": "Globally Managed Business",
		"hierarchyId": null,
		"parentKey": null
	},
	{
		"key": "PHC/500200",
		"value": "Manufacturing Services",
		"hierarchyId": null,
		"parentKey": null
	},
	{
		"key": "PHC/500300",
		"value": "Healthcare Programs",
		"hierarchyId": null,
		"parentKey": null
	},
	{
		"key": "PHC/500900",
		"value": "Additional Business (excl.by Local Unit)",
		"hierarchyId": null,
		"parentKey": null
	},
	{
		"key": "PHC/600000",
		"value": "Divisional HQ (incl. BPA)",
		"hierarchyId": null,
		"parentKey": null
	},
	{
		"key": "PHC/600100",
		"value": "Divisional BU HQ",
		"hierarchyId": null,
		"parentKey": null
	},
	{
		"key": "PHC/600200",
		"value": "Global Divisional Marketing",
		"hierarchyId": null,
		"parentKey": null
	},
	{
		"key": "PHC/600300",
		"value": "Global Divisional Licensing",
		"hierarchyId": null,
		"parentKey": null
	},
	{
		"key": "PHC/600400",
		"value": "Global Divisional Market Access",
		"hierarchyId": null,
		"parentKey": null
	},
	{
		"key": "PHC/600500",
		"value": "Brand Core Teams",
		"hierarchyId": null,
		"parentKey": null
	},
	{
		"key": "PHC/700000",
		"value": "PPA",
		"hierarchyId": null,
		"parentKey": null
	},
	{
		"key": "PHC/800000",
		"value": "Divested Business",
		"hierarchyId": null,
		"parentKey": null
	},
	{
		"key": "PHC/990000",
		"value": "Not Assigned",
		"hierarchyId": null,
		"parentKey": null
	},
	{
		"key": "PHC/AMERICAS_CG",
		"value": "Americas (Region)",
		"hierarchyId": null,
		"parentKey": null
	},
	{
		"key": "PHC/ANGLO WEST AFRICA_CG",
		"value": "Anglo West Africa",
		"hierarchyId": null,
		"parentKey": null
	},
	{
		"key": "PHC/ARGENTINA_CG",
		"value": "Argentina",
		"hierarchyId": null,
		"parentKey": null
	},
	{
		"key": "PHC/AUSTRALIA_CG",
		"value": "Australia",
		"hierarchyId": null,
		"parentKey": null
	},
	{
		"key": "PHC/AUSTRIA_CG",
		"value": "Austria",
		"hierarchyId": null,
		"parentKey": null
	},
	{
		"key": "PHC/BELGIUM LUXEMBOURG_CG",
		"value": "Belgium Luxembourg",
		"hierarchyId": null,
		"parentKey": null
	},
	{
		"key": "PHC/BRAZIL_CG",
		"value": "Brazil",
		"hierarchyId": null,
		"parentKey": null
	},
	{
		"key": "PHC/BULGARIA_CG",
		"value": "Bulgaria",
		"hierarchyId": null,
		"parentKey": null
	},
	{
		"key": "PHC/CANADA_CG",
		"value": "Canada",
		"hierarchyId": null,
		"parentKey": null
	},
	{
		"key": "PHC/CHILE_CG",
		"value": "Chile",
		"hierarchyId": null,
		"parentKey": null
	},
	{
		"key": "PHC/CHINA EX HK_CG",
		"value": "China excl. Hong Kong",
		"hierarchyId": null,
		"parentKey": null
	},
	{
		"key": "PHC/CHINA_APAC_CG",
		"value": "China & APAC (Region)",
		"hierarchyId": null,
		"parentKey": null
	},
	{
		"key": "PHC/CHINA_CG",
		"value": "China",
		"hierarchyId": null,
		"parentKey": null
	},
	{
		"key": "PHC/CIS_CG",
		"value": "CIS",
		"hierarchyId": null,
		"parentKey": null
	},
	{
		"key": "PHC/CZ_CG",
		"value": "Czech Republic",
		"hierarchyId": null,
		"parentKey": null
	},
	{
		"key": "PHC/EAST AFRICA_CG",
		"value": "East Africa",
		"hierarchyId": null,
		"parentKey": null
	},
	{
		"key": "PHC/FRANCE_CG",
		"value": "France",
		"hierarchyId": null,
		"parentKey": null
	},
	{
		"key": "PHC/FRENCH WEST AFRICA_CG",
		"value": "French West Africa",
		"hierarchyId": null,
		"parentKey": null
	},
	{
		"key": "PHC/GERMANY_CG",
		"value": "Germany",
		"hierarchyId": null,
		"parentKey": null
	},
	{
		"key": "PHC/GREECE_CYPRUS_CG",
		"value": "Greece / Cyprus",
		"hierarchyId": null,
		"parentKey": null
	},
	{
		"key": "PHC/HONG KONG_CG",
		"value": "Hong Kong",
		"hierarchyId": null,
		"parentKey": null
	},
	{
		"key": "PHC/HUNGARY_CG",
		"value": "Hungary",
		"hierarchyId": null,
		"parentKey": null
	},
	{
		"key": "PHC/INDIA_CG",
		"value": "India",
		"hierarchyId": null,
		"parentKey": null
	},
	{
		"key": "PHC/INDONESIA_CG",
		"value": "Indonesia",
		"hierarchyId": null,
		"parentKey": null
	},
	{
		"key": "PHC/ISLAM REP. IRAN_CG",
		"value": "Iran",
		"hierarchyId": null,
		"parentKey": null
	},
	{
		"key": "PHC/ISRAEL_CG",
		"value": "Israel",
		"hierarchyId": null,
		"parentKey": null
	},
	{
		"key": "PHC/ITALY_CG",
		"value": "Italy",
		"hierarchyId": null,
		"parentKey": null
	},
	{
		"key": "PHC/JAPAN_CG",
		"value": "Japan",
		"hierarchyId": null,
		"parentKey": null
	},
	{
		"key": "PHC/KOREA_CG",
		"value": "Korea",
		"hierarchyId": null,
		"parentKey": null
	},
	{
		"key": "PHC/MALAYSIA_CG",
		"value": "Malaysia",
		"hierarchyId": null,
		"parentKey": null
	},
	{
		"key": "PHC/MALTA_CG",
		"value": "Malta",
		"hierarchyId": null,
		"parentKey": null
	},
	{
		"key": "PHC/MEXICO_CG",
		"value": "Mexico",
		"hierarchyId": null,
		"parentKey": null
	},
	{
		"key": "PHC/NETHERLANDS_CG",
		"value": "Netherlands",
		"hierarchyId": null,
		"parentKey": null
	},
	{
		"key": "PHC/OCEANIA_CG",
		"value": "Oceania",
		"hierarchyId": null,
		"parentKey": null
	},
	{
		"key": "PHC/OTHER_CONOSUR_CG",
		"value": "Other Conosur",
		"hierarchyId": null,
		"parentKey": null
	},
	{
		"key": "PHC/OTHER_SOUTH_ASIA_CG",
		"value": "Other South ASIA",
		"hierarchyId": null,
		"parentKey": null
	},
	{
		"key": "PHC/PAKISTAN_CG",
		"value": "Pakistan",
		"hierarchyId": null,
		"parentKey": null
	},
	{
		"key": "PHC/PALOP_CG",
		"value": "Palop",
		"hierarchyId": null,
		"parentKey": null
	},
	{
		"key": "PHC/PHILIPPINES_CG",
		"value": "Philippines",
		"hierarchyId": null,
		"parentKey": null
	},
	{
		"key": "PHC/POLAND_CG",
		"value": "Poland",
		"hierarchyId": null,
		"parentKey": null
	},
	{
		"key": "PHC/PSEUDO COUNTRY_CG",
		"value": "Pseudo Country",
		"hierarchyId": null,
		"parentKey": null
	},
	{
		"key": "PHC/ROMANIA_MOLDOVA_CG",
		"value": "Romania / Moldova",
		"hierarchyId": null,
		"parentKey": null
	},
	{
		"key": "PHC/ROSA_CG",
		"value": "ROSA",
		"hierarchyId": null,
		"parentKey": null
	},
	{
		"key": "PHC/RUSSIA_CG",
		"value": "Russia",
		"hierarchyId": null,
		"parentKey": null
	},
	{
		"key": "PHC/SAUDI ARABIA_CG",
		"value": "Saudi Arabia",
		"hierarchyId": null,
		"parentKey": null
	},
	{
		"key": "PHC/SCANDINAVIA_CG",
		"value": "Scandinavia",
		"hierarchyId": null,
		"parentKey": null
	},
	{
		"key": "PHC/SK_CG",
		"value": "Slovakia",
		"hierarchyId": null,
		"parentKey": null
	},
	{
		"key": "PHC/SOUTH_AFRICA_CG",
		"value": "SOUTH AFRICA_CG",
		"hierarchyId": null,
		"parentKey": null
	},
	{
		"key": "PHC/SWITZERLAND_CG",
		"value": "Switzerland",
		"hierarchyId": null,
		"parentKey": null
	},
	{
		"key": "PHC/TAIWAN_CG",
		"value": "Taiwan",
		"hierarchyId": null,
		"parentKey": null
	},
	{
		"key": "PHC/THAILAND_CG",
		"value": "Thailand",
		"hierarchyId": null,
		"parentKey": null
	},
	{
		"key": "PHC/TIMOR-LESTE_CG",
		"value": "Timor-Leste",
		"hierarchyId": null,
		"parentKey": null
	},
	{
		"key": "PHC/TURKEY_CG",
		"value": "Turkey",
		"hierarchyId": null,
		"parentKey": null
	},
	{
		"key": "PHC/UKRAINE_CG",
		"value": "Ukraine",
		"hierarchyId": null,
		"parentKey": null
	},
	{
		"key": "PHC/UK_CG",
		"value": "United Kingdom",
		"hierarchyId": null,
		"parentKey": null
	},
	{
		"key": "PHC/USA_CG",
		"value": "USA incl. Puerto Rico",
		"hierarchyId": null,
		"parentKey": null
	},
	{
		"key": "PHC/VENEZUELA_CG",
		"value": "Venezuela",
		"hierarchyId": null,
		"parentKey": null
	},
	{
		"key": "PHC/VIETNAM_CG",
		"value": "Vietnam",
		"hierarchyId": null,
		"parentKey": null
	},
	{
		"key": "PHC/ZZ_APAC_CG",
		"value": "APAC (Sub-Region)",
		"hierarchyId": null,
		"parentKey": null
	},
	{
		"key": "PHC/ZZ_EMA_CG",
		"value": "EMA (Sub-Region)",
		"hierarchyId": null,
		"parentKey": null
	},
	{
		"key": "PHC/ZZ_EMEA_CG",
		"value": "EMEA (Region)",
		"hierarchyId": null,
		"parentKey": null
	},
	{
		"key": "PHC/ZZ_EU1_CG",
		"value": "EU I (Sub-Region)",
		"hierarchyId": null,
		"parentKey": null
	},
	{
		"key": "PHC/ZZ_EU2_CG",
		"value": "EU II (Sub-Region)",
		"hierarchyId": null,
		"parentKey": null
	},
	{
		"key": "PHC/ZZ_LATAM_CG",
		"value": "Latin America (Sub-Region)",
		"hierarchyId": null,
		"parentKey": null
	},
	{
		"key": "REC/#",
		"value": "Not assigned",
		"hierarchyId": null,
		"parentKey": null
	},
	{
		"key": "REC/110000",
		"value": "Region HQ",
		"hierarchyId": null,
		"parentKey": null
	},
	{
		"key": "REC/200000",
		"value": "Product Supply",
		"hierarchyId": null,
		"parentKey": null
	},
	{
		"key": "REC/300000",
		"value": "Global CAO",
		"hierarchyId": null,
		"parentKey": null
	},
	{
		"key": "REC/400000",
		"value": "Global R&D",
		"hierarchyId": null,
		"parentKey": null
	},
	{
		"key": "REC/500000",
		"value": "Non-Core Activities",
		"hierarchyId": null,
		"parentKey": null
	},
	{
		"key": "REC/500100",
		"value": "Globally Managed Business",
		"hierarchyId": null,
		"parentKey": null
	},
	{
		"key": "REC/500200",
		"value": "Manufacturing Services",
		"hierarchyId": null,
		"parentKey": null
	},
	{
		"key": "REC/600000",
		"value": "Divisional HQ (incl. BPA)",
		"hierarchyId": null,
		"parentKey": null
	},
	{
		"key": "REC/600200",
		"value": "Global Divisional Marketing",
		"hierarchyId": null,
		"parentKey": null
	},
	{
		"key": "REC/700000",
		"value": "PPA",
		"hierarchyId": null,
		"parentKey": null
	},
	{
		"key": "REC/800000",
		"value": "Divested Business",
		"hierarchyId": null,
		"parentKey": null
	}
]