[
	{
		"key": "#",
		"value": "Not assigned",
		"hierarchyId": "138",
		"parentKey": "#|#|#"
	},
	{
		"key": "000AH4PORTUGAL",
		"value": "Portugal",
		"hierarchyId": "138",
		"parentKey": "ANH|100100_REG|095AH3PORTUGAL"
	},
	{
		"key": "000AH4REGIONADJUSTMENTS",
		"value": "REGION ADJUSTMENTS",
		"hierarchyId": "138",
		"parentKey": "ANH|100200_REG|000AH3REG_ADJUSTMENTS"
	},
	{
		"key": "000AH4REGIONHQ",
		"value": "REGION HQ",
		"hierarchyId": "138",
		"parentKey": "ANH|100200_REG|000AH3REGION_HQ"
	},
	{
		"key": "000CH4CHINA",
		"value": "China",
		"hierarchyId": "138",
		"parentKey": "CHE|100006_REG|070CH3CHINA"
	},
	{
		"key": "000CH4OTHERASIAPACIFIC",
		"value": "Other Asia Pacific",
		"hierarchyId": "138",
		"parentKey": "CHE|100006_REG|090CH3OTHERASIAPACIFIC"
	},
	{
		"key": "000PH4SAUDI ARABIA",
		"value": "Saudi Arabia",
		"hierarchyId": "138",
		"parentKey": "PHC|100005_REG|ZW_EMA_REG"
	},
	{
		"key": "000RAD3EUROPE1_SUB",
		"value": "Europe 1",
		"hierarchyId": "138",
		"parentKey": "PHC|RD|100300_REG"
	},
	{
		"key": "000RAD3OTHER EUROPE_SR",
		"value": "Other Europe",
		"hierarchyId": "138",
		"parentKey": "PHC|RD|100300_REG"
	},
	{
		"key": "000RAD3OTHERAP_SR",
		"value": "Other Asia Pacific",
		"hierarchyId": "138",
		"parentKey": "PHC|RD|100200_REG"
	},
	{
		"key": "001AMERICAS_REG",
		"value": "Americas",
		"hierarchyId": "138",
		"parentKey": "BCS|0ACO|ZZX_ES"
	},
	{
		"key": "002EMEAAPAC_REG",
		"value": "EMEA APAC",
		"hierarchyId": "138",
		"parentKey": "BCS|0ACO|ZZX_ES"
	},
	{
		"key": "010ACO3AR",
		"value": "Argentina/Uruguay",
		"hierarchyId": "138",
		"parentKey": "BCS|0ACO|5L2_REG"
	},
	{
		"key": "010ACO3FRANCE",
		"value": "France (enlarged)",
		"hierarchyId": "138",
		"parentKey": "BCS|0ACO|1EM1_REG"
	},
	{
		"key": "010ACO3INDIA",
		"value": "India",
		"hierarchyId": "138",
		"parentKey": "BCS|0ACO|7A2_REG"
	},
	{
		"key": "010ACO3RU",
		"value": "CIS",
		"hierarchyId": "138",
		"parentKey": "BCS|0ACO|1EM3_REG"
	},
	{
		"key": "010ACO3SEA_SUB",
		"value": "Southeast Asia",
		"hierarchyId": "138",
		"parentKey": "BCS|0ACO|7A1_REG"
	},
	{
		"key": "010ACO3USA",
		"value": "USA",
		"hierarchyId": "138",
		"parentKey": "BCS|0ACO|3N1_REG"
	},
	{
		"key": "010AH4JAPAN",
		"value": "Japan",
		"hierarchyId": "138",
		"parentKey": "ANH|100200_REG|010AH3ASIA_SUB"
	},
	{
		"key": "010AH4POLANDEXPORT",
		"value": "Poland + Export",
		"hierarchyId": "138",
		"parentKey": "ANH|100100_REG|070AH3CEE"
	},
	{
		"key": "010AH4SEE",
		"value": "South East Europe",
		"hierarchyId": "138",
		"parentKey": "ANH|100100_REG|090AH3SEE"
	},
	{
		"key": "010AH4SOUTHERAFRICA",
		"value": "Southern Africa",
		"hierarchyId": "138",
		"parentKey": "ANH|100200_REG|060AH3MERA_SUB"
	},
	{
		"key": "010CH4ANZ",
		"value": "Australia / NZ",
		"hierarchyId": "138",
		"parentKey": "CHE|100006_REG|060CH3APAC_SUB"
	},
	{
		"key": "010CH4FRANCE",
		"value": "France",
		"hierarchyId": "138",
		"parentKey": "CHE|100001_REG|010CH3EUROPENORTH_SUB"
	},
	{
		"key": "010CH4ITALY",
		"value": "Italy",
		"hierarchyId": "138",
		"parentKey": "CHE|100001_REG|020CH3EUROPESOUTH_SUB"
	},
	{
		"key": "010CH4MEXICO",
		"value": "Mexico",
		"hierarchyId": "138",
		"parentKey": "CHE|100004_REG|040CH3MEXICO"
	},
	{
		"key": "010CH4RUSSIA",
		"value": "Russia",
		"hierarchyId": "138",
		"parentKey": "CHE|100001_REG|040CH3EURUSSIACIS"
	},
	{
		"key": "010GERMANY_SR",
		"value": "Germany",
		"hierarchyId": "138",
		"parentKey": "PHC|RD|100300_REG"
	},
	{
		"key": "010PH4AUSTRALIA",
		"value": "Australia",
		"hierarchyId": "138",
		"parentKey": "PHC|100003_REG|020PH3APAC_REG"
	},
	{
		"key": "010PH4BRAZIL",
		"value": "Brazil",
		"hierarchyId": "138",
		"parentKey": "PHC|100001_REG|030PH3LATAM_REG"
	},
	{
		"key": "010PH4MAGHREB_SUB",
		"value": "Maghreb",
		"hierarchyId": "138",
		"parentKey": "PHC|100005_REG|ZW_EMA_REG"
	},
	{
		"key": "010PH4POLAND",
		"value": "Poland",
		"hierarchyId": "138",
		"parentKey": "PHC|100005_REG|ZW_EU2_REG"
	},
	{
		"key": "010PH4RUSSIA_SUB",
		"value": "Russia_CIS",
		"hierarchyId": "138",
		"parentKey": "PHC|100005_REG|ZW_EU1_REG"
	},
	{
		"key": "010PH4TURKEY_IRAN_SUB",
		"value": "Turkey / Iran",
		"hierarchyId": "138",
		"parentKey": "PHC|100005_REG|ZW_EMA_REG"
	},
	{
		"key": "010RAD3JAPAN",
		"value": "Japan",
		"hierarchyId": "138",
		"parentKey": "PHC|RD|100200_REG"
	},
	{
		"key": "010RAD3USA",
		"value": "USA incl. Puerto Rico",
		"hierarchyId": "138",
		"parentKey": "PHC|RD|100100_REG"
	},
	{
		"key": "020ACO3CANADA",
		"value": "Canada",
		"hierarchyId": "138",
		"parentKey": "BCS|0ACO|3N1_REG"
	},
	{
		"key": "020ACO3DACH",
		"value": "DACH",
		"hierarchyId": "138",
		"parentKey": "BCS|0ACO|1EM1_REG"
	},
	{
		"key": "020ACO3JP",
		"value": "Japan",
		"hierarchyId": "138",
		"parentKey": "BCS|0ACO|7A1_REG"
	},
	{
		"key": "020ACO3PACA_SUB",
		"value": "Pacto Andino and Central America",
		"hierarchyId": "138",
		"parentKey": "BCS|0ACO|5L2_REG"
	},
	{
		"key": "020ACO3PAKISTAN",
		"value": "Pakistan",
		"hierarchyId": "138",
		"parentKey": "BCS|0ACO|7A2_REG"
	},
	{
		"key": "020ACO3POLAND_SUB",
		"value": "Poland / Baltics",
		"hierarchyId": "138",
		"parentKey": "BCS|0ACO|1EM3_REG"
	},
	{
		"key": "020AH4CENTRO",
		"value": "Centro",
		"hierarchyId": "138",
		"parentKey": "ANH|100200_REG|030AH3LATAM NORTH_SUB"
	},
	{
		"key": "020AH4CONOSUR",
		"value": "Conosur",
		"hierarchyId": "138",
		"parentKey": "ANH|100200_REG|050AH3LATAM SOUTH_SUB"
	},
	{
		"key": "020AH4CZSK",
		"value": "Czech Republik & Slovakia",
		"hierarchyId": "138",
		"parentKey": "ANH|100100_REG|070AH3CEE"
	},
	{
		"key": "020AH4HU",
		"value": "020AH4HU",
		"hierarchyId": "138",
		"parentKey": "ANH|100100_REG|090AH3SEE"
	},
	{
		"key": "020AH4RUSSIA",
		"value": "Russia",
		"hierarchyId": "138",
		"parentKey": "ANH|100200_REG|060AH3MERA_SUB"
	},
	{
		"key": "020AH4VIETNAM",
		"value": "Vietnam",
		"hierarchyId": "138",
		"parentKey": "ANH|100200_REG|010AH3ASIA_SUB"
	},
	{
		"key": "020CH4CONOSUR_SUB",
		"value": "Conosur",
		"hierarchyId": "138",
		"parentKey": "CHE|100004_REG|020CH3CONOSUR_SUB"
	},
	{
		"key": "020CH4SOUTHASIA",
		"value": "South Asia",
		"hierarchyId": "138",
		"parentKey": "CHE|100006_REG|060CH3APAC_SUB"
	},
	{
		"key": "020CH4SPAIN",
		"value": "Spain",
		"hierarchyId": "138",
		"parentKey": "CHE|100001_REG|020CH3EUROPESOUTH_SUB"
	},
	{
		"key": "020CH4UK",
		"value": "United Kingdom",
		"hierarchyId": "138",
		"parentKey": "CHE|100001_REG|010CH3EUROPENORTH_SUB"
	},
	{
		"key": "020PH4ASEAN_SUB",
		"value": "ASEAN",
		"hierarchyId": "138",
		"parentKey": "PHC|100003_REG|020PH3APAC_REG"
	},
	{
		"key": "020PH4GREECE_CLUSTER_SUB",
		"value": "Greece Cluster",
		"hierarchyId": "138",
		"parentKey": "PHC|100005_REG|ZW_EU2_REG"
	},
	{
		"key": "020PH4MEXICO",
		"value": "Mexico",
		"hierarchyId": "138",
		"parentKey": "PHC|100001_REG|030PH3LATAM_REG"
	},
	{
		"key": "020PH4MIDDLE EAST_SUB",
		"value": "Middle East",
		"hierarchyId": "138",
		"parentKey": "PHC|100005_REG|ZW_EMA_REG"
	},
	{
		"key": "020PH4SWITZERLAND",
		"value": "Switzerland",
		"hierarchyId": "138",
		"parentKey": "PHC|100005_REG|110000"
	},
	{
		"key": "020RAD3CANADA",
		"value": "Canada",
		"hierarchyId": "138",
		"parentKey": "PHC|RD|100100_REG"
	},
	{
		"key": "020RAD3CHINA",
		"value": "China",
		"hierarchyId": "138",
		"parentKey": "PHC|RD|100200_REG"
	},
	{
		"key": "020RAD3EUROPE2_SUB",
		"value": "Europe 2",
		"hierarchyId": "138",
		"parentKey": "PHC|RD|100300_REG"
	},
	{
		"key": "030ACO3ANZ_SUB",
		"value": "Australia / New Zealand",
		"hierarchyId": "138",
		"parentKey": "BCS|0ACO|7A1_REG"
	},
	{
		"key": "030ACO3BANGLADESH",
		"value": "Bangladesh",
		"hierarchyId": "138",
		"parentKey": "BCS|0ACO|7A2_REG"
	},
	{
		"key": "030ACO3BGRO",
		"value": "Bulgaria / Romania / Moldova",
		"hierarchyId": "138",
		"parentKey": "BCS|0ACO|1EM3_REG"
	},
	{
		"key": "030ACO3MX",
		"value": "Mexico",
		"hierarchyId": "138",
		"parentKey": "BCS|0ACO|5L2_REG"
	},
	{
		"key": "030AH4ANDINA",
		"value": "Andina",
		"hierarchyId": "138",
		"parentKey": "ANH|100200_REG|030AH3LATAM NORTH_SUB"
	},
	{
		"key": "030AH4DIRECT BUSINESS",
		"value": "Direct Business",
		"hierarchyId": "138",
		"parentKey": "ANH|100200_REG|060AH3MERA_SUB"
	},
	{
		"key": "030AH4THAILAND",
		"value": "Thailand",
		"hierarchyId": "138",
		"parentKey": "ANH|100200_REG|010AH3ASIA_SUB"
	},
	{
		"key": "030CH4BRAZIL",
		"value": "Brazil",
		"hierarchyId": "138",
		"parentKey": "CHE|100004_REG|090CH3BRAZIL"
	},
	{
		"key": "030CH4JAPAN",
		"value": "Japan",
		"hierarchyId": "138",
		"parentKey": "CHE|100006_REG|060CH3APAC_SUB"
	},
	{
		"key": "030CH4KAZAKHSTAN",
		"value": "Kazakhstan",
		"hierarchyId": "138",
		"parentKey": "CHE|100001_REG|040CH3EURUSSIACIS"
	},
	{
		"key": "030CH4MIDDLEEAST",
		"value": "Middle East",
		"hierarchyId": "138",
		"parentKey": "CHE|100001_REG|020CH3EUROPESOUTH_SUB"
	},
	{
		"key": "030CH4SWITZERLAND",
		"value": "Switzerland",
		"hierarchyId": "138",
		"parentKey": "CHE|100001_REG|010CH3EUROPENORTH_SUB"
	},
	{
		"key": "030PH4AUSTRIA",
		"value": "Austria",
		"hierarchyId": "138",
		"parentKey": "PHC|100005_REG|ZW_EU2_REG"
	},
	{
		"key": "030PH4CONOSUR_SUB",
		"value": "Conosur",
		"hierarchyId": "138",
		"parentKey": "PHC|100001_REG|030PH3LATAM_REG"
	},
	{
		"key": "030PH4KOREA",
		"value": "Korea",
		"hierarchyId": "138",
		"parentKey": "PHC|100003_REG|020PH3APAC_REG"
	},
	{
		"key": "030PH4SCANDINAVIA",
		"value": "Scandinavia",
		"hierarchyId": "138",
		"parentKey": "PHC|100005_REG|ZW_EU1_REG"
	},
	{
		"key": "030PH4UKRAINE",
		"value": "Ukraine",
		"hierarchyId": "138",
		"parentKey": "PHC|100005_REG|ZW_EMA_REG"
	},
	{
		"key": "030RAD3ASIA_SUB",
		"value": "Asia Subregion",
		"hierarchyId": "138",
		"parentKey": "PHC|RD|100200_REG"
	},
	{
		"key": "030RAD3EUROPE3_SUB",
		"value": "Europe 3",
		"hierarchyId": "138",
		"parentKey": "PHC|RD|100300_REG"
	},
	{
		"key": "030RAD3LATAM_SUB",
		"value": "Latin America",
		"hierarchyId": "138",
		"parentKey": "PHC|RD|100100_REG"
	},
	{
		"key": "033CH4NORDICS",
		"value": "Nordics",
		"hierarchyId": "138",
		"parentKey": "CHE|100001_REG|010CH3EUROPENORTH_SUB"
	},
	{
		"key": "040ACO3GREATERCHINA_SUB",
		"value": "Greater China",
		"hierarchyId": "138",
		"parentKey": "BCS|0ACO|7A1_REG"
	},
	{
		"key": "040ACO3PY_BO",
		"value": "Paraguay / Bolivia",
		"hierarchyId": "138",
		"parentKey": "BCS|0ACO|5L2_REG"
	},
	{
		"key": "040ACO3SRILANKA",
		"value": "Sri Lanka",
		"hierarchyId": "138",
		"parentKey": "BCS|0ACO|7A2_REG"
	},
	{
		"key": "040ACO3UKRAINE",
		"value": "Ukraine",
		"hierarchyId": "138",
		"parentKey": "BCS|0ACO|1EM3_REG"
	},
	{
		"key": "040AH4KOREA",
		"value": "Korea",
		"hierarchyId": "138",
		"parentKey": "ANH|100200_REG|010AH3ASIA_SUB"
	},
	{
		"key": "040AH4TURKEY",
		"value": "Turkey",
		"hierarchyId": "138",
		"parentKey": "ANH|100200_REG|060AH3MERA_SUB"
	},
	{
		"key": "040CH4ANDEAN_SUB",
		"value": "Andean",
		"hierarchyId": "138",
		"parentKey": "CHE|100004_REG|070CH3ANDEAN_SUB"
	},
	{
		"key": "040CH4AUSTRIA",
		"value": "Austria",
		"hierarchyId": "138",
		"parentKey": "CHE|100001_REG|010CH3EUROPENORTH_SUB"
	},
	{
		"key": "040CH4INDONESIA",
		"value": "Indonesia",
		"hierarchyId": "138",
		"parentKey": "CHE|100006_REG|060CH3APAC_SUB"
	},
	{
		"key": "040CH4TURKEY",
		"value": "Turkey",
		"hierarchyId": "138",
		"parentKey": "CHE|100001_REG|020CH3EUROPESOUTH_SUB"
	},
	{
		"key": "040FRANCE_SR",
		"value": "France",
		"hierarchyId": "138",
		"parentKey": "PHC|RD|100300_REG"
	},
	{
		"key": "040PH4ANDEAN",
		"value": "Andean",
		"hierarchyId": "138",
		"parentKey": "PHC|100001_REG|030PH3LATAM_REG"
	},
	{
		"key": "040PH4BELGIUM_LUX",
		"value": "Belgium Luxembourg",
		"hierarchyId": "138",
		"parentKey": "PHC|100005_REG|ZW_EU1_REG"
	},
	{
		"key": "040PH4MIDDLE_AFRICA_SUB",
		"value": "Middle Africa",
		"hierarchyId": "138",
		"parentKey": "PHC|100005_REG|ZW_EMA_REG"
	},
	{
		"key": "040PH4SLOVENIA_CLUSTER_SUB",
		"value": "Slovenia Cluster",
		"hierarchyId": "138",
		"parentKey": "PHC|100005_REG|ZW_EU2_REG"
	},
	{
		"key": "040PH4TAIWAN",
		"value": "Taiwan",
		"hierarchyId": "138",
		"parentKey": "PHC|100003_REG|020PH3APAC_REG"
	},
	{
		"key": "040RAD3ANZ",
		"value": "Australia / NZ",
		"hierarchyId": "138",
		"parentKey": "PHC|RD|100200_REG"
	},
	{
		"key": "050ACO3BHUTAN",
		"value": "Bhutan",
		"hierarchyId": "138",
		"parentKey": "BCS|0ACO|7A2_REG"
	},
	{
		"key": "050ACO3CL",
		"value": "Chile",
		"hierarchyId": "138",
		"parentKey": "BCS|0ACO|5L2_REG"
	},
	{
		"key": "050ACO3HU",
		"value": "Hungary",
		"hierarchyId": "138",
		"parentKey": "BCS|0ACO|1EM3_REG"
	},
	{
		"key": "050ACO3KR",
		"value": "Korea, Rep. Of",
		"hierarchyId": "138",
		"parentKey": "BCS|0ACO|7A1_REG"
	},
	{
		"key": "050AH3BRAZIL",
		"value": "Brazil",
		"hierarchyId": "138",
		"parentKey": "ANH|100200_REG|050AH3LATAM SOUTH_SUB"
	},
	{
		"key": "050AH4INDIA",
		"value": "India",
		"hierarchyId": "138",
		"parentKey": "ANH|100200_REG|010AH3ASIA_SUB"
	},
	{
		"key": "050AH4UKRAINE",
		"value": "Ukraine",
		"hierarchyId": "138",
		"parentKey": "ANH|100200_REG|060AH3MERA_SUB"
	},
	{
		"key": "050CH4BELAREUS",
		"value": "Belarus",
		"hierarchyId": "138",
		"parentKey": "CHE|100001_REG|040CH3EURUSSIACIS"
	},
	{
		"key": "050CH4CEEC_SUB",
		"value": "CEEC",
		"hierarchyId": "138",
		"parentKey": "CHE|100001_REG|020CH3EUROPESOUTH_SUB"
	},
	{
		"key": "050CH4CENTRO",
		"value": "Centro / Caribe",
		"hierarchyId": "138",
		"parentKey": "CHE|100004_REG|060CH3CENTROCARIBE"
	},
	{
		"key": "050CH4KOREA",
		"value": "Korea",
		"hierarchyId": "138",
		"parentKey": "CHE|100006_REG|060CH3APAC_SUB"
	},
	{
		"key": "050CH4SOUTHERNAFRICA",
		"value": "Southern Africa",
		"hierarchyId": "138",
		"parentKey": "CHE|100001_REG|010CH3EUROPENORTH_SUB"
	},
	{
		"key": "050PH4CENTRO",
		"value": "Centro / Caribe",
		"hierarchyId": "138",
		"parentKey": "PHC|100001_REG|030PH3LATAM_REG"
	},
	{
		"key": "050PH4CR_SUB",
		"value": "Czech Republic Cluster",
		"hierarchyId": "138",
		"parentKey": "PHC|100005_REG|ZW_EU2_REG"
	},
	{
		"key": "050PH4NETHERLANDS",
		"value": "Netherlands",
		"hierarchyId": "138",
		"parentKey": "PHC|100005_REG|ZW_EU1_REG"
	},
	{
		"key": "050PH4SOUTH_ASIA_SUB",
		"value": "South Asia",
		"hierarchyId": "138",
		"parentKey": "PHC|100003_REG|020PH3APAC_REG"
	},
	{
		"key": "050RAD3KOREA",
		"value": "Korea",
		"hierarchyId": "138",
		"parentKey": "PHC|RD|100200_REG"
	},
	{
		"key": "055CH4POLAND",
		"value": "Poland",
		"hierarchyId": "138",
		"parentKey": "CHE|100001_REG|020CH3EUROPESOUTH_SUB"
	},
	{
		"key": "060ACO3CZSK",
		"value": "Czech / Slovak Rep.",
		"hierarchyId": "138",
		"parentKey": "BCS|0ACO|1EM3_REG"
	},
	{
		"key": "060ACO3MALDIVES",
		"value": "Maldives",
		"hierarchyId": "138",
		"parentKey": "BCS|0ACO|7A2_REG"
	},
	{
		"key": "060AH3MEXICO",
		"value": "Mexico",
		"hierarchyId": "138",
		"parentKey": "ANH|100200_REG|030AH3LATAM NORTH_SUB"
	},
	{
		"key": "060AH4EASTWESTAFRICA",
		"value": "East / West Africa",
		"hierarchyId": "138",
		"parentKey": "ANH|100200_REG|060AH3MERA_SUB"
	},
	{
		"key": "060AH4PHILIPPINES",
		"value": "Philippines",
		"hierarchyId": "138",
		"parentKey": "ANH|100200_REG|010AH3ASIA_SUB"
	},
	{
		"key": "060CH4ALPEADRIA",
		"value": "Alpe Adria",
		"hierarchyId": "138",
		"parentKey": "CHE|100001_REG|020CH3EUROPESOUTH_SUB"
	},
	{
		"key": "060CH4NETHERLANDS",
		"value": "Netherlands",
		"hierarchyId": "138",
		"parentKey": "CHE|100001_REG|010CH3EUROPENORTH_SUB"
	},
	{
		"key": "060CH4PHILIPPINES",
		"value": "Philippines",
		"hierarchyId": "138",
		"parentKey": "CHE|100006_REG|060CH3APAC_SUB"
	},
	{
		"key": "060PH4PORTUGAL",
		"value": "Portugal",
		"hierarchyId": "138",
		"parentKey": "PHC|100005_REG|ZW_EU1_REG"
	},
	{
		"key": "060PH4VENEZUELA",
		"value": "Venezuela",
		"hierarchyId": "138",
		"parentKey": "PHC|100001_REG|030PH3LATAM_REG"
	},
	{
		"key": "060UKIRE_SR",
		"value": "UK/ IRE",
		"hierarchyId": "138",
		"parentKey": "PHC|RD|100300_REG"
	},
	{
		"key": "065CH4UKRAINE",
		"value": "Ukraine",
		"hierarchyId": "138",
		"parentKey": "CHE|100001_REG|020CH3EUROPESOUTH_SUB"
	},
	{
		"key": "070ACO3CROATIA",
		"value": "Alpe Adria",
		"hierarchyId": "138",
		"parentKey": "BCS|0ACO|1EM3_REG"
	},
	{
		"key": "070AH4IND_MY",
		"value": "Indonesia / Malaysia",
		"hierarchyId": "138",
		"parentKey": "ANH|100200_REG|010AH3ASIA_SUB"
	},
	{
		"key": "070AH4LATAM NORTH_SUB",
		"value": "Venezuela,Bol.R",
		"hierarchyId": "138",
		"parentKey": "ANH|100200_REG|030AH3LATAM NORTH_SUB"
	},
	{
		"key": "070CH4MAGHREBCOUNTRIES",
		"value": "Maghreb Countries",
		"hierarchyId": "138",
		"parentKey": "CHE|100001_REG|010CH3EUROPENORTH_SUB"
	},
	{
		"key": "070CH4PORTUGAL",
		"value": "Portugal",
		"hierarchyId": "138",
		"parentKey": "CHE|100001_REG|020CH3EUROPESOUTH_SUB"
	},
	{
		"key": "070PH4FINLAND_BALTICS",
		"value": "Finland / Baltics",
		"hierarchyId": "138",
		"parentKey": "PHC|100005_REG|110000"
	},
	{
		"key": "070PH4OCEANIA",
		"value": "Oceania",
		"hierarchyId": "138",
		"parentKey": "PHC|100003_REG|020PH3APAC_REG"
	},
	{
		"key": "080CH4BELUX",
		"value": "Belgium/Luxembourg",
		"hierarchyId": "138",
		"parentKey": "CHE|100001_REG|010CH3EUROPENORTH_SUB"
	},
	{
		"key": "080CH4GREECECYP",
		"value": "Greece/Cyprus",
		"hierarchyId": "138",
		"parentKey": "CHE|100001_REG|020CH3EUROPESOUTH_SUB"
	},
	{
		"key": "080PH4SOUTHERN_AFRICA_SUB",
		"value": "Southern Africa",
		"hierarchyId": "138",
		"parentKey": "PHC|100005_REG|110000"
	},
	{
		"key": "085CH4IRELAND",
		"value": "Ireland",
		"hierarchyId": "138",
		"parentKey": "CHE|100001_REG|010CH3EUROPENORTH_SUB"
	},
	{
		"key": "090CH4ISRAEL",
		"value": "Israel",
		"hierarchyId": "138",
		"parentKey": "CHE|100001_REG|020CH3EUROPESOUTH_SUB"
	},
	{
		"key": "090CH4MIDDLEAFRICA",
		"value": "Middle Africa",
		"hierarchyId": "138",
		"parentKey": "CHE|100001_REG|010CH3EUROPENORTH_SUB"
	},
	{
		"key": "090PH4ISRAEL",
		"value": "Israel",
		"hierarchyId": "138",
		"parentKey": "PHC|100005_REG|ZW_EU1_REG"
	},
	{
		"key": "093PH4IRELAND",
		"value": "Ireland",
		"hierarchyId": "138",
		"parentKey": "PHC|100005_REG|ZW_EU1_REG"
	},
	{
		"key": "095CH4OTHEREURS",
		"value": "Other Europe South",
		"hierarchyId": "138",
		"parentKey": "CHE|100001_REG|020CH3EUROPESOUTH_SUB"
	},
	{
		"key": "095PH4MALTA",
		"value": "Malta",
		"hierarchyId": "138",
		"parentKey": "PHC|100005_REG|ZW_EU1_REG"
	},
	{
		"key": "0ACO",
		"value": "Commercial Operations",
		"hierarchyId": "138",
		"parentKey": "BCS|0ACO|0ACO"
	},
	{
		"key": "0NEWS",
		"value": "BCS/0NEWS",
		"hierarchyId": "138",
		"parentKey": "BCS|0NEWS|0NEWS"
	},
	{
		"key": "100",
		"value": "UK/ Ireland",
		"hierarchyId": "138",
		"parentKey": "BCS|0ACO|1EM1_REG"
	},
	{
		"key": "100001_REG",
		"value": "Americas",
		"hierarchyId": "138",
		"parentKey": "PHC|100001_REG|100001_REG"
	},
	{
		"key": "100003_REG",
		"value": "China & APAC",
		"hierarchyId": "138",
		"parentKey": "PHC|100003_REG|100003_REG"
	},
	{
		"key": "100005_REG",
		"value": "EMEA",
		"hierarchyId": "138",
		"parentKey": "PHC|100005_REG|100005_REG"
	},
	{
		"key": "101",
		"value": "BeNeLux",
		"hierarchyId": "138",
		"parentKey": "BCS|0ACO|1EM1_REG"
	},
	{
		"key": "102",
		"value": "Nordics",
		"hierarchyId": "138",
		"parentKey": "BCS|0ACO|1EM1_REG"
	},
	{
		"key": "110",
		"value": "Iberia (enlarged)",
		"hierarchyId": "138",
		"parentKey": "BCS|0ACO|1EM2_REG"
	},
	{
		"key": "110000",
		"value": "Region HQ",
		"hierarchyId": "138",
		"parentKey": "ANH|100001_REG|110000"
	},
	{
		"key": "111",
		"value": "Italy (enlarged)",
		"hierarchyId": "138",
		"parentKey": "BCS|0ACO|1EM2_REG"
	},
	{
		"key": "113",
		"value": "Greece (enlarged)",
		"hierarchyId": "138",
		"parentKey": "BCS|0ACO|1EM2_REG"
	},
	{
		"key": "160",
		"value": "Turkey (enlarged)",
		"hierarchyId": "138",
		"parentKey": "BCS|0ACO|1EM2_REG"
	},
	{
		"key": "161ACO3NORTHWESTCA_SUB",
		"value": "North West Central Africa",
		"hierarchyId": "138",
		"parentKey": "BCS|0ACO|1EM2_REG"
	},
	{
		"key": "162",
		"value": "Eastern Africa",
		"hierarchyId": "138",
		"parentKey": "BCS|0ACO|1EM2_REG"
	},
	{
		"key": "163",
		"value": "Southern Africa",
		"hierarchyId": "138",
		"parentKey": "BCS|0ACO|1EM2_REG"
	},
	{
		"key": "164",
		"value": "Middle East",
		"hierarchyId": "138",
		"parentKey": "BCS|0ACO|1EM2_REG"
	},
	{
		"key": "200000",
		"value": "Product Supply",
		"hierarchyId": "138",
		"parentKey": "ANH|30|200000"
	},
	{
		"key": "30",
		"value": "Division HQ",
		"hierarchyId": "138",
		"parentKey": "CHE|30|30"
	},
	{
		"key": "300000",
		"value": "Global CAO",
		"hierarchyId": "138",
		"parentKey": "ANH|30|300000"
	},
	{
		"key": "39",
		"value": "Adjustments North Americas",
		"hierarchyId": "138",
		"parentKey": "BCS|0ACO|3N1_REG"
	},
	{
		"key": "400000",
		"value": "Global R&D",
		"hierarchyId": "138",
		"parentKey": "ANH|30|400000"
	},
	{
		"key": "500000",
		"value": "Non-Core Activities",
		"hierarchyId": "138",
		"parentKey": "ANH|70|500000"
	},
	{
		"key": "500100",
		"value": "Globally Managed Business",
		"hierarchyId": "138",
		"parentKey": "ANH|70|500100"
	},
	{
		"key": "500200",
		"value": "Manufacturing Services",
		"hierarchyId": "138",
		"parentKey": "ANH|70|500200"
	},
	{
		"key": "500300",
		"value": "Healthcare Programs",
		"hierarchyId": "138",
		"parentKey": "CHE|70|500300"
	},
	{
		"key": "500500",
		"value": "Corporate Sales",
		"hierarchyId": "138",
		"parentKey": "BCS|70|500500"
	},
	{
		"key": "500600",
		"value": "Industrial Sales",
		"hierarchyId": "138",
		"parentKey": "BCS|70|500600"
	},
	{
		"key": "500700",
		"value": "PM Sales",
		"hierarchyId": "138",
		"parentKey": "BCS|70|500700"
	},
	{
		"key": "500900",
		"value": "Additional Business (excl.by Local Unit)",
		"hierarchyId": "138",
		"parentKey": "BCS|70|500900"
	},
	{
		"key": "600000",
		"value": "Divisional HQ (incl. BPA)",
		"hierarchyId": "138",
		"parentKey": "ANH|30|600000"
	},
	{
		"key": "600100",
		"value": "Divisional BU HQ",
		"hierarchyId": "138",
		"parentKey": "ANH|30|600100"
	},
	{
		"key": "600200",
		"value": "Global Divisional Marketing",
		"hierarchyId": "138",
		"parentKey": "ANH|30|600200"
	},
	{
		"key": "600300",
		"value": "Global Divisional Licensing",
		"hierarchyId": "138",
		"parentKey": "BCS|30|600300"
	},
	{
		"key": "600400",
		"value": "Global Divisional Market Access",
		"hierarchyId": "138",
		"parentKey": "BCS|30|600400"
	},
	{
		"key": "600500",
		"value": "Brand Core Teams",
		"hierarchyId": "138",
		"parentKey": "ANH|30|600500"
	},
	{
		"key": "700000",
		"value": "PPA",
		"hierarchyId": "138",
		"parentKey": "ANH|90|700000"
	},
	{
		"key": "800000",
		"value": "Divested Business",
		"hierarchyId": "138",
		"parentKey": "BCS|80|800000"
	},
	{
		"key": "990000",
		"value": "Not Assigned",
		"hierarchyId": "138",
		"parentKey": "ANH|30|990000"
	},
	{
		"key": "A1A",
		"value": "Adjustments APAC 1",
		"hierarchyId": "138",
		"parentKey": "BCS|0ACO|7A1_REG"
	},
	{
		"key": "A2A",
		"value": "Adjustments APAC 2",
		"hierarchyId": "138",
		"parentKey": "BCS|0ACO|7A2_REG"
	},
	{
		"key": "AMERICAS_SR",
		"value": "Americas (Region)",
		"hierarchyId": "138",
		"parentKey": "PHC|100001_REG|AMERICAS_R"
	},
	{
		"key": "ANH",
		"value": "Animal Health",
		"hierarchyId": "138",
		"parentKey": "ANH|ANH|ANH"
	},
	{
		"key": "AUSTRALIA_CG",
		"value": "Australia",
		"hierarchyId": "138",
		"parentKey": "ANH|100200_REG|030AH3ANZ_SUB"
	},
	{
		"key": "AWD",
		"value": "Adjustment world",
		"hierarchyId": "138",
		"parentKey": "BCS|0ACO|ZZADJW_REG"
	},
	{
		"key": "BBS",
		"value": "Business Services",
		"hierarchyId": "138",
		"parentKey": "REC|BBS|BBS"
	},
	{
		"key": "BCS",
		"value": "Crop Science",
		"hierarchyId": "138",
		"parentKey": "BCS|BCS|BCS"
	},
	{
		"key": "BENELUX_CG",
		"value": "BeNeLux",
		"hierarchyId": "138",
		"parentKey": "ANH|100100_REG|060AH3BENELUX"
	},
	{
		"key": "BHO",
		"value": "Corporate Functions",
		"hierarchyId": "138",
		"parentKey": "REC|BHO|BHO"
	},
	{
		"key": "BMS",
		"value": "Covestro Discontinued",
		"hierarchyId": "138",
		"parentKey": "BMS|BMS|BMS"
	},
	{
		"key": "BRAZIL_R",
		"value": "Brazil",
		"hierarchyId": "138",
		"parentKey": "BCS|0ACO|5L1"
	},
	{
		"key": "CANADA_CG",
		"value": "Canada",
		"hierarchyId": "138",
		"parentKey": "ANH|100001_REG|300_CA"
	},
	{
		"key": "CANADA_SR",
		"value": "Canada",
		"hierarchyId": "138",
		"parentKey": "CHE|100003_REG|020CH3CA"
	},
	{
		"key": "CCTH_3U",
		"value": "BHC CEO",
		"hierarchyId": "138",
		"parentKey": "REC|OTH|CCTH_A3"
	},
	{
		"key": "CCTH_3X",
		"value": "BHC CAO",
		"hierarchyId": "138",
		"parentKey": "REC|OTH|CCTH_A3"
	},
	{
		"key": "CCTH_3Y",
		"value": "BHC Product Supply",
		"hierarchyId": "138",
		"parentKey": "REC|OTH|CCTH_A3"
	},
	{
		"key": "CCTH_50",
		"value": "Bayer Business Servi",
		"hierarchyId": "138",
		"parentKey": "REC|BBS|CCTH_I"
	},
	{
		"key": "CCTH_55",
		"value": "Bayer Group Platform",
		"hierarchyId": "138",
		"parentKey": "REC|LOS|CCTH_K"
	},
	{
		"key": "CCTH_9Z",
		"value": "REC/CCTH_9Z",
		"hierarchyId": "138",
		"parentKey": "REC|LOS|CCTH_K"
	},
	{
		"key": "CCTH_A0",
		"value": "Bayer Holding",
		"hierarchyId": "138",
		"parentKey": "REC|BHO|CCTH_A0"
	},
	{
		"key": "CCTH_BAA",
		"value": "Head I&D",
		"hierarchyId": "138",
		"parentKey": "CHE|30|400000"
	},
	{
		"key": "CCTH_BAB",
		"value": "I&D TU Unit",
		"hierarchyId": "138",
		"parentKey": "CHE|30|400000"
	},
	{
		"key": "CCTH_BAC",
		"value": "I&D PC Unit",
		"hierarchyId": "138",
		"parentKey": "CHE|30|400000"
	},
	{
		"key": "CCTH_BAD",
		"value": "I&D - NT Unit",
		"hierarchyId": "138",
		"parentKey": "CHE|30|400000"
	},
	{
		"key": "CCTH_BAE",
		"value": "I&D Operations",
		"hierarchyId": "138",
		"parentKey": "CHE|30|400000"
	},
	{
		"key": "CCTH_BAF",
		"value": "Rx to OTC Switch",
		"hierarchyId": "138",
		"parentKey": "CHE|30|400000"
	},
	{
		"key": "CCTH_BAH",
		"value": "New Product Dev.",
		"hierarchyId": "138",
		"parentKey": "CHE|30|400000"
	},
	{
		"key": "CCTH_BBA",
		"value": "Board Support",
		"hierarchyId": "138",
		"parentKey": "CHE|30|600000"
	},
	{
		"key": "CCTH_BBC",
		"value": "Govt. Affairs",
		"hierarchyId": "138",
		"parentKey": "CHE|30|600000"
	},
	{
		"key": "CCTH_BEA",
		"value": "Management",
		"hierarchyId": "138",
		"parentKey": "CHE|30|600200"
	},
	{
		"key": "CCTH_BEB",
		"value": "Global Cat. BU",
		"hierarchyId": "138",
		"parentKey": "CHE|30|600200"
	},
	{
		"key": "CCTH_BEC",
		"value": "Mkt. Res. & Med.",
		"hierarchyId": "138",
		"parentKey": "CHE|30|600200"
	},
	{
		"key": "CCTH_BEG",
		"value": "Naturals",
		"hierarchyId": "138",
		"parentKey": "CHE|30|600200"
	},
	{
		"key": "CCTH_BEH",
		"value": "Customer Exc.",
		"hierarchyId": "138",
		"parentKey": "CHE|30|600200"
	},
	{
		"key": "CCTH_BF",
		"value": "CH Finance",
		"hierarchyId": "138",
		"parentKey": "CHE|30|CCTH_BF"
	},
	{
		"key": "CCTH_BFA",
		"value": "Management",
		"hierarchyId": "138",
		"parentKey": "CHE|30|CCTH_BF"
	},
	{
		"key": "CCTH_BFB",
		"value": "Perf. Mngmt.",
		"hierarchyId": "138",
		"parentKey": "CHE|30|CCTH_BF"
	},
	{
		"key": "CCTH_BFC",
		"value": "Controlling Int.",
		"hierarchyId": "138",
		"parentKey": "CHE|30|CCTH_BF"
	},
	{
		"key": "CCTH_BFD",
		"value": "Strat. Bus. Analyt.",
		"hierarchyId": "138",
		"parentKey": "CHE|30|CCTH_BF"
	},
	{
		"key": "CCTH_BFE",
		"value": "Strat. Finan. Contr.",
		"hierarchyId": "138",
		"parentKey": "CHE|30|CCTH_BF"
	},
	{
		"key": "CCTH_BFF",
		"value": "Controlling PS",
		"hierarchyId": "138",
		"parentKey": "CHE|30|CCTH_BF"
	},
	{
		"key": "CCTH_BXA",
		"value": "Exec. Assistant",
		"hierarchyId": "138",
		"parentKey": "CHE|30|600000"
	},
	{
		"key": "CCTH_BXB",
		"value": "Int.PMO & Strat.Inc.",
		"hierarchyId": "138",
		"parentKey": "CHE|30|600000"
	},
	{
		"key": "CCTH_BXC",
		"value": "Reimb.,Ins & Others",
		"hierarchyId": "138",
		"parentKey": "CHE|30|600000"
	},
	{
		"key": "CCTH_BY9",
		"value": "CH PS OTHERS",
		"hierarchyId": "138",
		"parentKey": "CHE|30|200000"
	},
	{
		"key": "CCTH_BYA",
		"value": "CH PS APAC",
		"hierarchyId": "138",
		"parentKey": "CHE|30|200000"
	},
	{
		"key": "CCTH_BYE",
		"value": "CH PS EMEA",
		"hierarchyId": "138",
		"parentKey": "CHE|30|200000"
	},
	{
		"key": "CCTH_BYL",
		"value": "CH PS LATAM",
		"hierarchyId": "138",
		"parentKey": "CHE|30|200000"
	},
	{
		"key": "CCTH_BYN",
		"value": "CH PS NA",
		"hierarchyId": "138",
		"parentKey": "CHE|30|200000"
	},
	{
		"key": "CCTH_BYS",
		"value": "CH PS DIRECT SITES",
		"hierarchyId": "138",
		"parentKey": "CHE|30|200000"
	},
	{
		"key": "CCTH_BYT",
		"value": "CH ENGINEERING/TECHN",
		"hierarchyId": "138",
		"parentKey": "CHE|30|200000"
	},
	{
		"key": "CCTH_C2A",
		"value": "Europe & Japan",
		"hierarchyId": "138",
		"parentKey": "BCS|0ACO|ZZX_ES"
	},
	{
		"key": "CCTH_C2C",
		"value": "Region International",
		"hierarchyId": "138",
		"parentKey": "BCS|0ACO|ZZX_ES"
	},
	{
		"key": "CCTH_C2D",
		"value": "ES-Global Functions",
		"hierarchyId": "138",
		"parentKey": "BCS|0ACO|ZZX_ES"
	},
	{
		"key": "CCTH_C3A",
		"value": "Seeds & Traits ACO",
		"hierarchyId": "138",
		"parentKey": "BCS|0NEWS|CCTH_C3A"
	},
	{
		"key": "CCTH_C3AB",
		"value": "Marketing",
		"hierarchyId": "138",
		"parentKey": "BCS|0NEWS|CCTH_C3A"
	},
	{
		"key": "CCTH_C3AE",
		"value": "New Seeds Bus.Mngmt.",
		"hierarchyId": "138",
		"parentKey": "BCS|0NEWS|CCTH_C3A"
	},
	{
		"key": "CCTH_C3AJ",
		"value": "Others",
		"hierarchyId": "138",
		"parentKey": "BCS|0NEWS|CCTH_C3A"
	},
	{
		"key": "CCTH_C3SA",
		"value": "Breeding&Trait Dev.",
		"hierarchyId": "138",
		"parentKey": "BCS|0NEWS|CCTH_C3S"
	},
	{
		"key": "CCTH_C3SB",
		"value": "Stewardship",
		"hierarchyId": "138",
		"parentKey": "BCS|0NEWS|CCTH_C3S"
	},
	{
		"key": "CCTH_C3SC",
		"value": "Others",
		"hierarchyId": "138",
		"parentKey": "BCS|0NEWS|CCTH_C3S"
	},
	{
		"key": "CCTH_C3SD",
		"value": "Market Acceptance",
		"hierarchyId": "138",
		"parentKey": "BCS|0NEWS|CCTH_C3S"
	},
	{
		"key": "CCTH_C3SE",
		"value": "Business Management",
		"hierarchyId": "138",
		"parentKey": "BCS|0NEWS|CCTH_C3S"
	},
	{
		"key": "CCTH_C3SF",
		"value": "Legal",
		"hierarchyId": "138",
		"parentKey": "BCS|0NEWS|CCTH_C3S"
	},
	{
		"key": "CCTH_C3SG",
		"value": "Litigations",
		"hierarchyId": "138",
		"parentKey": "BCS|0NEWS|CCTH_C3S"
	},
	{
		"key": "CCTH_C3SH",
		"value": "Global Marketing",
		"hierarchyId": "138",
		"parentKey": "BCS|0NEWS|CCTH_C3S"
	},
	{
		"key": "CCTH_C3SI",
		"value": "Tech.Portf.Adv.",
		"hierarchyId": "138",
		"parentKey": "BCS|0NEWS|CCTH_C3S"
	},
	{
		"key": "CCTH_C3SJ",
		"value": "Agronomic services",
		"hierarchyId": "138",
		"parentKey": "BCS|0NEWS|CCTH_C3S"
	},
	{
		"key": "CCTH_C3SK",
		"value": "Supply Chain",
		"hierarchyId": "138",
		"parentKey": "BCS|0NEWS|CCTH_C3S"
	},
	{
		"key": "CCTH_C3SM",
		"value": "Overheads",
		"hierarchyId": "138",
		"parentKey": "BCS|0NEWS|CCTH_C3S"
	},
	{
		"key": "CCTH_C3SP",
		"value": "Production",
		"hierarchyId": "138",
		"parentKey": "BCS|0NEWS|CCTH_C3S"
	},
	{
		"key": "CCTH_C3SX",
		"value": "ULP",
		"hierarchyId": "138",
		"parentKey": "BCS|0NEWS|CCTH_C3S"
	},
	{
		"key": "CCTH_C3SY",
		"value": "Production II",
		"hierarchyId": "138",
		"parentKey": "BCS|0NEWS|CCTH_C3S"
	},
	{
		"key": "CCTH_CAB",
		"value": "Biologic R&D",
		"hierarchyId": "138",
		"parentKey": "BCS|30|400000"
	},
	{
		"key": "CCTH_CAD",
		"value": "Development",
		"hierarchyId": "138",
		"parentKey": "BCS|30|400000"
	},
	{
		"key": "CCTH_CAE",
		"value": "Regulatory Science",
		"hierarchyId": "138",
		"parentKey": "BCS|30|400000"
	},
	{
		"key": "CCTH_CAF",
		"value": "Product Development",
		"hierarchyId": "138",
		"parentKey": "BCS|30|400000"
	},
	{
		"key": "CCTH_CAM",
		"value": "CTO Management",
		"hierarchyId": "138",
		"parentKey": "BCS|30|400000"
	},
	{
		"key": "CCTH_CAP",
		"value": "Portfolio Mngmt. R&D",
		"hierarchyId": "138",
		"parentKey": "BCS|30|400000"
	},
	{
		"key": "CCTH_CAS",
		"value": "Small Molecules Res.",
		"hierarchyId": "138",
		"parentKey": "BCS|30|400000"
	},
	{
		"key": "CCTH_CAT",
		"value": "Trait Research",
		"hierarchyId": "138",
		"parentKey": "BCS|30|400000"
	},
	{
		"key": "CCTH_CBA",
		"value": "Mngmt.",
		"hierarchyId": "138",
		"parentKey": "BCS|30|CCTH_CB"
	},
	{
		"key": "CCTH_CBF",
		"value": "Public & Govt. Aff.",
		"hierarchyId": "138",
		"parentKey": "BCS|30|CCTH_CB"
	},
	{
		"key": "CCTH_CBG",
		"value": "Mkt.&Stakeh.Intel.",
		"hierarchyId": "138",
		"parentKey": "BCS|30|CCTH_CB"
	},
	{
		"key": "CCTH_CBL",
		"value": "Sust.&Bus.Stew.",
		"hierarchyId": "138",
		"parentKey": "BCS|30|CCTH_CB"
	},
	{
		"key": "CCTH_CBM",
		"value": "Bee Care Center",
		"hierarchyId": "138",
		"parentKey": "BCS|30|CCTH_CB"
	},
	{
		"key": "CCTH_CBN",
		"value": "Glob. Agric. Init.",
		"hierarchyId": "138",
		"parentKey": "BCS|30|CCTH_CB"
	},
	{
		"key": "CCTH_CC",
		"value": "Digital Farming",
		"hierarchyId": "138",
		"parentKey": "BCS|30|CCTH_CC"
	},
	{
		"key": "CCTH_CCA",
		"value": "Mngmt.",
		"hierarchyId": "138",
		"parentKey": "BCS|30|CCTH_CC"
	},
	{
		"key": "CCTH_CDA",
		"value": "ACO Marketing",
		"hierarchyId": "138",
		"parentKey": "BCS|30|CCTH_CD"
	},
	{
		"key": "CCTH_CDB",
		"value": "ACO Management",
		"hierarchyId": "138",
		"parentKey": "BCS|30|CCTH_CD"
	},
	{
		"key": "CCTH_CDD",
		"value": "Global Key Acc Mgmt",
		"hierarchyId": "138",
		"parentKey": "BCS|30|CCTH_CD"
	},
	{
		"key": "CCTH_CEA",
		"value": "Management",
		"hierarchyId": "138",
		"parentKey": "BCS|30|CCTH_CE"
	},
	{
		"key": "CCTH_CEB",
		"value": "Soy,Corn&Cot. Herb.",
		"hierarchyId": "138",
		"parentKey": "BCS|30|CCTH_CE"
	},
	{
		"key": "CCTH_CEC",
		"value": "Cer.,OSR&Rice Fung.",
		"hierarchyId": "138",
		"parentKey": "BCS|30|CCTH_CE"
	},
	{
		"key": "CCTH_CED",
		"value": "Fruits&Veg. Insect.",
		"hierarchyId": "138",
		"parentKey": "BCS|30|CCTH_CE"
	},
	{
		"key": "CCTH_CEI",
		"value": "R&D Sponsor",
		"hierarchyId": "138",
		"parentKey": "BCS|30|CCTH_CE"
	},
	{
		"key": "CCTH_CEJ",
		"value": "Com. Def.",
		"hierarchyId": "138",
		"parentKey": "BCS|30|CCTH_CE"
	},
	{
		"key": "CCTH_CEK",
		"value": "Amortization",
		"hierarchyId": "138",
		"parentKey": "BCS|30|CCTH_CE"
	},
	{
		"key": "CCTH_CEM",
		"value": "Deve.Reg.",
		"hierarchyId": "138",
		"parentKey": "BCS|30|CCTH_CE"
	},
	{
		"key": "CCTH_CEN",
		"value": "Seed Growth",
		"hierarchyId": "138",
		"parentKey": "BCS|30|CCTH_CE"
	},
	{
		"key": "CCTH_CEO",
		"value": "Biologics",
		"hierarchyId": "138",
		"parentKey": "BCS|30|CCTH_CE"
	},
	{
		"key": "CCTH_CEP",
		"value": "BD&L",
		"hierarchyId": "138",
		"parentKey": "BCS|30|CCTH_CE"
	},
	{
		"key": "CCTH_CF",
		"value": "CS Finance",
		"hierarchyId": "138",
		"parentKey": "BCS|30|CCTH_CF"
	},
	{
		"key": "CCTH_CFA",
		"value": "Finance BP Comm Ops",
		"hierarchyId": "138",
		"parentKey": "BCS|30|CCTH_CF"
	},
	{
		"key": "CCTH_CFB",
		"value": "Strat.Fin.Planning",
		"hierarchyId": "138",
		"parentKey": "BCS|30|CCTH_CF"
	},
	{
		"key": "CCTH_CFC",
		"value": "Finance BP R&D",
		"hierarchyId": "138",
		"parentKey": "BCS|30|CCTH_CF"
	},
	{
		"key": "CCTH_CFE",
		"value": "O2C Trans.",
		"hierarchyId": "138",
		"parentKey": "BCS|30|CCTH_CF"
	},
	{
		"key": "CCTH_CFF",
		"value": "Projects",
		"hierarchyId": "138",
		"parentKey": "BCS|30|CCTH_CF"
	},
	{
		"key": "CCTH_CFH",
		"value": "Performance Mgmt",
		"hierarchyId": "138",
		"parentKey": "BCS|30|CCTH_CF"
	},
	{
		"key": "CCTH_CX",
		"value": "Projects & Sup.",
		"hierarchyId": "138",
		"parentKey": "BCS|30|CCTH_CX"
	},
	{
		"key": "CCTH_CXM",
		"value": "Monsanto Post MI",
		"hierarchyId": "138",
		"parentKey": "BCS|30|CCTH_CX"
	},
	{
		"key": "CCTH_CXP",
		"value": "Monsanto Pre MP",
		"hierarchyId": "138",
		"parentKey": "BCS|30|CCTH_CX"
	},
	{
		"key": "CCTH_CY9",
		"value": "Others",
		"hierarchyId": "138",
		"parentKey": "BCS|30|200000"
	},
	{
		"key": "CCTH_CYA",
		"value": "AIO",
		"hierarchyId": "138",
		"parentKey": "BCS|30|200000"
	},
	{
		"key": "CCTH_CYB",
		"value": "EMEA",
		"hierarchyId": "138",
		"parentKey": "BCS|30|200000"
	},
	{
		"key": "CCTH_CYC",
		"value": "North America",
		"hierarchyId": "138",
		"parentKey": "BCS|30|200000"
	},
	{
		"key": "CCTH_CYD",
		"value": "Asia Pacific",
		"hierarchyId": "138",
		"parentKey": "BCS|30|200000"
	},
	{
		"key": "CCTH_CYE",
		"value": "Latin America",
		"hierarchyId": "138",
		"parentKey": "BCS|30|200000"
	},
	{
		"key": "CCTH_CYF",
		"value": "Industrialization",
		"hierarchyId": "138",
		"parentKey": "BCS|30|200000"
	},
	{
		"key": "CCTH_CYG",
		"value": "Tolling",
		"hierarchyId": "138",
		"parentKey": "BCS|30|200000"
	},
	{
		"key": "CCTH_CYH",
		"value": "Global Team",
		"hierarchyId": "138",
		"parentKey": "BCS|30|200000"
	},
	{
		"key": "CCTH_CYI",
		"value": "Others",
		"hierarchyId": "138",
		"parentKey": "BCS|30|200000"
	},
	{
		"key": "CCTH_CYJ",
		"value": "IGAP",
		"hierarchyId": "138",
		"parentKey": "BCS|30|200000"
	},
	{
		"key": "CCTH_CYK",
		"value": "Special Items",
		"hierarchyId": "138",
		"parentKey": "BCS|30|200000"
	},
	{
		"key": "CCTH_CYL",
		"value": "Non-Perimeter",
		"hierarchyId": "138",
		"parentKey": "BCS|30|200000"
	},
	{
		"key": "CCTH_D",
		"value": "Chief Executive Officer",
		"hierarchyId": "138",
		"parentKey": "REC|BHO|CCTH_D"
	},
	{
		"key": "CCTH_DA",
		"value": "Com/Govt.Rel./Brand",
		"hierarchyId": "138",
		"parentKey": "REC|BHO|CCTH_D"
	},
	{
		"key": "CCTH_DB",
		"value": "Investor Relations",
		"hierarchyId": "138",
		"parentKey": "REC|BHO|CCTH_D"
	},
	{
		"key": "CCTH_DC",
		"value": "Internal Audit",
		"hierarchyId": "138",
		"parentKey": "REC|BHO|CCTH_D"
	},
	{
		"key": "CCTH_DD",
		"value": "Corp. Office",
		"hierarchyId": "138",
		"parentKey": "REC|BHO|CCTH_D"
	},
	{
		"key": "CCTH_DE",
		"value": "Strategy",
		"hierarchyId": "138",
		"parentKey": "REC|BHO|CCTH_D"
	},
	{
		"key": "CCTH_DF",
		"value": "Mergers&Acquisitions",
		"hierarchyId": "138",
		"parentKey": "REC|BHO|CCTH_D"
	},
	{
		"key": "CCTH_DG",
		"value": "Country&Fnct. Excl.",
		"hierarchyId": "138",
		"parentKey": "REC|BHO|CCTH_D"
	},
	{
		"key": "CCTH_EA",
		"value": "Finance",
		"hierarchyId": "138",
		"parentKey": "REC|BHO|CCTH_E"
	},
	{
		"key": "CCTH_EB",
		"value": "Accounting",
		"hierarchyId": "138",
		"parentKey": "REC|BHO|CCTH_E"
	},
	{
		"key": "CCTH_EC",
		"value": "Corp. Controlling",
		"hierarchyId": "138",
		"parentKey": "REC|BHO|CCTH_E"
	},
	{
		"key": "CCTH_ED",
		"value": "Taxes",
		"hierarchyId": "138",
		"parentKey": "REC|BHO|CCTH_E"
	},
	{
		"key": "CCTH_EE",
		"value": "Law, Patents&Compl.",
		"hierarchyId": "138",
		"parentKey": "REC|BHO|CCTH_E"
	},
	{
		"key": "CCTH_EF",
		"value": "Risk Mngmt.",
		"hierarchyId": "138",
		"parentKey": "REC|BHO|CCTH_E"
	},
	{
		"key": "CCTH_EG",
		"value": "Procurement",
		"hierarchyId": "138",
		"parentKey": "REC|BHO|CCTH_E"
	},
	{
		"key": "CCTH_EH",
		"value": "Reg. Coordination",
		"hierarchyId": "138",
		"parentKey": "REC|BHO|CCTH_E"
	},
	{
		"key": "CCTH_GA",
		"value": "HR & Organization",
		"hierarchyId": "138",
		"parentKey": "REC|BHO|CCTH_G"
	},
	{
		"key": "CCTH_GC",
		"value": "Health, Saf. & Sust.",
		"hierarchyId": "138",
		"parentKey": "REC|BHO|CCTH_G"
	},
	{
		"key": "CCTH_GD",
		"value": "Corp. Quality",
		"hierarchyId": "138",
		"parentKey": "REC|BHO|CCTH_G"
	},
	{
		"key": "CCTH_GE",
		"value": "Corp. Supply Chain",
		"hierarchyId": "138",
		"parentKey": "REC|BHO|CCTH_G"
	},
	{
		"key": "CCTH_GF",
		"value": "Engineering & Tech.",
		"hierarchyId": "138",
		"parentKey": "REC|BHO|CCTH_G"
	},
	{
		"key": "CCTH_GY",
		"value": "Corp. Tech. & Mfg.",
		"hierarchyId": "138",
		"parentKey": "REC|BHO|CCTH_G"
	},
	{
		"key": "CCTH_HA",
		"value": "Life Science Center",
		"hierarchyId": "138",
		"parentKey": "REC|BHO|CCTH_H"
	},
	{
		"key": "CCTH_HB",
		"value": "Corp. Inv. & R&D",
		"hierarchyId": "138",
		"parentKey": "REC|BHO|CCTH_H"
	},
	{
		"key": "CCTH_HC",
		"value": "Digital Development",
		"hierarchyId": "138",
		"parentKey": "REC|BHO|CCTH_H"
	},
	{
		"key": "CCTH_IA",
		"value": "Central Costs",
		"hierarchyId": "138",
		"parentKey": "REC|BBS|CCTH_IA"
	},
	{
		"key": "CCTH_IB",
		"value": "IT Func. Lead.",
		"hierarchyId": "138",
		"parentKey": "REC|BBS|CCTH_IB"
	},
	{
		"key": "CCTH_IC",
		"value": "ITO",
		"hierarchyId": "138",
		"parentKey": "REC|BBS|CCTH_IC"
	},
	{
		"key": "CCTH_ICA",
		"value": "Mngmt.",
		"hierarchyId": "138",
		"parentKey": "REC|BBS|CCTH_IC"
	},
	{
		"key": "CCTH_ICB",
		"value": "R&D",
		"hierarchyId": "138",
		"parentKey": "REC|BBS|CCTH_IC"
	},
	{
		"key": "CCTH_ICC",
		"value": "Mktg. & Sales",
		"hierarchyId": "138",
		"parentKey": "REC|BBS|CCTH_IC"
	},
	{
		"key": "CCTH_ICD",
		"value": "PS",
		"hierarchyId": "138",
		"parentKey": "REC|BBS|CCTH_IC"
	},
	{
		"key": "CCTH_ICE",
		"value": "S2P",
		"hierarchyId": "138",
		"parentKey": "REC|BBS|CCTH_IC"
	},
	{
		"key": "CCTH_ICF",
		"value": "O2C",
		"hierarchyId": "138",
		"parentKey": "REC|BBS|CCTH_IC"
	},
	{
		"key": "CCTH_ICG",
		"value": "Acc.,Empl.&Gen.Serv.",
		"hierarchyId": "138",
		"parentKey": "REC|BBS|CCTH_IC"
	},
	{
		"key": "CCTH_ICH",
		"value": "BI, Analyt. & Cont.",
		"hierarchyId": "138",
		"parentKey": "REC|BBS|CCTH_IC"
	},
	{
		"key": "CCTH_ICI",
		"value": "HR",
		"hierarchyId": "138",
		"parentKey": "REC|BBS|CCTH_IC"
	},
	{
		"key": "CCTH_ICJ",
		"value": "Serv. Intg.",
		"hierarchyId": "138",
		"parentKey": "REC|BBS|CCTH_IC"
	},
	{
		"key": "CCTH_ICK",
		"value": "Ops. Sup.",
		"hierarchyId": "138",
		"parentKey": "REC|BBS|CCTH_IC"
	},
	{
		"key": "CCTH_ICL",
		"value": "Plat. & Infra.",
		"hierarchyId": "138",
		"parentKey": "REC|BBS|CCTH_IC"
	},
	{
		"key": "CCTH_ICM",
		"value": "IT Workplace",
		"hierarchyId": "138",
		"parentKey": "REC|BBS|CCTH_IC"
	},
	{
		"key": "CCTH_ICO",
		"value": "MTO",
		"hierarchyId": "138",
		"parentKey": "REC|BBS|CCTH_IC"
	},
	{
		"key": "CCTH_ICP",
		"value": "APAC",
		"hierarchyId": "138",
		"parentKey": "REC|BBS|CCTH_IC"
	},
	{
		"key": "CCTH_ICQ",
		"value": "MTO TSA Covestro",
		"hierarchyId": "138",
		"parentKey": "REC|BBS|CCTH_IC"
	},
	{
		"key": "CCTH_ICT",
		"value": "Ex-IAO",
		"hierarchyId": "138",
		"parentKey": "REC|BBS|CCTH_IC"
	},
	{
		"key": "CCTH_ICW",
		"value": "Ex-ITS",
		"hierarchyId": "138",
		"parentKey": "REC|BBS|CCTH_IC"
	},
	{
		"key": "CCTH_ID",
		"value": "IT BP",
		"hierarchyId": "138",
		"parentKey": "REC|BBS|CCTH_ID"
	},
	{
		"key": "CCTH_IDA",
		"value": "PH",
		"hierarchyId": "138",
		"parentKey": "REC|BBS|CCTH_ID"
	},
	{
		"key": "CCTH_IDB",
		"value": "BP CH",
		"hierarchyId": "138",
		"parentKey": "REC|BBS|CCTH_ID"
	},
	{
		"key": "CCTH_IDC",
		"value": "CS",
		"hierarchyId": "138",
		"parentKey": "REC|BBS|CCTH_ID"
	},
	{
		"key": "CCTH_IDW",
		"value": "Ex-O&I PH",
		"hierarchyId": "138",
		"parentKey": "REC|BBS|CCTH_ID"
	},
	{
		"key": "CCTH_IDY",
		"value": "Ex-O&I CS",
		"hierarchyId": "138",
		"parentKey": "REC|BBS|CCTH_ID"
	},
	{
		"key": "CCTH_IE",
		"value": "IBO",
		"hierarchyId": "138",
		"parentKey": "REC|BBS|CCTH_IE"
	},
	{
		"key": "CCTH_IEA",
		"value": "Management",
		"hierarchyId": "138",
		"parentKey": "REC|BBS|CCTH_IE"
	},
	{
		"key": "CCTH_IEB",
		"value": "Accounting Ops.",
		"hierarchyId": "138",
		"parentKey": "REC|BBS|CCTH_IE"
	},
	{
		"key": "CCTH_IEC",
		"value": "Controlling Ops.",
		"hierarchyId": "138",
		"parentKey": "REC|BBS|CCTH_IE"
	},
	{
		"key": "CCTH_IED",
		"value": "OrderToCash Ops.",
		"hierarchyId": "138",
		"parentKey": "REC|BBS|CCTH_IE"
	},
	{
		"key": "CCTH_IEE",
		"value": "SourceToPay Ops.",
		"hierarchyId": "138",
		"parentKey": "REC|BBS|CCTH_IE"
	},
	{
		"key": "CCTH_IEF",
		"value": "Empl.Services Ops.",
		"hierarchyId": "138",
		"parentKey": "REC|BBS|CCTH_IE"
	},
	{
		"key": "CCTH_IEG",
		"value": "General Serv. Ops.",
		"hierarchyId": "138",
		"parentKey": "REC|BBS|CCTH_IE"
	},
	{
		"key": "CCTH_IEH",
		"value": "SSCDN",
		"hierarchyId": "138",
		"parentKey": "REC|BBS|CCTH_IE"
	},
	{
		"key": "CCTH_IEI",
		"value": "Delivery Netw. Int.",
		"hierarchyId": "138",
		"parentKey": "REC|BBS|CCTH_IE"
	},
	{
		"key": "CCTH_IEJ",
		"value": "Transf.&Trans.Exc.",
		"hierarchyId": "138",
		"parentKey": "REC|BBS|CCTH_IE"
	},
	{
		"key": "CCTH_IEK",
		"value": "iPSE2020 Mngmt.",
		"hierarchyId": "138",
		"parentKey": "REC|BBS|CCTH_IE"
	},
	{
		"key": "CCTH_IF",
		"value": "HRO",
		"hierarchyId": "138",
		"parentKey": "REC|BBS|CCTH_IF"
	},
	{
		"key": "CCTH_IG",
		"value": "Bus. Consulting",
		"hierarchyId": "138",
		"parentKey": "REC|BBS|CCTH_IG"
	},
	{
		"key": "CCTH_IH",
		"value": "Admin. Services",
		"hierarchyId": "138",
		"parentKey": "REC|BBS|CCTH_IH"
	},
	{
		"key": "CCTH_II",
		"value": "iPSE2020",
		"hierarchyId": "138",
		"parentKey": "REC|BBS|CCTH_II"
	},
	{
		"key": "CCTH_IJ",
		"value": "New Bayer",
		"hierarchyId": "138",
		"parentKey": "REC|BBS|CCTH_IJ"
	},
	{
		"key": "CCTH_JB2",
		"value": "ANH/CCTH_JB2",
		"hierarchyId": "138",
		"parentKey": "ANH|30|400000"
	},
	{
		"key": "CCTH_JBA",
		"value": "Admin.",
		"hierarchyId": "138",
		"parentKey": "ANH|30|400000"
	},
	{
		"key": "CCTH_JBC",
		"value": "Clin.Dev.,Trials",
		"hierarchyId": "138",
		"parentKey": "ANH|30|400000"
	},
	{
		"key": "CCTH_JBP",
		"value": "Project Mngmt.",
		"hierarchyId": "138",
		"parentKey": "ANH|30|400000"
	},
	{
		"key": "CCTH_JBQ",
		"value": "QM",
		"hierarchyId": "138",
		"parentKey": "ANH|30|400000"
	},
	{
		"key": "CCTH_JBR",
		"value": "Reg. Aff.",
		"hierarchyId": "138",
		"parentKey": "ANH|30|400000"
	},
	{
		"key": "CCTH_JBS",
		"value": "Drug Safety & PV",
		"hierarchyId": "138",
		"parentKey": "ANH|30|400000"
	},
	{
		"key": "CCTH_JBT",
		"value": "Analyt. & Form.",
		"hierarchyId": "138",
		"parentKey": "ANH|30|400000"
	},
	{
		"key": "CCTH_JBZ",
		"value": "Reimbursement",
		"hierarchyId": "138",
		"parentKey": "ANH|30|400000"
	},
	{
		"key": "CCTH_JY5",
		"value": "AH PS",
		"hierarchyId": "138",
		"parentKey": "ANH|30|200000"
	},
	{
		"key": "CCTH_JYR",
		"value": "AH PS REMA",
		"hierarchyId": "138",
		"parentKey": "ANH|30|200000"
	},
	{
		"key": "CCTH_JYS",
		"value": "AH PS DIRECT SITES",
		"hierarchyId": "138",
		"parentKey": "ANH|30|200000"
	},
	{
		"key": "CCTH_K",
		"value": "Country Platform",
		"hierarchyId": "138",
		"parentKey": "REC|LOS|CCTH_K"
	},
	{
		"key": "CCTH_KA",
		"value": "SBR",
		"hierarchyId": "138",
		"parentKey": "REC|LOS|CCTH_KA"
	},
	{
		"key": "CCTH_KB",
		"value": "CFO",
		"hierarchyId": "138",
		"parentKey": "REC|LOS|CCTH_KB"
	},
	{
		"key": "CCTH_KC",
		"value": "LBS",
		"hierarchyId": "138",
		"parentKey": "REC|LOS|CCTH_KC"
	},
	{
		"key": "CCTH_LC",
		"value": "Currenta",
		"hierarchyId": "138",
		"parentKey": "CUR|CUR|CCTH_LC"
	},
	{
		"key": "CCTH_LL",
		"value": "Chemion",
		"hierarchyId": "138",
		"parentKey": "CUR|CUR|CCTH_LL"
	},
	{
		"key": "CCTH_LT",
		"value": "Tectrion",
		"hierarchyId": "138",
		"parentKey": "CUR|CUR|CCTH_LT"
	},
	{
		"key": "CCTH_PAA",
		"value": "Management",
		"hierarchyId": "138",
		"parentKey": "PHC|30|CCTH_PA"
	},
	{
		"key": "CCTH_PAB",
		"value": "Operations",
		"hierarchyId": "138",
		"parentKey": "PHC|30|CCTH_PA"
	},
	{
		"key": "CCTH_PAC",
		"value": "Early Development",
		"hierarchyId": "138",
		"parentKey": "PHC|30|CCTH_PA"
	},
	{
		"key": "CCTH_PAD",
		"value": "Biologics",
		"hierarchyId": "138",
		"parentKey": "PHC|30|CCTH_PA"
	},
	{
		"key": "CCTH_PAE",
		"value": "Clinical Scien.",
		"hierarchyId": "138",
		"parentKey": "PHC|30|CCTH_PA"
	},
	{
		"key": "CCTH_PAF",
		"value": "Chemical & PH Dev.",
		"hierarchyId": "138",
		"parentKey": "PHC|30|CCTH_PA"
	},
	{
		"key": "CCTH_PAG",
		"value": "Cand.Gen.&Ext.Inv.",
		"hierarchyId": "138",
		"parentKey": "PHC|30|CCTH_PA"
	},
	{
		"key": "CCTH_PAH",
		"value": "Therap. Reasc. Gr.",
		"hierarchyId": "138",
		"parentKey": "PHC|30|CCTH_PA"
	},
	{
		"key": "CCTH_PAI",
		"value": "Collab.",
		"hierarchyId": "138",
		"parentKey": "PHC|30|CCTH_PA"
	},
	{
		"key": "CCTH_PAJ",
		"value": "Ext.Inv.&All.Mngmt.",
		"hierarchyId": "138",
		"parentKey": "PHC|30|CCTH_PA"
	},
	{
		"key": "CCTH_PBA",
		"value": "Mgmt and Operations",
		"hierarchyId": "138",
		"parentKey": "PHC|30|CCTH_PB"
	},
	{
		"key": "CCTH_PBB",
		"value": "Therapeutic Areas",
		"hierarchyId": "138",
		"parentKey": "PHC|30|CCTH_PB"
	},
	{
		"key": "CCTH_PBD",
		"value": "Portfolio&Operation",
		"hierarchyId": "138",
		"parentKey": "PHC|30|CCTH_PB"
	},
	{
		"key": "CCTH_PBE",
		"value": "Regulatory Aff PH&CH",
		"hierarchyId": "138",
		"parentKey": "PHC|30|CCTH_PB"
	},
	{
		"key": "CCTH_PBF",
		"value": "R&D Quality PH & CH",
		"hierarchyId": "138",
		"parentKey": "PHC|30|CCTH_PB"
	},
	{
		"key": "CCTH_PBG",
		"value": "PD Japan",
		"hierarchyId": "138",
		"parentKey": "PHC|30|CCTH_PB"
	},
	{
		"key": "CCTH_PBH",
		"value": "Radiology R&D",
		"hierarchyId": "138",
		"parentKey": "PHC|30|CCTH_PB"
	},
	{
		"key": "CCTH_PBI",
		"value": "Development Collab",
		"hierarchyId": "138",
		"parentKey": "PHC|30|CCTH_PB"
	},
	{
		"key": "CCTH_PBJ",
		"value": "Studies Dev.",
		"hierarchyId": "138",
		"parentKey": "PHC|30|CCTH_PB"
	},
	{
		"key": "CCTH_PBK",
		"value": "Reimb.",
		"hierarchyId": "138",
		"parentKey": "PHC|30|CCTH_PB"
	},
	{
		"key": "CCTH_PCA",
		"value": "Mngmt.",
		"hierarchyId": "138",
		"parentKey": "PHC|30|CCTH_PC"
	},
	{
		"key": "CCTH_PCB",
		"value": "PharmaVig.",
		"hierarchyId": "138",
		"parentKey": "PHC|30|CCTH_PC"
	},
	{
		"key": "CCTH_PCC",
		"value": "Data Gen.& Bus.Exc.",
		"hierarchyId": "138",
		"parentKey": "PHC|30|CCTH_PC"
	},
	{
		"key": "CCTH_PCD",
		"value": "QPPV Off.",
		"hierarchyId": "138",
		"parentKey": "PHC|30|CCTH_PC"
	},
	{
		"key": "CCTH_PCE",
		"value": "Medical Govn.",
		"hierarchyId": "138",
		"parentKey": "PHC|30|CCTH_PC"
	},
	{
		"key": "CCTH_PCF",
		"value": "Med. Aff. JPN",
		"hierarchyId": "138",
		"parentKey": "PHC|30|CCTH_PC"
	},
	{
		"key": "CCTH_PCG",
		"value": "Med. Aff. EMEA",
		"hierarchyId": "138",
		"parentKey": "PHC|30|CCTH_PC"
	},
	{
		"key": "CCTH_PCH",
		"value": "Med. Aff. AM",
		"hierarchyId": "138",
		"parentKey": "PHC|30|CCTH_PC"
	},
	{
		"key": "CCTH_PCI",
		"value": "Med. Aff. CN&APAC",
		"hierarchyId": "138",
		"parentKey": "PHC|30|CCTH_PC"
	},
	{
		"key": "CCTH_PCJ",
		"value": "Med. Aff. TA",
		"hierarchyId": "138",
		"parentKey": "PHC|30|CCTH_PC"
	},
	{
		"key": "CCTH_PCK",
		"value": "Studies Med. Aff.",
		"hierarchyId": "138",
		"parentKey": "PHC|30|CCTH_PC"
	},
	{
		"key": "CCTH_PDA",
		"value": "Management",
		"hierarchyId": "138",
		"parentKey": "PHC|RD|30"
	},
	{
		"key": "CCTH_PDB",
		"value": "Gl. Brand Team CT",
		"hierarchyId": "138",
		"parentKey": "PHC|RD|30"
	},
	{
		"key": "CCTH_PDC",
		"value": "Gl. Brand Team MR",
		"hierarchyId": "138",
		"parentKey": "PHC|RD|30"
	},
	{
		"key": "CCTH_PDD",
		"value": "Gl. Brand Team IT",
		"hierarchyId": "138",
		"parentKey": "PHC|RD|30"
	},
	{
		"key": "CCTH_PDE",
		"value": "Mktg.&Portf.Mngmt.",
		"hierarchyId": "138",
		"parentKey": "PHC|RD|30"
	},
	{
		"key": "CCTH_PEA",
		"value": "Management",
		"hierarchyId": "138",
		"parentKey": "PHC|30|SMRTG"
	},
	{
		"key": "CCTH_PEB",
		"value": "Gl. TA Thromb.",
		"hierarchyId": "138",
		"parentKey": "PHC|30|SMRTG"
	},
	{
		"key": "CCTH_PEC",
		"value": "Gl. TA Pulm.",
		"hierarchyId": "138",
		"parentKey": "PHC|30|SMRTG"
	},
	{
		"key": "CCTH_PED",
		"value": "Gl. TA WH",
		"hierarchyId": "138",
		"parentKey": "PHC|30|SMRTG"
	},
	{
		"key": "CCTH_PEE",
		"value": "Gl. TA Hem.",
		"hierarchyId": "138",
		"parentKey": "PHC|30|SMRTG"
	},
	{
		"key": "CCTH_PEF",
		"value": "Gl. TA Opht.",
		"hierarchyId": "138",
		"parentKey": "PHC|30|SMRTG"
	},
	{
		"key": "CCTH_PEG",
		"value": "Gl. TA Onc.",
		"hierarchyId": "138",
		"parentKey": "PHC|30|SMRTG"
	},
	{
		"key": "CCTH_PEH",
		"value": "Gl. TA Neu.",
		"hierarchyId": "138",
		"parentKey": "PHC|30|SMRTG"
	},
	{
		"key": "CCTH_PEI",
		"value": "Gl. Mktg.-Mkt.Acc.",
		"hierarchyId": "138",
		"parentKey": "PHC|30|SMRTG"
	},
	{
		"key": "CCTH_PEJ",
		"value": "Gl. Mktg.-Mktg.Ops.",
		"hierarchyId": "138",
		"parentKey": "PHC|30|SMRTG"
	},
	{
		"key": "CCTH_PEK",
		"value": "Gl. Mktg.-EP",
		"hierarchyId": "138",
		"parentKey": "PHC|30|SMRTG"
	},
	{
		"key": "CCTH_PEL",
		"value": "Gl. Mktg.-NPC & PS",
		"hierarchyId": "138",
		"parentKey": "PHC|30|SMRTG"
	},
	{
		"key": "CCTH_PEM",
		"value": "Gl. Mktg.-C&MC",
		"hierarchyId": "138",
		"parentKey": "PHC|30|SMRTG"
	},
	{
		"key": "CCTH_PF",
		"value": "PH Finance",
		"hierarchyId": "138",
		"parentKey": "PHC|30|CCTH_PF"
	},
	{
		"key": "CCTH_PFB",
		"value": "Perf. Mngmt.",
		"hierarchyId": "138",
		"parentKey": "PHC|30|CCTH_PF"
	},
	{
		"key": "CCTH_PFC",
		"value": "BP R&D",
		"hierarchyId": "138",
		"parentKey": "PHC|30|CCTH_PF"
	},
	{
		"key": "CCTH_PFD",
		"value": "BP Strat. Mktg.",
		"hierarchyId": "138",
		"parentKey": "PHC|30|CCTH_PF"
	},
	{
		"key": "CCTH_PFE",
		"value": "BP Rad.",
		"hierarchyId": "138",
		"parentKey": "PHC|30|CCTH_PF"
	},
	{
		"key": "CCTH_PFF",
		"value": "BP Comm.Ops. EMEA",
		"hierarchyId": "138",
		"parentKey": "PHC|30|CCTH_PF"
	},
	{
		"key": "CCTH_PFG",
		"value": "BP Comm.Ops. AM",
		"hierarchyId": "138",
		"parentKey": "PHC|30|CCTH_PF"
	},
	{
		"key": "CCTH_PFH",
		"value": "BP Comm.Ops. CN&APAC",
		"hierarchyId": "138",
		"parentKey": "PHC|30|CCTH_PF"
	},
	{
		"key": "CCTH_PFI",
		"value": "Bus. Dev. & Lic.",
		"hierarchyId": "138",
		"parentKey": "PHC|30|CCTH_PF"
	},
	{
		"key": "CCTH_PFJ",
		"value": "Finance BP PS",
		"hierarchyId": "138",
		"parentKey": "PHC|30|CCTH_PF"
	},
	{
		"key": "CCTH_PGA",
		"value": "Development",
		"hierarchyId": "138",
		"parentKey": "PHC|30|CCTH_PG"
	},
	{
		"key": "CCTH_PGB",
		"value": "Strategic Marketing",
		"hierarchyId": "138",
		"parentKey": "PHC|30|CCTH_PG"
	},
	{
		"key": "CCTH_PGC",
		"value": "Medical Affairs",
		"hierarchyId": "138",
		"parentKey": "PHC|30|CCTH_PG"
	},
	{
		"key": "CCTH_PGD",
		"value": "Market Access",
		"hierarchyId": "138",
		"parentKey": "PHC|30|CCTH_PG"
	},
	{
		"key": "CCTH_PGE",
		"value": "Early Pipeline Com.",
		"hierarchyId": "138",
		"parentKey": "PHC|30|CCTH_PG"
	},
	{
		"key": "CCTH_PX",
		"value": "Div. Projects & Sup.",
		"hierarchyId": "138",
		"parentKey": "PHC|30|CCTH_PX"
	},
	{
		"key": "CCTH_PXA",
		"value": "Div.Projects & Sup.",
		"hierarchyId": "138",
		"parentKey": "PHC|30|CCTH_PX"
	},
	{
		"key": "CCTH_PXB",
		"value": "Com.Reimb.,Ins.&Oth.",
		"hierarchyId": "138",
		"parentKey": "PHC|30|CCTH_PX"
	},
	{
		"key": "CCTH_PXC",
		"value": "DC Reman. Costs",
		"hierarchyId": "138",
		"parentKey": "PHC|30|CCTH_PX"
	},
	{
		"key": "CCTH_PY0",
		"value": "PH PS PH",
		"hierarchyId": "138",
		"parentKey": "PHC|30|200000"
	},
	{
		"key": "CCTH_PY1",
		"value": "PH PS API",
		"hierarchyId": "138",
		"parentKey": "PHC|30|200000"
	},
	{
		"key": "CCTH_PY2",
		"value": "PH PS BT",
		"hierarchyId": "138",
		"parentKey": "PHC|30|200000"
	},
	{
		"key": "CCTH_PY6",
		"value": "PH PS HEAD",
		"hierarchyId": "138",
		"parentKey": "PHC|30|200000"
	},
	{
		"key": "CCTH_PY7",
		"value": "PH PS MD",
		"hierarchyId": "138",
		"parentKey": "PHC|30|200000"
	},
	{
		"key": "CCTH_PY8",
		"value": "PH PS CEB",
		"hierarchyId": "138",
		"parentKey": "PHC|30|200000"
	},
	{
		"key": "CCTH_PY9",
		"value": "PH PS OTHERS",
		"hierarchyId": "138",
		"parentKey": "PHC|30|200000"
	},
	{
		"key": "CCTH_PYE",
		"value": "PH PS EFF INNOV PROJ",
		"hierarchyId": "138",
		"parentKey": "PHC|30|200000"
	},
	{
		"key": "CCTH_PYQ",
		"value": "PH PS QUALITY",
		"hierarchyId": "138",
		"parentKey": "PHC|30|200000"
	},
	{
		"key": "CCTH_PYS",
		"value": "PH PS SCM",
		"hierarchyId": "138",
		"parentKey": "PHC|30|200000"
	},
	{
		"key": "CCTH_PYT",
		"value": "PH PS TECHN.SUPPORT",
		"hierarchyId": "138",
		"parentKey": "PHC|30|200000"
	},
	{
		"key": "CHE",
		"value": "Consumer Health",
		"hierarchyId": "138",
		"parentKey": "CHE|CHE|CHE"
	},
	{
		"key": "CHINA_CG",
		"value": "China",
		"hierarchyId": "138",
		"parentKey": "ANH|100200_REG|040AH3GREATERCHINA_SUB"
	},
	{
		"key": "CHINA_EX_HK_SR",
		"value": "China excl. HK",
		"hierarchyId": "138",
		"parentKey": "PHC|100003_REG|010PH3CHINA_REG"
	},
	{
		"key": "CUR",
		"value": "Currenta",
		"hierarchyId": "138",
		"parentKey": "CUR|CUR|CUR"
	},
	{
		"key": "DACH_CG",
		"value": "DACH",
		"hierarchyId": "138",
		"parentKey": "ANH|100100_REG|030AH3DACH"
	},
	{
		"key": "DCH",
		"value": "Consumer Health Discontinued",
		"hierarchyId": "138",
		"parentKey": "DCH|DCH|DCH"
	},
	{
		"key": "DCO",
		"value": "Discontinued Operations",
		"hierarchyId": "138",
		"parentKey": "DCO|DCO|DCO"
	},
	{
		"key": "E1A",
		"value": "Adjustments EMEA 1",
		"hierarchyId": "138",
		"parentKey": "BCS|0ACO|1EM1_REG"
	},
	{
		"key": "E2A",
		"value": "Adjustments EMEA 2",
		"hierarchyId": "138",
		"parentKey": "BCS|0ACO|1EM2_REG"
	},
	{
		"key": "E3A",
		"value": "Adjustments EMEA 3",
		"hierarchyId": "138",
		"parentKey": "BCS|0ACO|1EM3_REG"
	},
	{
		"key": "FRANCE_CG",
		"value": "France",
		"hierarchyId": "138",
		"parentKey": "ANH|100100_REG|040AH3FRANCE"
	},
	{
		"key": "FRANCE_SR",
		"value": "France",
		"hierarchyId": "138",
		"parentKey": "PHC|100005_REG|030PH3FRANCE"
	},
	{
		"key": "GERMANY",
		"value": "Germany",
		"hierarchyId": "138",
		"parentKey": "CHE|100001_REG|030CH3EUDE"
	},
	{
		"key": "GERMANY_SR",
		"value": "Germany",
		"hierarchyId": "138",
		"parentKey": "PHC|100001_REG|010PH3GERMANY"
	},
	{
		"key": "HONG_KONG_SR",
		"value": "Hong Kong",
		"hierarchyId": "138",
		"parentKey": "PHC|100003_REG|010PH3CHINA_REG"
	},
	{
		"key": "IBERIA_CG",
		"value": "Iberia",
		"hierarchyId": "138",
		"parentKey": "ANH|100100_REG|050AH3IBERIA"
	},
	{
		"key": "ITALY_CG",
		"value": "Italy",
		"hierarchyId": "138",
		"parentKey": "ANH|100100_REG|020AH3ITALY"
	},
	{
		"key": "ITALY_SR",
		"value": "Italy",
		"hierarchyId": "138",
		"parentKey": "PHC|100005_REG|040PH3ITALY"
	},
	{
		"key": "JAPAN_SR",
		"value": "Japan",
		"hierarchyId": "138",
		"parentKey": "PHC|100007|JAPAN"
	},
	{
		"key": "L2A",
		"value": "Adjustments LATAM 2",
		"hierarchyId": "138",
		"parentKey": "BCS|0ACO|5L2_REG"
	},
	{
		"key": "LOS",
		"value": "Country Platforms",
		"hierarchyId": "138",
		"parentKey": "REC|LOS|LOS"
	},
	{
		"key": "MON",
		"value": "BCS/MON",
		"hierarchyId": "138",
		"parentKey": "BCS|MON|MON"
	},
	{
		"key": "NA.2.3",
		"value": "RE - Not assigned",
		"hierarchyId": "138",
		"parentKey": "REC|NA|NA.2"
	},
	{
		"key": "NEW ZEALAND_CG",
		"value": "New Zealand",
		"hierarchyId": "138",
		"parentKey": "ANH|100200_REG|030AH3ANZ_SUB"
	},
	{
		"key": "NORDICS_CG",
		"value": "Nordics",
		"hierarchyId": "138",
		"parentKey": "ANH|100100_REG|080AH3NORDICS"
	},
	{
		"key": "OCEANIA",
		"value": "Oceania",
		"hierarchyId": "138",
		"parentKey": "ANH|100200_REG|030AH3ANZ_SUB"
	},
	{
		"key": "OTH",
		"value": "Other Products",
		"hierarchyId": "138",
		"parentKey": "REC|OTH|OTH"
	},
	{
		"key": "OTHER EUROPE",
		"value": "Other Europe",
		"hierarchyId": "138",
		"parentKey": "CHE|100001_REG|090CH3OTHEREUROPE"
	},
	{
		"key": "OTHER EUROPE_CG",
		"value": "Other Europe",
		"hierarchyId": "138",
		"parentKey": "ANH|100100_REG|OTHER EUROPE_SR"
	},
	{
		"key": "OTHER LA_SR",
		"value": "Other Latin America",
		"hierarchyId": "138",
		"parentKey": "CHE|100004_REG|ZZZCH3OTHERLATAM"
	},
	{
		"key": "PHC",
		"value": "Pharmaceuticals",
		"hierarchyId": "138",
		"parentKey": "PHC|PHC|PHC"
	},
	{
		"key": "PSEUDO COUNTRY_CG",
		"value": "Pseudo Country",
		"hierarchyId": "138",
		"parentKey": "ANH|100300_REG|PSEUDO COUNTRY_SR"
	},
	{
		"key": "PSEUDO COUNTRY_SR",
		"value": "Pseudo Country",
		"hierarchyId": "138",
		"parentKey": "CHE|100009_REG|PSEUDO COUNTRY"
	},
	{
		"key": "RCE_REG",
		"value": "Central",
		"hierarchyId": "138",
		"parentKey": "BCS|0ACO|ZZX_ES"
	},
	{
		"key": "RD",
		"value": "Radiology",
		"hierarchyId": "138",
		"parentKey": "PHC|RD|RD"
	},
	{
		"key": "RE.1",
		"value": "RE.1 - Agency",
		"hierarchyId": "138",
		"parentKey": "REC|RE.1|RE.1"
	},
	{
		"key": "RE.2",
		"value": "RE.2 - LTI",
		"hierarchyId": "138",
		"parentKey": "REC|RE.2|RE.2"
	},
	{
		"key": "RE.3",
		"value": "RE.3 - Corporate Functions",
		"hierarchyId": "138",
		"parentKey": "REC|RE.3|RE.3"
	},
	{
		"key": "RE.3.1",
		"value": "RE.3.1 - CF - Germany (separator)",
		"hierarchyId": "138",
		"parentKey": "REC|RE.3|RE.3.1"
	},
	{
		"key": "RE.3.1.1",
		"value": "RE.3.1.1 - CF - Germany - Headquarters",
		"hierarchyId": "138",
		"parentKey": "REC|RE.3|RE.3.1"
	},
	{
		"key": "RE.3.1.10",
		"value": "RE.3.1.10 - CF - Germany - Pallas/Leverkusen",
		"hierarchyId": "138",
		"parentKey": "REC|RE.3|RE.3.1"
	},
	{
		"key": "RE.3.1.2",
		"value": "RE.3.1.2 - CF - Germany - BRE",
		"hierarchyId": "138",
		"parentKey": "REC|RE.3|RE.3.1"
	},
	{
		"key": "RE.3.1.3",
		"value": "RE.3.1.3 - Misc. Other",
		"hierarchyId": "138",
		"parentKey": "REC|RE.3|RE.3.1"
	},
	{
		"key": "RE.3.1.6",
		"value": "RE.3.1.6 - Bayer 04",
		"hierarchyId": "138",
		"parentKey": "REC|RE.3|RE.3.1"
	},
	{
		"key": "RE.3.1.9",
		"value": "RE.3.1.9 - Currenta Group",
		"hierarchyId": "138",
		"parentKey": "REC|RE.3|RE.3.1"
	},
	{
		"key": "RE.3.2",
		"value": "RE.3.2 - CF - International (separator)",
		"hierarchyId": "138",
		"parentKey": "REC|RE.3|RE.3.2"
	},
	{
		"key": "RE.3.2.1",
		"value": "RE.3.2.1 - CF - International - CPL CIS",
		"hierarchyId": "138",
		"parentKey": "REC|RE.3|RE.3.2"
	},
	{
		"key": "RE.3.2.10",
		"value": "RE.3.2.10 - CF - International - CPL Turkey",
		"hierarchyId": "138",
		"parentKey": "REC|RE.3|RE.3.2"
	},
	{
		"key": "RE.3.2.11",
		"value": "RE.3.2.11 - CF - International - CPL Greece",
		"hierarchyId": "138",
		"parentKey": "REC|RE.3|RE.3.2"
	},
	{
		"key": "RE.3.2.12",
		"value": "RE.3.2.12 - CF - International - CPL Ukraine",
		"hierarchyId": "138",
		"parentKey": "REC|RE.3|RE.3.2"
	},
	{
		"key": "RE.3.2.13",
		"value": "RE.3.2.13 - CF - International - CPL South East Europe",
		"hierarchyId": "138",
		"parentKey": "REC|RE.3|RE.3.2"
	},
	{
		"key": "RE.3.2.14",
		"value": "RE.3.2.14 - CF - International - CPL Central Eastern Europe",
		"hierarchyId": "138",
		"parentKey": "REC|RE.3|RE.3.2"
	},
	{
		"key": "RE.3.2.15",
		"value": "RE.3.2.15 - CF - International - CPL Romania / Bulgaria",
		"hierarchyId": "138",
		"parentKey": "REC|RE.3|RE.3.2"
	},
	{
		"key": "RE.3.2.16",
		"value": "RE.3.2.16 - CF - International - CPL USA / Puerto Rico",
		"hierarchyId": "138",
		"parentKey": "REC|RE.3|RE.3.2"
	},
	{
		"key": "RE.3.2.17",
		"value": "RE.3.2.17 - CF - International - CPL Canada",
		"hierarchyId": "138",
		"parentKey": "REC|RE.3|RE.3.2"
	},
	{
		"key": "RE.3.2.18",
		"value": "RE.3.2.18 - CF - International - CPL Brazil",
		"hierarchyId": "138",
		"parentKey": "REC|RE.3|RE.3.2"
	},
	{
		"key": "RE.3.2.19",
		"value": "RE.3.2.19 - CF - International - CPL Mexico",
		"hierarchyId": "138",
		"parentKey": "REC|RE.3|RE.3.2"
	},
	{
		"key": "RE.3.2.2",
		"value": "RE.3.2.2 - CF - International - CPL Israel",
		"hierarchyId": "138",
		"parentKey": "REC|RE.3|RE.3.2"
	},
	{
		"key": "RE.3.2.20",
		"value": "RE.3.2.20 - CF - International - CPL ANDEAN",
		"hierarchyId": "138",
		"parentKey": "REC|RE.3|RE.3.2"
	},
	{
		"key": "RE.3.2.21",
		"value": "RE.3.2.21 - CF - International - CPL Conosur",
		"hierarchyId": "138",
		"parentKey": "REC|RE.3|RE.3.2"
	},
	{
		"key": "RE.3.2.22",
		"value": "RE.3.2.22 - CF - International - CPL Centro / Caribe",
		"hierarchyId": "138",
		"parentKey": "REC|RE.3|RE.3.2"
	},
	{
		"key": "RE.3.2.23",
		"value": "RE.3.2.23 - CF - International - CPL Greater China",
		"hierarchyId": "138",
		"parentKey": "REC|RE.3|RE.3.2"
	},
	{
		"key": "RE.3.2.24",
		"value": "RE.3.2.24 - CF - International - CPL South Asia",
		"hierarchyId": "138",
		"parentKey": "REC|RE.3|RE.3.2"
	},
	{
		"key": "RE.3.2.25",
		"value": "RE.3.2.25 - CF - International - CPL Japan",
		"hierarchyId": "138",
		"parentKey": "REC|RE.3|RE.3.2"
	},
	{
		"key": "RE.3.2.26",
		"value": "RE.3.2.26 - CF - International - CPL ASEAN",
		"hierarchyId": "138",
		"parentKey": "REC|RE.3|RE.3.2"
	},
	{
		"key": "RE.3.2.27",
		"value": "RE.3.2.27 - CF - International - CPL Korea",
		"hierarchyId": "138",
		"parentKey": "REC|RE.3|RE.3.2"
	},
	{
		"key": "RE.3.2.28",
		"value": "RE.3.2.28 - CF - International - CPL ANZ / Oceania",
		"hierarchyId": "138",
		"parentKey": "REC|RE.3|RE.3.2"
	},
	{
		"key": "RE.3.2.29",
		"value": "RE.3.2.29 - CF - International - CPL East Africa",
		"hierarchyId": "138",
		"parentKey": "REC|RE.3|RE.3.2"
	},
	{
		"key": "RE.3.2.3",
		"value": "RE.3.2.3 - CF - International - CPL Iberia",
		"hierarchyId": "138",
		"parentKey": "REC|RE.3|RE.3.2"
	},
	{
		"key": "RE.3.2.30",
		"value": "RE.3.2.30 - CF - International - CPL Southern Africa",
		"hierarchyId": "138",
		"parentKey": "REC|RE.3|RE.3.2"
	},
	{
		"key": "RE.3.2.31",
		"value": "RE.3.2.31 - CF - International - CPL North Africa",
		"hierarchyId": "138",
		"parentKey": "REC|RE.3|RE.3.2"
	},
	{
		"key": "RE.3.2.32",
		"value": "RE.3.2.32 - CF - International - CPL West Central Africa",
		"hierarchyId": "138",
		"parentKey": "REC|RE.3|RE.3.2"
	},
	{
		"key": "RE.3.2.33",
		"value": "RE.3.2.33 - CF - International - CPL Middle East",
		"hierarchyId": "138",
		"parentKey": "REC|RE.3|RE.3.2"
	},
	{
		"key": "RE.3.2.4",
		"value": "RE.3.2.4 - CF - International - CPL Nordics",
		"hierarchyId": "138",
		"parentKey": "REC|RE.3|RE.3.2"
	},
	{
		"key": "RE.3.2.5",
		"value": "RE.3.2.5 - CF - International - CPL UK - Ireland",
		"hierarchyId": "138",
		"parentKey": "REC|RE.3|RE.3.2"
	},
	{
		"key": "RE.3.2.6",
		"value": "RE.3.2.6 - CF - International - CPL France",
		"hierarchyId": "138",
		"parentKey": "REC|RE.3|RE.3.2"
	},
	{
		"key": "RE.3.2.7",
		"value": "RE.3.2.7 - CF - International - CPL Italy",
		"hierarchyId": "138",
		"parentKey": "REC|RE.3|RE.3.2"
	},
	{
		"key": "RE.3.2.8",
		"value": "RE.3.2.8 - CF - International - CPL Benelux",
		"hierarchyId": "138",
		"parentKey": "REC|RE.3|RE.3.2"
	},
	{
		"key": "RE.3.2.9",
		"value": "RE.3.2.9 - CF - International - CPL Switzerland",
		"hierarchyId": "138",
		"parentKey": "REC|RE.3|RE.3.2"
	},
	{
		"key": "RE.3.99.1",
		"value": "Reimbursements - Germany",
		"hierarchyId": "138",
		"parentKey": "REC|RE.3|RE.3.99"
	},
	{
		"key": "RE.3.99.2",
		"value": "Reimbursements - International",
		"hierarchyId": "138",
		"parentKey": "REC|RE.3|RE.3.99"
	},
	{
		"key": "RE.4",
		"value": "RE.4 - Business Services",
		"hierarchyId": "138",
		"parentKey": "REC|RE.4|RE.4"
	},
	{
		"key": "RE.4.1",
		"value": "RE.4.1 - BS - Germany (separator)",
		"hierarchyId": "138",
		"parentKey": "REC|RE.4|RE.4.1"
	},
	{
		"key": "RE.4.1.1",
		"value": "RE.4.1.1 - BS - Germany - HQ",
		"hierarchyId": "138",
		"parentKey": "REC|RE.4|RE.4.1"
	},
	{
		"key": "RE.4.1.10",
		"value": "Oth. Prod – Germany – Insurances",
		"hierarchyId": "138",
		"parentKey": "REC|RE.4|RE.4.1"
	},
	{
		"key": "RE.4.1.2",
		"value": "RE.4.1.2 - BS - Germany - BRE",
		"hierarchyId": "138",
		"parentKey": "REC|RE.4|RE.4.1"
	},
	{
		"key": "RE.4.1.3",
		"value": "RE.4.1.3 - BS - Germany - Mics. Other",
		"hierarchyId": "138",
		"parentKey": "REC|RE.4|RE.4.1"
	},
	{
		"key": "RE.4.2.1",
		"value": "RE.4.2.1 - BS - International - CPL CIS",
		"hierarchyId": "138",
		"parentKey": "REC|RE.4|RE.4.2"
	},
	{
		"key": "RE.4.2.10",
		"value": "RE.4.2.10 - BS - International - CPL Turkey",
		"hierarchyId": "138",
		"parentKey": "REC|RE.4|RE.4.2"
	},
	{
		"key": "RE.4.2.11",
		"value": "RE.4.2.11 - BS - International - CPL Greece",
		"hierarchyId": "138",
		"parentKey": "REC|RE.4|RE.4.2"
	},
	{
		"key": "RE.4.2.12",
		"value": "RE.4.2.12 - BS - International - CPL Ukraine",
		"hierarchyId": "138",
		"parentKey": "REC|RE.4|RE.4.2"
	},
	{
		"key": "RE.4.2.13",
		"value": "RE.4.2.13 - BS - International - CPL South East Europe",
		"hierarchyId": "138",
		"parentKey": "REC|RE.4|RE.4.2"
	},
	{
		"key": "RE.4.2.14",
		"value": "RE.4.2.14 - BS - International - CPL Central Eastern Europe",
		"hierarchyId": "138",
		"parentKey": "REC|RE.4|RE.4.2"
	},
	{
		"key": "RE.4.2.15",
		"value": "RE.4.2.15 - BS - International - CPL Romania / Bulgaria",
		"hierarchyId": "138",
		"parentKey": "REC|RE.4|RE.4.2"
	},
	{
		"key": "RE.4.2.16",
		"value": "RE.4.2.16 - BS - International - CPL USA / Puerto Rico",
		"hierarchyId": "138",
		"parentKey": "REC|RE.4|RE.4.2"
	},
	{
		"key": "RE.4.2.17",
		"value": "RE.4.2.17 - BS - International - CPL Canada",
		"hierarchyId": "138",
		"parentKey": "REC|RE.4|RE.4.2"
	},
	{
		"key": "RE.4.2.18",
		"value": "RE.4.2.18 - BS - International - CPL Brazil",
		"hierarchyId": "138",
		"parentKey": "REC|RE.4|RE.4.2"
	},
	{
		"key": "RE.4.2.19",
		"value": "RE.4.2.19 - BS - International - CPL Mexico",
		"hierarchyId": "138",
		"parentKey": "REC|RE.4|RE.4.2"
	},
	{
		"key": "RE.4.2.2",
		"value": "RE.4.2.2 - BS - International - CPL Israel",
		"hierarchyId": "138",
		"parentKey": "REC|RE.4|RE.4.2"
	},
	{
		"key": "RE.4.2.20",
		"value": "RE.4.2.20 - BS - International - CPL ANDEAN",
		"hierarchyId": "138",
		"parentKey": "REC|RE.4|RE.4.2"
	},
	{
		"key": "RE.4.2.21",
		"value": "RE.4.2.21 - BS - International - CPL Conosur",
		"hierarchyId": "138",
		"parentKey": "REC|RE.4|RE.4.2"
	},
	{
		"key": "RE.4.2.22",
		"value": "RE.4.2.22 - BS - International - CPL Centro / Caribe",
		"hierarchyId": "138",
		"parentKey": "REC|RE.4|RE.4.2"
	},
	{
		"key": "RE.4.2.23",
		"value": "RE.4.2.23 - BS - International - CPL Greater China",
		"hierarchyId": "138",
		"parentKey": "REC|RE.4|RE.4.2"
	},
	{
		"key": "RE.4.2.24",
		"value": "RE.4.2.24 - BS - International - CPL South Asia",
		"hierarchyId": "138",
		"parentKey": "REC|RE.4|RE.4.2"
	},
	{
		"key": "RE.4.2.25",
		"value": "RE.4.2.25 - BS - International - CPL Japan",
		"hierarchyId": "138",
		"parentKey": "REC|RE.4|RE.4.2"
	},
	{
		"key": "RE.4.2.26",
		"value": "RE.4.2.26 - BS - International - CPL ASEAN",
		"hierarchyId": "138",
		"parentKey": "REC|RE.4|RE.4.2"
	},
	{
		"key": "RE.4.2.27",
		"value": "RE.4.2.27 - BS - International - CPL Korea",
		"hierarchyId": "138",
		"parentKey": "REC|RE.4|RE.4.2"
	},
	{
		"key": "RE.4.2.28",
		"value": "RE.4.2.28 - BS - International - CPL ANZ / Oceania",
		"hierarchyId": "138",
		"parentKey": "REC|RE.4|RE.4.2"
	},
	{
		"key": "RE.4.2.29",
		"value": "RE.4.2.29 - BS - International - CPL East Africa",
		"hierarchyId": "138",
		"parentKey": "REC|RE.4|RE.4.2"
	},
	{
		"key": "RE.4.2.3",
		"value": "RE.4.2.3 - BS - International - CPL Iberia",
		"hierarchyId": "138",
		"parentKey": "REC|RE.4|RE.4.2"
	},
	{
		"key": "RE.4.2.30",
		"value": "RE.4.2.30 - BS - International - CPL Southern Africa",
		"hierarchyId": "138",
		"parentKey": "REC|RE.4|RE.4.2"
	},
	{
		"key": "RE.4.2.31",
		"value": "RE.4.2.31 - BS - International - CPL North Africa",
		"hierarchyId": "138",
		"parentKey": "REC|RE.4|RE.4.2"
	},
	{
		"key": "RE.4.2.32",
		"value": "RE.4.2.32 - BS - International - CPL West Central Africa",
		"hierarchyId": "138",
		"parentKey": "REC|RE.4|RE.4.2"
	},
	{
		"key": "RE.4.2.33",
		"value": "RE.4.2.33 - BS - International - CPL Middle East",
		"hierarchyId": "138",
		"parentKey": "REC|RE.4|RE.4.2"
	},
	{
		"key": "RE.4.2.4",
		"value": "RE.4.2.4 - BS - International - CPL Nordics",
		"hierarchyId": "138",
		"parentKey": "REC|RE.4|RE.4.2"
	},
	{
		"key": "RE.4.2.5",
		"value": "RE.4.2.5 - BS - International - CPL UK - Ireland",
		"hierarchyId": "138",
		"parentKey": "REC|RE.4|RE.4.2"
	},
	{
		"key": "RE.4.2.6",
		"value": "RE.4.2.6 - BS - International - CPL France",
		"hierarchyId": "138",
		"parentKey": "REC|RE.4|RE.4.2"
	},
	{
		"key": "RE.4.2.7",
		"value": "RE.4.2.7 - BS - International - CPL Italy",
		"hierarchyId": "138",
		"parentKey": "REC|RE.4|RE.4.2"
	},
	{
		"key": "RE.4.2.8",
		"value": "RE.4.2.8 - BS - International - CPL Benelux",
		"hierarchyId": "138",
		"parentKey": "REC|RE.4|RE.4.2"
	},
	{
		"key": "RE.4.2.9",
		"value": "RE.4.2.9 - BS - International - CPL Switzerland",
		"hierarchyId": "138",
		"parentKey": "REC|RE.4|RE.4.2"
	},
	{
		"key": "RE.4.99.1",
		"value": "Reimbursements - Germany",
		"hierarchyId": "138",
		"parentKey": "REC|RE.4|RE.4.99"
	},
	{
		"key": "RE.4.99.2",
		"value": "Reimbursements - International",
		"hierarchyId": "138",
		"parentKey": "REC|RE.4|RE.4.99"
	},
	{
		"key": "RE.5",
		"value": "RE.5 - Currenta",
		"hierarchyId": "138",
		"parentKey": "REC|RE.5|RE.5"
	},
	{
		"key": "RE.6",
		"value": "RE.6 - Country Platform (separator)",
		"hierarchyId": "138",
		"parentKey": "REC|RE.6|RE.6"
	},
	{
		"key": "RE.6.1",
		"value": "RE.6.1 - CPL - Germany",
		"hierarchyId": "138",
		"parentKey": "REC|RE.6|RE.6.1"
	},
	{
		"key": "RE.6.1.1",
		"value": "RE.6.1.1 - HQ",
		"hierarchyId": "138",
		"parentKey": "REC|RE.6|RE.6.1"
	},
	{
		"key": "RE.6.1.10",
		"value": "Oth. Prod – Germany – Insurances",
		"hierarchyId": "138",
		"parentKey": "REC|RE.6|RE.6.1"
	},
	{
		"key": "RE.6.1.2",
		"value": "RE.6.1.2 - BRE",
		"hierarchyId": "138",
		"parentKey": "REC|RE.6|RE.6.1"
	},
	{
		"key": "RE.6.1.3",
		"value": "RE.6.1.3 - Misc. Other",
		"hierarchyId": "138",
		"parentKey": "REC|RE.6|RE.6.1"
	},
	{
		"key": "RE.6.1.6",
		"value": "RE.6.1.6 - Bayer 04",
		"hierarchyId": "138",
		"parentKey": "REC|RE.6|RE.6.1"
	},
	{
		"key": "RE.6.1.9",
		"value": "RE.6.1.9 - Currenta Group",
		"hierarchyId": "138",
		"parentKey": "REC|RE.6|RE.6.1"
	},
	{
		"key": "RE.6.2.1",
		"value": "RE.6.2.1 - CPL - International - CIS",
		"hierarchyId": "138",
		"parentKey": "REC|RE.6|RE.6.2"
	},
	{
		"key": "RE.6.2.10",
		"value": "RE.6.2.10 - CPL - International - Turkey",
		"hierarchyId": "138",
		"parentKey": "REC|RE.6|RE.6.2"
	},
	{
		"key": "RE.6.2.11",
		"value": "RE.6.2.11 - CPL - International - Greece",
		"hierarchyId": "138",
		"parentKey": "REC|RE.6|RE.6.2"
	},
	{
		"key": "RE.6.2.12",
		"value": "RE.6.2.12 - CPL - International - Ukraine",
		"hierarchyId": "138",
		"parentKey": "REC|RE.6|RE.6.2"
	},
	{
		"key": "RE.6.2.13",
		"value": "RE.6.2.13 - CPL - International - South East Europe",
		"hierarchyId": "138",
		"parentKey": "REC|RE.6|RE.6.2"
	},
	{
		"key": "RE.6.2.14",
		"value": "RE.6.2.14 - CPL - International - Central Eastern Europe",
		"hierarchyId": "138",
		"parentKey": "REC|RE.6|RE.6.2"
	},
	{
		"key": "RE.6.2.15",
		"value": "RE.6.2.15 - CPL - International - Romania / Bulgaria",
		"hierarchyId": "138",
		"parentKey": "REC|RE.6|RE.6.2"
	},
	{
		"key": "RE.6.2.16",
		"value": "RE.6.2.16 - CPL - International - USA / Puerto Rico",
		"hierarchyId": "138",
		"parentKey": "REC|RE.6|RE.6.2"
	},
	{
		"key": "RE.6.2.17",
		"value": "RE.6.2.17 - CPL - International - Canada",
		"hierarchyId": "138",
		"parentKey": "REC|RE.6|RE.6.2"
	},
	{
		"key": "RE.6.2.18",
		"value": "RE.6.2.18 - CPL - International - Brazil",
		"hierarchyId": "138",
		"parentKey": "REC|RE.6|RE.6.2"
	},
	{
		"key": "RE.6.2.19",
		"value": "RE.6.2.19 - CPL - International - Mexico",
		"hierarchyId": "138",
		"parentKey": "REC|RE.6|RE.6.2"
	},
	{
		"key": "RE.6.2.2",
		"value": "RE.6.2.2 - CPL - International - Israel",
		"hierarchyId": "138",
		"parentKey": "REC|RE.6|RE.6.2"
	},
	{
		"key": "RE.6.2.20",
		"value": "RE.6.2.20 - CPL - International - ANDEAN",
		"hierarchyId": "138",
		"parentKey": "REC|RE.6|RE.6.2"
	},
	{
		"key": "RE.6.2.21",
		"value": "RE.6.2.21 - CPL - International - Conosur",
		"hierarchyId": "138",
		"parentKey": "REC|RE.6|RE.6.2"
	},
	{
		"key": "RE.6.2.22",
		"value": "RE.6.2.22 - CPL - International - Centro / Caribe",
		"hierarchyId": "138",
		"parentKey": "REC|RE.6|RE.6.2"
	},
	{
		"key": "RE.6.2.23",
		"value": "RE.6.2.23 - CPL - International - Greater China",
		"hierarchyId": "138",
		"parentKey": "REC|RE.6|RE.6.2"
	},
	{
		"key": "RE.6.2.24",
		"value": "RE.6.2.24 - CPL - International - South Asia",
		"hierarchyId": "138",
		"parentKey": "REC|RE.6|RE.6.2"
	},
	{
		"key": "RE.6.2.25",
		"value": "RE.6.2.25 - CPL - International - Japan",
		"hierarchyId": "138",
		"parentKey": "REC|RE.6|RE.6.2"
	},
	{
		"key": "RE.6.2.26",
		"value": "RE.6.2.26 - CPL - International - ASEAN",
		"hierarchyId": "138",
		"parentKey": "REC|RE.6|RE.6.2"
	},
	{
		"key": "RE.6.2.27",
		"value": "RE.6.2.27 - CPL - International - Korea",
		"hierarchyId": "138",
		"parentKey": "REC|RE.6|RE.6.2"
	},
	{
		"key": "RE.6.2.28",
		"value": "RE.6.2.28 - CPL - International - ANZ / Oceania",
		"hierarchyId": "138",
		"parentKey": "REC|RE.6|RE.6.2"
	},
	{
		"key": "RE.6.2.29",
		"value": "RE.6.2.29 - CPL - International - East Africa",
		"hierarchyId": "138",
		"parentKey": "REC|RE.6|RE.6.2"
	},
	{
		"key": "RE.6.2.3",
		"value": "RE.6.2.3 - CPL - International - Iberia",
		"hierarchyId": "138",
		"parentKey": "REC|RE.6|RE.6.2"
	},
	{
		"key": "RE.6.2.30",
		"value": "RE.6.2.30 - CPL - International - Southern Africa",
		"hierarchyId": "138",
		"parentKey": "REC|RE.6|RE.6.2"
	},
	{
		"key": "RE.6.2.31",
		"value": "RE.6.2.31 - CPL - International - North Africa",
		"hierarchyId": "138",
		"parentKey": "REC|RE.6|RE.6.2"
	},
	{
		"key": "RE.6.2.32",
		"value": "RE.6.2.32 - CPL - International - West Central Africa",
		"hierarchyId": "138",
		"parentKey": "REC|RE.6|RE.6.2"
	},
	{
		"key": "RE.6.2.33",
		"value": "RE.6.2.33 - CPL - International - Middle East",
		"hierarchyId": "138",
		"parentKey": "REC|RE.6|RE.6.2"
	},
	{
		"key": "RE.6.2.4",
		"value": "RE.6.2.4 - CPL - International - Nordics",
		"hierarchyId": "138",
		"parentKey": "REC|RE.6|RE.6.2"
	},
	{
		"key": "RE.6.2.5",
		"value": "RE.6.2.5 - CPL - International - UK - Ireland",
		"hierarchyId": "138",
		"parentKey": "REC|RE.6|RE.6.2"
	},
	{
		"key": "RE.6.2.6",
		"value": "RE.6.2.6 - CPL - International - France",
		"hierarchyId": "138",
		"parentKey": "REC|RE.6|RE.6.2"
	},
	{
		"key": "RE.6.2.7",
		"value": "RE.6.2.7 - CPL - International - Italy",
		"hierarchyId": "138",
		"parentKey": "REC|RE.6|RE.6.2"
	},
	{
		"key": "RE.6.2.8",
		"value": "RE.6.2.8 - CPL - International - Benelux",
		"hierarchyId": "138",
		"parentKey": "REC|RE.6|RE.6.2"
	},
	{
		"key": "RE.6.2.9",
		"value": "RE.6.2.9 - CPL - International - Switzerland",
		"hierarchyId": "138",
		"parentKey": "REC|RE.6|RE.6.2"
	},
	{
		"key": "RE.6.99.1",
		"value": "Reimbursements - Germany",
		"hierarchyId": "138",
		"parentKey": "REC|RE.6|RE.6.99"
	},
	{
		"key": "RE.6.99.2",
		"value": "Reimbursements - International",
		"hierarchyId": "138",
		"parentKey": "REC|RE.6|RE.6.99"
	},
	{
		"key": "RE.7",
		"value": "RE.7 - Other Products",
		"hierarchyId": "138",
		"parentKey": "REC|RE.7|RE.7"
	},
	{
		"key": "RE.7.1",
		"value": "RE.7.1 - Oth. Prod. - Germany",
		"hierarchyId": "138",
		"parentKey": "REC|RE.7|RE.7.1"
	},
	{
		"key": "RE.7.1.1",
		"value": "RE.7.1.1 - Oth. Prod. - Germany - HQ",
		"hierarchyId": "138",
		"parentKey": "REC|RE.7|RE.7.1"
	},
	{
		"key": "RE.7.1.10",
		"value": "Oth. Prod – Germany – Insurances",
		"hierarchyId": "138",
		"parentKey": "REC|RE.7|RE.7.1"
	},
	{
		"key": "RE.7.1.2",
		"value": "RE.7.1.2 - Oth. Prod. - Germany - BRE",
		"hierarchyId": "138",
		"parentKey": "REC|RE.7|RE.7.1"
	},
	{
		"key": "RE.7.1.3",
		"value": "RE.7.1.3 - Oth. Prod. - Germany - Misc. Other",
		"hierarchyId": "138",
		"parentKey": "REC|RE.7|RE.7.1"
	},
	{
		"key": "RE.7.1.6",
		"value": "RE.7.1.6 - Oth. Prod. - Germany - Bayer 04",
		"hierarchyId": "138",
		"parentKey": "REC|RE.7|RE.7.1"
	},
	{
		"key": "RE.7.1.9",
		"value": "RE.7.1.9 - Currenta Group",
		"hierarchyId": "138",
		"parentKey": "REC|RE.7|RE.7.1"
	},
	{
		"key": "RE.7.2",
		"value": "RE.7.2 - Oth. Prod. - International (separator)",
		"hierarchyId": "138",
		"parentKey": "REC|RE.7|RE.7.2"
	},
	{
		"key": "RE.7.2.1",
		"value": "RE.7.2.1 - Oth. Prod. - International - CPL CIS",
		"hierarchyId": "138",
		"parentKey": "REC|RE.7|RE.7.2"
	},
	{
		"key": "RE.7.2.10",
		"value": "RE.7.2.10 - Oth. Prod. - International - CPL Turkey",
		"hierarchyId": "138",
		"parentKey": "REC|RE.7|RE.7.2"
	},
	{
		"key": "RE.7.2.11",
		"value": "RE.7.2.11 - Oth. Prod. - International - CPL Greece",
		"hierarchyId": "138",
		"parentKey": "REC|RE.7|RE.7.2"
	},
	{
		"key": "RE.7.2.12",
		"value": "RE.7.2.12 - Oth. Prod. - International - CPL Ukraine",
		"hierarchyId": "138",
		"parentKey": "REC|RE.7|RE.7.2"
	},
	{
		"key": "RE.7.2.13",
		"value": "RE.7.2.13 - Oth. Prod. - International - CPL South East Euro",
		"hierarchyId": "138",
		"parentKey": "REC|RE.7|RE.7.2"
	},
	{
		"key": "RE.7.2.14",
		"value": "RE.7.2.14 - Oth. Prod. - International - CPL Central Eastern",
		"hierarchyId": "138",
		"parentKey": "REC|RE.7|RE.7.2"
	},
	{
		"key": "RE.7.2.15",
		"value": "RE.7.2.15 - Oth. Prod. - International - CPL Romania / Bulga",
		"hierarchyId": "138",
		"parentKey": "REC|RE.7|RE.7.2"
	},
	{
		"key": "RE.7.2.16",
		"value": "RE.7.2.16 - Oth. Prod. - International - CPL USA / Puerto Ri",
		"hierarchyId": "138",
		"parentKey": "REC|RE.7|RE.7.2"
	},
	{
		"key": "RE.7.2.17",
		"value": "RE.7.2.17 - Oth. Prod. - International - CPL Canada",
		"hierarchyId": "138",
		"parentKey": "REC|RE.7|RE.7.2"
	},
	{
		"key": "RE.7.2.18",
		"value": "RE.7.2.18 - Oth. Prod. - International - CPL Brazil",
		"hierarchyId": "138",
		"parentKey": "REC|RE.7|RE.7.2"
	},
	{
		"key": "RE.7.2.19",
		"value": "RE.7.2.19 - Oth. Prod. - International - CPL Mexico",
		"hierarchyId": "138",
		"parentKey": "REC|RE.7|RE.7.2"
	},
	{
		"key": "RE.7.2.2",
		"value": "RE.7.2.2 - Oth. Prod. - International - CPL Israel",
		"hierarchyId": "138",
		"parentKey": "REC|RE.7|RE.7.2"
	},
	{
		"key": "RE.7.2.20",
		"value": "RE.7.2.20 - Oth. Prod. - International - CPL ANDEAN",
		"hierarchyId": "138",
		"parentKey": "REC|RE.7|RE.7.2"
	},
	{
		"key": "RE.7.2.21",
		"value": "RE.7.2.21 - Oth. Prod. - International - CPL Conosur",
		"hierarchyId": "138",
		"parentKey": "REC|RE.7|RE.7.2"
	},
	{
		"key": "RE.7.2.22",
		"value": "RE.7.2.22 - Oth. Prod. - International - CPL Centro / Caribe",
		"hierarchyId": "138",
		"parentKey": "REC|RE.7|RE.7.2"
	},
	{
		"key": "RE.7.2.23",
		"value": "RE.7.2.23 - Oth. Prod. - International - CPL Greater China",
		"hierarchyId": "138",
		"parentKey": "REC|RE.7|RE.7.2"
	},
	{
		"key": "RE.7.2.24",
		"value": "RE.7.2.24 - Oth. Prod. - International - CPL South Asia",
		"hierarchyId": "138",
		"parentKey": "REC|RE.7|RE.7.2"
	},
	{
		"key": "RE.7.2.25",
		"value": "RE.7.2.25 - Oth. Prod. - International - CPL Japan",
		"hierarchyId": "138",
		"parentKey": "REC|RE.7|RE.7.2"
	},
	{
		"key": "RE.7.2.26",
		"value": "RE.7.2.26 - Oth. Prod. - International - CPL ASEAN",
		"hierarchyId": "138",
		"parentKey": "REC|RE.7|RE.7.2"
	},
	{
		"key": "RE.7.2.27",
		"value": "RE.7.2.27 - Oth. Prod. - International - CPL Korea",
		"hierarchyId": "138",
		"parentKey": "REC|RE.7|RE.7.2"
	},
	{
		"key": "RE.7.2.28",
		"value": "RE.7.2.28 - Oth. Prod. - International - CPL ANZ / Oceania",
		"hierarchyId": "138",
		"parentKey": "REC|RE.7|RE.7.2"
	},
	{
		"key": "RE.7.2.29",
		"value": "RE.7.2.29 - Oth. Prod. - International - CPL East Africa",
		"hierarchyId": "138",
		"parentKey": "REC|RE.7|RE.7.2"
	},
	{
		"key": "RE.7.2.3",
		"value": "RE.7.2.3 - Oth. Prod. - International - CPL Iberia",
		"hierarchyId": "138",
		"parentKey": "REC|RE.7|RE.7.2"
	},
	{
		"key": "RE.7.2.30",
		"value": "RE.7.2.30 - Oth. Prod. - International - CPL Southern Africa",
		"hierarchyId": "138",
		"parentKey": "REC|RE.7|RE.7.2"
	},
	{
		"key": "RE.7.2.31",
		"value": "RE.7.2.31 - Oth. Prod. - International - CPL North Africa",
		"hierarchyId": "138",
		"parentKey": "REC|RE.7|RE.7.2"
	},
	{
		"key": "RE.7.2.32",
		"value": "RE.7.2.32 - Oth. Prod. - International - CPL West Central Af",
		"hierarchyId": "138",
		"parentKey": "REC|RE.7|RE.7.2"
	},
	{
		"key": "RE.7.2.33",
		"value": "RE.7.2.33 - Oth. Prod. - International - CPL Middle East",
		"hierarchyId": "138",
		"parentKey": "REC|RE.7|RE.7.2"
	},
	{
		"key": "RE.7.2.4",
		"value": "RE.7.2.4 - Oth. Prod. - International - CPL Nordics",
		"hierarchyId": "138",
		"parentKey": "REC|RE.7|RE.7.2"
	},
	{
		"key": "RE.7.2.5",
		"value": "RE.7.2.5 - Oth. Prod. - International - CPL UK - Ireland",
		"hierarchyId": "138",
		"parentKey": "REC|RE.7|RE.7.2"
	},
	{
		"key": "RE.7.2.6",
		"value": "RE.7.2.6 - Oth. Prod. - International - CPL France",
		"hierarchyId": "138",
		"parentKey": "REC|RE.7|RE.7.2"
	},
	{
		"key": "RE.7.2.7",
		"value": "RE.7.2.7 - Oth. Prod. - International - CPL Italy",
		"hierarchyId": "138",
		"parentKey": "REC|RE.7|RE.7.2"
	},
	{
		"key": "RE.7.2.8",
		"value": "RE.7.2.8 - Oth. Prod. - International - CPL Benelux",
		"hierarchyId": "138",
		"parentKey": "REC|RE.7|RE.7.2"
	},
	{
		"key": "RE.7.2.9",
		"value": "RE.7.2.9 - Oth. Prod. - International - CPL Switzerland",
		"hierarchyId": "138",
		"parentKey": "REC|RE.7|RE.7.2"
	},
	{
		"key": "SG_R",
		"value": "Singapore",
		"hierarchyId": "138",
		"parentKey": "BCS|0ACO|7A1_REG"
	},
	{
		"key": "SMRTG",
		"value": "PHC/SMRTG",
		"hierarchyId": "138",
		"parentKey": "PHC|30|SMRTG"
	},
	{
		"key": "SPAIN_SR",
		"value": "Spain",
		"hierarchyId": "138",
		"parentKey": "PHC|100005_REG|050PH3SPAIN"
	},
	{
		"key": "TAIWAN_CG",
		"value": "Taiwan",
		"hierarchyId": "138",
		"parentKey": "ANH|100200_REG|040AH3GREATERCHINA_SUB"
	},
	{
		"key": "UK_CG",
		"value": "United Kingdom",
		"hierarchyId": "138",
		"parentKey": "ANH|100100_REG|010AH3UK"
	},
	{
		"key": "UK_SR",
		"value": "United Kingdom",
		"hierarchyId": "138",
		"parentKey": "PHC|100005_REG|020PH3UK"
	},
	{
		"key": "USA INCL. PUERTO RICO",
		"value": "USA incl. Puerto Rico",
		"hierarchyId": "138",
		"parentKey": "ANH|100001_REG|001_USPR"
	},
	{
		"key": "USA_INCL._PUERTO_RICO",
		"value": "USA incl. Puerto Rico",
		"hierarchyId": "138",
		"parentKey": "PHC|100001_REG|010PH3USA_REG"
	},
	{
		"key": "ZCHINA_APAC_SR",
		"value": "China & APAC (Region)",
		"hierarchyId": "138",
		"parentKey": "PHC|100003_REG|CHINA_APAC_R"
	},
	{
		"key": "ZOTHEREUROPE_NORTH",
		"value": "Other Europe North",
		"hierarchyId": "138",
		"parentKey": "CHE|100001_REG|010CH3EUROPENORTH_SUB"
	},
	{
		"key": "ZZX_ES",
		"value": "Environmental Science",
		"hierarchyId": "138",
		"parentKey": "BCS|0ACO|ZZX_ES"
	},
	{
		"key": "ZZZCH4MALTA",
		"value": "Malta",
		"hierarchyId": "138",
		"parentKey": "CHE|100001_REG|010CH3EUROPENORTH_SUB"
	},
	{
		"key": "ZZZPH4EMA",
		"value": "EMA (Sub-Region)",
		"hierarchyId": "138",
		"parentKey": "PHC|100005_REG|ZW_EMA_REG"
	},
	{
		"key": "ZZZPH4EU1",
		"value": "EU I (Sub-Region)",
		"hierarchyId": "138",
		"parentKey": "PHC|100005_REG|ZW_EU1_REG"
	},
	{
		"key": "ZZ_APAC_SR",
		"value": "APAC (Sub-Region)",
		"hierarchyId": "138",
		"parentKey": "PHC|100003_REG|020PH3APAC_REG"
	},
	{
		"key": "ZZ_EMEA_SR",
		"value": "EMEA (Region)",
		"hierarchyId": "138",
		"parentKey": "PHC|100005_REG|ZZ_EMEA_R"
	},
	{
		"key": "ZZ_EU2_SR",
		"value": "EU II (Sub-Region)",
		"hierarchyId": "138",
		"parentKey": "PHC|100005_REG|ZW_EU2_REG"
	},
	{
		"key": "ZZ_LATAM_SR",
		"value": "Latin America (Sub-Region)",
		"hierarchyId": "138",
		"parentKey": "PHC|100001_REG|030PH3LATAM_REG"
	}
]