[
	{
		"characteristicId": "8",
		"internalKey": "PSPRELIMFLAG",
		"characteristicNameShort": "PS - Prel./Final",
		"characteristicNameLong": "PS - Preliminary/Final",
		"isMultiple": "0",
		"defaultHierarchyId": "0",
		"system": "B21,B23"
	},
	{
		"characteristicId": "9",
		"internalKey": "VERSION",
		"characteristicNameShort": "Version",
		"characteristicNameLong": "Version",
		"isMultiple": "1",
		"defaultHierarchyId": "0",
		"system": "B23"
	},
	{
		"characteristicId": "11",
		"internalKey": "TCT_INFOPROV",
		"characteristicNameShort": "RepInfProv",
		"characteristicNameLong": "Reporting InfoProvider",
		"isMultiple": "1",
		"defaultHierarchyId": "0",
		"system": "H2R"
	},
	{
		"characteristicId": "12",
		"internalKey": "TCT_AREA1",
		"characteristicNameShort": "InfoArea 1",
		"characteristicNameLong": "InfoArea 1",
		"isMultiple": "1",
		"defaultHierarchyId": "0",
		"system": "H2R"
	},
	{
		"characteristicId": "13",
		"internalKey": "SUBGROUP",
		"characteristicNameShort": "SG",
		"characteristicNameLong": "Sub Group",
		"isMultiple": "1",
		"defaultHierarchyId": "3",
		"system": "B21,B23,B53,H2D,H2R,S92"
	},
	{
		"characteristicId": "14",
		"internalKey": "BUSINESSGROUP",
		"characteristicNameShort": "BG",
		"characteristicNameLong": "Business Group",
		"isMultiple": "1",
		"defaultHierarchyId": "3",
		"system": "B21,B23,B53,H2D,H2R,S92"
	},
	{
		"characteristicId": "15",
		"internalKey": "SBE",
		"characteristicNameShort": "SBE",
		"characteristicNameLong": "Strategic Business Entity",
		"isMultiple": "1",
		"defaultHierarchyId": "3",
		"system": "B21,B23,B53,H2D,H2R,S92"
	},
	{
		"characteristicId": "16",
		"internalKey": "REPORTINGUNIT",
		"characteristicNameShort": "RU",
		"characteristicNameLong": "Reporting Unit",
		"isMultiple": "1",
		"defaultHierarchyId": "3",
		"system": "B21,B23,B53,H2D,H2R,S92"
	},
	{
		"characteristicId": "17",
		"internalKey": "BAYREGION",
		"characteristicNameShort": "Bayer Region",
		"characteristicNameLong": "Bayer Region",
		"isMultiple": "1",
		"defaultHierarchyId": "44",
		"system": "H2R"
	},
	{
		"characteristicId": "18",
		"internalKey": "BAYSUBREGION",
		"characteristicNameShort": "Bayer Subregion",
		"characteristicNameLong": "Bayer Subregion",
		"isMultiple": "1",
		"defaultHierarchyId": "44",
		"system": "H2R"
	},
	{
		"characteristicId": "19",
		"internalKey": "BAYCNTRYGRP",
		"characteristicNameShort": "Bayer Country Group",
		"characteristicNameLong": "Bayer Country Group",
		"isMultiple": "1",
		"defaultHierarchyId": "44",
		"system": "H2R"
	},
	{
		"characteristicId": "20",
		"internalKey": "BAYCOUNTRY",
		"characteristicNameShort": "Bayer Country",
		"characteristicNameLong": "Bayer Country",
		"isMultiple": "1",
		"defaultHierarchyId": "44",
		"system": "H2R"
	},
	{
		"characteristicId": "21",
		"internalKey": "FCRTASK",
		"characteristicNameShort": "Task",
		"characteristicNameLong": "Task",
		"isMultiple": "1",
		"defaultHierarchyId": "46",
		"system": "H2R"
	},
	{
		"characteristicId": "22",
		"internalKey": "FCRSUBTASK",
		"characteristicNameShort": "Subtask",
		"characteristicNameLong": "Subtask",
		"isMultiple": "1",
		"defaultHierarchyId": "46",
		"system": "H2R"
	},
	{
		"characteristicId": "23",
		"internalKey": "BAYSUBGRP",
		"characteristicNameShort": "Leg. SG",
		"characteristicNameLong": "Legacy Sub Group",
		"isMultiple": "1",
		"defaultHierarchyId": "1",
		"system": "B21,B23,B53,H2D,H2R,S92"
	},
	{
		"characteristicId": "24",
		"internalKey": "DUCWW001",
		"characteristicNameShort": "Leg. BG",
		"characteristicNameLong": "Legacy Business Group",
		"isMultiple": "1",
		"defaultHierarchyId": "1",
		"system": "B21,B23,B53,H2D,H2R,S92"
	},
	{
		"characteristicId": "25",
		"internalKey": "DUSBE",
		"characteristicNameShort": "Leg. SBE",
		"characteristicNameLong": "Legacy Strategic Business Entity",
		"isMultiple": "1",
		"defaultHierarchyId": "1",
		"system": "B21,B23,B53,H2D,H2R,S92"
	},
	{
		"characteristicId": "26",
		"internalKey": "DURU",
		"characteristicNameShort": "Leg. RU",
		"characteristicNameLong": "Legacy Reporting Unit",
		"isMultiple": "1",
		"defaultHierarchyId": "1",
		"system": "B21,B23,B53,H2D,H2R,S92"
	},
	{
		"characteristicId": "30",
		"internalKey": "0COMP_CODE",
		"characteristicNameShort": "Company",
		"characteristicNameLong": "Company Code",
		"isMultiple": "1",
		"defaultHierarchyId": "96",
		"system": "B21,B23,B53,H2D,H2R,S92"
	},
	{
		"characteristicId": "38",
		"internalKey": "FCRCONSCIRCLE",
		"characteristicNameShort": "FCR Cons. Circle",
		"characteristicNameLong": "FCR Consolidation Circle",
		"isMultiple": "0",
		"defaultHierarchyId": "0",
		"system": "H2R"
	},
	{
		"characteristicId": "39",
		"internalKey": "DUCOELCN1",
		"characteristicNameShort": "Cost nature 1",
		"characteristicNameLong": "Cost nature 1",
		"isMultiple": "1",
		"defaultHierarchyId": "8",
		"system": "H2R"
	},
	{
		"characteristicId": "40",
		"internalKey": "DUCOELCN2",
		"characteristicNameShort": "Cost nature 2",
		"characteristicNameLong": "Cost nature 2",
		"isMultiple": "1",
		"defaultHierarchyId": "8",
		"system": "H2R"
	},
	{
		"characteristicId": "41",
		"internalKey": "COST_ELEMENT_H1",
		"characteristicNameShort": "Cost Element H1",
		"characteristicNameLong": "Cost Element Hierarchy 1",
		"isMultiple": "1",
		"defaultHierarchyId": "4",
		"system": "H2R"
	},
	{
		"characteristicId": "42",
		"internalKey": "COST_ELEMENT_H2",
		"characteristicNameShort": "Cost Element H2",
		"characteristicNameLong": "Cost Element Hierarchy 2",
		"isMultiple": "1",
		"defaultHierarchyId": "4",
		"system": "H2R"
	},
	{
		"characteristicId": "43",
		"internalKey": "COST_ELEMENT_H3",
		"characteristicNameShort": "Cost Element H3",
		"characteristicNameLong": "Cost Element Hierarchy 3",
		"isMultiple": "1",
		"defaultHierarchyId": "4",
		"system": "H2R"
	},
	{
		"characteristicId": "44",
		"internalKey": "DUCOSTELT",
		"characteristicNameShort": "Cost Element",
		"characteristicNameLong": "Cost Element",
		"isMultiple": "1",
		"defaultHierarchyId": "4",
		"system": "H2R"
	},
	{
		"characteristicId": "45",
		"internalKey": "PERIMETER_COSTS",
		"characteristicNameShort": "Perimeter Costs",
		"characteristicNameLong": "Perimeter Costs",
		"isMultiple": "1",
		"defaultHierarchyId": "0",
		"system": "H2R"
	},
	{
		"characteristicId": "46",
		"internalKey": "0CURRENCY",
		"characteristicNameShort": "Currency",
		"characteristicNameLong": "Currency",
		"isMultiple": "0",
		"defaultHierarchyId": "0",
		"system": "B21,B23,B53,H2D,H2R,S92"
	},
	{
		"characteristicId": "47",
		"internalKey": "BAY_CONS_SUBGRP",
		"characteristicNameShort": "Bayer SG cons",
		"characteristicNameLong": "Bayer SG cons",
		"isMultiple": "1",
		"defaultHierarchyId": "0",
		"system": "H2R"
	},
	{
		"characteristicId": "48",
		"internalKey": "PLANNING_SOURCE",
		"characteristicNameShort": "Plan Source",
		"characteristicNameLong": "Planning Source",
		"isMultiple": "0",
		"defaultHierarchyId": "0",
		"system": "H2R"
	},
	{
		"characteristicId": "49",
		"internalKey": "ACCOUNT_OBJECT_TYPE",
		"characteristicNameShort": "Account Object Type",
		"characteristicNameLong": "Account Object Type",
		"isMultiple": "1",
		"defaultHierarchyId": "0",
		"system": "H2R"
	},
	{
		"characteristicId": "50",
		"internalKey": "PARTNER_OBJECT_TYPE",
		"characteristicNameShort": "Partner Object Type",
		"characteristicNameLong": "Partner Object Type",
		"isMultiple": "1",
		"defaultHierarchyId": "0",
		"system": "H2R"
	},
	{
		"characteristicId": "51",
		"internalKey": "0PRODH1",
		"characteristicNameShort": "PH Vital 1",
		"characteristicNameLong": "Product Hierarchy Vital 1",
		"isMultiple": "1",
		"defaultHierarchyId": "60",
		"system": "B23"
	},
	{
		"characteristicId": "52",
		"internalKey": "0PRODH2",
		"characteristicNameShort": "PH Vital 2",
		"characteristicNameLong": "Product Hierarchy Vital 2",
		"isMultiple": "1",
		"defaultHierarchyId": "60",
		"system": "B23"
	},
	{
		"characteristicId": "53",
		"internalKey": "0PRODH3",
		"characteristicNameShort": "PH Vital 3",
		"characteristicNameLong": "Product Hierarchy Vital 3",
		"isMultiple": "1",
		"defaultHierarchyId": "60",
		"system": "B23"
	},
	{
		"characteristicId": "54",
		"internalKey": "0PRODH4",
		"characteristicNameShort": "PH Vital 4",
		"characteristicNameLong": "Product Hierarchy Vital 4",
		"isMultiple": "1",
		"defaultHierarchyId": "60",
		"system": "B23"
	},
	{
		"characteristicId": "55",
		"internalKey": "0PRODH5",
		"characteristicNameShort": "PH Vital 5",
		"characteristicNameLong": "Product Hierarchy Vital 5",
		"isMultiple": "1",
		"defaultHierarchyId": "60",
		"system": "B23"
	},
	{
		"characteristicId": "56",
		"internalKey": "0PRODH6",
		"characteristicNameShort": "PH Vital 6",
		"characteristicNameLong": "Product Hierarchy Vital 6",
		"isMultiple": "1",
		"defaultHierarchyId": "60",
		"system": "B23"
	},
	{
		"characteristicId": "57",
		"internalKey": "0COUNTRY",
		"characteristicNameShort": "Country",
		"characteristicNameLong": "Country",
		"isMultiple": "1",
		"defaultHierarchyId": "2",
		"system": "B21,B23,B53,H2D,H2R,S92"
	},
	{
		"characteristicId": "58",
		"internalKey": "DTDSUPRSP",
		"characteristicNameShort": "Sup. Resp.",
		"characteristicNameLong": "Supply Responsibility",
		"isMultiple": "1",
		"defaultHierarchyId": "146",
		"system": "B23,H2D,H2R"
	},
	{
		"characteristicId": "59",
		"internalKey": "DTDSNAP",
		"characteristicNameShort": "SnapShot",
		"characteristicNameLong": "Snapshot Week",
		"isMultiple": "0",
		"defaultHierarchyId": "0",
		"system": "H2R"
	},
	{
		"characteristicId": "60",
		"internalKey": "CHREGION",
		"characteristicNameShort": "Region CH",
		"characteristicNameLong": "Region CH",
		"isMultiple": "1",
		"defaultHierarchyId": "125",
		"system": "B23,H2R"
	},
	{
		"characteristicId": "61",
		"internalKey": "CHSUBREG",
		"characteristicNameShort": "Subregion CH",
		"characteristicNameLong": "Subregion CH",
		"isMultiple": "1",
		"defaultHierarchyId": "125",
		"system": "B23,H2R"
	},
	{
		"characteristicId": "62",
		"internalKey": "CHCNTRGRP",
		"characteristicNameShort": "Country Group CH",
		"characteristicNameLong": "Country Group CH",
		"isMultiple": "1",
		"defaultHierarchyId": "125",
		"system": "B23,H2R"
	},
	{
		"characteristicId": "64",
		"internalKey": "0APO_SPLNNR",
		"characteristicNameShort": "APO SNP Planner",
		"characteristicNameLong": "APO SNP Planner",
		"isMultiple": "1",
		"defaultHierarchyId": "0",
		"system": "H2R"
	},
	{
		"characteristicId": "65",
		"internalKey": "VMIRESP",
		"characteristicNameShort": "VMI Responsibility",
		"characteristicNameLong": "VMI Responsibility",
		"isMultiple": "1",
		"defaultHierarchyId": "0",
		"system": "B21,B23,B53,H2D,H2R,S92"
	},
	{
		"characteristicId": "66",
		"internalKey": "MANURESP",
		"characteristicNameShort": "Manufacturing Resp.",
		"characteristicNameLong": "Manufacturing Responsibility",
		"isMultiple": "1",
		"defaultHierarchyId": "0",
		"system": "B21,B23,B53,H2D,H2R,S92"
	},
	{
		"characteristicId": "67",
		"internalKey": "SUPRSP2",
		"characteristicNameShort": "Sup. Resp. 2",
		"characteristicNameLong": "Supply Responsibility 2",
		"isMultiple": "1",
		"defaultHierarchyId": "0",
		"system": "B23,H2R"
	},
	{
		"characteristicId": "68",
		"internalKey": "0MATERIAL",
		"characteristicNameShort": "Material Vital",
		"characteristicNameLong": "Material Vital",
		"isMultiple": "1",
		"defaultHierarchyId": "60",
		"system": "B23"
	},
	{
		"characteristicId": "69",
		"internalKey": "KEY_FIGURE_TYPE",
		"characteristicNameShort": "Key Figure Type",
		"characteristicNameLong": "Key Figure Type",
		"isMultiple": "0",
		"defaultHierarchyId": "0",
		"system": "H2R"
	},
	{
		"characteristicId": "70",
		"internalKey": "DDISCON",
		"characteristicNameShort": "CV1CONDISCON",
		"characteristicNameLong": "CV 1 Cont - Discon",
		"isMultiple": "1",
		"defaultHierarchyId": "128",
		"system": "H2R"
	},
	{
		"characteristicId": "71",
		"internalKey": "DSOD",
		"characteristicNameShort": "CV2GROUPING",
		"characteristicNameLong": "CV 2 Grouping",
		"isMultiple": "1",
		"defaultHierarchyId": "128",
		"system": "H2R"
	},
	{
		"characteristicId": "72",
		"internalKey": "DK_DIV",
		"characteristicNameShort": "CV3DIV",
		"characteristicNameLong": "CV 3 Division",
		"isMultiple": "1",
		"defaultHierarchyId": "128",
		"system": "H2R"
	},
	{
		"characteristicId": "73",
		"internalKey": "DK_SUB_DIV",
		"characteristicNameShort": "CV4SUBDIV",
		"characteristicNameLong": "CV 4 Subdivision",
		"isMultiple": "1",
		"defaultHierarchyId": "128",
		"system": "H2R"
	},
	{
		"characteristicId": "74",
		"internalKey": "DK_GB",
		"characteristicNameShort": "CV5BG",
		"characteristicNameLong": "CV 5 Business Group",
		"isMultiple": "1",
		"defaultHierarchyId": "128",
		"system": "H2R"
	},
	{
		"characteristicId": "75",
		"internalKey": "DSBE",
		"characteristicNameShort": "CV6SBE",
		"characteristicNameLong": "CV 6 SBE",
		"isMultiple": "1",
		"defaultHierarchyId": "128",
		"system": "H2R"
	},
	{
		"characteristicId": "76",
		"internalKey": "DRU",
		"characteristicNameShort": "CV7RU",
		"characteristicNameLong": "CV 7 Reporting Unit",
		"isMultiple": "1",
		"defaultHierarchyId": "128",
		"system": "H2R"
	},
	{
		"characteristicId": "77",
		"internalKey": "DPC_CV",
		"characteristicNameShort": "CV8PC",
		"characteristicNameLong": "CV 8 Profit Center",
		"isMultiple": "1",
		"defaultHierarchyId": "128",
		"system": "H2R"
	},
	{
		"characteristicId": "78",
		"internalKey": "SALESGROUP",
		"characteristicNameShort": "Sales Grp.",
		"characteristicNameLong": "Sales Group",
		"isMultiple": "1",
		"defaultHierarchyId": "0",
		"system": "B53"
	},
	{
		"characteristicId": "79",
		"internalKey": "SALESOFFICE",
		"characteristicNameShort": "Sales Office",
		"characteristicNameLong": "Sales Office",
		"isMultiple": "1",
		"defaultHierarchyId": "0",
		"system": "B53"
	},
	{
		"characteristicId": "80",
		"internalKey": "0SALESORG",
		"characteristicNameShort": "Sales Organization",
		"characteristicNameLong": "Sales Organization",
		"isMultiple": "1",
		"defaultHierarchyId": "0",
		"system": "B23,B53,H2R"
	},
	{
		"characteristicId": "81",
		"internalKey": "PURCHGROUP",
		"characteristicNameShort": "Purch. Grp.",
		"characteristicNameLong": "Purchasing Group",
		"isMultiple": "1",
		"defaultHierarchyId": "0",
		"system": "B53"
	},
	{
		"characteristicId": "82",
		"internalKey": "ASPLATFO",
		"characteristicNameShort": "Acc. Platform",
		"characteristicNameLong": "Accounting Platform",
		"isMultiple": "1",
		"defaultHierarchyId": "10",
		"system": "B53"
	},
	{
		"characteristicId": "83",
		"internalKey": "DTDSNAP2",
		"characteristicNameShort": "Snapshot 2",
		"characteristicNameLong": "Snapshot 2",
		"isMultiple": "0",
		"defaultHierarchyId": "0",
		"system": "H2R"
	},
	{
		"characteristicId": "84",
		"internalKey": "APO_LOCATION",
		"characteristicNameShort": "APO Location",
		"characteristicNameLong": "APO Location",
		"isMultiple": "1",
		"defaultHierarchyId": "0",
		"system": "H2R"
	},
	{
		"characteristicId": "85",
		"internalKey": "ASDOCRO",
		"characteristicNameShort": "Doc. receipt/origin",
		"characteristicNameLong": "Document receipt/origin",
		"isMultiple": "1",
		"defaultHierarchyId": "0",
		"system": "B53"
	},
	{
		"characteristicId": "86",
		"internalKey": "ASINVTYP",
		"characteristicNameShort": "Invoice auto/manual",
		"characteristicNameLong": "Invoice auto/manual",
		"isMultiple": "1",
		"defaultHierarchyId": "0",
		"system": "B53"
	},
	{
		"characteristicId": "87",
		"internalKey": "ASPAYTYP",
		"characteristicNameShort": "Payment auto/manual",
		"characteristicNameLong": "Payment auto/manual",
		"isMultiple": "1",
		"defaultHierarchyId": "0",
		"system": "B53"
	},
	{
		"characteristicId": "88",
		"internalKey": "ASASFRONTOF",
		"characteristicNameShort": "Acc. Front Office",
		"characteristicNameLong": "Accounting Front Office",
		"isMultiple": "1",
		"defaultHierarchyId": "0",
		"system": "B53"
	},
	{
		"characteristicId": "89",
		"internalKey": "ASASBACKOF",
		"characteristicNameShort": "Acc. Back Office",
		"characteristicNameLong": "Accounting Back Office",
		"isMultiple": "1",
		"defaultHierarchyId": "0",
		"system": "B53"
	},
	{
		"characteristicId": "90",
		"internalKey": "ASWFSYS",
		"characteristicNameShort": "MD Processing (WF)",
		"characteristicNameLong": "Master Data Processing (WF)",
		"isMultiple": "1",
		"defaultHierarchyId": "0",
		"system": "B53"
	},
	{
		"characteristicId": "91",
		"internalKey": "ASCLASS",
		"characteristicNameShort": "MD Classification",
		"characteristicNameLong": "Master Data Classification",
		"isMultiple": "1",
		"defaultHierarchyId": "0",
		"system": "B53"
	},
	{
		"characteristicId": "92",
		"internalKey": "ASREASON",
		"characteristicNameShort": "MD Reason",
		"characteristicNameLong": "Master Data Reason",
		"isMultiple": "1",
		"defaultHierarchyId": "0",
		"system": "B53"
	},
	{
		"characteristicId": "93",
		"internalKey": "ASSUBCAT",
		"characteristicNameShort": "MD Sub Category",
		"characteristicNameLong": "Master Data Sub Category",
		"isMultiple": "1",
		"defaultHierarchyId": "0",
		"system": "B53"
	},
	{
		"characteristicId": "94",
		"internalKey": "TRANSACTION_CODE",
		"characteristicNameShort": "Ext./Int.",
		"characteristicNameLong": "Code external/internal",
		"isMultiple": "1",
		"defaultHierarchyId": "0",
		"system": "B53"
	},
	{
		"characteristicId": "95",
		"internalKey": "PROC_RELEVANCE",
		"characteristicNameShort": "Proc. relevance",
		"characteristicNameLong": "Procurement relevance",
		"isMultiple": "1",
		"defaultHierarchyId": "0",
		"system": "B53"
	},
	{
		"characteristicId": "96",
		"internalKey": "PO_RELEVANT",
		"characteristicNameShort": "PO Relevant",
		"characteristicNameLong": "PO Relevant",
		"isMultiple": "1",
		"defaultHierarchyId": "0",
		"system": "B53"
	},
	{
		"characteristicId": "97",
		"internalKey": "PURCH_REGION",
		"characteristicNameShort": "Purch. Region",
		"characteristicNameLong": "Purchasing Region",
		"isMultiple": "1",
		"defaultHierarchyId": "0",
		"system": "B53"
	},
	{
		"characteristicId": "98",
		"internalKey": "PROC_AREA",
		"characteristicNameShort": "Proc. Area",
		"characteristicNameLong": "Procurement Area",
		"isMultiple": "1",
		"defaultHierarchyId": "0",
		"system": "B53"
	},
	{
		"characteristicId": "99",
		"internalKey": "SYNERGY_AREA",
		"characteristicNameShort": "Synergy Area",
		"characteristicNameLong": "Synergy Area",
		"isMultiple": "1",
		"defaultHierarchyId": "0",
		"system": "B53"
	},
	{
		"characteristicId": "100",
		"internalKey": "FLAG_DIRECT",
		"characteristicNameShort": "Direct / Indirect",
		"characteristicNameLong": "Direct / Indirect",
		"isMultiple": "1",
		"defaultHierarchyId": "0",
		"system": "B53,H2R"
	},
	{
		"characteristicId": "101",
		"internalKey": "ORDER_CHANNEL",
		"characteristicNameShort": "Ordering channel",
		"characteristicNameLong": "Ordering Channel",
		"isMultiple": "1",
		"defaultHierarchyId": "0",
		"system": "B53"
	},
	{
		"characteristicId": "102",
		"internalKey": "FLAG_AUTO",
		"characteristicNameShort": "Automation flag",
		"characteristicNameLong": "Automation flag",
		"isMultiple": "1",
		"defaultHierarchyId": "0",
		"system": "B53,H2R"
	},
	{
		"characteristicId": "103",
		"internalKey": "PURCH_ORG",
		"characteristicNameShort": "Purchasing Org.",
		"characteristicNameLong": "Purchasing Org.",
		"isMultiple": "1",
		"defaultHierarchyId": "0",
		"system": "B53"
	},
	{
		"characteristicId": "104",
		"internalKey": "PURCH_SG",
		"characteristicNameShort": "Purchasing SG",
		"characteristicNameLong": "Purchasing Subgroup",
		"isMultiple": "1",
		"defaultHierarchyId": "0",
		"system": "B53"
	},
	{
		"characteristicId": "106",
		"internalKey": "PROKON_REGION",
		"characteristicNameShort": "Prokon Region",
		"characteristicNameLong": "Prokon Region",
		"isMultiple": "1",
		"defaultHierarchyId": "0",
		"system": "S92"
	},
	{
		"characteristicId": "108",
		"internalKey": "ECONOMIC_REGION",
		"characteristicNameShort": "Eco Reg AtP",
		"characteristicNameLong": "Economic Region AtP",
		"isMultiple": "1",
		"defaultHierarchyId": "9",
		"system": "H2R"
	},
	{
		"characteristicId": "109",
		"internalKey": "ECONOMIC_SUBREGION",
		"characteristicNameShort": "Eco SubReg AtP",
		"characteristicNameLong": "Economic Subregion AtP",
		"isMultiple": "1",
		"defaultHierarchyId": "9",
		"system": "H2R"
	},
	{
		"characteristicId": "110",
		"internalKey": "ECONOMIC_COUNTRY_GROUP",
		"characteristicNameShort": "Eco Ctry Grp AtP",
		"characteristicNameLong": "Economic Country Grouping AtP",
		"isMultiple": "1",
		"defaultHierarchyId": "9",
		"system": "H2R"
	},
	{
		"characteristicId": "111",
		"internalKey": "ATP_CROP_MAIN_GROUP",
		"characteristicNameShort": "AtP Crop Main Group",
		"characteristicNameLong": "AtP Crop Main Group",
		"isMultiple": "1",
		"defaultHierarchyId": "0",
		"system": "H2R"
	},
	{
		"characteristicId": "112",
		"internalKey": "ATP_SNAPSHOT",
		"characteristicNameShort": "AtP Snapshot",
		"characteristicNameLong": "AtP Snapshot",
		"isMultiple": "1",
		"defaultHierarchyId": "0",
		"system": "H2R"
	},
	{
		"characteristicId": "113",
		"internalKey": "ATP_KEYFIGURE_NAME",
		"characteristicNameShort": "AtP Key figure name",
		"characteristicNameLong": "AtP Key figure name",
		"isMultiple": "1",
		"defaultHierarchyId": "0",
		"system": "H2R"
	},
	{
		"characteristicId": "114",
		"internalKey": "COPA_VALUES",
		"characteristicNameShort": "COPA Values",
		"characteristicNameLong": "COPA Values",
		"isMultiple": "1",
		"defaultHierarchyId": "0",
		"system": "B23"
	},
	{
		"characteristicId": "115",
		"internalKey": "CUSTOMER_GROUP_2",
		"characteristicNameShort": "CG2",
		"characteristicNameLong": "Customer Group 2",
		"isMultiple": "1",
		"defaultHierarchyId": "25",
		"system": "B23"
	},
	{
		"characteristicId": "116",
		"internalKey": "CUSTOMER_GROUP_3",
		"characteristicNameShort": "CG3",
		"characteristicNameLong": "Customer Group 3",
		"isMultiple": "1",
		"defaultHierarchyId": "25",
		"system": "B23"
	},
	{
		"characteristicId": "117",
		"internalKey": "0CUSTOMER",
		"characteristicNameShort": "Customer",
		"characteristicNameLong": "Customer",
		"isMultiple": "1",
		"defaultHierarchyId": "25",
		"system": "B23"
	},
	{
		"characteristicId": "118",
		"internalKey": "0BG",
		"characteristicNameShort": "Division (B23)",
		"characteristicNameLong": "Division (B23)",
		"isMultiple": "1",
		"defaultHierarchyId": "59",
		"system": "B23"
	},
	{
		"characteristicId": "119",
		"internalKey": "0SBE",
		"characteristicNameShort": "SBE (B23)",
		"characteristicNameLong": "Strategic Business Entity (B23)",
		"isMultiple": "1",
		"defaultHierarchyId": "59",
		"system": "B23"
	},
	{
		"characteristicId": "120",
		"internalKey": "0RU",
		"characteristicNameShort": "Brand (B23)",
		"characteristicNameLong": "Brand (B23)",
		"isMultiple": "1",
		"defaultHierarchyId": "59",
		"system": "B23"
	},
	{
		"characteristicId": "121",
		"internalKey": "ATP_REPORTING_UNIT",
		"characteristicNameShort": "AtP Reporting Unit",
		"characteristicNameLong": "AtP Reporting Unit",
		"isMultiple": "1",
		"defaultHierarchyId": "0",
		"system": "H2R"
	},
	{
		"characteristicId": "122",
		"internalKey": "PSBKAITEM",
		"characteristicNameShort": "PS BKA Item",
		"characteristicNameLong": "PS BKA Item",
		"isMultiple": "1",
		"defaultHierarchyId": "0",
		"system": "B23,H2R"
	},
	{
		"characteristicId": "123",
		"internalKey": "0PLANT_MDSUPPRSP",
		"characteristicNameShort": "Unit (SR)",
		"characteristicNameLong": "Unit Supply Responsible",
		"isMultiple": "1",
		"defaultHierarchyId": "0",
		"system": "B23"
	},
	{
		"characteristicId": "124",
		"internalKey": "0PLANT",
		"characteristicNameShort": "Plant",
		"characteristicNameLong": "Plant",
		"isMultiple": "1",
		"defaultHierarchyId": "0",
		"system": "B23"
	},
	{
		"characteristicId": "125",
		"internalKey": "ASDIVSN",
		"characteristicNameShort": "Division-DA",
		"characteristicNameLong": "Division-Deviation Analysis",
		"isMultiple": "1",
		"defaultHierarchyId": "0",
		"system": "B23"
	},
	{
		"characteristicId": "126",
		"internalKey": "ASMSR_TYP",
		"characteristicNameShort": "MT-DA",
		"characteristicNameLong": "MeasureType-Deviation Analysis",
		"isMultiple": "1",
		"defaultHierarchyId": "0",
		"system": "B23"
	},
	{
		"characteristicId": "127",
		"internalKey": "ASITEM",
		"characteristicNameShort": "Item-DA",
		"characteristicNameLong": "Item-Deviation Analysis",
		"isMultiple": "1",
		"defaultHierarchyId": "0",
		"system": "B23"
	},
	{
		"characteristicId": "128",
		"internalKey": "ASDEVTYPE",
		"characteristicNameShort": "DevType-DA",
		"characteristicNameLong": "DeviationType-Deviation Analysis",
		"isMultiple": "1",
		"defaultHierarchyId": "0",
		"system": "B23"
	},
	{
		"characteristicId": "129",
		"internalKey": "MD_PHBRGR",
		"characteristicNameShort": "Brand-DA",
		"characteristicNameLong": "Brand-Deviation Analysis",
		"isMultiple": "1",
		"defaultHierarchyId": "0",
		"system": "B23"
	},
	{
		"characteristicId": "132",
		"internalKey": "PSVERSION",
		"characteristicNameShort": "PS Bridge Version",
		"characteristicNameLong": "PS Bridge Version",
		"isMultiple": "0",
		"defaultHierarchyId": "0",
		"system": "B23"
	},
	{
		"characteristicId": "134",
		"internalKey": "CHANGE_TYPE",
		"characteristicNameShort": "Change Type (B23)",
		"characteristicNameLong": "Change Type (B23)",
		"isMultiple": "1",
		"defaultHierarchyId": "0",
		"system": "B23"
	},
	{
		"characteristicId": "135",
		"internalKey": "LOPLMCSUP",
		"characteristicNameShort": "Supply Cent. Div",
		"characteristicNameLong": "Supply Center Division",
		"isMultiple": "1",
		"defaultHierarchyId": "0",
		"system": "B21"
	},
	{
		"characteristicId": "136",
		"internalKey": "LOPLCDIVI",
		"characteristicNameShort": "Supply Cent. LCM",
		"characteristicNameLong": "Supply Center of LCM",
		"isMultiple": "1",
		"defaultHierarchyId": "0",
		"system": "B21"
	},
	{
		"characteristicId": "145",
		"internalKey": "DBRIDGE",
		"characteristicNameShort": "Comparison Type",
		"characteristicNameLong": "Comparison Type",
		"isMultiple": "0",
		"defaultHierarchyId": "0",
		"system": "H2R"
	},
	{
		"characteristicId": "146",
		"internalKey": "DRESPL1",
		"characteristicNameShort": "Resp. LVL1",
		"characteristicNameLong": "Responsibility LVL1",
		"isMultiple": "1",
		"defaultHierarchyId": "135",
		"system": "H2R"
	},
	{
		"characteristicId": "147",
		"internalKey": "DRESPL2",
		"characteristicNameShort": "Resp. LVL2",
		"characteristicNameLong": "Responsibility LVL2",
		"isMultiple": "1",
		"defaultHierarchyId": "135",
		"system": "H2R"
	},
	{
		"characteristicId": "148",
		"internalKey": "GLOBAL_CC_DIVISION",
		"characteristicNameShort": "Division (CC)",
		"characteristicNameLong": "Division (CC)",
		"isMultiple": "1",
		"defaultHierarchyId": "56",
		"system": "H2R"
	},
	{
		"characteristicId": "149",
		"internalKey": "GLOBAL_CC_BG",
		"characteristicNameShort": "BG (CC)",
		"characteristicNameLong": "Business Group (CC)",
		"isMultiple": "1",
		"defaultHierarchyId": "56",
		"system": "H2R"
	},
	{
		"characteristicId": "150",
		"internalKey": "GLOBAL_CC_H2",
		"characteristicNameShort": "Global CC H2",
		"characteristicNameLong": "Global CC H2",
		"isMultiple": "1",
		"defaultHierarchyId": "56",
		"system": "H2R"
	},
	{
		"characteristicId": "151",
		"internalKey": "GLOBAL_CC_H3",
		"characteristicNameShort": "Global CC H3",
		"characteristicNameLong": "Global CC H3",
		"isMultiple": "1",
		"defaultHierarchyId": "56",
		"system": "H2R"
	},
	{
		"characteristicId": "152",
		"internalKey": "GLOBAL_CC_H4",
		"characteristicNameShort": "Global CC H4",
		"characteristicNameLong": "Global CC H4",
		"isMultiple": "1",
		"defaultHierarchyId": "56",
		"system": "H2R"
	},
	{
		"characteristicId": "153",
		"internalKey": "GLOBAL_CC_H5",
		"characteristicNameShort": "Global CC H5",
		"characteristicNameLong": "Global CC H5",
		"isMultiple": "1",
		"defaultHierarchyId": "56",
		"system": "H2R"
	},
	{
		"characteristicId": "155",
		"internalKey": "ECONOMIC_COUNTRY_GROUP_ST",
		"characteristicNameShort": "Eco Ctry Grp ST AtP",
		"characteristicNameLong": "Economic Country Grouping ST AtP",
		"isMultiple": "1",
		"defaultHierarchyId": "9",
		"system": "H2R"
	},
	{
		"characteristicId": "156",
		"internalKey": "ECONOMIC_COUNTRY_GROUP_LT",
		"characteristicNameShort": "Eco Ctry Grp LT AtP",
		"characteristicNameLong": "Economic Country Grouping LT AtP",
		"isMultiple": "1",
		"defaultHierarchyId": "9",
		"system": "H2R"
	},
	{
		"characteristicId": "157",
		"internalKey": "DUREG",
		"characteristicNameShort": "Region",
		"characteristicNameLong": "Region",
		"isMultiple": "1",
		"defaultHierarchyId": "0",
		"system": "B21,B23,B53,H2D,H2R,S92"
	},
	{
		"characteristicId": "162",
		"internalKey": "ATP_LT_FLAG",
		"characteristicNameShort": "AtP LT Flag",
		"characteristicNameLong": "AtP Long Term Relevant",
		"isMultiple": "0",
		"defaultHierarchyId": "0",
		"system": "H2R"
	},
	{
		"characteristicId": "163",
		"internalKey": "ATP_ST_FLAG",
		"characteristicNameShort": "AtP ST Flag",
		"characteristicNameLong": "AtP Short Term Relevant",
		"isMultiple": "0",
		"defaultHierarchyId": "0",
		"system": "H2R"
	},
	{
		"characteristicId": "164",
		"internalKey": "FCRSUBTASKCAT",
		"characteristicNameShort": "Subtask Category",
		"characteristicNameLong": "Subtask Category",
		"isMultiple": "1",
		"defaultHierarchyId": "0",
		"system": "H2R"
	},
	{
		"characteristicId": "165",
		"internalKey": "PARTNER_COMPANY",
		"characteristicNameShort": "Partner Company",
		"characteristicNameLong": "Partner Company",
		"isMultiple": "1",
		"defaultHierarchyId": "0",
		"system": "B21,B23,B53,H2D,H2R,S92"
	},
	{
		"characteristicId": "166",
		"internalKey": "DTDFANUM",
		"characteristicNameShort": "FCA Under/Over Limit",
		"characteristicNameLong": "FCA Under/Over Limit",
		"isMultiple": "0",
		"defaultHierarchyId": "0",
		"system": "H2R"
	},
	{
		"characteristicId": "167",
		"internalKey": "FC_COPYING_BEHAVIOR",
		"characteristicNameShort": "FC Copy Behavior",
		"characteristicNameLong": "FC Copying Behavior",
		"isMultiple": "1",
		"defaultHierarchyId": "0",
		"system": "B23"
	},
	{
		"characteristicId": "168",
		"internalKey": "MDFLSEG",
		"characteristicNameShort": "FC Segment",
		"characteristicNameLong": "FC Segment",
		"isMultiple": "1",
		"defaultHierarchyId": "0",
		"system": "B23"
	},
	{
		"characteristicId": "169",
		"internalKey": "PRODH_SOP1",
		"characteristicNameShort": "PH SOP 1",
		"characteristicNameLong": "Product Hierarchy SOP 1",
		"isMultiple": "1",
		"defaultHierarchyId": "136",
		"system": "H2R"
	},
	{
		"characteristicId": "170",
		"internalKey": "PRODH_SOP2",
		"characteristicNameShort": "PH SOP 2",
		"characteristicNameLong": "Product Hierarchy SOP 2",
		"isMultiple": "1",
		"defaultHierarchyId": "136",
		"system": "H2R"
	},
	{
		"characteristicId": "171",
		"internalKey": "PRODH_SOP3",
		"characteristicNameShort": "PH SOP 3",
		"characteristicNameLong": "Product Hierarchy SOP 3",
		"isMultiple": "1",
		"defaultHierarchyId": "136",
		"system": "H2R"
	},
	{
		"characteristicId": "172",
		"internalKey": "PRODH_SOP4",
		"characteristicNameShort": "PH SOP 4",
		"characteristicNameLong": "Product Hierarchy SOP 4",
		"isMultiple": "1",
		"defaultHierarchyId": "136",
		"system": "H2R"
	},
	{
		"characteristicId": "173",
		"internalKey": "PRODH_SOP5",
		"characteristicNameShort": "PH SOP 5",
		"characteristicNameLong": "Product Hierarchy SOP 5",
		"isMultiple": "1",
		"defaultHierarchyId": "136",
		"system": "H2R"
	},
	{
		"characteristicId": "174",
		"internalKey": "PRODH_SOP6",
		"characteristicNameShort": "PH SOP 6",
		"characteristicNameLong": "Product Hierarchy SOP 6",
		"isMultiple": "1",
		"defaultHierarchyId": "136",
		"system": "H2R"
	},
	{
		"characteristicId": "175",
		"internalKey": "MATERIAL_SOP",
		"characteristicNameShort": "Material SOP",
		"characteristicNameLong": "Material SOP",
		"isMultiple": "1",
		"defaultHierarchyId": "136",
		"system": "H2R"
	},
	{
		"characteristicId": "176",
		"internalKey": "INFOPROV",
		"characteristicNameShort": "InfoProvider",
		"characteristicNameLong": "InfoProvider",
		"isMultiple": "1",
		"defaultHierarchyId": "0",
		"system": "H2R"
	},
	{
		"characteristicId": "181",
		"internalKey": "SOP_GOODSCLASS",
		"characteristicNameShort": "Class of goods",
		"characteristicNameLong": "Class of goods",
		"isMultiple": "1",
		"defaultHierarchyId": "0",
		"system": "H2R"
	},
	{
		"characteristicId": "182",
		"internalKey": "SOP_LEADAI",
		"characteristicNameShort": "Lead A.I.",
		"characteristicNameLong": "Lead A.I.",
		"isMultiple": "1",
		"defaultHierarchyId": "0",
		"system": "H2R"
	},
	{
		"characteristicId": "183",
		"internalKey": "SOP_BRAND",
		"characteristicNameShort": "SOP Brand",
		"characteristicNameLong": "SOP Global Brand",
		"isMultiple": "1",
		"defaultHierarchyId": "0",
		"system": "H2R"
	},
	{
		"characteristicId": "184",
		"internalKey": "SOP_BRANDFAM",
		"characteristicNameShort": "SOP Brand Family",
		"characteristicNameLong": "SOP Global Brand Family",
		"isMultiple": "1",
		"defaultHierarchyId": "0",
		"system": "H2R"
	},
	{
		"characteristicId": "185",
		"internalKey": "FCSUBSEGMENT",
		"characteristicNameShort": "FC Subsegment",
		"characteristicNameLong": "FC Subsegment",
		"isMultiple": "1",
		"defaultHierarchyId": "0",
		"system": "B23,H2R"
	},
	{
		"characteristicId": "187",
		"internalKey": "LOHFQCH3",
		"characteristicNameShort": "FC Qty result",
		"characteristicNameLong": "Forecast Quantity Result",
		"isMultiple": "1",
		"defaultHierarchyId": "0",
		"system": "B23,H2R"
	},
	{
		"characteristicId": "188",
		"internalKey": "LOBFACH3",
		"characteristicNameShort": "FCA result",
		"characteristicNameLong": "Forecast Accuracy Result",
		"isMultiple": "1",
		"defaultHierarchyId": "0",
		"system": "B23,H2R"
	},
	{
		"characteristicId": "191",
		"internalKey": "MAGIC_KEY_L1",
		"characteristicNameShort": "Management View L1",
		"characteristicNameLong": "Management View L1",
		"isMultiple": "1",
		"defaultHierarchyId": "138",
		"system": "H2R"
	},
	{
		"characteristicId": "192",
		"internalKey": "MAGIC_KEY_L2",
		"characteristicNameShort": "Management View L2",
		"characteristicNameLong": "Management View L2",
		"isMultiple": "1",
		"defaultHierarchyId": "138",
		"system": "H2R"
	},
	{
		"characteristicId": "193",
		"internalKey": "MAGIC_KEY_L3",
		"characteristicNameShort": "Management View L3",
		"characteristicNameLong": "Management View L3",
		"isMultiple": "1",
		"defaultHierarchyId": "138",
		"system": "H2R"
	},
	{
		"characteristicId": "197",
		"internalKey": "GP_PROAR",
		"characteristicNameShort": "GP Segment",
		"characteristicNameLong": "GP Segment",
		"isMultiple": "1",
		"defaultHierarchyId": "139",
		"system": "B53,H2R"
	},
	{
		"characteristicId": "198",
		"internalKey": "GP_SYNAR",
		"characteristicNameShort": "Category",
		"characteristicNameLong": "Category",
		"isMultiple": "1",
		"defaultHierarchyId": "139",
		"system": "B53,H2R"
	},
	{
		"characteristicId": "199",
		"internalKey": "GP_SRC_T",
		"characteristicNameShort": "Subcategory",
		"characteristicNameLong": "Subcategory",
		"isMultiple": "1",
		"defaultHierarchyId": "139",
		"system": "B53,H2R"
	},
	{
		"characteristicId": "200",
		"internalKey": "MDCCUSEGM",
		"characteristicNameShort": "Customer Channel",
		"characteristicNameLong": "Customer Channel",
		"isMultiple": "1",
		"defaultHierarchyId": "0",
		"system": "B23"
	},
	{
		"characteristicId": "205",
		"internalKey": "ROI_PAGE_ID",
		"characteristicNameShort": "Page ID",
		"characteristicNameLong": "Page ID",
		"isMultiple": "1",
		"defaultHierarchyId": "140",
		"system": "H2R"
	},
	{
		"characteristicId": "206",
		"internalKey": "DTDFLAGAP",
		"characteristicNameShort": "FCA Flag",
		"characteristicNameLong": "FCA Flag - Launch, Tender, Out of Stock",
		"isMultiple": "1",
		"defaultHierarchyId": "0",
		"system": "H2R"
	},
	{
		"characteristicId": "207",
		"internalKey": "0STRGE_TYPE",
		"characteristicNameShort": "Storage Type",
		"characteristicNameLong": "Storage Type",
		"isMultiple": "1",
		"defaultHierarchyId": "0",
		"system": "B23"
	},
	{
		"characteristicId": "208",
		"internalKey": "0WHSE_NUM",
		"characteristicNameShort": "Warehouse (B23)",
		"characteristicNameLong": "Warehouse (B23)",
		"isMultiple": "1",
		"defaultHierarchyId": "0",
		"system": "B23"
	},
	{
		"characteristicId": "209",
		"internalKey": "DTDFLPLS6",
		"characteristicNameShort": "PLS in last 6 month",
		"characteristicNameLong": "PLS in last 6 month",
		"isMultiple": "1",
		"defaultHierarchyId": "0",
		"system": "H2R"
	},
	{
		"characteristicId": "210",
		"internalKey": "PRTN_MAGIC_KEY_L1",
		"characteristicNameShort": "Prtn. Management View 1",
		"characteristicNameLong": "Partner Management View L1",
		"isMultiple": "1",
		"defaultHierarchyId": "0",
		"system": "H2R"
	},
	{
		"characteristicId": "211",
		"internalKey": "PRTN_MAGIC_KEY_L2",
		"characteristicNameShort": "Prtn. Management View 2",
		"characteristicNameLong": "Partner Management View L2",
		"isMultiple": "1",
		"defaultHierarchyId": "0",
		"system": "H2R"
	},
	{
		"characteristicId": "212",
		"internalKey": "PRTN_MAGIC_KEY_L3",
		"characteristicNameShort": "Prtn. Management View 3",
		"characteristicNameLong": "Partner Management View L3",
		"isMultiple": "1",
		"defaultHierarchyId": "0",
		"system": "H2R"
	},
	{
		"characteristicId": "213",
		"internalKey": "PRTN_MAGIC_KEY_L4",
		"characteristicNameShort": "Prtn. Management View 4",
		"characteristicNameLong": "Partner Management View L4",
		"isMultiple": "1",
		"defaultHierarchyId": "0",
		"system": "H2R"
	},
	{
		"characteristicId": "214",
		"internalKey": "ROI_DB_ID",
		"characteristicNameShort": "Dashboard ID",
		"characteristicNameLong": "Dashboard ID",
		"isMultiple": "1",
		"defaultHierarchyId": "140",
		"system": "H2R"
	},
	{
		"characteristicId": "215",
		"internalKey": "ROI_QUERY_ID",
		"characteristicNameShort": "Query ID",
		"characteristicNameLong": "Query ID",
		"isMultiple": "1",
		"defaultHierarchyId": "0",
		"system": "H2R"
	},
	{
		"characteristicId": "216",
		"internalKey": "PRTN_MAGIC_KEY_L5",
		"characteristicNameShort": "Prtn. Management View 5",
		"characteristicNameLong": "Partner Management View L5",
		"isMultiple": "1",
		"defaultHierarchyId": "0",
		"system": "H2R"
	},
	{
		"characteristicId": "217",
		"internalKey": "PRTN_MAGIC_KEY_L6",
		"characteristicNameShort": "Prtn. Management View 6",
		"characteristicNameLong": "Partner Management View L6",
		"isMultiple": "1",
		"defaultHierarchyId": "0",
		"system": "H2R"
	},
	{
		"characteristicId": "218",
		"internalKey": "PRTN_MAGIC_KEY_L7",
		"characteristicNameShort": "Prtn. Management View 7",
		"characteristicNameLong": "Partner Management View L7",
		"isMultiple": "1",
		"defaultHierarchyId": "0",
		"system": "H2R"
	},
	{
		"characteristicId": "219",
		"internalKey": "PRTN_MAGIC_KEY_L8",
		"characteristicNameShort": "Prtn. Management View 8",
		"characteristicNameLong": "Partner Management View L8",
		"isMultiple": "1",
		"defaultHierarchyId": "0",
		"system": "H2R"
	},
	{
		"characteristicId": "220",
		"internalKey": "PRTN_MAGIC_KEY_L9",
		"characteristicNameShort": "Prtn. Management View 9",
		"characteristicNameLong": "Partner Management View L9",
		"isMultiple": "1",
		"defaultHierarchyId": "0",
		"system": "H2R"
	},
	{
		"characteristicId": "221",
		"internalKey": "PRTN_MAGIC_KEY_L10",
		"characteristicNameShort": "Prtn. Management View 10",
		"characteristicNameLong": "Partner Management View L10",
		"isMultiple": "1",
		"defaultHierarchyId": "0",
		"system": "H2R"
	},
	{
		"characteristicId": "222",
		"internalKey": "OTIF_MATERIAL",
		"characteristicNameShort": "OTIF Material",
		"characteristicNameLong": "OTIF Material",
		"isMultiple": "1",
		"defaultHierarchyId": "141",
		"system": "B23,H2R"
	},
	{
		"characteristicId": "229",
		"internalKey": "DTDFLGSAR",
		"characteristicNameShort": "Shelf Life Risk",
		"characteristicNameLong": "Shelf Life Risk",
		"isMultiple": "1",
		"defaultHierarchyId": "0",
		"system": "H2R"
	},
	{
		"characteristicId": "230",
		"internalKey": "FLAG_ACTIVE",
		"characteristicNameShort": "Flag Active",
		"characteristicNameLong": "Flag Active",
		"isMultiple": "0",
		"defaultHierarchyId": "0",
		"system": "B21,B23,B51,B53,H2D,H2R,S92"
	},
	{
		"characteristicId": "231",
		"internalKey": "DTDFLFCD",
		"characteristicNameShort": "FC Delta Flag",
		"characteristicNameLong": "Forecast Delta Flag",
		"isMultiple": "1",
		"defaultHierarchyId": "0",
		"system": "H2R"
	},
	{
		"characteristicId": "232",
		"internalKey": "DTDFCDEL",
		"characteristicNameShort": "FC Delta %",
		"characteristicNameLong": "Forecast Delta %",
		"isMultiple": "1",
		"defaultHierarchyId": "0",
		"system": "H2R"
	},
	{
		"characteristicId": "233",
		"internalKey": "MAGIC_KEY_COUNTRY_GROUP",
		"characteristicNameShort": "Country Group",
		"characteristicNameLong": "Country Group",
		"isMultiple": "1",
		"defaultHierarchyId": "0",
		"system": "H2R"
	},
	{
		"characteristicId": "234",
		"internalKey": "GP_MATERIAL_GROUP",
		"characteristicNameShort": "Material Group",
		"characteristicNameLong": "Material Group for Procurement",
		"isMultiple": "1",
		"defaultHierarchyId": "0",
		"system": "H2R"
	},
	{
		"characteristicId": "236",
		"internalKey": "INTEGRATED_BP",
		"characteristicNameShort": "Business Partner (Vendor)",
		"characteristicNameLong": "Business Partner (Vendor)",
		"isMultiple": "1",
		"defaultHierarchyId": "0",
		"system": "H2R"
	},
	{
		"characteristicId": "237",
		"internalKey": "CLUSTER_PO_ITEM",
		"characteristicNameShort": "Cluster PO Items",
		"characteristicNameLong": "Cluster PO Items for Supplier Analysis",
		"isMultiple": "1",
		"defaultHierarchyId": "0",
		"system": "H2R"
	},
	{
		"characteristicId": "238",
		"internalKey": "FLAG_HCP_HCO",
		"characteristicNameShort": "Vendor marked as HCP/HCO",
		"characteristicNameLong": "Vendor marked as HCP/HCO",
		"isMultiple": "0",
		"defaultHierarchyId": "0",
		"system": "H2R"
	},
	{
		"characteristicId": "239",
		"internalKey": "SPEND_CLUSTER",
		"characteristicNameShort": "Spend Cluster",
		"characteristicNameLong": "Spend Cluster",
		"isMultiple": "1",
		"defaultHierarchyId": "0",
		"system": "H2R"
	},
	{
		"characteristicId": "240",
		"internalKey": "FLAG_DISJUNCT",
		"characteristicNameShort": "Disj. Vend-BP-Ctry combination",
		"characteristicNameLong": "Disjunct Vendor-BP-Country combination",
		"isMultiple": "1",
		"defaultHierarchyId": "0",
		"system": "H2R"
	},
	{
		"characteristicId": "241",
		"internalKey": "DTDDLCLU",
		"characteristicNameShort": "FC Delta Cluster",
		"characteristicNameLong": "Forecast Delta Cluster",
		"isMultiple": "1",
		"defaultHierarchyId": "0",
		"system": "H2R"
	},
	{
		"characteristicId": "243",
		"internalKey": "D_SPG",
		"characteristicNameShort": "SPG",
		"characteristicNameLong": "Sales Product Group",
		"isMultiple": "1",
		"defaultHierarchyId": "0",
		"system": "H2R"
	},
	{
		"characteristicId": "244",
		"internalKey": "GP_DIVISION",
		"characteristicNameShort": "GP Division",
		"characteristicNameLong": "GP Division",
		"isMultiple": "1",
		"defaultHierarchyId": "0",
		"system": "H2R"
	},
	{
		"characteristicId": "245",
		"internalKey": "DTDFLER8",
		"characteristicNameShort": "Flag: ER8",
		"characteristicNameLong": "Flag: Early Receipt 8",
		"isMultiple": "1",
		"defaultHierarchyId": "0",
		"system": "H2R"
	},
	{
		"characteristicId": "246",
		"internalKey": "DTDFLEXI",
		"characteristicNameShort": "Flag: EXI",
		"characteristicNameLong": "Flag: Exs Inventory",
		"isMultiple": "1",
		"defaultHierarchyId": "0",
		"system": "H2R"
	},
	{
		"characteristicId": "247",
		"internalKey": "DTDFLIBS",
		"characteristicNameShort": "Flag: IBS",
		"characteristicNameLong": "Flag: Inv blw safety",
		"isMultiple": "1",
		"defaultHierarchyId": "0",
		"system": "H2R"
	},
	{
		"characteristicId": "248",
		"internalKey": "DTDFLER",
		"characteristicNameShort": "Flag: ER",
		"characteristicNameLong": "Flag: Early Receipt",
		"isMultiple": "1",
		"defaultHierarchyId": "0",
		"system": "H2R"
	},
	{
		"characteristicId": "249",
		"internalKey": "DTDFLGNSS",
		"characteristicNameShort": "Flag: NSS",
		"characteristicNameLong": "Flag: no safety stock",
		"isMultiple": "1",
		"defaultHierarchyId": "0",
		"system": "H2R"
	},
	{
		"characteristicId": "250",
		"internalKey": "DTDFLMPO",
		"characteristicNameShort": "Flag: MPD",
		"characteristicNameLong": "Flag: Max Poliy defined",
		"isMultiple": "1",
		"defaultHierarchyId": "0",
		"system": "H2R"
	},
	{
		"characteristicId": "251",
		"internalKey": "AGGREGATION",
		"characteristicNameShort": "Aggregation",
		"characteristicNameLong": "Aggregation",
		"isMultiple": "0",
		"defaultHierarchyId": "0",
		"system": "H2R"
	},
	{
		"characteristicId": "252",
		"internalKey": "GP_IBP",
		"characteristicNameShort": "Business Partner",
		"characteristicNameLong": "Business Partner",
		"isMultiple": "1",
		"defaultHierarchyId": "0",
		"system": "H2R"
	},
	{
		"characteristicId": "253",
		"internalKey": "DTDFLGEFC",
		"characteristicNameShort": "Forecast Exists Flag",
		"characteristicNameLong": "Forecast Exists Flag",
		"isMultiple": "1",
		"defaultHierarchyId": "0",
		"system": "H2R"
	},
	{
		"characteristicId": "254",
		"internalKey": "GP_DGPBESTFG",
		"characteristicNameShort": "Purchasing Flag",
		"characteristicNameLong": "Purchasing Flag",
		"isMultiple": "1",
		"defaultHierarchyId": "0",
		"system": "H2R"
	},
	{
		"characteristicId": "256",
		"internalKey": "GP_CURRENTA",
		"characteristicNameShort": "Currenta Flag",
		"characteristicNameLong": "Currenta Flag",
		"isMultiple": "0",
		"defaultHierarchyId": "0",
		"system": "H2R"
	},
	{
		"characteristicId": "257",
		"internalKey": "GP_INT_EXT",
		"characteristicNameShort": "Intern / Extern",
		"characteristicNameLong": "Intern / Extern",
		"isMultiple": "1",
		"defaultHierarchyId": "0",
		"system": "H2R"
	},
	{
		"characteristicId": "258",
		"internalKey": "GP_PROC_REGION",
		"characteristicNameShort": "Proc. International. Region",
		"characteristicNameLong": "Procurement International Region",
		"isMultiple": "1",
		"defaultHierarchyId": "142",
		"system": "H2R"
	},
	{
		"characteristicId": "259",
		"internalKey": "GP_PROC_SUBREGION",
		"characteristicNameShort": "Proc. International Subregion",
		"characteristicNameLong": "Procurement International Subregion",
		"isMultiple": "1",
		"defaultHierarchyId": "142",
		"system": "H2R"
	},
	{
		"characteristicId": "260",
		"internalKey": "PM_PLANT",
		"characteristicNameShort": "PM Planning Plant",
		"characteristicNameLong": "PM Planning Plant",
		"isMultiple": "1",
		"defaultHierarchyId": "143",
		"system": "B21,B23"
	},
	{
		"characteristicId": "261",
		"internalKey": "PM_IND_COMPLEX",
		"characteristicNameShort": "PM Ind. Complex",
		"characteristicNameLong": "PM Industrial Complex",
		"isMultiple": "1",
		"defaultHierarchyId": "143",
		"system": "B21,B23"
	},
	{
		"characteristicId": "269",
		"internalKey": "DCOSTELMT__DCEHA01",
		"characteristicNameShort": "CE Hierarchy lvl 1",
		"characteristicNameLong": "Cost Element Hierarchy Level 1",
		"isMultiple": "1",
		"defaultHierarchyId": "144",
		"system": "H2R"
	},
	{
		"characteristicId": "270",
		"internalKey": "DCOSTELMT__DCEHA02",
		"characteristicNameShort": "CE Hierarchy lvl 2",
		"characteristicNameLong": "Cost Element Hierarchy Level 2",
		"isMultiple": "1",
		"defaultHierarchyId": "144",
		"system": "H2R"
	},
	{
		"characteristicId": "271",
		"internalKey": "DCOSTELMT__DCEHA03",
		"characteristicNameShort": "CE Hierarchy lvl 3",
		"characteristicNameLong": "Cost Element Hierarchy Level 3",
		"isMultiple": "1",
		"defaultHierarchyId": "144",
		"system": "H2R"
	},
	{
		"characteristicId": "272",
		"internalKey": "OTIF_CUSTOMER",
		"characteristicNameShort": "OTIF Customer",
		"characteristicNameLong": "OTIF Customer",
		"isMultiple": "1",
		"defaultHierarchyId": "145",
		"system": "B23"
	},
	{
		"characteristicId": "273",
		"internalKey": "GP_0PMNTTRMS",
		"characteristicNameShort": "Terms of Payment",
		"characteristicNameLong": "Terms of Payment",
		"isMultiple": "1",
		"defaultHierarchyId": "0",
		"system": "H2R"
	},
	{
		"characteristicId": "274",
		"internalKey": "GP_INCOTERMS",
		"characteristicNameShort": "Incoterms",
		"characteristicNameLong": "Incoterms",
		"isMultiple": "1",
		"defaultHierarchyId": "0",
		"system": "H2R"
	},
	{
		"characteristicId": "275",
		"internalKey": "GP_DGPKONKZ",
		"characteristicNameShort": "Contract Indicator",
		"characteristicNameLong": "Contract Indicator",
		"isMultiple": "1",
		"defaultHierarchyId": "0",
		"system": "H2R"
	},
	{
		"characteristicId": "276",
		"internalKey": "INDUS_LOAD_STATUS",
		"characteristicNameShort": "Load Status (Indus)",
		"characteristicNameLong": "Load Status (Indus)",
		"isMultiple": "1",
		"defaultHierarchyId": "0",
		"system": "H2R"
	},
	{
		"characteristicId": "277",
		"internalKey": "ROI_SYSTEM_ID",
		"characteristicNameShort": "ROI System ID",
		"characteristicNameLong": "ROI System ID",
		"isMultiple": "1",
		"defaultHierarchyId": "140",
		"system": "H2R"
	},
	{
		"characteristicId": "278",
		"internalKey": "0CALQUART1",
		"characteristicNameShort": "Quarter",
		"characteristicNameLong": "Quarter",
		"isMultiple": "0",
		"defaultHierarchyId": "0",
		"system": "H2R"
	},
	{
		"characteristicId": "279",
		"internalKey": "INDUS_MPRO",
		"characteristicNameShort": "Multi Provider (Indus)",
		"characteristicNameLong": "Multi Provider (Indus)",
		"isMultiple": "1",
		"defaultHierarchyId": "0",
		"system": "H2R"
	},
	{
		"characteristicId": "280",
		"internalKey": "INDUS_BI_APP",
		"characteristicNameShort": "BI Application (Indus)",
		"characteristicNameLong": "BI Application (Indus)",
		"isMultiple": "1",
		"defaultHierarchyId": "0",
		"system": "H2R"
	},
	{
		"characteristicId": "287",
		"internalKey": "DTDFLESAL",
		"characteristicNameShort": "Sales Exists Flag",
		"characteristicNameLong": "Sales Exists Flag",
		"isMultiple": "1",
		"defaultHierarchyId": "0",
		"system": "H2R"
	},
	{
		"characteristicId": "290",
		"internalKey": "PM_NOT_TYPE",
		"characteristicNameShort": "PM Notification type",
		"characteristicNameLong": "PM Notification type",
		"isMultiple": "1",
		"defaultHierarchyId": "0",
		"system": "B23"
	},
	{
		"characteristicId": "291",
		"internalKey": "PM_PLANT_SECTN",
		"characteristicNameShort": "PM Plant Section",
		"characteristicNameLong": "PM Plant Section",
		"isMultiple": "1",
		"defaultHierarchyId": "0",
		"system": "B23"
	},
	{
		"characteristicId": "292",
		"internalKey": "PM_PLANGRP",
		"characteristicNameShort": "PM Planning Group",
		"characteristicNameLong": "PM Planning Group",
		"isMultiple": "1",
		"defaultHierarchyId": "0",
		"system": "B23"
	},
	{
		"characteristicId": "293",
		"internalKey": "PM_PRIORITY",
		"characteristicNameShort": "PM Priority",
		"characteristicNameLong": "PM Priority",
		"isMultiple": "1",
		"defaultHierarchyId": "0",
		"system": "B23"
	},
	{
		"characteristicId": "294",
		"internalKey": "GO_ASSIN",
		"characteristicNameShort": "GCSS Assignment",
		"characteristicNameLong": "GCSS Assignment",
		"isMultiple": "1",
		"defaultHierarchyId": "0",
		"system": "B53"
	},
	{
		"characteristicId": "295",
		"internalKey": "PDCM_DPDCASTXT",
		"characteristicNameShort": "Change Short Text (PDCM)",
		"characteristicNameLong": "Change Short Text (PDCM)",
		"isMultiple": "1",
		"defaultHierarchyId": "0",
		"system": "H2R"
	},
	{
		"characteristicId": "296",
		"internalKey": "PDCM_DPDWPTYPE",
		"characteristicNameShort": "Workpack. Type (PDCM)",
		"characteristicNameLong": "Workpackage Type (PDCM)",
		"isMultiple": "1",
		"defaultHierarchyId": "0",
		"system": "H2R"
	},
	{
		"characteristicId": "297",
		"internalKey": "PDCM_DPDRESPF",
		"characteristicNameShort": "Resp. Function (PDCM)",
		"characteristicNameLong": "Responsible Function (PDCM)",
		"isMultiple": "1",
		"defaultHierarchyId": "0",
		"system": "H2R"
	},
	{
		"characteristicId": "298",
		"internalKey": "PDCM_DPDSTTYPE",
		"characteristicNameShort": "Statement Type (PDCM)",
		"characteristicNameLong": "Statement Type (PDCM)",
		"isMultiple": "1",
		"defaultHierarchyId": "0",
		"system": "H2R"
	},
	{
		"characteristicId": "299",
		"internalKey": "PDCM_0MATL_TYPE",
		"characteristicNameShort": "Mat. Type (PDCM)",
		"characteristicNameLong": "Material Type (PDCM)",
		"isMultiple": "1",
		"defaultHierarchyId": "0",
		"system": "H2R"
	},
	{
		"characteristicId": "300",
		"internalKey": "PDCM_DPDCACT",
		"characteristicNameShort": "Change Type (PDCM)",
		"characteristicNameLong": "Change Type (PDCM)",
		"isMultiple": "1",
		"defaultHierarchyId": "0",
		"system": "H2R"
	},
	{
		"characteristicId": "301",
		"internalKey": "PDCM_DPDSCLCM",
		"characteristicNameShort": "Sup. Center LCM (PDCM)",
		"characteristicNameLong": "Supply Center of LCM (PDCM)",
		"isMultiple": "1",
		"defaultHierarchyId": "0",
		"system": "H2R"
	},
	{
		"characteristicId": "302",
		"internalKey": "PDCM_DPDSTFUNC",
		"characteristicNameShort": "Stat. Funct. (PDCM)",
		"characteristicNameLong": "Statement Function (PDCM)",
		"isMultiple": "1",
		"defaultHierarchyId": "0",
		"system": "H2R"
	},
	{
		"characteristicId": "303",
		"internalKey": "PDCM_DPDDIVIS",
		"characteristicNameShort": "Division (PDCM)",
		"characteristicNameLong": "Division (PDCM)",
		"isMultiple": "1",
		"defaultHierarchyId": "0",
		"system": "H2R"
	},
	{
		"characteristicId": "304",
		"internalKey": "DW_HTYPE",
		"characteristicNameShort": "Main Type of Warehouse",
		"characteristicNameLong": "Main Type of Warehouse",
		"isMultiple": "0",
		"defaultHierarchyId": "0",
		"system": "H2R"
	},
	{
		"characteristicId": "305",
		"internalKey": "DW_AREHSE",
		"characteristicNameShort": "Warehouse",
		"characteristicNameLong": "Warehouse",
		"isMultiple": "1",
		"defaultHierarchyId": "0",
		"system": "H2R"
	},
	{
		"characteristicId": "307",
		"internalKey": "DW_BSOPWH",
		"characteristicNameShort": "Bayer Self-Oper. Warehouse",
		"characteristicNameLong": "Bayer Self-Operated Warehouse",
		"isMultiple": "0",
		"defaultHierarchyId": "0",
		"system": "H2R"
	},
	{
		"characteristicId": "308",
		"internalKey": "DW_BOWH",
		"characteristicNameShort": "Bayer Owned Warehouse ",
		"characteristicNameLong": "Bayer Owned Warehouse ",
		"isMultiple": "0",
		"defaultHierarchyId": "0",
		"system": "H2R"
	},
	{
		"characteristicId": "309",
		"internalKey": "DW_REGION",
		"characteristicNameShort": "Region WH",
		"characteristicNameLong": "Region Warehouse",
		"isMultiple": "1",
		"defaultHierarchyId": "0",
		"system": "H2R"
	},
	{
		"characteristicId": "310",
		"internalKey": "DW_DIVISION",
		"characteristicNameShort": "Division WH",
		"characteristicNameLong": "Division Warehouse",
		"isMultiple": "1",
		"defaultHierarchyId": "0",
		"system": "H2R"
	},
	{
		"characteristicId": "312",
		"internalKey": "PM_PROJECT",
		"characteristicNameShort": "PM Project",
		"characteristicNameLong": "PM Project",
		"isMultiple": "1",
		"defaultHierarchyId": "0",
		"system": "B23"
	},
	{
		"characteristicId": "313",
		"internalKey": "MAGIC_KEY_LOCAL_BU",
		"characteristicNameShort": "Local BU (MV)",
		"characteristicNameLong": "Local BU (Management View)",
		"isMultiple": "1",
		"defaultHierarchyId": "0",
		"system": "H2R"
	},
	{
		"characteristicId": "318",
		"internalKey": "CHORGU1",
		"characteristicNameShort": "CH Org. Unit 1",
		"characteristicNameLong": "CH Org. Unit 1",
		"isMultiple": "1",
		"defaultHierarchyId": "0",
		"system": "H2R"
	},
	{
		"characteristicId": "319",
		"internalKey": "CHORGU2",
		"characteristicNameShort": "CH Org. Unit 2",
		"characteristicNameLong": "CH Org. Unit 2",
		"isMultiple": "1",
		"defaultHierarchyId": "0",
		"system": "H2R"
	},
	{
		"characteristicId": "320",
		"internalKey": "CHORGU3",
		"characteristicNameShort": "CH Org. Unit 3",
		"characteristicNameLong": "CH Org. Unit 3",
		"isMultiple": "1",
		"defaultHierarchyId": "0",
		"system": "H2R"
	},
	{
		"characteristicId": "321",
		"internalKey": "PHORGU1",
		"characteristicNameShort": "PH Org. Unit 1",
		"characteristicNameLong": "PH Org. Unit 1",
		"isMultiple": "1",
		"defaultHierarchyId": "0",
		"system": "H2R"
	},
	{
		"characteristicId": "322",
		"internalKey": "PHORGU2",
		"characteristicNameShort": "PH Org. Unit 2",
		"characteristicNameLong": "PH Org. Unit 2",
		"isMultiple": "1",
		"defaultHierarchyId": "0",
		"system": "H2R"
	},
	{
		"characteristicId": "323",
		"internalKey": "PHORGU3",
		"characteristicNameShort": "PH Org. Unit 3",
		"characteristicNameLong": "PH Org. Unit 3",
		"isMultiple": "1",
		"defaultHierarchyId": "0",
		"system": "H2R"
	},
	{
		"characteristicId": "333",
		"internalKey": "SFC_LOCOPYHOR",
		"characteristicNameShort": "SFC Copy Horizon",
		"characteristicNameLong": "Copy Horizon (Statistical Forecasting)",
		"isMultiple": "1",
		"defaultHierarchyId": "0",
		"system": "B23"
	},
	{
		"characteristicId": "334",
		"internalKey": "ATP_BUSEGMNT",
		"characteristicNameShort": "AtP BU Segment",
		"characteristicNameLong": "AtP Business Segment",
		"isMultiple": "1",
		"defaultHierarchyId": "0",
		"system": "H2R"
	},
	{
		"characteristicId": "335",
		"internalKey": "PFM_BRAND",
		"characteristicNameShort": "Brand Portfolio",
		"characteristicNameLong": "Brand Portfolio",
		"isMultiple": "1",
		"defaultHierarchyId": "0",
		"system": "H2R"
	},
	{
		"characteristicId": "336",
		"internalKey": "PFM_COUNTRY",
		"characteristicNameShort": "Country Portfolio",
		"characteristicNameLong": "Country Portfolio",
		"isMultiple": "1",
		"defaultHierarchyId": "0",
		"system": "H2R"
	},
	{
		"characteristicId": "338",
		"internalKey": "PFM_CTRY_BRAND",
		"characteristicNameShort": "Portfolio Management",
		"characteristicNameLong": "Portfolio Management",
		"isMultiple": "1",
		"defaultHierarchyId": "0",
		"system": "H2R"
	},
	{
		"characteristicId": "341",
		"internalKey": "ATP_CROP_GROUP",
		"characteristicNameShort": "AtP Crop Group",
		"characteristicNameLong": "AtP Crop Group",
		"isMultiple": "1",
		"defaultHierarchyId": "0",
		"system": "H2R"
	},
	{
		"characteristicId": "342",
		"internalKey": "DSPECIES",
		"characteristicNameShort": "Species",
		"characteristicNameLong": "Species",
		"isMultiple": "1",
		"defaultHierarchyId": "0",
		"system": "H2R"
	},
	{
		"characteristicId": "343",
		"internalKey": "CSSL_DISTR_CHAN",
		"characteristicNameShort": "Distr. Channel (CS SL)     ",
		"characteristicNameLong": "Distribution Channel (CS SL)        ",
		"isMultiple": "1",
		"defaultHierarchyId": "0",
		"system": "H2R"
	},
	{
		"characteristicId": "344",
		"internalKey": "CSSL_COUNTRY_SHIP",
		"characteristicNameShort": "Ship. Country (CS SL)",
		"characteristicNameLong": "Shipping Country (CS SL)",
		"isMultiple": "1",
		"defaultHierarchyId": "0",
		"system": "H2R"
	},
	{
		"characteristicId": "345",
		"internalKey": "CSSL_COUNTRY_REC",
		"characteristicNameShort": "Rec. Country (CS SL)",
		"characteristicNameLong": "Receiving Country (CS SL)",
		"isMultiple": "1",
		"defaultHierarchyId": "0",
		"system": "H2R"
	},
	{
		"characteristicId": "346",
		"internalKey": "CSSL_PS_REGION_REC",
		"characteristicNameShort": "Rec. PS Region (CS SL)    ",
		"characteristicNameLong": "Receiving PS Region (CS SL) ",
		"isMultiple": "1",
		"defaultHierarchyId": "0",
		"system": "H2R"
	},
	{
		"characteristicId": "347",
		"internalKey": "CSSL_MATERIAL_KEY",
		"characteristicNameShort": "Key-/Non Key (CS SL)",
		"characteristicNameLong": "Key-/Non Key Material (CS SL)",
		"isMultiple": "1",
		"defaultHierarchyId": "0",
		"system": "H2R"
	},
	{
		"characteristicId": "349",
		"internalKey": "CSSL_PS_REGION_SHIP",
		"characteristicNameShort": "Ship. PS Region  (CS SL)  ",
		"characteristicNameLong": "Shipping PS Region (CS SL)  ",
		"isMultiple": "1",
		"defaultHierarchyId": "0",
		"system": "H2R"
	},
	{
		"characteristicId": "350",
		"internalKey": "CSSL_MATERIAL_GLOCLU",
		"characteristicNameShort": "Glob. Cluster (CS SL)",
		"characteristicNameLong": "Glob. Cluster (CS SL)",
		"isMultiple": "1",
		"defaultHierarchyId": "0",
		"system": "H2R"
	},
	{
		"characteristicId": "351",
		"internalKey": "CSSL_ACO_REGION_REC",
		"characteristicNameShort": "Rec. ACO Region (CS SL)",
		"characteristicNameLong": "Receiving ACO Region (CS SL)               ",
		"isMultiple": "1",
		"defaultHierarchyId": "0",
		"system": "H2R"
	},
	{
		"characteristicId": "352",
		"internalKey": "CSSL_SITE_SHIP",
		"characteristicNameShort": "Ship. Site (CS SL)",
		"characteristicNameLong": "Shipping Site (CS SL)",
		"isMultiple": "1",
		"defaultHierarchyId": "0",
		"system": "H2R"
	},
	{
		"characteristicId": "353",
		"internalKey": "CSSL_SITE_REC",
		"characteristicNameShort": "Rec. Site (CS SL)",
		"characteristicNameLong": "Receiving Site (CS SL)",
		"isMultiple": "1",
		"defaultHierarchyId": "0",
		"system": "H2R"
	},
	{
		"characteristicId": "354",
		"internalKey": "CSSL_MRP_CONTROL",
		"characteristicNameShort": "MRP Contr. (CS SL)",
		"characteristicNameLong": "MRP Controller (CS SL)",
		"isMultiple": "1",
		"defaultHierarchyId": "0",
		"system": "H2R"
	},
	{
		"characteristicId": "355",
		"internalKey": "CSSL_APPLICATION",
		"characteristicNameShort": "Appl. (CS SL)",
		"characteristicNameLong": "Application (CS SL)",
		"isMultiple": "1",
		"defaultHierarchyId": "0",
		"system": "H2R"
	},
	{
		"characteristicId": "356",
		"internalKey": "CSSL_MATERIAL",
		"characteristicNameShort": "Material (CS SL)",
		"characteristicNameLong": "Material (CS SL)",
		"isMultiple": "1",
		"defaultHierarchyId": "0",
		"system": "H2R"
	},
	{
		"characteristicId": "357",
		"internalKey": "GP_HCXFLAG",
		"characteristicNameShort": "HCx Flag",
		"characteristicNameLong": "VMD EFPIA HCx Flag",
		"isMultiple": "1",
		"defaultHierarchyId": "0",
		"system": "H2R"
	},
	{
		"characteristicId": "358",
		"internalKey": "GP_SUPRISK",
		"characteristicNameShort": "Flag high-risk",
		"characteristicNameLong": "Flag sust. high-risk with significant spend ",
		"isMultiple": "1",
		"defaultHierarchyId": "0",
		"system": "H2R"
	},
	{
		"characteristicId": "359",
		"internalKey": "GP_BPAREA",
		"characteristicNameShort": "Procurement BP Area",
		"characteristicNameLong": "Procurement Business Partnering Area",
		"isMultiple": "1",
		"defaultHierarchyId": "0",
		"system": "H2R"
	},
	{
		"characteristicId": "360",
		"internalKey": "GP_SUPSEGM",
		"characteristicNameShort": "Supplier Segmentation",
		"characteristicNameLong": "Supplier Segmentation",
		"isMultiple": "1",
		"defaultHierarchyId": "0",
		"system": "H2R"
	},
	{
		"characteristicId": "361",
		"internalKey": "GP_ADV_ESOURCE_TYPE",
		"characteristicNameShort": "Adv eSource Type",
		"characteristicNameLong": "Advanced eSourcing Type",
		"isMultiple": "1",
		"defaultHierarchyId": "0",
		"system": "H2R"
	},
	{
		"characteristicId": "362",
		"internalKey": "GP_BASELINE_TYPE",
		"characteristicNameShort": "Baseline Type",
		"characteristicNameLong": "Baseline Type",
		"isMultiple": "1",
		"defaultHierarchyId": "0",
		"system": "H2R"
	},
	{
		"characteristicId": "364",
		"internalKey": "CURRTYPE",
		"characteristicNameShort": "Currency Type",
		"characteristicNameLong": "Currency Type",
		"isMultiple": "0",
		"defaultHierarchyId": "0",
		"system": "H2R"
	},
	{
		"characteristicId": "365",
		"internalKey": "HP_CONTACT_LOCATION",
		"characteristicNameShort": "HP Location",
		"characteristicNameLong": "HP Contact Location",
		"isMultiple": "1",
		"defaultHierarchyId": "0",
		"system": "B53"
	},
	{
		"characteristicId": "366",
		"internalKey": "HP_PRIORITY",
		"characteristicNameShort": "HP Priority",
		"characteristicNameLong": "HP Priority",
		"isMultiple": "1",
		"defaultHierarchyId": "0",
		"system": "B53"
	},
	{
		"characteristicId": "367",
		"internalKey": "HP_CONTACT_SITE",
		"characteristicNameShort": "HP Site",
		"characteristicNameLong": "HP Contact Site",
		"isMultiple": "1",
		"defaultHierarchyId": "0",
		"system": "B53"
	},
	{
		"characteristicId": "368",
		"internalKey": "HP_SLA_BREACH",
		"characteristicNameShort": "HP SLA Breach",
		"characteristicNameLong": "HP SLA Breach",
		"isMultiple": "1",
		"defaultHierarchyId": "0",
		"system": "B53"
	},
	{
		"characteristicId": "369",
		"internalKey": "HP_ASSIGNMENT_GROUP",
		"characteristicNameShort": "HP Assign. Group",
		"characteristicNameLong": "HP Assignment Group",
		"isMultiple": "1",
		"defaultHierarchyId": "0",
		"system": "B53"
	},
	{
		"characteristicId": "370",
		"internalKey": "CLMR_SPECIFICATION",
		"characteristicNameShort": "CLMR Specification",
		"characteristicNameLong": "CLMR Specification",
		"isMultiple": "1",
		"defaultHierarchyId": "0",
		"system": "H2R"
	},
	{
		"characteristicId": "371",
		"internalKey": "CLMR_EXCLUSIVITY",
		"characteristicNameShort": "CLMR Exclusivity",
		"characteristicNameLong": "CLMR Exclusivity",
		"isMultiple": "1",
		"defaultHierarchyId": "0",
		"system": "H2R"
	},
	{
		"characteristicId": "372",
		"internalKey": "CLMR_ML1",
		"characteristicNameShort": "CLMR Manag.Level1",
		"characteristicNameLong": "CLMR Management Level 1",
		"isMultiple": "1",
		"defaultHierarchyId": "0",
		"system": "H2R"
	},
	{
		"characteristicId": "373",
		"internalKey": "CLMR_ML2",
		"characteristicNameShort": "CLMR Manag. Level 2",
		"characteristicNameLong": "CLMR Management Level 2",
		"isMultiple": "1",
		"defaultHierarchyId": "0",
		"system": "H2R"
	},
	{
		"characteristicId": "374",
		"internalKey": "CLMR_CONTCLASS",
		"characteristicNameShort": "CLMR Cont. Class",
		"characteristicNameLong": "CLMR Contract Class",
		"isMultiple": "1",
		"defaultHierarchyId": "0",
		"system": "H2R"
	},
	{
		"characteristicId": "375",
		"internalKey": "CLMR_INDICATION",
		"characteristicNameShort": "CLMR Indication",
		"characteristicNameLong": "CLMR Indication - License",
		"isMultiple": "1",
		"defaultHierarchyId": "0",
		"system": "H2R"
	},
	{
		"characteristicId": "376",
		"internalKey": "CLMR_DATASTATUS",
		"characteristicNameShort": "CLMR Data St.",
		"characteristicNameLong": "CLMR Data Status",
		"isMultiple": "1",
		"defaultHierarchyId": "0",
		"system": "H2R"
	},
	{
		"characteristicId": "377",
		"internalKey": "CLMR_SCOPERIGHTS",
		"characteristicNameShort": "CLMR Scp. Rights",
		"characteristicNameLong": "CLMR Scope of Rights",
		"isMultiple": "1",
		"defaultHierarchyId": "0",
		"system": "H2R"
	},
	{
		"characteristicId": "378",
		"internalKey": "GP_CS_INDICATION",
		"characteristicNameShort": "CS Indication",
		"characteristicNameLong": "CS Indication",
		"isMultiple": "1",
		"defaultHierarchyId": "0",
		"system": "H2R"
	},
	{
		"characteristicId": "379",
		"internalKey": "INT_GENERIC_KEY_01",
		"characteristicNameShort": "Int. generic key 01",
		"characteristicNameLong": "Internal generic key 01",
		"isMultiple": "1",
		"defaultHierarchyId": "0",
		"system": "B21,B23,B51,B53,H2D,H2R,S92"
	},
	{
		"characteristicId": "380",
		"internalKey": "INT_GENERIC_KEY_02",
		"characteristicNameShort": "Int. generic key 02",
		"characteristicNameLong": "Internal generic key 02",
		"isMultiple": "1",
		"defaultHierarchyId": "0",
		"system": "B21,B23,B51,B53,H2D,H2R,S92"
	},
	{
		"characteristicId": "381",
		"internalKey": "INT_GENERIC_KEY_03",
		"characteristicNameShort": "Int. generic key 03",
		"characteristicNameLong": "Internal generic key 03",
		"isMultiple": "1",
		"defaultHierarchyId": "0",
		"system": "B21,B23,B51,B53,H2D,H2R,S92"
	},
	{
		"characteristicId": "382",
		"internalKey": "INT_GENERIC_KEY_04",
		"characteristicNameShort": "Int. generic key 04",
		"characteristicNameLong": "Internal generic key 04",
		"isMultiple": "1",
		"defaultHierarchyId": "0",
		"system": "B21,B23,B51,B53,H2D,H2R,S92"
	},
	{
		"characteristicId": "383",
		"internalKey": "ATP_CROP",
		"characteristicNameShort": "AtP Crop",
		"characteristicNameLong": "AtP Crop",
		"isMultiple": "1",
		"defaultHierarchyId": "0",
		"system": "H2R"
	},
	{
		"characteristicId": "384",
		"internalKey": "HP_SLO_TYPE",
		"characteristicNameShort": "HP SLO Type",
		"characteristicNameLong": "HP SLO Type",
		"isMultiple": "1",
		"defaultHierarchyId": "0",
		"system": "B53"
	},
	{
		"characteristicId": "385",
		"internalKey": "HP_SLO_GROUP",
		"characteristicNameShort": "HP SLO Group",
		"characteristicNameLong": "HP SLO Group",
		"isMultiple": "1",
		"defaultHierarchyId": "0",
		"system": "B53"
	},
	{
		"characteristicId": "386",
		"internalKey": "OTIF_SUP_MAT_TYPE",
		"characteristicNameShort": "OTIF Supp. Mat. Type",
		"characteristicNameLong": "OTIF Supplier Material Type",
		"isMultiple": "1",
		"defaultHierarchyId": "0",
		"system": "H2R"
	},
	{
		"characteristicId": "387",
		"internalKey": "SFC_HORIZON",
		"characteristicNameShort": "SFC Horizon View",
		"characteristicNameLong": "Horizon View (Statistical Forecasting)",
		"isMultiple": "0",
		"defaultHierarchyId": "0",
		"system": "H2D,H2R"
	},
	{
		"characteristicId": "389",
		"internalKey": "GP_PT_DIV",
		"characteristicNameShort": "Protrack Division",
		"characteristicNameLong": "Protrack Division",
		"isMultiple": "0",
		"defaultHierarchyId": "0",
		"system": "H2R"
	},
	{
		"characteristicId": "390",
		"internalKey": "CSSL_FLAG_SPOT",
		"characteristicNameShort": "Spot Order (CS SL)",
		"characteristicNameLong": "IF Flag Spot Order (CS SL)",
		"isMultiple": "0",
		"defaultHierarchyId": "0",
		"system": "H2R"
	},
	{
		"characteristicId": "391",
		"internalKey": "FLAG_RELEVANT",
		"characteristicNameShort": "Flag Rel./Not Rel.",
		"characteristicNameLong": "Flag Relevant/Not Relevant",
		"isMultiple": "0",
		"defaultHierarchyId": "0",
		"system": "B21,B23,B51,B53,H2D,H2R,S92"
	},
	{
		"characteristicId": "392",
		"internalKey": "SFC_OBSERVATION",
		"characteristicNameShort": "SFC Observation View",
		"characteristicNameLong": "Observation View (Statistical Forecasting)",
		"isMultiple": "0",
		"defaultHierarchyId": "0",
		"system": "H2D,H2R"
	},
	{
		"characteristicId": "393",
		"internalKey": "FREE_NUMBER_01",
		"characteristicNameShort": "Free number 1",
		"characteristicNameLong": "Free number 1 (1 - 100)",
		"isMultiple": "1",
		"defaultHierarchyId": "0",
		"system": "H2R"
	},
	{
		"characteristicId": "394",
		"internalKey": "FREE_NUMBER_02",
		"characteristicNameShort": "Free number 2",
		"characteristicNameLong": "Free number 2  (1 - 100)",
		"isMultiple": "1",
		"defaultHierarchyId": "0",
		"system": "H2R"
	},
	{
		"characteristicId": "395",
		"internalKey": "CLMR_TERMTYPE",
		"characteristicNameShort": "CLMR Term. Type",
		"characteristicNameLong": "CLMR Termination Type",
		"isMultiple": "1",
		"defaultHierarchyId": "0",
		"system": "H2R"
	},
	{
		"characteristicId": "396",
		"internalKey": "OTIF_SUP_PLANT",
		"characteristicNameShort": "OTIF Supp. Plant",
		"characteristicNameLong": "OTIF Supplier Plant",
		"isMultiple": "1",
		"defaultHierarchyId": "0",
		"system": "H2R"
	},
	{
		"characteristicId": "397",
		"internalKey": "INV_ACCKEY_FIG",
		"characteristicNameShort": "Account KF",
		"characteristicNameLong": "Inv. Account Keyfigure",
		"isMultiple": "1",
		"defaultHierarchyId": "0",
		"system": "H2R"
	},
	{
		"characteristicId": "398",
		"internalKey": "CS_SOP_PLAN_VERSION_1",
		"characteristicNameShort": "SOP Plan. Version 1 (CS)",
		"characteristicNameLong": "SOP Planning Version 1 (Crop Science)",
		"isMultiple": "1",
		"defaultHierarchyId": "0",
		"system": "H2R"
	},
	{
		"characteristicId": "399",
		"internalKey": "CS_SOP_SPG",
		"characteristicNameShort": "SOP SPG (CS)",
		"characteristicNameLong": "SOP Sales Product Group (Crop Science)",
		"isMultiple": "1",
		"defaultHierarchyId": "0",
		"system": "H2R"
	},
	{
		"characteristicId": "400",
		"internalKey": "INV_RESP",
		"characteristicNameShort": "Inv. Responsibility",
		"characteristicNameLong": "Inventory Responsibility",
		"isMultiple": "1",
		"defaultHierarchyId": "0",
		"system": "H2R"
	},
	{
		"characteristicId": "401",
		"internalKey": "INV_MANU_RESP",
		"characteristicNameShort": "Inv. Manu. Responsibility",
		"characteristicNameLong": "Inventory Manufacturing Responsibility",
		"isMultiple": "1",
		"defaultHierarchyId": "0",
		"system": "H2R"
	},
	{
		"characteristicId": "402",
		"internalKey": "INV_SC_LVL1",
		"characteristicNameShort": "Inv. Supply Chain Lvl1",
		"characteristicNameLong": "Inventory Supply Chain Level 1",
		"isMultiple": "1",
		"defaultHierarchyId": "0",
		"system": "H2R"
	},
	{
		"characteristicId": "403",
		"internalKey": "INV_SC_LVL2",
		"characteristicNameShort": "Inv. Supply Chain Lvl2",
		"characteristicNameLong": "Inventory Supply Chain Level 2",
		"isMultiple": "1",
		"defaultHierarchyId": "0",
		"system": "H2R"
	},
	{
		"characteristicId": "404",
		"internalKey": "INV_SC_LVL3",
		"characteristicNameShort": "Inv. Supply Chain Lvl3",
		"characteristicNameLong": "Inventory Supply Chain Level 3",
		"isMultiple": "1",
		"defaultHierarchyId": "0",
		"system": "H2R"
	},
	{
		"characteristicId": "405",
		"internalKey": "INV_SC_LVL4",
		"characteristicNameShort": "Inv. Supply Chain Lvl4",
		"characteristicNameLong": "Inventory Supply Chain Level 4",
		"isMultiple": "1",
		"defaultHierarchyId": "0",
		"system": "H2R"
	},
	{
		"characteristicId": "406",
		"internalKey": "INV_SC_LVL5",
		"characteristicNameShort": "Inv. Supply Chain Lvl5",
		"characteristicNameLong": "Inventory Supply Chain Level 5",
		"isMultiple": "1",
		"defaultHierarchyId": "0",
		"system": "H2R"
	},
	{
		"characteristicId": "407",
		"internalKey": "FREE_NUMBER_03",
		"characteristicNameShort": "Free number 3",
		"characteristicNameLong": "Free number 3 (1 - 100)",
		"isMultiple": "1",
		"defaultHierarchyId": "0",
		"system": "H2R"
	},
	{
		"characteristicId": "408",
		"internalKey": "FREE_NUMBER_04",
		"characteristicNameShort": "Free number 4",
		"characteristicNameLong": "Free number 4 (1 - 100)",
		"isMultiple": "1",
		"defaultHierarchyId": "0",
		"system": "H2R"
	},
	{
		"characteristicId": "409",
		"internalKey": "CS_SOP_UVP",
		"characteristicNameShort": "SOP UVP (CS)",
		"characteristicNameLong": "SOP Unpacked Goods (Crop Science)",
		"isMultiple": "1",
		"defaultHierarchyId": "0",
		"system": "H2R"
	},
	{
		"characteristicId": "410",
		"internalKey": "CS_PRODH_SOP1",
		"characteristicNameShort": "PH SOP 1 (CS)",
		"characteristicNameLong": "Prodcuct Hierarchy SOP 1 (Crop Science)",
		"isMultiple": "1",
		"defaultHierarchyId": "0",
		"system": "H2R"
	},
	{
		"characteristicId": "411",
		"internalKey": "CS_PRODH_SOP2",
		"characteristicNameShort": "PH SOP 2 (CS)",
		"characteristicNameLong": "Prodcuct Hierarchy SOP 2 (Crop Science)",
		"isMultiple": "1",
		"defaultHierarchyId": "0",
		"system": "H2R"
	},
	{
		"characteristicId": "412",
		"internalKey": "CS_PRODH_SOP3",
		"characteristicNameShort": "PH SOP 3 (CS)",
		"characteristicNameLong": "Prodcuct Hierarchy SOP 3 (Crop Science)",
		"isMultiple": "1",
		"defaultHierarchyId": "0",
		"system": "H2R"
	},
	{
		"characteristicId": "413",
		"internalKey": "CS_PRODH_SOP5",
		"characteristicNameShort": "PH SOP 5 (CS)",
		"characteristicNameLong": "Prodcuct Hierarchy SOP 5 (Crop Science)",
		"isMultiple": "1",
		"defaultHierarchyId": "0",
		"system": "H2R"
	},
	{
		"characteristicId": "414",
		"internalKey": "CS_PRODH_SOP4",
		"characteristicNameShort": "PH SOP 4 (CS)",
		"characteristicNameLong": "Prodcuct Hierarchy SOP 4 (Crop Science)",
		"isMultiple": "1",
		"defaultHierarchyId": "0",
		"system": "H2R"
	},
	{
		"characteristicId": "415",
		"internalKey": "CS_PRODH_SOP6",
		"characteristicNameShort": "PH SOP 6 (CS)",
		"characteristicNameLong": "Prodcuct Hierarchy SOP 6 (Crop Science)",
		"isMultiple": "1",
		"defaultHierarchyId": "0",
		"system": "H2R"
	},
	{
		"characteristicId": "416",
		"internalKey": "CS_MATERIAL_SOP",
		"characteristicNameShort": "Material SOP (CS)",
		"characteristicNameLong": "Material SOP (Crop Science)",
		"isMultiple": "1",
		"defaultHierarchyId": "0",
		"system": "H2R"
	},
	{
		"characteristicId": "417",
		"internalKey": "CS_SOP_PLAN_VERSION_2",
		"characteristicNameShort": "SOP Plan. Version 2 (CS)",
		"characteristicNameLong": "SOP Planning Version 2 (Crop Science)",
		"isMultiple": "1",
		"defaultHierarchyId": "0",
		"system": "H2R"
	},
	{
		"characteristicId": "425",
		"internalKey": "CLMR_COMPANY",
		"characteristicNameShort": "CLMR Company",
		"characteristicNameLong": "CLMR Company",
		"isMultiple": "1",
		"defaultHierarchyId": "0",
		"system": "H2R"
	},
	{
		"characteristicId": "426",
		"internalKey": "CLMR_MAIN_FACET",
		"characteristicNameShort": "CLMR Main or Facet",
		"characteristicNameLong": "CLMR Main or Facet",
		"isMultiple": "1",
		"defaultHierarchyId": "0",
		"system": "H2R"
	},
	{
		"characteristicId": "431",
		"internalKey": "ROI_BI_APP_TYPE",
		"characteristicNameShort": "BI Application Type",
		"characteristicNameLong": "BI Application Type",
		"isMultiple": "1",
		"defaultHierarchyId": "0",
		"system": "H2R"
	},
	{
		"characteristicId": "441",
		"internalKey": "CS_SOP_PLAN_VERSION_3",
		"characteristicNameShort": "SOP Plan. Version 3 (CS)",
		"characteristicNameLong": "SOP Planning Version 3 (Crop Science)",
		"isMultiple": "1",
		"defaultHierarchyId": "0",
		"system": "H2R"
	},
	{
		"characteristicId": "442",
		"internalKey": "CLMR_PARTNER_GROUP",
		"characteristicNameShort": "CLMR Partner Group",
		"characteristicNameLong": "CLMR Partner Group",
		"isMultiple": "1",
		"defaultHierarchyId": "0",
		"system": "H2R"
	},
	{
		"characteristicId": "443",
		"internalKey": "CSV_PERFOV",
		"characteristicNameShort": "Local Perf. Overview",
		"characteristicNameLong": "Local Performance Overview (CSV)",
		"isMultiple": "1",
		"defaultHierarchyId": "0",
		"system": "H2R"
	},
	{
		"characteristicId": "444",
		"internalKey": "CSV_BRAND",
		"characteristicNameShort": "Local Brand",
		"characteristicNameLong": "Local Brand (CSV)",
		"isMultiple": "1",
		"defaultHierarchyId": "0",
		"system": "H2R"
	},
	{
		"characteristicId": "445",
		"internalKey": "CSV_SUBBRAND",
		"characteristicNameShort": "Local Sub Brand",
		"characteristicNameLong": "Local Sub Brand (CSV)",
		"isMultiple": "1",
		"defaultHierarchyId": "0",
		"system": "H2R"
	},
	{
		"characteristicId": "446",
		"internalKey": "CLMR_MAIN_ADD",
		"characteristicNameShort": "CLMR Main or Add",
		"characteristicNameLong": "CLMR Main or Additional Company",
		"isMultiple": "1",
		"defaultHierarchyId": "0",
		"system": "H2R"
	},
	{
		"characteristicId": "447",
		"internalKey": "CS_SOP_AIM_PLANT",
		"characteristicNameShort": "SOP AI Prod. Plant (CS)",
		"characteristicNameLong": "SOP AI Production Plant (Crop Science)",
		"isMultiple": "1",
		"defaultHierarchyId": "0",
		"system": "H2R"
	},
	{
		"characteristicId": "448",
		"internalKey": "CS_SOP_AIM_RESP_GSM",
		"characteristicNameShort": "SOP AI Resp. GSM (CS)",
		"characteristicNameLong": "SOP AI Responsible GSM (Crop Science)",
		"isMultiple": "1",
		"defaultHierarchyId": "0",
		"system": "H2R"
	},
	{
		"characteristicId": "449",
		"internalKey": "CS_SOP_REGION_ACO",
		"characteristicNameShort": "SOP Region ACO (CS)",
		"characteristicNameLong": "SOP Region ACO (Crop Science)",
		"isMultiple": "1",
		"defaultHierarchyId": "0",
		"system": "H2R"
	},
	{
		"characteristicId": "450",
		"internalKey": "MI_MANU",
		"characteristicNameShort": "MI Manufacturer",
		"characteristicNameLong": "Market Insight Manufacturer",
		"isMultiple": "1",
		"defaultHierarchyId": "0",
		"system": "H2R"
	},
	{
		"characteristicId": "451",
		"internalKey": "MI_CAT1",
		"characteristicNameShort": "MI Cat. 1",
		"characteristicNameLong": "Market Insight Category 1",
		"isMultiple": "1",
		"defaultHierarchyId": "0",
		"system": "H2R"
	},
	{
		"characteristicId": "452",
		"internalKey": "MI_CAT2",
		"characteristicNameShort": "MI Cat. 2",
		"characteristicNameLong": "Market Insight Category 2",
		"isMultiple": "1",
		"defaultHierarchyId": "0",
		"system": "H2R"
	},
	{
		"characteristicId": "453",
		"internalKey": "MI_CAT3",
		"characteristicNameShort": "MI Cat. 3",
		"characteristicNameLong": "Market Insight Category 3",
		"isMultiple": "1",
		"defaultHierarchyId": "0",
		"system": "H2R"
	},
	{
		"characteristicId": "454",
		"internalKey": "CS_SOP_MAT_GLOB_CLUST",
		"characteristicNameShort": "SOP Material Glob. Clust. (CS)",
		"characteristicNameLong": "SOP Material Global Cluster (Crop Science)",
		"isMultiple": "1",
		"defaultHierarchyId": "0",
		"system": "H2R"
	},
	{
		"characteristicId": "455",
		"internalKey": "CS_SOP_PROD_SEG_ACO",
		"characteristicNameShort": "SOP Prod. Seg. ACO (CS)",
		"characteristicNameLong": "SOP Production Segmentation ACO (Crop Science)",
		"isMultiple": "0",
		"defaultHierarchyId": "0",
		"system": "H2R"
	},
	{
		"characteristicId": "456",
		"internalKey": "DUNS_GLOBAL_NO",
		"characteristicNameShort": "DUNS Global No.",
		"characteristicNameLong": "DUNS Global Number",
		"isMultiple": "1",
		"defaultHierarchyId": "169",
		"system": "H2R"
	},
	{
		"characteristicId": "457",
		"internalKey": "DUNS_NO",
		"characteristicNameShort": "DUNS No.",
		"characteristicNameLong": "DUNS Number",
		"isMultiple": "1",
		"defaultHierarchyId": "169",
		"system": "H2R"
	},
	{
		"characteristicId": "458",
		"internalKey": "DUNS_VENDOR",
		"characteristicNameShort": "DUNS Vendor",
		"characteristicNameLong": "DUNS Vendor",
		"isMultiple": "1",
		"defaultHierarchyId": "169",
		"system": "H2R"
	},
	{
		"characteristicId": "460",
		"internalKey": "O2C_REASON_CLUSTER",
		"characteristicNameShort": "Deviation Reason Cluster (O2C)",
		"characteristicNameLong": "Deviation Reason Cluster (O2C)",
		"isMultiple": "1",
		"defaultHierarchyId": "0",
		"system": "H2R"
	},
	{
		"characteristicId": "461",
		"internalKey": "FCA_BUCKET",
		"characteristicNameShort": "FCA Bucket",
		"characteristicNameLong": "FCA Bucket",
		"isMultiple": "0",
		"defaultHierarchyId": "0",
		"system": "H2R"
	},
	{
		"characteristicId": "469",
		"internalKey": "CLMR_USERROLE",
		"characteristicNameShort": "CLMR User Role",
		"characteristicNameLong": "CLMR User Role",
		"isMultiple": "1",
		"defaultHierarchyId": "0",
		"system": "H2R"
	},
	{
		"characteristicId": "470",
		"internalKey": "FREE_NUMBER_TXT_01",
		"characteristicNameShort": "Free number as text 1",
		"characteristicNameLong": "Free number as text 1",
		"isMultiple": "1",
		"defaultHierarchyId": "0",
		"system": "H2R"
	},
	{
		"characteristicId": "473",
		"internalKey": "INV_SC_LVL0_SG",
		"characteristicNameShort": "Inv. Supply Chain Subgroup",
		"characteristicNameLong": "Inventory  Supply Chain Subgroup",
		"isMultiple": "1",
		"defaultHierarchyId": "0",
		"system": "H2R"
	},
	{
		"characteristicId": "474",
		"internalKey": "FREE_NUMBER_05",
		"characteristicNameShort": "Free number 5",
		"characteristicNameLong": "Free number 5  (0 - 1000)",
		"isMultiple": "1",
		"defaultHierarchyId": "0",
		"system": "H2R"
	},
	{
		"characteristicId": "475",
		"internalKey": "CS_SOP_SC_REGION_ACO",
		"characteristicNameShort": "SOP SC Region ACO (CS)",
		"characteristicNameLong": "SOP SC Region ACO (Crop Science)",
		"isMultiple": "1",
		"defaultHierarchyId": "0",
		"system": "H2R"
	},
	{
		"characteristicId": "476",
		"internalKey": "CS_SOP_SC_CTRY_CLUST",
		"characteristicNameShort": "SOP SC Country Cluster (CS)",
		"characteristicNameLong": "SOP SC Country Clulster (Crop Science)",
		"isMultiple": "1",
		"defaultHierarchyId": "0",
		"system": "H2R"
	},
	{
		"characteristicId": "477",
		"internalKey": "CS_SOP_SC_REGION_PS",
		"characteristicNameShort": "SOP SC Region PS (CS)",
		"characteristicNameLong": "SOP SC Region PS (Crop Science)",
		"isMultiple": "1",
		"defaultHierarchyId": "0",
		"system": "H2R"
	},
	{
		"characteristicId": "478",
		"internalKey": "CSV_CHANNEL",
		"characteristicNameShort": "Local Channel",
		"characteristicNameLong": "Local Channel (CSV)",
		"isMultiple": "1",
		"defaultHierarchyId": "0",
		"system": "H2R"
	},
	{
		"characteristicId": "479",
		"internalKey": "CSV_SUBCHANNEL",
		"characteristicNameShort": "Local Subchannel",
		"characteristicNameLong": "Local Subchannel (CSV)",
		"isMultiple": "1",
		"defaultHierarchyId": "0",
		"system": "H2R"
	},
	{
		"characteristicId": "486",
		"internalKey": "INV_MAT_CLUST2",
		"characteristicNameShort": "Inv. Material Cluster Lvl2",
		"characteristicNameLong": "Inventory Material Cluster Level 2",
		"isMultiple": "1",
		"defaultHierarchyId": "0",
		"system": "B23,B53,H2R,S92"
	},
	{
		"characteristicId": "487",
		"internalKey": "INV_MAT_CLUST1",
		"characteristicNameShort": "Inv. Material Cluster Lvl1",
		"characteristicNameLong": "Inventory Material Cluster Level 1",
		"isMultiple": "1",
		"defaultHierarchyId": "0",
		"system": "B23,B53,H2R,S92"
	},
	{
		"characteristicId": "488",
		"internalKey": "PRODH_INV1",
		"characteristicNameShort": "PH INV Lvl 1",
		"characteristicNameLong": "Product Hierarchy Inventory Level 1",
		"isMultiple": "1",
		"defaultHierarchyId": "0",
		"system": "H2R"
	},
	{
		"characteristicId": "489",
		"internalKey": "PRODH_INV2",
		"characteristicNameShort": "PH INV Lvl 2",
		"characteristicNameLong": "Product Hierarchy Inventory Level 2",
		"isMultiple": "1",
		"defaultHierarchyId": "0",
		"system": "H2R"
	},
	{
		"characteristicId": "490",
		"internalKey": "PRODH_INV3",
		"characteristicNameShort": "PH INV Lvl 3",
		"characteristicNameLong": "Product Hierarchy Inventory Level 3",
		"isMultiple": "1",
		"defaultHierarchyId": "0",
		"system": "H2R"
	},
	{
		"characteristicId": "491",
		"internalKey": "PRODH_INV4",
		"characteristicNameShort": "PH INV Lvl 4",
		"characteristicNameLong": "Product Hierarchy Inventory Level 4",
		"isMultiple": "1",
		"defaultHierarchyId": "0",
		"system": "H2R"
	},
	{
		"characteristicId": "492",
		"internalKey": "PRODH_INV5",
		"characteristicNameShort": "PH INV Lvl 5",
		"characteristicNameLong": "Product Hierarchy Inventory Level 5",
		"isMultiple": "1",
		"defaultHierarchyId": "0",
		"system": "H2R"
	},
	{
		"characteristicId": "493",
		"internalKey": "PRODH_INV6",
		"characteristicNameShort": "PH INV Lvl 6",
		"characteristicNameLong": "Product Hierarchy Inventory Level 6",
		"isMultiple": "1",
		"defaultHierarchyId": "0",
		"system": "H2R"
	},
	{
		"characteristicId": "494",
		"internalKey": "SCL_SHIP_POINT",
		"characteristicNameShort": "Shipping Point (SCL)",
		"characteristicNameLong": "Shipping Point (SCL)",
		"isMultiple": "1",
		"defaultHierarchyId": "0",
		"system": "H2R"
	},
	{
		"characteristicId": "495",
		"internalKey": "SCL_LOAD_POINT",
		"characteristicNameShort": "Loading Point (SCL)",
		"characteristicNameLong": "Loading Point (SCL)",
		"isMultiple": "1",
		"defaultHierarchyId": "0",
		"system": "H2R"
	},
	{
		"characteristicId": "496",
		"internalKey": "PLAN_SELECTOR",
		"characteristicNameShort": "PLAN Selection",
		"characteristicNameLong": "PLAN Selection",
		"isMultiple": "0",
		"defaultHierarchyId": "0",
		"system": "H2R"
	},
	{
		"characteristicId": "497",
		"internalKey": "FCA_G_BRAND",
		"characteristicNameShort": "FCA Global Brand",
		"characteristicNameLong": "FCA Global Brand",
		"isMultiple": "1",
		"defaultHierarchyId": "0",
		"system": "H2R"
	},
	{
		"characteristicId": "498",
		"internalKey": "FCA_MATERIAL",
		"characteristicNameShort": "FCA Material",
		"characteristicNameLong": "FCA Material",
		"isMultiple": "1",
		"defaultHierarchyId": "0",
		"system": "H2R"
	},
	{
		"characteristicId": "499",
		"internalKey": "O2C_CUST_CHANNEL1",
		"characteristicNameShort": "Cust. Channel 1 (O2C)",
		"characteristicNameLong": "Customer Channel 1 (O2C)",
		"isMultiple": "1",
		"defaultHierarchyId": "0",
		"system": "H2R"
	},
	{
		"characteristicId": "500",
		"internalKey": "O2C_CUST_CHANNEL2",
		"characteristicNameShort": "Cust. Channel 2 (O2C)",
		"characteristicNameLong": "Customer Channel 2 (O2C)",
		"isMultiple": "1",
		"defaultHierarchyId": "0",
		"system": "H2R"
	},
	{
		"characteristicId": "501",
		"internalKey": "0DOC_TYPE",
		"characteristicNameShort": "Doc. Type",
		"characteristicNameLong": "Document Type",
		"isMultiple": "1",
		"defaultHierarchyId": "0",
		"system": "H2R"
	},
	{
		"characteristicId": "502",
		"internalKey": "BP_VIEW",
		"characteristicNameShort": "BP View",
		"characteristicNameLong": "Business Package View",
		"isMultiple": "0",
		"defaultHierarchyId": "0",
		"system": "H2R"
	}
]