[
	{
		"key": "#",
		"value": "Not assigned",
		"hierarchyId": null,
		"parentKey": null
	},
	{
		"key": "07",
		"value": "Profit Star",
		"hierarchyId": null,
		"parentKey": null
	},
	{
		"key": "08",
		"value": "Balanced Growth",
		"hierarchyId": null,
		"parentKey": null
	},
	{
		"key": "09",
		"value": "Sustain Key Battle",
		"hierarchyId": null,
		"parentKey": null
	},
	{
		"key": "10",
		"value": "Growth Key Battle",
		"hierarchyId": null,
		"parentKey": null
	},
	{
		"key": "11",
		"value": "Geographic Expansion",
		"hierarchyId": null,
		"parentKey": null
	},
	{
		"key": "12",
		"value": "Divest or discontinue",
		"hierarchyId": null,
		"parentKey": null
	},
	{
		"key": "13",
		"value": "Spark",
		"hierarchyId": null,
		"parentKey": null
	},
	{
		"key": "14",
		"value": "Engine",
		"hierarchyId": null,
		"parentKey": null
	},
	{
		"key": "15",
		"value": "Fuel",
		"hierarchyId": null,
		"parentKey": null
	}
]