[
	{
		"key": "#",
		"value": "Not assigned",
		"hierarchyId": null,
		"parentKey": null
	},
	{
		"key": "4000000002",
		"value": "Breeze System",
		"hierarchyId": null,
		"parentKey": null
	},
	{
		"key": "4000000005",
		"value": "Elite System",
		"hierarchyId": null,
		"parentKey": null
	},
	{
		"key": "4000000006",
		"value": "Entrust System",
		"hierarchyId": null,
		"parentKey": null
	},
	{
		"key": "4000000009",
		"value": "Non Core (STH)",
		"hierarchyId": null,
		"parentKey": null
	},
	{
		"key": "4000000016",
		"value": "Non-Core (Dc)",
		"hierarchyId": null,
		"parentKey": null
	},
	{
		"key": "4000000018",
		"value": "Adalat",
		"hierarchyId": null,
		"parentKey": null
	},
	{
		"key": "4000000020",
		"value": "Avelox",
		"hierarchyId": null,
		"parentKey": null
	},
	{
		"key": "4000000021",
		"value": "Bayer Tonic",
		"hierarchyId": null,
		"parentKey": null
	},
	{
		"key": "4000000022",
		"value": "Betaferon",
		"hierarchyId": null,
		"parentKey": null
	},
	{
		"key": "4000000024",
		"value": "Cipro",
		"hierarchyId": null,
		"parentKey": null
	},
	{
		"key": "4000000025",
		"value": "Diane",
		"hierarchyId": null,
		"parentKey": null
	},
	{
		"key": "4000000026",
		"value": "Fosrenol",
		"hierarchyId": null,
		"parentKey": null
	},
	{
		"key": "4000000028",
		"value": "Glucobay",
		"hierarchyId": null,
		"parentKey": null
	},
	{
		"key": "4000000029",
		"value": "Iopamiron",
		"hierarchyId": null,
		"parentKey": null
	},
	{
		"key": "4000000030",
		"value": "Kogenate/Kovaltry",
		"hierarchyId": null,
		"parentKey": null
	},
	{
		"key": "4000000031",
		"value": "Levitra",
		"hierarchyId": null,
		"parentKey": null
	},
	{
		"key": "4000000032",
		"value": "Levonorgestrel",
		"hierarchyId": null,
		"parentKey": null
	},
	{
		"key": "4000000033",
		"value": "Microgynon",
		"hierarchyId": null,
		"parentKey": null
	},
	{
		"key": "4000000034",
		"value": "Miglitol",
		"hierarchyId": null,
		"parentKey": null
	},
	{
		"key": "4000000035",
		"value": "Mirena Family",
		"hierarchyId": null,
		"parentKey": null
	},
	{
		"key": "4000000036",
		"value": "Nexavar",
		"hierarchyId": null,
		"parentKey": null
	},
	{
		"key": "4000000037",
		"value": "Nimotop",
		"hierarchyId": null,
		"parentKey": null
	},
	{
		"key": "4000000038",
		"value": "Qlaira",
		"hierarchyId": null,
		"parentKey": null
	},
	{
		"key": "4000000039",
		"value": "Ultravist",
		"hierarchyId": null,
		"parentKey": null
	},
	{
		"key": "4000000040",
		"value": "Xarelto",
		"hierarchyId": null,
		"parentKey": null
	},
	{
		"key": "4000000041",
		"value": "Yaz Family",
		"hierarchyId": null,
		"parentKey": null
	},
	{
		"key": "4000000042",
		"value": "Zetia",
		"hierarchyId": null,
		"parentKey": null
	},
	{
		"key": "4000000043",
		"value": "Angeliq",
		"hierarchyId": null,
		"parentKey": null
	},
	{
		"key": "4000000044",
		"value": "Eylea",
		"hierarchyId": null,
		"parentKey": null
	},
	{
		"key": "4000000045",
		"value": "Kinzal / Pritor",
		"hierarchyId": null,
		"parentKey": null
	},
	{
		"key": "4000000046",
		"value": "Meliane",
		"hierarchyId": null,
		"parentKey": null
	},
	{
		"key": "4000000047",
		"value": "Nebido",
		"hierarchyId": null,
		"parentKey": null
	},
	{
		"key": "4000000048",
		"value": "Valette",
		"hierarchyId": null,
		"parentKey": null
	},
	{
		"key": "4000000049",
		"value": "Ventavis",
		"hierarchyId": null,
		"parentKey": null
	},
	{
		"key": "4000000051",
		"value": "Minor Brands (PCA)",
		"hierarchyId": null,
		"parentKey": null
	},
	{
		"key": "4000000052",
		"value": "Minor Brands ONC",
		"hierarchyId": null,
		"parentKey": null
	},
	{
		"key": "4000000056",
		"value": "Pharma Others",
		"hierarchyId": null,
		"parentKey": null
	},
	{
		"key": "4000000057",
		"value": "Minor Brands MOI",
		"hierarchyId": null,
		"parentKey": null
	},
	{
		"key": "4000000058",
		"value": "Replenish Genzyme",
		"hierarchyId": null,
		"parentKey": null
	},
	{
		"key": "4000000059",
		"value": "Aleve",
		"hierarchyId": null,
		"parentKey": null
	},
	{
		"key": "4000000061",
		"value": "Aspirin",
		"hierarchyId": null,
		"parentKey": null
	},
	{
		"key": "4000000062",
		"value": "Benexol",
		"hierarchyId": null,
		"parentKey": null
	},
	{
		"key": "4000000063",
		"value": "Bepanthen / Bepanthol",
		"hierarchyId": null,
		"parentKey": null
	},
	{
		"key": "4000000064",
		"value": "Berocca",
		"hierarchyId": null,
		"parentKey": null
	},
	{
		"key": "4000000065",
		"value": "Elevit",
		"hierarchyId": null,
		"parentKey": null
	},
	{
		"key": "4000000066",
		"value": "Flintstones",
		"hierarchyId": null,
		"parentKey": null
	},
	{
		"key": "4000000067",
		"value": "Hydralin",
		"hierarchyId": null,
		"parentKey": null
	},
	{
		"key": "4000000068",
		"value": "Nazol",
		"hierarchyId": null,
		"parentKey": null
	},
	{
		"key": "4000000069",
		"value": "One-A-Day",
		"hierarchyId": null,
		"parentKey": null
	},
	{
		"key": "4000000070",
		"value": "Redoxon",
		"hierarchyId": null,
		"parentKey": null
	},
	{
		"key": "4000000071",
		"value": "Relief",
		"hierarchyId": null,
		"parentKey": null
	},
	{
		"key": "4000000072",
		"value": "Rennie",
		"hierarchyId": null,
		"parentKey": null
	},
	{
		"key": "4000000073",
		"value": "Saridon",
		"hierarchyId": null,
		"parentKey": null
	},
	{
		"key": "4000000074",
		"value": "Supradyn",
		"hierarchyId": null,
		"parentKey": null
	},
	{
		"key": "4000000075",
		"value": "Talcid",
		"hierarchyId": null,
		"parentKey": null
	},
	{
		"key": "4000000076",
		"value": "Theraflex",
		"hierarchyId": null,
		"parentKey": null
	},
	{
		"key": "4000000077",
		"value": "White And Black",
		"hierarchyId": null,
		"parentKey": null
	},
	{
		"key": "4000000078",
		"value": "Zam Buk",
		"hierarchyId": null,
		"parentKey": null
	},
	{
		"key": "4000000079",
		"value": "Advantan",
		"hierarchyId": null,
		"parentKey": null
	},
	{
		"key": "4000000080",
		"value": "Aktren",
		"hierarchyId": null,
		"parentKey": null
	},
	{
		"key": "4000000084",
		"value": "Canesten",
		"hierarchyId": null,
		"parentKey": null
	},
	{
		"key": "4000000085",
		"value": "Citracal",
		"hierarchyId": null,
		"parentKey": null
	},
	{
		"key": "4000000086",
		"value": "Midol",
		"hierarchyId": null,
		"parentKey": null
	},
	{
		"key": "4000000087",
		"value": "Losec Pro/Antra/Mopral",
		"hierarchyId": null,
		"parentKey": null
	},
	{
		"key": "4000000088",
		"value": "Phillips",
		"hierarchyId": null,
		"parentKey": null
	},
	{
		"key": "4000000089",
		"value": "Priorin",
		"hierarchyId": null,
		"parentKey": null
	},
	{
		"key": "4000000090",
		"value": "Skinoren / Finacea",
		"hierarchyId": null,
		"parentKey": null
	},
	{
		"key": "4000000091",
		"value": "Tabcin",
		"hierarchyId": null,
		"parentKey": null
	},
	{
		"key": "4000000092",
		"value": "Travocort /-gen",
		"hierarchyId": null,
		"parentKey": null
	},
	{
		"key": "4000000094",
		"value": "Other Cough & Cold",
		"hierarchyId": null,
		"parentKey": null
	},
	{
		"key": "4000000096",
		"value": "Oth Med Skin Care",
		"hierarchyId": null,
		"parentKey": null
	},
	{
		"key": "4000000098",
		"value": "Arctic Wonder",
		"hierarchyId": null,
		"parentKey": null
	},
	{
		"key": "4000000099",
		"value": "Other Spec Vitamins",
		"hierarchyId": null,
		"parentKey": null
	},
	{
		"key": "4000000102",
		"value": "Advantage Family",
		"hierarchyId": null,
		"parentKey": null
	},
	{
		"key": "4000000103",
		"value": "Baycox",
		"hierarchyId": null,
		"parentKey": null
	},
	{
		"key": "4000000105",
		"value": "Baytril",
		"hierarchyId": null,
		"parentKey": null
	},
	{
		"key": "4000000106",
		"value": "Care Products",
		"hierarchyId": null,
		"parentKey": null
	},
	{
		"key": "4000000107",
		"value": "Catosal/Coforta",
		"hierarchyId": null,
		"parentKey": null
	},
	{
		"key": "4000000108",
		"value": "Drontal Family",
		"hierarchyId": null,
		"parentKey": null
	},
	{
		"key": "4000000109",
		"value": "Nutritionals",
		"hierarchyId": null,
		"parentKey": null
	},
	{
		"key": "4000000120",
		"value": "Non-core Business",
		"hierarchyId": null,
		"parentKey": null
	},
	{
		"key": "4000000174",
		"value": "Acid Mantle",
		"hierarchyId": null,
		"parentKey": null
	},
	{
		"key": "4000000182",
		"value": "AD (Seg: Sx-Steroid)",
		"hierarchyId": null,
		"parentKey": null
	},
	{
		"key": "4000000183",
		"value": "Adaptinol",
		"hierarchyId": null,
		"parentKey": null
	},
	{
		"key": "4000000192",
		"value": "Aescusan",
		"hierarchyId": null,
		"parentKey": null
	},
	{
		"key": "4000000198",
		"value": "Alacare",
		"hierarchyId": null,
		"parentKey": null
	},
	{
		"key": "4000000221",
		"value": "Xofigo",
		"hierarchyId": null,
		"parentKey": null
	},
	{
		"key": "4000000222",
		"value": "Alprazolam",
		"hierarchyId": null,
		"parentKey": null
	},
	{
		"key": "4000000230",
		"value": "Amoxicillin",
		"hierarchyId": null,
		"parentKey": null
	},
	{
		"key": "4000000241",
		"value": "Antiflu",
		"hierarchyId": null,
		"parentKey": null
	},
	{
		"key": "4000000255",
		"value": "Arovit",
		"hierarchyId": null,
		"parentKey": null
	},
	{
		"key": "4000000257",
		"value": "Asacol",
		"hierarchyId": null,
		"parentKey": null
	},
	{
		"key": "4000000259",
		"value": "Askit",
		"hierarchyId": null,
		"parentKey": null
	},
	{
		"key": "4000000261",
		"value": "Aspenon",
		"hierarchyId": null,
		"parentKey": null
	},
	{
		"key": "4000000262",
		"value": "Aspro",
		"hierarchyId": null,
		"parentKey": null
	},
	{
		"key": "4000000267",
		"value": "Autan",
		"hierarchyId": null,
		"parentKey": null
	},
	{
		"key": "4000000268",
		"value": "Avaden",
		"hierarchyId": null,
		"parentKey": null
	},
	{
		"key": "4000000277",
		"value": "Bactine",
		"hierarchyId": null,
		"parentKey": null
	},
	{
		"key": "4000000301",
		"value": "Baynas",
		"hierarchyId": null,
		"parentKey": null
	},
	{
		"key": "4000000317",
		"value": "Baycillin",
		"hierarchyId": null,
		"parentKey": null
	},
	{
		"key": "4000000319",
		"value": "Baycuten",
		"hierarchyId": null,
		"parentKey": null
	},
	{
		"key": "4000000320",
		"value": "Bayer Nutri Science",
		"hierarchyId": null,
		"parentKey": null
	},
	{
		"key": "4000000328",
		"value": "Baypen",
		"hierarchyId": null,
		"parentKey": null
	},
	{
		"key": "4000000340",
		"value": "Becozym",
		"hierarchyId": null,
		"parentKey": null
	},
	{
		"key": "4000000341",
		"value": "Benadon",
		"hierarchyId": null,
		"parentKey": null
	},
	{
		"key": "4000000342",
		"value": "Bendigon",
		"hierarchyId": null,
		"parentKey": null
	},
	{
		"key": "4000000343",
		"value": "Benerva",
		"hierarchyId": null,
		"parentKey": null
	},
	{
		"key": "4000000349",
		"value": "Betapace",
		"hierarchyId": null,
		"parentKey": null
	},
	{
		"key": "4000000358",
		"value": "Biltricid",
		"hierarchyId": null,
		"parentKey": null
	},
	{
		"key": "4000000361",
		"value": "Binotal / Ampicillin",
		"hierarchyId": null,
		"parentKey": null
	},
	{
		"key": "4000000367",
		"value": "Biotin",
		"hierarchyId": null,
		"parentKey": null
	},
	{
		"key": "4000000369",
		"value": "Biovital",
		"hierarchyId": null,
		"parentKey": null
	},
	{
		"key": "4000000370",
		"value": "Biseptine",
		"hierarchyId": null,
		"parentKey": null
	},
	{
		"key": "4000000376",
		"value": "Bonefos",
		"hierarchyId": null,
		"parentKey": null
	},
	{
		"key": "4000000378",
		"value": "Brio System",
		"hierarchyId": null,
		"parentKey": null
	},
	{
		"key": "4000000381",
		"value": "Bronkaid",
		"hierarchyId": null,
		"parentKey": null
	},
	{
		"key": "4000000393",
		"value": "Campho-Phenique",
		"hierarchyId": null,
		"parentKey": null
	},
	{
		"key": "4000000426",
		"value": "Cevalin",
		"hierarchyId": null,
		"parentKey": null
	},
	{
		"key": "4000000436",
		"value": "Cinq Sur Cinq",
		"hierarchyId": null,
		"parentKey": null
	},
	{
		"key": "4000000443",
		"value": "Citrosodina",
		"hierarchyId": null,
		"parentKey": null
	},
	{
		"key": "4000000446",
		"value": "Claradol",
		"hierarchyId": null,
		"parentKey": null
	},
	{
		"key": "4000000451",
		"value": "Cliane",
		"hierarchyId": null,
		"parentKey": null
	},
	{
		"key": "4000000452",
		"value": "Climara",
		"hierarchyId": null,
		"parentKey": null
	},
	{
		"key": "4000000454",
		"value": "Climen",
		"hierarchyId": null,
		"parentKey": null
	},
	{
		"key": "4000000455",
		"value": "Climodien",
		"hierarchyId": null,
		"parentKey": null
	},
	{
		"key": "4000000458",
		"value": "Clionara",
		"hierarchyId": null,
		"parentKey": null
	},
	{
		"key": "4000000459",
		"value": "Clonazepam",
		"hierarchyId": null,
		"parentKey": null
	},
	{
		"key": "4000000488",
		"value": "Cor-Tar-Quin",
		"hierarchyId": null,
		"parentKey": null
	},
	{
		"key": "4000000505",
		"value": "Cyclo-Progynova",
		"hierarchyId": null,
		"parentKey": null
	},
	{
		"key": "4000000523",
		"value": "Dermaspray",
		"hierarchyId": null,
		"parentKey": null
	},
	{
		"key": "4000000527",
		"value": "Desonate",
		"hierarchyId": null,
		"parentKey": null
	},
	{
		"key": "4000000564",
		"value": "Dome Paste Bandage",
		"hierarchyId": null,
		"parentKey": null
	},
	{
		"key": "4000000565",
		"value": "Domeboro",
		"hierarchyId": null,
		"parentKey": null
	},
	{
		"key": "4000000598",
		"value": "Packaging solid",
		"hierarchyId": null,
		"parentKey": null
	},
	{
		"key": "4000000599",
		"value": "Packaging liquid",
		"hierarchyId": null,
		"parentKey": null
	},
	{
		"key": "4000000603",
		"value": "Emselex",
		"hierarchyId": null,
		"parentKey": null
	},
	{
		"key": "4000000604",
		"value": "Enalapril",
		"hierarchyId": null,
		"parentKey": null
	},
	{
		"key": "4000000616",
		"value": "Ephynal",
		"hierarchyId": null,
		"parentKey": null
	},
	{
		"key": "4000000618",
		"value": "Essentials",
		"hierarchyId": null,
		"parentKey": null
	},
	{
		"key": "4000000620",
		"value": "Estradiol Depot",
		"hierarchyId": null,
		"parentKey": null
	},
	{
		"key": "4000000622",
		"value": "Estronorm",
		"hierarchyId": null,
		"parentKey": null
	},
	{
		"key": "4000000625",
		"value": "Ethinylestradiol",
		"hierarchyId": null,
		"parentKey": null
	},
	{
		"key": "4000000628",
		"value": "Euphytose",
		"hierarchyId": null,
		"parentKey": null
	},
	{
		"key": "4000000648",
		"value": "Fave Di Fuca",
		"hierarchyId": null,
		"parentKey": null
	},
	{
		"key": "4000000654",
		"value": "Feminax",
		"hierarchyId": null,
		"parentKey": null
	},
	{
		"key": "4000000656",
		"value": "Femovan",
		"hierarchyId": null,
		"parentKey": null
	},
	{
		"key": "4000000657",
		"value": "Fergon",
		"hierarchyId": null,
		"parentKey": null
	},
	{
		"key": "4000000666",
		"value": "Flector",
		"hierarchyId": null,
		"parentKey": null
	},
	{
		"key": "4000000672",
		"value": "Fluanxol",
		"hierarchyId": null,
		"parentKey": null
	},
	{
		"key": "4000000679",
		"value": "Focus / Napa Brands",
		"hierarchyId": null,
		"parentKey": null
	},
	{
		"key": "4000000688",
		"value": "Fungusol",
		"hierarchyId": null,
		"parentKey": null
	},
	{
		"key": "4000000700",
		"value": "Geffer",
		"hierarchyId": null,
		"parentKey": null
	},
	{
		"key": "4000000703",
		"value": "Generics",
		"hierarchyId": null,
		"parentKey": null
	},
	{
		"key": "4000000706",
		"value": "Germolene",
		"hierarchyId": null,
		"parentKey": null
	},
	{
		"key": "4000000709",
		"value": "Geyser",
		"hierarchyId": null,
		"parentKey": null
	},
	{
		"key": "4000000719",
		"value": "Gravibinon",
		"hierarchyId": null,
		"parentKey": null
	},
	{
		"key": "4000000725",
		"value": "Gynamon",
		"hierarchyId": null,
		"parentKey": null
	},
	{
		"key": "4000000727",
		"value": "Gynezol",
		"hierarchyId": null,
		"parentKey": null
	},
	{
		"key": "4000000728",
		"value": "Gynodian Depot",
		"hierarchyId": null,
		"parentKey": null
	},
	{
		"key": "4000000729",
		"value": "Gyno-Travogen",
		"hierarchyId": null,
		"parentKey": null
	},
	{
		"key": "4000000732",
		"value": "Heart Health Advant",
		"hierarchyId": null,
		"parentKey": null
	},
	{
		"key": "4000000739",
		"value": "Hirucreme",
		"hierarchyId": null,
		"parentKey": null
	},
	{
		"key": "4000000769",
		"value": "Ibuprofen",
		"hierarchyId": null,
		"parentKey": null
	},
	{
		"key": "4000000771",
		"value": "Ilja Rogoff",
		"hierarchyId": null,
		"parentKey": null
	},
	{
		"key": "4000000772",
		"value": "Ilomedin",
		"hierarchyId": null,
		"parentKey": null
	},
	{
		"key": "4000000789",
		"value": "Insulin",
		"hierarchyId": null,
		"parentKey": null
	},
	{
		"key": "4000000811",
		"value": "Jadelle",
		"hierarchyId": null,
		"parentKey": null
	},
	{
		"key": "4000000829",
		"value": "Josacine",
		"hierarchyId": null,
		"parentKey": null
	},
	{
		"key": "4000000832",
		"value": "Julina",
		"hierarchyId": null,
		"parentKey": null
	},
	{
		"key": "4000000833",
		"value": "Jungle",
		"hierarchyId": null,
		"parentKey": null
	},
	{
		"key": "4000000834",
		"value": "Junior Multivitamins",
		"hierarchyId": null,
		"parentKey": null
	},
	{
		"key": "4000000839",
		"value": "Klimonorm",
		"hierarchyId": null,
		"parentKey": null
	},
	{
		"key": "4000000843",
		"value": "Lasonil",
		"hierarchyId": null,
		"parentKey": null
	},
	{
		"key": "4000000851",
		"value": "Lefax",
		"hierarchyId": null,
		"parentKey": null
	},
	{
		"key": "4000000856",
		"value": "Letrozol",
		"hierarchyId": null,
		"parentKey": null
	},
	{
		"key": "4000000876",
		"value": "Lowmorin",
		"hierarchyId": null,
		"parentKey": null
	},
	{
		"key": "4000000877",
		"value": "Luminal",
		"hierarchyId": null,
		"parentKey": null
	},
	{
		"key": "4000000880",
		"value": "Madecassol",
		"hierarchyId": null,
		"parentKey": null
	},
	{
		"key": "4000000905",
		"value": "MenC",
		"hierarchyId": null,
		"parentKey": null
	},
	{
		"key": "4000000909",
		"value": "Mesigyna",
		"hierarchyId": null,
		"parentKey": null
	},
	{
		"key": "4000000910",
		"value": "Metabolic Diseases",
		"hierarchyId": null,
		"parentKey": null
	},
	{
		"key": "4000000921",
		"value": "Microlut",
		"hierarchyId": null,
		"parentKey": null
	},
	{
		"key": "4000000925",
		"value": "Milvane",
		"hierarchyId": null,
		"parentKey": null
	},
	{
		"key": "4000000927",
		"value": "Minisiston",
		"hierarchyId": null,
		"parentKey": null
	},
	{
		"key": "4000000930",
		"value": "Miranova",
		"hierarchyId": null,
		"parentKey": null
	},
	{
		"key": "4000000931",
		"value": "Mirelle",
		"hierarchyId": null,
		"parentKey": null
	},
	{
		"key": "4000000953",
		"value": "Nalador",
		"hierarchyId": null,
		"parentKey": null
	},
	{
		"key": "4000000955",
		"value": "Natele",
		"hierarchyId": null,
		"parentKey": null
	},
	{
		"key": "4000000960",
		"value": "Neogynon",
		"hierarchyId": null,
		"parentKey": null
	},
	{
		"key": "4000000962",
		"value": "Neo-Penotran",
		"hierarchyId": null,
		"parentKey": null
	},
	{
		"key": "4000000963",
		"value": "Neo-Synephrine",
		"hierarchyId": null,
		"parentKey": null
	},
	{
		"key": "4000000965",
		"value": "Nerisona",
		"hierarchyId": null,
		"parentKey": null
	},
	{
		"key": "4000000966",
		"value": "Nervine",
		"hierarchyId": null,
		"parentKey": null
	},
	{
		"key": "4000000967",
		"value": "Nestrovit",
		"hierarchyId": null,
		"parentKey": null
	},
	{
		"key": "4000000972",
		"value": "New Research Product",
		"hierarchyId": null,
		"parentKey": null
	},
	{
		"key": "4000000978",
		"value": "Syscor / Baymycard",
		"hierarchyId": null,
		"parentKey": null
	},
	{
		"key": "4000000979",
		"value": "Baypress / Bayotensin",
		"hierarchyId": null,
		"parentKey": null
	},
	{
		"key": "4000000983",
		"value": "Noctamid",
		"hierarchyId": null,
		"parentKey": null
	},
	{
		"key": "4000001018",
		"value": "Non Core (Wh)",
		"hierarchyId": null,
		"parentKey": null
	},
	{
		"key": "4000001023",
		"value": "Non Core GT",
		"hierarchyId": null,
		"parentKey": null
	},
	{
		"key": "4000001027",
		"value": "Norethisteron",
		"hierarchyId": null,
		"parentKey": null
	},
	{
		"key": "4000001031",
		"value": "Noristerat",
		"hierarchyId": null,
		"parentKey": null
	},
	{
		"key": "4000001041",
		"value": "Not Divided (ONC)",
		"hierarchyId": null,
		"parentKey": null
	},
	{
		"key": "4000001046",
		"value": "Nova T",
		"hierarchyId": null,
		"parentKey": null
	},
	{
		"key": "4000001047",
		"value": "Novalac",
		"hierarchyId": null,
		"parentKey": null
	},
	{
		"key": "4000001064",
		"value": "Omeril / Incidal",
		"hierarchyId": null,
		"parentKey": null
	},
	{
		"key": "4000001072",
		"value": "Oranol",
		"hierarchyId": null,
		"parentKey": null
	},
	{
		"key": "4000001073",
		"value": "Orasept",
		"hierarchyId": null,
		"parentKey": null
	},
	{
		"key": "4000001107",
		"value": "Other Gastro",
		"hierarchyId": null,
		"parentKey": null
	},
	{
		"key": "4000001109",
		"value": "Other Hematology",
		"hierarchyId": null,
		"parentKey": null
	},
	{
		"key": "4000001116",
		"value": "Other Nutritionals",
		"hierarchyId": null,
		"parentKey": null
	},
	{
		"key": "4000001153",
		"value": "Pankreoflat",
		"hierarchyId": null,
		"parentKey": null
	},
	{
		"key": "4000001158",
		"value": "Paracodol",
		"hierarchyId": null,
		"parentKey": null
	},
	{
		"key": "4000001160",
		"value": "Pasaden",
		"hierarchyId": null,
		"parentKey": null
	},
	{
		"key": "4000001161",
		"value": "PDGF",
		"hierarchyId": null,
		"parentKey": null
	},
	{
		"key": "4000001167",
		"value": "Pentavit",
		"hierarchyId": null,
		"parentKey": null
	},
	{
		"key": "4000001174",
		"value": "Non Core (CAR)",
		"hierarchyId": null,
		"parentKey": null
	},
	{
		"key": "4000001178",
		"value": "Pharbenia",
		"hierarchyId": null,
		"parentKey": null
	},
	{
		"key": "4000001185",
		"value": "PH Chemicals",
		"hierarchyId": null,
		"parentKey": null
	},
	{
		"key": "4000001199",
		"value": "Pluravit",
		"hierarchyId": null,
		"parentKey": null
	},
	{
		"key": "4000001205",
		"value": "Postinor",
		"hierarchyId": null,
		"parentKey": null
	},
	{
		"key": "4000001218",
		"value": "Pretuval",
		"hierarchyId": null,
		"parentKey": null
	},
	{
		"key": "4000001223",
		"value": "Primolut N",
		"hierarchyId": null,
		"parentKey": null
	},
	{
		"key": "4000001224",
		"value": "Primolut Nor",
		"hierarchyId": null,
		"parentKey": null
	},
	{
		"key": "4000001230",
		"value": "Proctosedyl",
		"hierarchyId": null,
		"parentKey": null
	},
	{
		"key": "4000001234",
		"value": "Progesteron / Depot",
		"hierarchyId": null,
		"parentKey": null
	},
	{
		"key": "4000001235",
		"value": "Progynon",
		"hierarchyId": null,
		"parentKey": null
	},
	{
		"key": "4000001236",
		"value": "Progynova",
		"hierarchyId": null,
		"parentKey": null
	},
	{
		"key": "4000001238",
		"value": "Proleukine",
		"hierarchyId": null,
		"parentKey": null
	},
	{
		"key": "4000001240",
		"value": "Proluton",
		"hierarchyId": null,
		"parentKey": null
	},
	{
		"key": "4000001241",
		"value": "Proplus",
		"hierarchyId": null,
		"parentKey": null
	},
	{
		"key": "4000001247",
		"value": "Protovit",
		"hierarchyId": null,
		"parentKey": null
	},
	{
		"key": "4000001248",
		"value": "Proviron",
		"hierarchyId": null,
		"parentKey": null
	},
	{
		"key": "4000001249",
		"value": "Psorcutan",
		"hierarchyId": null,
		"parentKey": null
	},
	{
		"key": "4000001269",
		"value": "Rantudil / Acemetacin",
		"hierarchyId": null,
		"parentKey": null
	},
	{
		"key": "4000001280",
		"value": "Recordati",
		"hierarchyId": null,
		"parentKey": null
	},
	{
		"key": "4000001281",
		"value": "Recothrom",
		"hierarchyId": null,
		"parentKey": null
	},
	{
		"key": "4000001284",
		"value": "Stivarga",
		"hierarchyId": null,
		"parentKey": null
	},
	{
		"key": "4000001308",
		"value": "Rheumon / Etofenamat",
		"hierarchyId": null,
		"parentKey": null
	},
	{
		"key": "4000001312",
		"value": "Rid",
		"hierarchyId": null,
		"parentKey": null
	},
	{
		"key": "4000001313",
		"value": "Rinobanedif",
		"hierarchyId": null,
		"parentKey": null
	},
	{
		"key": "4000001320",
		"value": "Romilar",
		"hierarchyId": null,
		"parentKey": null
	},
	{
		"key": "4000001323",
		"value": "Rovigon",
		"hierarchyId": null,
		"parentKey": null
	},
	{
		"key": "4000001327",
		"value": "Rthrombin",
		"hierarchyId": null,
		"parentKey": null
	},
	{
		"key": "4000001349",
		"value": "Salin",
		"hierarchyId": null,
		"parentKey": null
	},
	{
		"key": "4000001351",
		"value": "Sanatogen",
		"hierarchyId": null,
		"parentKey": null
	},
	{
		"key": "4000001356",
		"value": "Sativex",
		"hierarchyId": null,
		"parentKey": null
	},
	{
		"key": "4000001380",
		"value": "Serv.Charged To Oth.",
		"hierarchyId": null,
		"parentKey": null
	},
	{
		"key": "4000001386",
		"value": "Shinbit",
		"hierarchyId": null,
		"parentKey": null
	},
	{
		"key": "4000001390",
		"value": "Silver 65+",
		"hierarchyId": null,
		"parentKey": null
	},
	{
		"key": "4000001400",
		"value": "Other excipient Solid",
		"hierarchyId": null,
		"parentKey": null
	},
	{
		"key": "4000001402",
		"value": "Sobrepin",
		"hierarchyId": null,
		"parentKey": null
	},
	{
		"key": "4000001419",
		"value": "Substance Internal",
		"hierarchyId": null,
		"parentKey": null
	},
	{
		"key": "4000001423",
		"value": "Suxilep",
		"hierarchyId": null,
		"parentKey": null
	},
	{
		"key": "4000001435",
		"value": "Tamofen",
		"hierarchyId": null,
		"parentKey": null
	},
	{
		"key": "4000001449",
		"value": "Testogel",
		"hierarchyId": null,
		"parentKey": null
	},
	{
		"key": "4000001452",
		"value": "Testoviron",
		"hierarchyId": null,
		"parentKey": null
	},
	{
		"key": "4000001453",
		"value": "Tetragynon",
		"hierarchyId": null,
		"parentKey": null
	},
	{
		"key": "4000001457",
		"value": "Theravit",
		"hierarchyId": null,
		"parentKey": null
	},
	{
		"key": "4000001468",
		"value": "Totalsynthesen",
		"hierarchyId": null,
		"parentKey": null
	},
	{
		"key": "4000001471",
		"value": "Transipeg",
		"hierarchyId": null,
		"parentKey": null
	},
	{
		"key": "4000001480",
		"value": "Triquilar",
		"hierarchyId": null,
		"parentKey": null
	},
	{
		"key": "4000001495",
		"value": "Tussin",
		"hierarchyId": null,
		"parentKey": null
	},
	{
		"key": "4000001497",
		"value": "Ugurol",
		"hierarchyId": null,
		"parentKey": null
	},
	{
		"key": "4000001510",
		"value": "Vagitrol",
		"hierarchyId": null,
		"parentKey": null
	},
	{
		"key": "4000001516",
		"value": "Vanquish",
		"hierarchyId": null,
		"parentKey": null
	},
	{
		"key": "4000001537",
		"value": "Vitafolic",
		"hierarchyId": null,
		"parentKey": null
	},
	{
		"key": "4000001548",
		"value": "Wellnara",
		"hierarchyId": null,
		"parentKey": null
	},
	{
		"key": "4000001559",
		"value": "Zevalin",
		"hierarchyId": null,
		"parentKey": null
	},
	{
		"key": "4000001562",
		"value": "Aspisol",
		"hierarchyId": null,
		"parentKey": null
	},
	{
		"key": "4000001564",
		"value": "Veraflox",
		"hierarchyId": null,
		"parentKey": null
	},
	{
		"key": "4000001565",
		"value": "Seresto",
		"hierarchyId": null,
		"parentKey": null
	},
	{
		"key": "4000001570",
		"value": "Mycospor",
		"hierarchyId": null,
		"parentKey": null
	},
	{
		"key": "4000001571",
		"value": "External Analgesics",
		"hierarchyId": null,
		"parentKey": null
	},
	{
		"key": "4000001572",
		"value": "Co-Codamol",
		"hierarchyId": null,
		"parentKey": null
	},
	{
		"key": "4000001574",
		"value": "Mycelex OTC",
		"hierarchyId": null,
		"parentKey": null
	},
	{
		"key": "4000001575",
		"value": "Trubiotics Franchise",
		"hierarchyId": null,
		"parentKey": null
	},
	{
		"key": "4000001576",
		"value": "ATX-101",
		"hierarchyId": null,
		"parentKey": null
	},
	{
		"key": "4000001578",
		"value": "Mapracorat",
		"hierarchyId": null,
		"parentKey": null
	},
	{
		"key": "4000001580",
		"value": "Lurantal",
		"hierarchyId": null,
		"parentKey": null
	},
	{
		"key": "4000001583",
		"value": "Aldara",
		"hierarchyId": null,
		"parentKey": null
	},
	{
		"key": "4000001584",
		"value": "PH 3rd Party Srv",
		"hierarchyId": null,
		"parentKey": null
	},
	{
		"key": "4000001585",
		"value": "Allpresan",
		"hierarchyId": null,
		"parentKey": null
	},
	{
		"key": "4000001586",
		"value": "Binora",
		"hierarchyId": null,
		"parentKey": null
	},
	{
		"key": "4000001587",
		"value": "Bi-Vaspit",
		"hierarchyId": null,
		"parentKey": null
	},
	{
		"key": "4000001589",
		"value": "Clemizol-Undecylat",
		"hierarchyId": null,
		"parentKey": null
	},
	{
		"key": "4000001590",
		"value": "Clocort-21-Piv.-Hyd.",
		"hierarchyId": null,
		"parentKey": null
	},
	{
		"key": "4000001591",
		"value": "Clocortolon",
		"hierarchyId": null,
		"parentKey": null
	},
	{
		"key": "4000001592",
		"value": "Dermatix",
		"hierarchyId": null,
		"parentKey": null
	},
	{
		"key": "4000001593",
		"value": "Flaminal",
		"hierarchyId": null,
		"parentKey": null
	},
	{
		"key": "4000001594",
		"value": "Fluocortinbutyl",
		"hierarchyId": null,
		"parentKey": null
	},
	{
		"key": "4000001596",
		"value": "Fr. Charg. Dermatology",
		"hierarchyId": null,
		"parentKey": null
	},
	{
		"key": "4000001597",
		"value": "Insect Control Pre-Sol",
		"hierarchyId": null,
		"parentKey": null
	},
	{
		"key": "4000001599",
		"value": "Kaban",
		"hierarchyId": null,
		"parentKey": null
	},
	{
		"key": "4000001600",
		"value": "Kabanimat",
		"hierarchyId": null,
		"parentKey": null
	},
	{
		"key": "4000001601",
		"value": "Kinerase",
		"hierarchyId": null,
		"parentKey": null
	},
	{
		"key": "4000001604",
		"value": "Naftifin-HCL, Fein",
		"hierarchyId": null,
		"parentKey": null
	},
	{
		"key": "4000001605",
		"value": "Not Divided Into (DER) old",
		"hierarchyId": null,
		"parentKey": null
	},
	{
		"key": "4000001606",
		"value": "Other OTC",
		"hierarchyId": null,
		"parentKey": null
	},
	{
		"key": "4000001607",
		"value": "Packing Material",
		"hierarchyId": null,
		"parentKey": null
	},
	{
		"key": "4000001608",
		"value": "Pon-Emo",
		"hierarchyId": null,
		"parentKey": null
	},
	{
		"key": "4000001609",
		"value": "Prednisolon C-Synth.",
		"hierarchyId": null,
		"parentKey": null
	},
	{
		"key": "4000001610",
		"value": "Rebates Dermatology",
		"hierarchyId": null,
		"parentKey": null
	},
	{
		"key": "4000001611",
		"value": "Salicylsaeure, Mikro",
		"hierarchyId": null,
		"parentKey": null
	},
	{
		"key": "4000001612",
		"value": "Skinoclean",
		"hierarchyId": null,
		"parentKey": null
	},
	{
		"key": "4000001613",
		"value": "Skinocyclin",
		"hierarchyId": null,
		"parentKey": null
	},
	{
		"key": "4000001615",
		"value": "Solcoseryl",
		"hierarchyId": null,
		"parentKey": null
	},
	{
		"key": "4000001616",
		"value": "Terbinafine",
		"hierarchyId": null,
		"parentKey": null
	},
	{
		"key": "4000001617",
		"value": "Zarzenda",
		"hierarchyId": null,
		"parentKey": null
	},
	{
		"key": "4000001619",
		"value": "Not Divided (HEM)",
		"hierarchyId": null,
		"parentKey": null
	},
	{
		"key": "4000001620",
		"value": "Not Divided (MOI)",
		"hierarchyId": null,
		"parentKey": null
	},
	{
		"key": "4000001621",
		"value": "Not Divided (STH)",
		"hierarchyId": null,
		"parentKey": null
	},
	{
		"key": "4000001623",
		"value": "Not Divided (CAR)",
		"hierarchyId": null,
		"parentKey": null
	},
	{
		"key": "4000001624",
		"value": "Non Core Bus/Ser",
		"hierarchyId": null,
		"parentKey": null
	},
	{
		"key": "4000001625",
		"value": "Bay-Allison",
		"hierarchyId": null,
		"parentKey": null
	},
	{
		"key": "4000001627",
		"value": "GrpRestrCost (PCA)",
		"hierarchyId": null,
		"parentKey": null
	},
	{
		"key": "4000001631",
		"value": "Zelnate/Victrio",
		"hierarchyId": null,
		"parentKey": null
	},
	{
		"key": "4000001713",
		"value": "Magnevist",
		"hierarchyId": null,
		"parentKey": null
	},
	{
		"key": "4000001714",
		"value": "Gadovist",
		"hierarchyId": null,
		"parentKey": null
	},
	{
		"key": "4000001715",
		"value": "Primovist",
		"hierarchyId": null,
		"parentKey": null
	},
	{
		"key": "4000001716",
		"value": "Other CME",
		"hierarchyId": null,
		"parentKey": null
	},
	{
		"key": "4000001717",
		"value": "CT CME Other",
		"hierarchyId": null,
		"parentKey": null
	},
	{
		"key": "4000001718",
		"value": "Informatics",
		"hierarchyId": null,
		"parentKey": null
	},
	{
		"key": "4000001720",
		"value": "Restructrng Measures (DC)",
		"hierarchyId": null,
		"parentKey": null
	},
	{
		"key": "4000001721",
		"value": "Restructuring RAD",
		"hierarchyId": null,
		"parentKey": null
	},
	{
		"key": "4000001722",
		"value": "Group Restructuring RAD",
		"hierarchyId": null,
		"parentKey": null
	},
	{
		"key": "4000001723",
		"value": "MR Other",
		"hierarchyId": null,
		"parentKey": null
	},
	{
		"key": "4000001724",
		"value": "MR Fluid Delivery",
		"hierarchyId": null,
		"parentKey": null
	},
	{
		"key": "4000001725",
		"value": "Device Services",
		"hierarchyId": null,
		"parentKey": null
	},
	{
		"key": "4000001730",
		"value": "Not Divided Into RU (RAD)",
		"hierarchyId": null,
		"parentKey": null
	},
	{
		"key": "4000001732",
		"value": "Radiology Other",
		"hierarchyId": null,
		"parentKey": null
	},
	{
		"key": "4000001733",
		"value": "Non Core RAD",
		"hierarchyId": null,
		"parentKey": null
	},
	{
		"key": "4000001734",
		"value": "Other Products (DCD)",
		"hierarchyId": null,
		"parentKey": null
	},
	{
		"key": "4000001735",
		"value": "CT Fluid Delivery",
		"hierarchyId": null,
		"parentKey": null
	},
	{
		"key": "4000001737",
		"value": "Therapeutics",
		"hierarchyId": null,
		"parentKey": null
	},
	{
		"key": "4000001739",
		"value": "Not Divided DC",
		"hierarchyId": null,
		"parentKey": null
	},
	{
		"key": "4000001740",
		"value": "Group Restrc DC",
		"hierarchyId": null,
		"parentKey": null
	},
	{
		"key": "4000001742",
		"value": "Other Analgesics",
		"hierarchyId": null,
		"parentKey": null
	},
	{
		"key": "4000001749",
		"value": "Procts",
		"hierarchyId": null,
		"parentKey": null
	},
	{
		"key": "4000001754",
		"value": "Psorcutan Beta",
		"hierarchyId": null,
		"parentKey": null
	},
	{
		"key": "4000001767",
		"value": "Pannoclean",
		"hierarchyId": null,
		"parentKey": null
	},
	{
		"key": "4000001768",
		"value": "Sanoxit",
		"hierarchyId": null,
		"parentKey": null
	},
	{
		"key": "4000001769",
		"value": "Schericur",
		"hierarchyId": null,
		"parentKey": null
	},
	{
		"key": "4000001770",
		"value": "Scherilan",
		"hierarchyId": null,
		"parentKey": null
	},
	{
		"key": "4000001776",
		"value": "Finevin",
		"hierarchyId": null,
		"parentKey": null
	},
	{
		"key": "4000001777",
		"value": "Neobenz Micro",
		"hierarchyId": null,
		"parentKey": null
	},
	{
		"key": "4000001783",
		"value": "IP BPH",
		"hierarchyId": null,
		"parentKey": null
	},
	{
		"key": "4000001784",
		"value": "Essure",
		"hierarchyId": null,
		"parentKey": null
	},
	{
		"key": "4000001786",
		"value": "Iberogast",
		"hierarchyId": null,
		"parentKey": null
	},
	{
		"key": "4000001787",
		"value": "Phyto Others",
		"hierarchyId": null,
		"parentKey": null
	},
	{
		"key": "4000001788",
		"value": "Adempas",
		"hierarchyId": null,
		"parentKey": null
	},
	{
		"key": "4000001789",
		"value": "Sivextro",
		"hierarchyId": null,
		"parentKey": null
	},
	{
		"key": "4000001791",
		"value": "PH Group Int.Reimb.",
		"hierarchyId": null,
		"parentKey": null
	},
	{
		"key": "4000001792",
		"value": "CC Group Int. Reimb.",
		"hierarchyId": null,
		"parentKey": null
	},
	{
		"key": "4000001793",
		"value": "Reimbursements DC",
		"hierarchyId": null,
		"parentKey": null
	},
	{
		"key": "4000001798",
		"value": "Androcur Ther",
		"hierarchyId": null,
		"parentKey": null
	},
	{
		"key": "4000001799",
		"value": "Lemtrada",
		"hierarchyId": null,
		"parentKey": null
	},
	{
		"key": "4000001800",
		"value": "Minor Brands GT",
		"hierarchyId": null,
		"parentKey": null
	},
	{
		"key": "4000001801",
		"value": "Minor Brands MH",
		"hierarchyId": null,
		"parentKey": null
	},
	{
		"key": "4000001804",
		"value": "Non Core GAN",
		"hierarchyId": null,
		"parentKey": null
	},
	{
		"key": "4000001805",
		"value": "Not divided (WHC)",
		"hierarchyId": null,
		"parentKey": null
	},
	{
		"key": "4000001808",
		"value": "Not divided (PCA)",
		"hierarchyId": null,
		"parentKey": null
	},
	{
		"key": "4000001811",
		"value": "Visanne",
		"hierarchyId": null,
		"parentKey": null
	},
	{
		"key": "4000001812",
		"value": "Zetsim / Ezetro",
		"hierarchyId": null,
		"parentKey": null
	},
	{
		"key": "4000001813",
		"value": "Luciara",
		"hierarchyId": null,
		"parentKey": null
	},
	{
		"key": "4000001814",
		"value": "Demazin",
		"hierarchyId": null,
		"parentKey": null
	},
	{
		"key": "4000001815",
		"value": "Afrin",
		"hierarchyId": null,
		"parentKey": null
	},
	{
		"key": "4000001816",
		"value": "Other Cough & Cold (MCC)",
		"hierarchyId": null,
		"parentKey": null
	},
	{
		"key": "4000001817",
		"value": "Drixoral",
		"hierarchyId": null,
		"parentKey": null
	},
	{
		"key": "4000001818",
		"value": "MiraLAX",
		"hierarchyId": null,
		"parentKey": null
	},
	{
		"key": "4000001819",
		"value": "Zegerid",
		"hierarchyId": null,
		"parentKey": null
	},
	{
		"key": "4000001820",
		"value": "Other Gastro (MCC)",
		"hierarchyId": null,
		"parentKey": null
	},
	{
		"key": "4000001821",
		"value": "Lotrimin",
		"hierarchyId": null,
		"parentKey": null
	},
	{
		"key": "4000001822",
		"value": "Tinactin",
		"hierarchyId": null,
		"parentKey": null
	},
	{
		"key": "4000001823",
		"value": "Diprosone",
		"hierarchyId": null,
		"parentKey": null
	},
	{
		"key": "4000001824",
		"value": "A&D",
		"hierarchyId": null,
		"parentKey": null
	},
	{
		"key": "4000001825",
		"value": "Quadriderm",
		"hierarchyId": null,
		"parentKey": null
	},
	{
		"key": "4000001826",
		"value": "Elocon",
		"hierarchyId": null,
		"parentKey": null
	},
	{
		"key": "4000001827",
		"value": "Valisone",
		"hierarchyId": null,
		"parentKey": null
	},
	{
		"key": "4000001828",
		"value": "Other MSC (MCC)",
		"hierarchyId": null,
		"parentKey": null
	},
	{
		"key": "4000001829",
		"value": "Oxytrol",
		"hierarchyId": null,
		"parentKey": null
	},
	{
		"key": "4000001830",
		"value": "Other OTC (MCC)",
		"hierarchyId": null,
		"parentKey": null
	},
	{
		"key": "4000001831",
		"value": "Dr Scholl's",
		"hierarchyId": null,
		"parentKey": null
	},
	{
		"key": "4000001832",
		"value": "Other Footcare (MCC)",
		"hierarchyId": null,
		"parentKey": null
	},
	{
		"key": "4000001833",
		"value": "Coppertone",
		"hierarchyId": null,
		"parentKey": null
	},
	{
		"key": "4000001834",
		"value": "Other Suncare (MCC)",
		"hierarchyId": null,
		"parentKey": null
	},
	{
		"key": "4000001835",
		"value": "Aerius/Clarinex",
		"hierarchyId": null,
		"parentKey": null
	},
	{
		"key": "4000001836",
		"value": "Chlor-Trimeton",
		"hierarchyId": null,
		"parentKey": null
	},
	{
		"key": "4000001837",
		"value": "Polaramine",
		"hierarchyId": null,
		"parentKey": null
	},
	{
		"key": "4000001838",
		"value": "Nasonex",
		"hierarchyId": null,
		"parentKey": null
	},
	{
		"key": "4000001840",
		"value": "Guronsan",
		"hierarchyId": null,
		"parentKey": null
	},
	{
		"key": "4000001841",
		"value": "Coricidin/Desenfriol",
		"hierarchyId": null,
		"parentKey": null
	},
	{
		"key": "4000001842",
		"value": "Hydrasense/Pure Sea",
		"hierarchyId": null,
		"parentKey": null
	},
	{
		"key": "4000001843",
		"value": "Pi Kang Wang",
		"hierarchyId": null,
		"parentKey": null
	},
	{
		"key": "4000001844",
		"value": "Cosmetics Kang Wang",
		"hierarchyId": null,
		"parentKey": null
	},
	{
		"key": "4000001845",
		"value": "Cosmetics Others",
		"hierarchyId": null,
		"parentKey": null
	},
	{
		"key": "4000001846",
		"value": "TCM Da-E-Fu Kang",
		"hierarchyId": null,
		"parentKey": null
	},
	{
		"key": "4000001847",
		"value": "TCM Others",
		"hierarchyId": null,
		"parentKey": null
	},
	{
		"key": "4000001848",
		"value": "Kang Wang",
		"hierarchyId": null,
		"parentKey": null
	},
	{
		"key": "4000001849",
		"value": "Claritin",
		"hierarchyId": null,
		"parentKey": null
	},
	{
		"key": "4000001850",
		"value": "CV Fluid Delivery",
		"hierarchyId": null,
		"parentKey": null
	},
	{
		"key": "4000001852",
		"value": "Marvelon",
		"hierarchyId": null,
		"parentKey": null
	},
	{
		"key": "4000001853",
		"value": "Mercilon",
		"hierarchyId": null,
		"parentKey": null
	},
	{
		"key": "4000001854",
		"value": "Ex-Merck Prod WHC",
		"hierarchyId": null,
		"parentKey": null
	},
	{
		"key": "4000001855",
		"value": "Dicoflor",
		"hierarchyId": null,
		"parentKey": null
	},
	{
		"key": "4000001857",
		"value": "Not Divded (Bay. Merck)",
		"hierarchyId": null,
		"parentKey": null
	},
	{
		"key": "4000001860",
		"value": "Other MCC",
		"hierarchyId": null,
		"parentKey": null
	},
	{
		"key": "4000001863",
		"value": "Multivendor Service",
		"hierarchyId": null,
		"parentKey": null
	},
	{
		"key": "4000001864",
		"value": "Reimbursement RAD",
		"hierarchyId": null,
		"parentKey": null
	},
	{
		"key": "4000001865",
		"value": "Transition Boston",
		"hierarchyId": null,
		"parentKey": null
	},
	{
		"key": "4000001866",
		"value": "Contour Family",
		"hierarchyId": null,
		"parentKey": null
	},
	{
		"key": "4000001867",
		"value": "Minor Brands SAC",
		"hierarchyId": null,
		"parentKey": null
	},
	{
		"key": "4000001868",
		"value": "Minor Brands NEU",
		"hierarchyId": null,
		"parentKey": null
	},
	{
		"key": "4000001869",
		"value": "Atagius",
		"hierarchyId": null,
		"parentKey": null
	},
	{
		"key": "4000001870",
		"value": "TM PCA",
		"hierarchyId": null,
		"parentKey": null
	},
	{
		"key": "4000001871",
		"value": "Minor Brands AI",
		"hierarchyId": null,
		"parentKey": null
	},
	{
		"key": "4000001872",
		"value": "Hypogonadism Therapy",
		"hierarchyId": null,
		"parentKey": null
	},
	{
		"key": "4000001873",
		"value": "Minor Brands Hypertens.",
		"hierarchyId": null,
		"parentKey": null
	},
	{
		"key": "4000001874",
		"value": "Minor Brands Diabetes",
		"hierarchyId": null,
		"parentKey": null
	},
	{
		"key": "4000001875",
		"value": "Minor Brands Oth.CVD",
		"hierarchyId": null,
		"parentKey": null
	},
	{
		"key": "4000001876",
		"value": "Minor Brands MM & HT",
		"hierarchyId": null,
		"parentKey": null
	},
	{
		"key": "4000001877",
		"value": "GrpRestrCosts (CAR)",
		"hierarchyId": null,
		"parentKey": null
	},
	{
		"key": "4000001879",
		"value": "Minor Brands (HEM)",
		"hierarchyId": null,
		"parentKey": null
	},
	{
		"key": "4000001881",
		"value": "GrpRestrCosts (PHO)",
		"hierarchyId": null,
		"parentKey": null
	},
	{
		"key": "4000001884",
		"value": "Not Div. Into RU (OPT)",
		"hierarchyId": null,
		"parentKey": null
	},
	{
		"key": "4000001885",
		"value": "CC Non-Core Distrib",
		"hierarchyId": null,
		"parentKey": null
	},
	{
		"key": "4000001899",
		"value": "Vericiguat",
		"hierarchyId": null,
		"parentKey": null
	},
	{
		"key": "4000001900",
		"value": "Cardioaspirin",
		"hierarchyId": null,
		"parentKey": null
	},
	{
		"key": "4000001901",
		"value": "Side-Business",
		"hierarchyId": null,
		"parentKey": null
	},
	{
		"key": "4000001902",
		"value": "Other Dermatology",
		"hierarchyId": null,
		"parentKey": null
	},
	{
		"key": "4000001903",
		"value": "Other Non OTC",
		"hierarchyId": null,
		"parentKey": null
	},
	{
		"key": "4000001904",
		"value": "Alka-Seltzer Franchise",
		"hierarchyId": null,
		"parentKey": null
	},
	{
		"key": "4000001905",
		"value": "Calcium Franchise",
		"hierarchyId": null,
		"parentKey": null
	},
	{
		"key": "4000001906",
		"value": "Restructuring",
		"hierarchyId": null,
		"parentKey": null
	},
	{
		"key": "4000001907",
		"value": "DC Remnant (Bayer)",
		"hierarchyId": null,
		"parentKey": null
	},
	{
		"key": "4000001908",
		"value": "DC TSA DO",
		"hierarchyId": null,
		"parentKey": null
	},
	{
		"key": "4000001909",
		"value": "Diabetes Care (Purchaser)",
		"hierarchyId": null,
		"parentKey": null
	},
	{
		"key": "4000001910",
		"value": "Laif Group",
		"hierarchyId": null,
		"parentKey": null
	},
	{
		"key": "4000001911",
		"value": "FAP Antiinfectiva other",
		"hierarchyId": null,
		"parentKey": null
	},
	{
		"key": "4000001912",
		"value": "CAP Antiinfectiva other",
		"hierarchyId": null,
		"parentKey": null
	},
	{
		"key": "4000001913",
		"value": "FAP Vaccines",
		"hierarchyId": null,
		"parentKey": null
	},
	{
		"key": "4000001914",
		"value": "CAP Vaccines",
		"hierarchyId": null,
		"parentKey": null
	},
	{
		"key": "4000001915",
		"value": "Farm Hygiene",
		"hierarchyId": null,
		"parentKey": null
	},
	{
		"key": "4000001916",
		"value": "FAP Ecto",
		"hierarchyId": null,
		"parentKey": null
	},
	{
		"key": "4000001917",
		"value": "CAP Ecto other",
		"hierarchyId": null,
		"parentKey": null
	},
	{
		"key": "4000001918",
		"value": "Bee Products",
		"hierarchyId": null,
		"parentKey": null
	},
	{
		"key": "4000001919",
		"value": "FAP Endo/Endecto other",
		"hierarchyId": null,
		"parentKey": null
	},
	{
		"key": "4000001920",
		"value": "CAP Endo/Endecto other",
		"hierarchyId": null,
		"parentKey": null
	},
	{
		"key": "4000001921",
		"value": "FAP other",
		"hierarchyId": null,
		"parentKey": null
	},
	{
		"key": "4000001922",
		"value": "CAP other",
		"hierarchyId": null,
		"parentKey": null
	},
	{
		"key": "4000001923",
		"value": "FAP Pharmaceuticals",
		"hierarchyId": null,
		"parentKey": null
	},
	{
		"key": "4000001924",
		"value": "CAP Pharmaceuticals",
		"hierarchyId": null,
		"parentKey": null
	},
	{
		"key": "4000001925",
		"value": "Metabolics",
		"hierarchyId": null,
		"parentKey": null
	},
	{
		"key": "4000001926",
		"value": "Reproduction",
		"hierarchyId": null,
		"parentKey": null
	},
	{
		"key": "4000001927",
		"value": "Cydectin",
		"hierarchyId": null,
		"parentKey": null
	},
	{
		"key": "4000001929",
		"value": "Salient",
		"hierarchyId": null,
		"parentKey": null
	},
	{
		"key": "4000001930",
		"value": "Centargo",
		"hierarchyId": null,
		"parentKey": null
	},
	{
		"key": "4000001931",
		"value": "Stellant",
		"hierarchyId": null,
		"parentKey": null
	},
	{
		"key": "4000001933",
		"value": "Solaris",
		"hierarchyId": null,
		"parentKey": null
	},
	{
		"key": "4000001934",
		"value": "MRXperion",
		"hierarchyId": null,
		"parentKey": null
	},
	{
		"key": "4000001935",
		"value": "Aliqopa",
		"hierarchyId": null,
		"parentKey": null
	},
	{
		"key": "4000001936",
		"value": "Anetumab",
		"hierarchyId": null,
		"parentKey": null
	},
	{
		"key": "4000001937",
		"value": "Intego",
		"hierarchyId": null,
		"parentKey": null
	},
	{
		"key": "4000001938",
		"value": "Cubrea",
		"hierarchyId": null,
		"parentKey": null
	},
	{
		"key": "4000001939",
		"value": "Menevit",
		"hierarchyId": null,
		"parentKey": null
	},
	{
		"key": "4000001940",
		"value": "Larotrectinib",
		"hierarchyId": null,
		"parentKey": null
	},
	{
		"key": "4000001941",
		"value": "Finerenone",
		"hierarchyId": null,
		"parentKey": null
	},
	{
		"key": "ADNG",
		"value": "Adengo Family",
		"hierarchyId": null,
		"parentKey": null
	},
	{
		"key": "ALON",
		"value": "Alion Family",
		"hierarchyId": null,
		"parentKey": null
	},
	{
		"key": "ALTT",
		"value": "Alliette Family",
		"hierarchyId": null,
		"parentKey": null
	},
	{
		"key": "AMVC",
		"value": "Amvac Family",
		"hierarchyId": null,
		"parentKey": null
	},
	{
		"key": "ARIZ",
		"value": "Arize Family",
		"hierarchyId": null,
		"parentKey": null
	},
	{
		"key": "ARZN",
		"value": "Arozin Family",
		"hierarchyId": null,
		"parentKey": null
	},
	{
		"key": "ATCL",
		"value": "Antracol Family",
		"hierarchyId": null,
		"parentKey": null
	},
	{
		"key": "ATLT",
		"value": "Atlantis Family",
		"hierarchyId": null,
		"parentKey": null
	},
	{
		"key": "ATTR",
		"value": "Attribut Family",
		"hierarchyId": null,
		"parentKey": null
	},
	{
		"key": "AZTC",
		"value": "Aztec Family",
		"hierarchyId": null,
		"parentKey": null
	},
	{
		"key": "BACT",
		"value": "Bioact Family",
		"hierarchyId": null,
		"parentKey": null
	},
	{
		"key": "BAGR",
		"value": "Biagro Family",
		"hierarchyId": null,
		"parentKey": null
	},
	{
		"key": "BCRA",
		"value": "Bacara Family",
		"hierarchyId": null,
		"parentKey": null
	},
	{
		"key": "BELT",
		"value": "Belt Family",
		"hierarchyId": null,
		"parentKey": null
	},
	{
		"key": "BFDN",
		"value": "Bayfidan Family",
		"hierarchyId": null,
		"parentKey": null
	},
	{
		"key": "BLCD",
		"value": "Bayluscid Family",
		"hierarchyId": null,
		"parentKey": null
	},
	{
		"key": "BLDK",
		"value": "Bulldock Family",
		"hierarchyId": null,
		"parentKey": null
	},
	{
		"key": "BLTN",
		"value": "Bayleton Family",
		"hierarchyId": null,
		"parentKey": null
	},
	{
		"key": "BSCY",
		"value": "Biscaya Family",
		"hierarchyId": null,
		"parentKey": null
	},
	{
		"key": "BSLB",
		"value": "Basta/Liberty Family",
		"hierarchyId": null,
		"parentKey": null
	},
	{
		"key": "BTBB",
		"value": "Buteo Family",
		"hierarchyId": null,
		"parentKey": null
	},
	{
		"key": "BTHR",
		"value": "Baythroid Family",
		"hierarchyId": null,
		"parentKey": null
	},
	{
		"key": "BTNL",
		"value": "Betanal Family",
		"hierarchyId": null,
		"parentKey": null
	},
	{
		"key": "BYAG",
		"value": "Bayer Advanced / Bayer Garden",
		"hierarchyId": null,
		"parentKey": null
	},
	{
		"key": "BYCR",
		"value": "Baycor Family",
		"hierarchyId": null,
		"parentKey": null
	},
	{
		"key": "BYTN",
		"value": "Baytan Family",
		"hierarchyId": null,
		"parentKey": null
	},
	{
		"key": "CBRA",
		"value": "Cobra Family",
		"hierarchyId": null,
		"parentKey": null
	},
	{
		"key": "CDDY",
		"value": "Caddy Family",
		"hierarchyId": null,
		"parentKey": null
	},
	{
		"key": "CHLL",
		"value": "Challenge Family",
		"hierarchyId": null,
		"parentKey": null
	},
	{
		"key": "CNFD",
		"value": "Confidor Family",
		"hierarchyId": null,
		"parentKey": null
	},
	{
		"key": "CNSN",
		"value": "Consento Family",
		"hierarchyId": null,
		"parentKey": null
	},
	{
		"key": "CNTN",
		"value": "Contans Family",
		"hierarchyId": null,
		"parentKey": null
	},
	{
		"key": "CNTR",
		"value": "Contur Family",
		"hierarchyId": null,
		"parentKey": null
	},
	{
		"key": "CONC",
		"value": "Council Family",
		"hierarchyId": null,
		"parentKey": null
	},
	{
		"key": "CRAT",
		"value": "Carat Family",
		"hierarchyId": null,
		"parentKey": null
	},
	{
		"key": "CRBX",
		"value": "Curbix Family",
		"hierarchyId": null,
		"parentKey": null
	},
	{
		"key": "CTAS",
		"value": "Certero/Alsystin Family",
		"hierarchyId": null,
		"parentKey": null
	},
	{
		"key": "DCIS",
		"value": "Decis Family",
		"hierarchyId": null,
		"parentKey": null
	},
	{
		"key": "DCSN",
		"value": "Decision Family",
		"hierarchyId": null,
		"parentKey": null
	},
	{
		"key": "DPEL",
		"value": "DPEL",
		"hierarchyId": null,
		"parentKey": null
	},
	{
		"key": "DRPP",
		"value": "Dropp Family",
		"hierarchyId": null,
		"parentKey": null
	},
	{
		"key": "DRSL",
		"value": "Derosal Family",
		"hierarchyId": null,
		"parentKey": null
	},
	{
		"key": "DSST",
		"value": "Disyston Family",
		"hierarchyId": null,
		"parentKey": null
	},
	{
		"key": "ECLP",
		"value": "Eclipse Family",
		"hierarchyId": null,
		"parentKey": null
	},
	{
		"key": "ELSL",
		"value": "ELSL",
		"hierarchyId": null,
		"parentKey": null
	},
	{
		"key": "EMST",
		"value": "Emesto Family",
		"hierarchyId": null,
		"parentKey": null
	},
	{
		"key": "ENVD",
		"value": "Envidor Family",
		"hierarchyId": null,
		"parentKey": null
	},
	{
		"key": "EPRN",
		"value": "Euparen Family",
		"hierarchyId": null,
		"parentKey": null
	},
	{
		"key": "FLCN",
		"value": "Falcon Family",
		"hierarchyId": null,
		"parentKey": null
	},
	{
		"key": "FLCR",
		"value": "Folicur Family",
		"hierarchyId": null,
		"parentKey": null
	},
	{
		"key": "FLMC",
		"value": "Flamenco Family",
		"hierarchyId": null,
		"parentKey": null
	},
	{
		"key": "FMST",
		"value": "Fibermax/Stoneville Family",
		"hierarchyId": null,
		"parentKey": null
	},
	{
		"key": "FNDG",
		"value": "Fandago Family",
		"hierarchyId": null,
		"parentKey": null
	},
	{
		"key": "FNET",
		"value": "Finish/Ethrel Family",
		"hierarchyId": null,
		"parentKey": null
	},
	{
		"key": "GCHO",
		"value": "Gaucho Family",
		"hierarchyId": null,
		"parentKey": null
	},
	{
		"key": "GLMN",
		"value": "Galmano Family",
		"hierarchyId": null,
		"parentKey": null
	},
	{
		"key": "GRTL",
		"value": "Gratil Family",
		"hierarchyId": null,
		"parentKey": null
	},
	{
		"key": "HNSN",
		"value": "Hinosan Family",
		"hierarchyId": null,
		"parentKey": null
	},
	{
		"key": "HSSR",
		"value": "Hussar Family",
		"hierarchyId": null,
		"parentKey": null
	},
	{
		"key": "HSTN",
		"value": "Hostathion Family",
		"hierarchyId": null,
		"parentKey": null
	},
	{
		"key": "IBLN",
		"value": "Iblon Family",
		"hierarchyId": null,
		"parentKey": null
	},
	{
		"key": "IDLT",
		"value": "Ideltis Family",
		"hierarchyId": null,
		"parentKey": null
	},
	{
		"key": "INFN",
		"value": "Infinito Family",
		"hierarchyId": null,
		"parentKey": null
	},
	{
		"key": "INFY",
		"value": "Infinity Family",
		"hierarchyId": null,
		"parentKey": null
	},
	{
		"key": "INNV",
		"value": "Innova Family",
		"hierarchyId": null,
		"parentKey": null
	},
	{
		"key": "INVG",
		"value": "InVigor Family",
		"hierarchyId": null,
		"parentKey": null
	},
	{
		"key": "ISTN",
		"value": "Isotianil Family",
		"hierarchyId": null,
		"parentKey": null
	},
	{
		"key": "LBCD",
		"value": "Lebaycid Family",
		"hierarchyId": null,
		"parentKey": null
	},
	{
		"key": "LDIS",
		"value": "Laudis Family",
		"hierarchyId": null,
		"parentKey": null
	},
	{
		"key": "LMRD",
		"value": "Lamardor Family",
		"hierarchyId": null,
		"parentKey": null
	},
	{
		"key": "LRVN",
		"value": "Larvin Family",
		"hierarchyId": null,
		"parentKey": null
	},
	{
		"key": "LUNA",
		"value": "Luna Family",
		"hierarchyId": null,
		"parentKey": null
	},
	{
		"key": "MFNC",
		"value": "Mefenacet Family",
		"hierarchyId": null,
		"parentKey": null
	},
	{
		"key": "MKDO",
		"value": "Mikado Family",
		"hierarchyId": null,
		"parentKey": null
	},
	{
		"key": "MLDY",
		"value": "Melody Family",
		"hierarchyId": null,
		"parentKey": null
	},
	{
		"key": "MNCR",
		"value": "Monceren Family",
		"hierarchyId": null,
		"parentKey": null
	},
	{
		"key": "MRJK",
		"value": "Mr. Joker Family",
		"hierarchyId": null,
		"parentKey": null
	},
	{
		"key": "MRLN",
		"value": "Merlin Family",
		"hierarchyId": null,
		"parentKey": null
	},
	{
		"key": "MSRL",
		"value": "Mesurol Family",
		"hierarchyId": null,
		"parentKey": null
	},
	{
		"key": "MSTR",
		"value": "Maister Family",
		"hierarchyId": null,
		"parentKey": null
	},
	{
		"key": "MVTO",
		"value": "Movento Family",
		"hierarchyId": null,
		"parentKey": null
	},
	{
		"key": "NNHM",
		"value": "Nunhems Family",
		"hierarchyId": null,
		"parentKey": null
	},
	{
		"key": "NTVO",
		"value": "Nativo Family",
		"hierarchyId": null,
		"parentKey": null
	},
	{
		"key": "OBRN",
		"value": "Oberon Family",
		"hierarchyId": null,
		"parentKey": null
	},
	{
		"key": "ORBR",
		"value": "Oribright Family",
		"hierarchyId": null,
		"parentKey": null
	},
	{
		"key": "OTHR",
		"value": "Others",
		"hierarchyId": null,
		"parentKey": null
	},
	{
		"key": "PDAN",
		"value": "PDAN",
		"hierarchyId": null,
		"parentKey": null
	},
	{
		"key": "PFGB",
		"value": "PFGB",
		"hierarchyId": null,
		"parentKey": null
	},
	{
		"key": "PNCH",
		"value": "Poncho Family",
		"hierarchyId": null,
		"parentKey": null
	},
	{
		"key": "PRSR",
		"value": "Prosaro Family",
		"hierarchyId": null,
		"parentKey": null
	},
	{
		"key": "PRVC",
		"value": "Previcur Family",
		"hierarchyId": null,
		"parentKey": null
	},
	{
		"key": "PSSB",
		"value": "Possible Family",
		"hierarchyId": null,
		"parentKey": null
	},
	{
		"key": "PUMA",
		"value": "Puma Family",
		"hierarchyId": null,
		"parentKey": null
	},
	{
		"key": "RGNT",
		"value": "Regent Family",
		"hierarchyId": null,
		"parentKey": null
	},
	{
		"key": "RNDP",
		"value": "Roundup Family",
		"hierarchyId": null,
		"parentKey": null
	},
	{
		"key": "ROTE",
		"value": "Routine / Tiviant Family",
		"hierarchyId": null,
		"parentKey": null
	},
	{
		"key": "RQMB",
		"value": "Requiem Family",
		"hierarchyId": null,
		"parentKey": null
	},
	{
		"key": "RSTR",
		"value": "Ronstar Family",
		"hierarchyId": null,
		"parentKey": null
	},
	{
		"key": "RTSF",
		"value": "Reatis Family",
		"hierarchyId": null,
		"parentKey": null
	},
	{
		"key": "RVRL",
		"value": "Rovral Family",
		"hierarchyId": null,
		"parentKey": null
	},
	{
		"key": "RXIL",
		"value": "Raxil Family",
		"hierarchyId": null,
		"parentKey": null
	},
	{
		"key": "SBTL",
		"value": "Sibutol Family",
		"hierarchyId": null,
		"parentKey": null
	},
	{
		"key": "SCLA",
		"value": "Scala Family",
		"hierarchyId": null,
		"parentKey": null
	},
	{
		"key": "SCNC",
		"value": "Scenic Family",
		"hierarchyId": null,
		"parentKey": null
	},
	{
		"key": "SNCR",
		"value": "Sencor Family",
		"hierarchyId": null,
		"parentKey": null
	},
	{
		"key": "SNRC",
		"value": "Sunrice Family",
		"hierarchyId": null,
		"parentKey": null
	},
	{
		"key": "SNTA",
		"value": "Sonata Family",
		"hierarchyId": null,
		"parentKey": null
	},
	{
		"key": "SPCT",
		"value": "Specticle",
		"hierarchyId": null,
		"parentKey": null
	},
	{
		"key": "SPTK",
		"value": "Sportak Family",
		"hierarchyId": null,
		"parentKey": null
	},
	{
		"key": "SRND",
		"value": "Serenade Family",
		"hierarchyId": null,
		"parentKey": null
	},
	{
		"key": "STNC",
		"value": "Stance Family",
		"hierarchyId": null,
		"parentKey": null
	},
	{
		"key": "SVIN",
		"value": "Sevin Family",
		"hierarchyId": null,
		"parentKey": null
	},
	{
		"key": "SVNT",
		"value": "Sivanto Family",
		"hierarchyId": null,
		"parentKey": null
	},
	{
		"key": "TGRX",
		"value": "Tigrex Family",
		"hierarchyId": null,
		"parentKey": null
	},
	{
		"key": "THDN",
		"value": "Thiodan Family",
		"hierarchyId": null,
		"parentKey": null
	},
	{
		"key": "THPY",
		"value": "Third Party",
		"hierarchyId": null,
		"parentKey": null
	},
	{
		"key": "TLDR",
		"value": "Teldor Family",
		"hierarchyId": null,
		"parentKey": null
	},
	{
		"key": "TMIK",
		"value": "Temik Family",
		"hierarchyId": null,
		"parentKey": null
	},
	{
		"key": "TMRN",
		"value": "Tamaron Family",
		"hierarchyId": null,
		"parentKey": null
	},
	{
		"key": "TPAN",
		"value": "Taipan Family",
		"hierarchyId": null,
		"parentKey": null
	},
	{
		"key": "TPST",
		"value": "Topstar Family",
		"hierarchyId": null,
		"parentKey": null
	},
	{
		"key": "TRBN",
		"value": "Tribunil Family",
		"hierarchyId": null,
		"parentKey": null
	},
	{
		"key": "TRGT",
		"value": "Target Family",
		"hierarchyId": null,
		"parentKey": null
	},
	{
		"key": "TRLX",
		"value": "Trilex Family",
		"hierarchyId": null,
		"parentKey": null
	},
	{
		"key": "TTRL",
		"value": "Totril Family",
		"hierarchyId": null,
		"parentKey": null
	},
	{
		"key": "VLVR",
		"value": "Velum/Verango Family",
		"hierarchyId": null,
		"parentKey": null
	},
	{
		"key": "VTVO",
		"value": "Votivo Family",
		"hierarchyId": null,
		"parentKey": null
	},
	{
		"key": "VYGB",
		"value": "Vayego Family",
		"hierarchyId": null,
		"parentKey": null
	},
	{
		"key": "WIPE",
		"value": "WIPE",
		"hierarchyId": null,
		"parentKey": null
	},
	{
		"key": "WNAD",
		"value": "Winadmire Family",
		"hierarchyId": null,
		"parentKey": null
	},
	{
		"key": "XPRO",
		"value": "Xpro Family",
		"hierarchyId": null,
		"parentKey": null
	},
	{
		"key": "ZIRM",
		"value": "ZIRM",
		"hierarchyId": null,
		"parentKey": null
	}
]