[
	{
		"key": "0",
		"value": "Plan/actual version",
		"hierarchyId": null,
		"parentKey": null
	},
	{
		"key": "B02",
		"value": "Budget VK",
		"hierarchyId": null,
		"parentKey": null
	},
	{
		"key": "BUD",
		"value": "Budget",
		"hierarchyId": null,
		"parentKey": null
	},
	{
		"key": "FC1",
		"value": "FC1",
		"hierarchyId": null,
		"parentKey": null
	},
	{
		"key": "FC2",
		"value": "FC2",
		"hierarchyId": null,
		"parentKey": null
	},
	{
		"key": "FC3",
		"value": "FC3",
		"hierarchyId": null,
		"parentKey": null
	},
	{
		"key": "Y1",
		"value": "Plan-version Y1",
		"hierarchyId": null,
		"parentKey": null
	},
	{
		"key": "Y3",
		"value": "Forecast 1",
		"hierarchyId": null,
		"parentKey": null
	},
	{
		"key": "Y4",
		"value": "Forecast 2",
		"hierarchyId": null,
		"parentKey": null
	},
	{
		"key": "Y5",
		"value": "Forecast 3",
		"hierarchyId": null,
		"parentKey": null
	},
	{
		"key": "Y6",
		"value": "Forecast 4",
		"hierarchyId": null,
		"parentKey": null
	}
]