{
	"query": {
		"title": "SOA00_COPAPRP03_QS052",
		"limitexceeded": false,
		"nosuchuser": false,
		"nodata": false,
		"nosuchquery": false,
		"noauth": false
	},
	"meta": {
		"kf001": {
			"key": "00O2TK9973U27QURA1OM4VEXA",
			"value": "\n1.1 ACT"
		},
		"kf002": {
			"key": "00O2TK9973U27QURA1OM4VL8U",
			"value": "\n1.2 BUD"
		},
		"kf003": {
			"key": "00O2TK9973U27QURA1OM4VRKE",
			"value": "\n1.3 PY"
		},
		"kf004": {
			"key": "00O2TK9973U27QURA1OM4VXVY",
			"value": "\n1.3.1 Δ PY"
		},
		"kf005": {
			"key": "00O2TK9973U27QURA1OM4W47I",
			"value": "\n1.3.2 Δ PY %"
		},
		"kf006": {
			"key": "00O2TK9973U27QURA1OM4WAJ2",
			"value": "\n1.3.3 Δ PY ca"
		},
		"kf007": {
			"key": "00O2TK9973U27QURA1OM4WGUM",
			"value": "\n1.3.4 Δ PY ca %"
		}
	},
	"cube": [
		{
			"kf001": {
				"key": "00O2TK9973U27QURA1OM4VEXA",
				"unit": ""
			},
			"kf002": {
				"key": "00O2TK9973U27QURA1OM4VL8U",
				"unit": ""
			},
			"kf003": {
				"key": "00O2TK9973U27QURA1OM4VRKE",
				"unit": ""
			},
			"kf004": {
				"key": "00O2TK9973U27QURA1OM4VXVY",
				"unit": ""
			},
			"kf005": {
				"key": "00O2TK9973U27QURA1OM4W47I",
				"unit": ""
			},
			"kf006": {
				"key": "00O2TK9973U27QURA1OM4WAJ2",
				"unit": ""
			},
			"kf007": {
				"key": "00O2TK9973U27QURA1OM4WGUM",
				"unit": ""
			}
		}
	],
	"filters": [
		{
			"id": "0COMP_CODE",
			"from": {
				"key": "0196",
				"value": "Bayer/Venezuela"
			},
			"to": {
				"key": "",
				"to": ""
			}
		},
		{
			"id": "0CS_CHART",
			"from": {
				"key": "BI",
				"value": "BI"
			},
			"to": {
				"key": "",
				"to": ""
			}
		},
		{
			"id": "0CURTYPE",
			"from": {
				"key": "10",
				"value": "Company code currency"
			},
			"to": {
				"key": "",
				"to": ""
			}
		},
		{
			"id": "0FISCVARNT",
			"from": {
				"key": "K1",
				"value": "Calendar year, 1 spec. period"
			},
			"to": {
				"key": "",
				"to": ""
			}
		},
		{
			"id": "0G_CWW007",
			"from": {
				"key": "20",
				"value": "External"
			},
			"to": {
				"key": "",
				"to": ""
			}
		},
		{
			"id": "0IOBJSV",
			"from": {
				"key": "#",
				"value": "Not assigned"
			},
			"to": {
				"key": "",
				"to": ""
			}
		},
		{
			"id": "0IOBJSV",
			"from": {
				"key": "0PSG",
				"value": "Profit. segment"
			},
			"to": {
				"key": "",
				"to": ""
			}
		},
		{
			"id": "0VALUATION",
			"from": {
				"key": "#",
				"value": "Legal Valuation"
			},
			"to": {
				"key": "",
				"to": ""
			}
		},
		{
			"id": "0VERSION",
			"from": {
				"key": "#",
				"value": "Not assigned"
			},
			"to": {
				"key": "",
				"to": ""
			}
		},
		{
			"id": "0VERSION",
			"from": {
				"key": "0",
				"value": "Plan/actual version"
			},
			"to": {
				"key": "",
				"to": ""
			}
		},
		{
			"id": "0VERSION",
			"from": {
				"key": "FC3",
				"value": "Forecast 3"
			},
			"to": {
				"key": "",
				"to": ""
			}
		},
		{
			"id": "0VERSION",
			"from": {
				"key": "FC1",
				"value": "Forecast 1"
			},
			"to": {
				"key": "",
				"to": ""
			}
		},
		{
			"id": "0VERSION",
			"from": {
				"key": "FC2",
				"value": "Forecast 2"
			},
			"to": {
				"key": "",
				"to": ""
			}
		},
		{
			"id": "DRESPO__D_CV0",
			"from": {
				"key": "LS",
				"value": "Bayer Group"
			},
			"to": {
				"key": "",
				"to": ""
			}
		},
		{
			"id": "D_XNETSAL",
			"from": {
				"key": "X",
				"value": "YES"
			},
			"to": {
				"key": "",
				"to": ""
			}
		}
	],
	"variables": [
		{
			"id": "DCURRENCY_CDSOI01",
			"from": {
				"key": "EUR",
				"value": "Euro"
			},
			"to": {
				"key": "",
				"to": ""
			}
		},
		{
			"id": "D0FISCPER3_CXSOL02",
			"from": {
				"key": "7",
				"value": "Jul"
			},
			"to": {
				"key": "",
				"to": ""
			}
		},
		{
			"id": "D0FISCYEAR_CXSOL02",
			"from": {
				"key": "2018",
				"value": "Calendar year, 1 spec. period 2018"
			},
			"to": {
				"key": "",
				"to": ""
			}
		},
		{
			"id": "DZINFOPROV_CXOOL07",
			"from": {
				"key": "DA_CDCALF",
				"value": ""
			},
			"to": {
				"key": "",
				"to": ""
			}
		},
		{
			"id": "DZINFOPROV_CXOOL07",
			"from": {
				"key": "COPADPF",
				"value": ""
			},
			"to": {
				"key": "",
				"to": ""
			}
		},
		{
			"id": "DZINFOPROV_CXOOL07",
			"from": {
				"key": "COPACSP",
				"value": ""
			},
			"to": {
				"key": "",
				"to": ""
			}
		},
		{
			"id": "DZINFOPROV_CXOOL07",
			"from": {
				"key": "COPACCPCF",
				"value": ""
			},
			"to": {
				"key": "",
				"to": ""
			}
		},
		{
			"id": "DZINFOPROV_CXOOL07",
			"from": {
				"key": "BKA_CPRKF",
				"value": ""
			},
			"to": {
				"key": "",
				"to": ""
			}
		},
		{
			"id": "D0DATE_CXSOI01",
			"from": {
				"key": "16.07.2018",
				"value": ""
			},
			"to": {
				"key": "",
				"to": ""
			}
		},
		{
			"id": "Z0COND_FDSOI01",
			"from": {
				"key": "10",
				"value": "10"
			},
			"to": {
				"key": "",
				"to": ""
			}
		},
		{
			"id": "DREQSTAT_CDSOI01",
			"from": {
				"key": "R",
				"value": "released"
			},
			"to": {
				"key": "",
				"to": ""
			}
		},
		{
			"id": "DDIMKKAX_HDSOI02",
			"from": {
				"key": "WORLD",
				"value": "Bayer Group"
			},
			"to": {
				"key": "0HIER_NODE",
				"to": ""
			}
		},
		{
			"id": "DD_GCLCREP_CXOOL01",
			"from": {
				"key": "#",
				"value": "Not assigned"
			},
			"to": {
				"key": "",
				"to": ""
			}
		},
		{
			"id": "DD_GCLCREP_CXOOL01",
			"from": {
				"key": "#",
				"value": "Not assigned"
			},
			"to": {
				"key": "",
				"to": ""
			}
		},
		{
			"id": "DD_GCLCREP_CXOOL01",
			"from": {
				"key": "GC",
				"value": "Group Currency"
			},
			"to": {
				"key": "",
				"to": ""
			}
		},
		{
			"id": "DD_GCLCREP_CXOOL01",
			"from": {
				"key": "ALL",
				"value": "ALL"
			},
			"to": {
				"key": "",
				"to": ""
			}
		},
		{
			"id": "DZMRSC_CXOOL01",
			"from": {
				"key": "MON",
				"value": "Monsanto"
			},
			"to": {
				"key": "",
				"to": ""
			}
		}
	],
	"error": false
}