{
	"version": "",
	"title": "BP1 Daily Sales by Customer",
	"id": "SOA00_COPAPRP03_QS052",
	"infocube": "COPAPRP03",
	"creator": "WDELL",
	"creationDate": "2018-06-07",
	"creationTime": "11:50:45",
	"lastChanger": "BEHRI",
	"changeDate": "2018-06-07",
	"changeTime": "11:50:45",
	"lastQueryExecutionDate": "2018-07-17",
	"lastQueryExecutionTime": "20:59:51",
	"available": true,
	"infoobjects": [
		{
			"id": "DRESPO__DIMKKA1",
			"infoobject": "DRESPO__DIMKKA1",
			"name": "BSV Lvl 1",
			"descript": "BSV Lvl 1",
			"position": "0001",
			"initialdisplay": "false",
			"isstructure": "false",
			"IS_FILTER": "false",
			"laytp": "AGG",
			"attribute": ""
		},
		{
			"id": "DRESPO__DIMKKA10",
			"infoobject": "DRESPO__DIMKKA10",
			"name": "BSV Lvl 10",
			"descript": "BSV Lvl 10",
			"position": "0002",
			"initialdisplay": "false",
			"isstructure": "false",
			"IS_FILTER": "false",
			"laytp": "AGG",
			"attribute": ""
		},
		{
			"id": "DRESPO__DIMKKA2",
			"infoobject": "DRESPO__DIMKKA2",
			"name": "BSV Lvl 2",
			"descript": "BSV Lvl 2",
			"position": "0003",
			"initialdisplay": "false",
			"isstructure": "false",
			"IS_FILTER": "false",
			"laytp": "AGG",
			"attribute": ""
		},
		{
			"id": "DRESPO__DIMKKA3",
			"infoobject": "DRESPO__DIMKKA3",
			"name": "BSV Lvl 3",
			"descript": "BSV Lvl 3",
			"position": "0004",
			"initialdisplay": "false",
			"isstructure": "false",
			"IS_FILTER": "false",
			"laytp": "AGG",
			"attribute": ""
		},
		{
			"id": "DRESPO__DIMKKA4",
			"infoobject": "DRESPO__DIMKKA4",
			"name": "BSV Lvl 4",
			"descript": "BSV Lvl 4",
			"position": "0005",
			"initialdisplay": "false",
			"isstructure": "false",
			"IS_FILTER": "false",
			"laytp": "AGG",
			"attribute": ""
		},
		{
			"id": "DRESPO__DIMKKA5",
			"infoobject": "DRESPO__DIMKKA5",
			"name": "BSV Lvl 5",
			"descript": "BSV Lvl 5",
			"position": "0006",
			"initialdisplay": "false",
			"isstructure": "false",
			"IS_FILTER": "false",
			"laytp": "AGG",
			"attribute": ""
		},
		{
			"id": "DRESPO__DIMKKA6",
			"infoobject": "DRESPO__DIMKKA6",
			"name": "BSV Lvl 6",
			"descript": "BSV Lvl 6",
			"position": "0007",
			"initialdisplay": "false",
			"isstructure": "false",
			"IS_FILTER": "false",
			"laytp": "AGG",
			"attribute": ""
		},
		{
			"id": "DRESPO__DIMKKA7",
			"infoobject": "DRESPO__DIMKKA7",
			"name": "BSV Lvl 7",
			"descript": "BSV Lvl 7",
			"position": "0008",
			"initialdisplay": "false",
			"isstructure": "false",
			"IS_FILTER": "false",
			"laytp": "AGG",
			"attribute": ""
		},
		{
			"id": "DRESPO__DIMKKA8",
			"infoobject": "DRESPO__DIMKKA8",
			"name": "BSV Lvl 8",
			"descript": "BSV Lvl 8",
			"position": "0009",
			"initialdisplay": "false",
			"isstructure": "false",
			"IS_FILTER": "false",
			"laytp": "AGG",
			"attribute": ""
		},
		{
			"id": "DRESPO__DIMKKA9",
			"infoobject": "DRESPO__DIMKKA9",
			"name": "BSV Lvl 9",
			"descript": "BSV Lvl 9",
			"position": "0010",
			"initialdisplay": "false",
			"isstructure": "false",
			"IS_FILTER": "false",
			"laytp": "AGG",
			"attribute": ""
		},
		{
			"id": "DRESPO__DIMKKACG",
			"infoobject": "DRESPO__DIMKKACG",
			"name": "BSV CG",
			"descript": "BSV CG",
			"position": "0011",
			"initialdisplay": "false",
			"isstructure": "false",
			"IS_FILTER": "false",
			"laytp": "AGG",
			"attribute": ""
		},
		{
			"id": "DRESPO__DSBE",
			"infoobject": "DRESPO__DSBE",
			"name": "CV 6 SBE",
			"descript": "CV 6 SBE",
			"position": "0012",
			"initialdisplay": "false",
			"isstructure": "false",
			"IS_FILTER": "false",
			"laytp": "AGG",
			"attribute": ""
		},
		{
			"id": "DRESPO__DRU",
			"infoobject": "DRESPO__DRU",
			"name": "CV 7 Reporting Unit",
			"descript": "CV 7 Reporting Unit",
			"position": "0013",
			"initialdisplay": "false",
			"isstructure": "false",
			"IS_FILTER": "false",
			"laytp": "AGG",
			"attribute": ""
		},
		{
			"id": "DRESPO__DBRANDF",
			"infoobject": "DRESPO__DBRANDF",
			"name": "CV Brand Family",
			"descript": "CV Brand Family",
			"position": "0014",
			"initialdisplay": "false",
			"isstructure": "false",
			"IS_FILTER": "false",
			"laytp": "AGG",
			"attribute": ""
		},
		{
			"id": "0CUSTOMER",
			"infoobject": "0CUSTOMER",
			"name": "Customer",
			"descript": "Customer",
			"position": "0015",
			"initialdisplay": "false",
			"isstructure": "false",
			"IS_FILTER": "false",
			"laytp": "AGG",
			"attribute": ""
		},
		{
			"id": "DCTRY_FD",
			"infoobject": "DCTRY_FD",
			"name": "Country final-dest.",
			"descript": "Country final-dest.",
			"position": "0016",
			"initialdisplay": "false",
			"isstructure": "false",
			"IS_FILTER": "false",
			"laytp": "AGG",
			"attribute": ""
		},
		{
			"id": "DRESPO__DK_GB",
			"infoobject": "DRESPO__DK_GB",
			"name": "CV 5 Business Group",
			"descript": "CV 5 Business Group",
			"position": "0017",
			"initialdisplay": "false",
			"isstructure": "false",
			"IS_FILTER": "false",
			"laytp": "AGG",
			"attribute": ""
		},
		{
			"id": "DRESPO__DBRAND",
			"infoobject": "DRESPO__DBRAND",
			"name": "CV Brand",
			"descript": "CV Brand",
			"position": "0018",
			"initialdisplay": "false",
			"isstructure": "false",
			"IS_FILTER": "false",
			"laytp": "AGG",
			"attribute": ""
		},
		{
			"id": "DRESPO__DIMKKAX",
			"infoobject": "DRESPO__DIMKKAX",
			"name": "BSV: Hierarchy",
			"descript": "BSV: Hierarchy",
			"position": "0019",
			"initialdisplay": "false",
			"ishierarchy": "true",
			"hierarchy": {
				"id": "BSV_HIER_DRESPO",
				"name": "",
				"level": "12"
			},
			"hienmdesc": "",
			"hienmlevel": "12",
			"isstructure": "false",
			"IS_FILTER": "false",
			"laytp": "AGG",
			"attribute": ""
		},
		{
			"id": "DRESPO__DPC_CV",
			"infoobject": "DRESPO__DPC_CV",
			"name": "CV 8 Profitcenter",
			"descript": "CV 8 Profitcenter",
			"position": "0020",
			"initialdisplay": "false",
			"isstructure": "false",
			"IS_FILTER": "false",
			"laytp": "AGG",
			"attribute": ""
		},
		{
			"id": "DRESPO__DBRANDG",
			"infoobject": "DRESPO__DBRANDG",
			"name": "Add. Grouping",
			"descript": "Add. Grouping",
			"position": "0021",
			"initialdisplay": "false",
			"isstructure": "false",
			"IS_FILTER": "false",
			"laytp": "AGG",
			"attribute": ""
		},
		{
			"id": "DRESPO__DMUSTW1",
			"infoobject": "DRESPO__DMUSTW1",
			"name": "CV Brand Attribute",
			"descript": "CV Brand Attribute",
			"position": "0022",
			"initialdisplay": "false",
			"isstructure": "false",
			"IS_FILTER": "false",
			"laytp": "AGG",
			"attribute": ""
		},
		{
			"id": "DRESPO__DMUSTW2",
			"infoobject": "DRESPO__DMUSTW2",
			"name": "CV Country Attribute",
			"descript": "CV Country Attribute",
			"position": "0023",
			"initialdisplay": "false",
			"isstructure": "false",
			"IS_FILTER": "false",
			"laytp": "AGG",
			"attribute": ""
		},
		{
			"id": "DRESPO__DMVIEW",
			"infoobject": "DRESPO__DMVIEW",
			"name": "CV Brand / Country",
			"descript": "CV Brand / Country",
			"position": "0024",
			"initialdisplay": "false",
			"isstructure": "false",
			"IS_FILTER": "false",
			"laytp": "AGG",
			"attribute": ""
		},
		{
			"id": "DRESPO__DCOREPIO1",
			"infoobject": "DRESPO__DCOREPIO1",
			"name": "CSV Loc. St. Vw. Typ",
			"descript": "CSV Loc. St. Vw. Typ",
			"position": "0025",
			"initialdisplay": "false",
			"isstructure": "false",
			"IS_FILTER": "false",
			"laytp": "AGG",
			"attribute": ""
		},
		{
			"id": "DRESPO__DCOREBIO1",
			"infoobject": "DRESPO__DCOREBIO1",
			"name": "CSV Loc Brand FamTyp",
			"descript": "CSV Loc Brand FamTyp",
			"position": "0026",
			"initialdisplay": "false",
			"isstructure": "false",
			"IS_FILTER": "false",
			"laytp": "AGG",
			"attribute": ""
		},
		{
			"id": "DRESPO__DCOREBIO2",
			"infoobject": "DRESPO__DCOREBIO2",
			"name": "CSV Loc. Brand Type",
			"descript": "CSV Loc. Brand Type",
			"position": "0027",
			"initialdisplay": "false",
			"isstructure": "false",
			"IS_FILTER": "false",
			"laytp": "AGG",
			"attribute": ""
		},
		{
			"id": "DRESPO__DCOREPSV1",
			"infoobject": "DRESPO__DCOREPSV1",
			"name": "CSV Loc. Steer. View",
			"descript": "CSV Loc. Steer. View",
			"position": "0028",
			"initialdisplay": "false",
			"isstructure": "false",
			"IS_FILTER": "false",
			"laytp": "AGG",
			"attribute": ""
		},
		{
			"id": "DRESPO__DCOREBSV1",
			"infoobject": "DRESPO__DCOREBSV1",
			"name": "CSV Loc. Brand Fam.",
			"descript": "CSV Loc. Brand Fam.",
			"position": "0029",
			"initialdisplay": "false",
			"isstructure": "false",
			"IS_FILTER": "false",
			"laytp": "AGG",
			"attribute": ""
		},
		{
			"id": "DRESPO__DCOREBSV2",
			"infoobject": "DRESPO__DCOREBSV2",
			"name": "CSV Local Brand",
			"descript": "CSV Local Brand",
			"position": "0030",
			"initialdisplay": "false",
			"isstructure": "false",
			"IS_FILTER": "false",
			"laytp": "AGG",
			"attribute": ""
		},
		{
			"id": "D_COREC__DCORECIO1",
			"infoobject": "D_COREC__DCORECIO1",
			"name": "CSV Loc. Channel Typ",
			"descript": "CSV Loc. Channel Typ",
			"position": "0031",
			"initialdisplay": "false",
			"isstructure": "false",
			"IS_FILTER": "false",
			"laytp": "AGG",
			"attribute": ""
		},
		{
			"id": "D_COREC__DCORECSV1",
			"infoobject": "D_COREC__DCORECSV1",
			"name": "CSV Local Channel",
			"descript": "CSV Local Channel",
			"position": "0032",
			"initialdisplay": "false",
			"isstructure": "false",
			"IS_FILTER": "false",
			"laytp": "AGG",
			"attribute": ""
		},
		{
			"id": "D_COREC__DCORECIO2",
			"infoobject": "D_COREC__DCORECIO2",
			"name": "CSV Loc.Sub.Chan.Typ",
			"descript": "CSV Loc.Sub.Chan.Typ",
			"position": "0033",
			"initialdisplay": "false",
			"isstructure": "false",
			"IS_FILTER": "false",
			"laytp": "AGG",
			"attribute": ""
		},
		{
			"id": "D_COREC__DCORECSV2",
			"infoobject": "D_COREC__DCORECSV2",
			"name": "CSV Local Subchannel",
			"descript": "CSV Local Subchannel",
			"position": "0034",
			"initialdisplay": "false",
			"isstructure": "false",
			"IS_FILTER": "false",
			"laytp": "AGG",
			"attribute": ""
		},
		{
			"id": "0MATERIAL",
			"infoobject": "0MATERIAL",
			"name": "Material",
			"descript": "Material",
			"position": "0035",
			"initialdisplay": "false",
			"isstructure": "false",
			"IS_FILTER": "false",
			"laytp": "AGG",
			"attribute": ""
		},
		{
			"id": "00O2TK9973U27QURA1OM4UCZY",
			"infoobject": "00O2TK9973U27QURA1OM4UCZY",
			"name": "ROI: DS KF Structure",
			"descript": "ROI: DS KF Structure",
			"position": "0001",
			"initialdisplay": "true",
			"isstructure": "true",
			"IS_FILTER": "false",
			"laytp": "COL",
			"attribute": ""
		},
		{
			"id": "DCTRY_FDA",
			"infoobject": "DCTRY_FDA",
			"name": "Country final-dest.",
			"descript": "Country final-dest.",
			"position": "0001",
			"initialdisplay": "false",
			"isstructure": "false",
			"IS_FILTER": "true",
			"laytp": "FIX",
			"attribute": ""
		},
		{
			"id": "0INFOPROV",
			"infoobject": "0INFOPROV",
			"name": "InfoProvider",
			"descript": "InfoProvider",
			"position": "0002",
			"initialdisplay": "false",
			"isstructure": "false",
			"IS_FILTER": "true",
			"laytp": "FIX",
			"attribute": ""
		},
		{
			"id": "DREQSTAT",
			"infoobject": "DREQSTAT",
			"name": "Status of Reporting",
			"descript": "Status of Reporting",
			"position": "0003",
			"initialdisplay": "false",
			"isstructure": "false",
			"IS_FILTER": "true",
			"laytp": "FIX",
			"attribute": ""
		},
		{
			"id": "0VALUATION",
			"infoobject": "0VALUATION",
			"name": "Valuation view",
			"descript": "Valuation view",
			"position": "0004",
			"initialdisplay": "false",
			"isstructure": "false",
			"IS_FILTER": "true",
			"laytp": "FIX",
			"attribute": ""
		},
		{
			"id": "D_GCLCREP",
			"infoobject": "D_GCLCREP",
			"name": "GC/LC Reporting",
			"descript": "GC/LC Reporting",
			"position": "0005",
			"initialdisplay": "false",
			"isstructure": "false",
			"IS_FILTER": "true",
			"laytp": "FIX",
			"attribute": ""
		},
		{
			"id": "0CS_CHART",
			"infoobject": "0CS_CHART",
			"name": "Cons Chart of Accts",
			"descript": "Cons Chart of Accts",
			"position": "0006",
			"initialdisplay": "false",
			"isstructure": "false",
			"IS_FILTER": "true",
			"laytp": "FIX",
			"attribute": ""
		},
		{
			"id": "0VERSION",
			"infoobject": "0VERSION",
			"name": "Version",
			"descript": "Version",
			"position": "0007",
			"initialdisplay": "false",
			"isstructure": "false",
			"IS_FILTER": "true",
			"laytp": "FIX",
			"attribute": ""
		},
		{
			"id": "0CURTYPE",
			"infoobject": "0CURTYPE",
			"name": "Currency Type",
			"descript": "Currency Type",
			"position": "0008",
			"initialdisplay": "false",
			"isstructure": "false",
			"IS_FILTER": "true",
			"laytp": "FIX",
			"attribute": ""
		},
		{
			"id": "0IOBJSV",
			"infoobject": "0IOBJSV",
			"name": "Object Type",
			"descript": "Object Type",
			"position": "0009",
			"initialdisplay": "false",
			"isstructure": "false",
			"IS_FILTER": "true",
			"laytp": "FIX",
			"attribute": ""
		},
		{
			"id": "0G_CWW007",
			"infoobject": "0G_CWW007",
			"name": "Transaction code",
			"descript": "Transaction code",
			"position": "0010",
			"initialdisplay": "false",
			"isstructure": "false",
			"IS_FILTER": "true",
			"laytp": "FIX",
			"attribute": ""
		},
		{
			"id": "D_XNETSAL",
			"infoobject": "D_XNETSAL",
			"name": "ZT: Net Sales Ind",
			"descript": "ZT: Net Sales Ind",
			"position": "0011",
			"initialdisplay": "false",
			"isstructure": "false",
			"IS_FILTER": "true",
			"laytp": "FIX",
			"attribute": ""
		},
		{
			"id": "0FISCPER3",
			"infoobject": "0FISCPER3",
			"name": "Posting period",
			"descript": "Posting period",
			"position": "0012",
			"initialdisplay": "false",
			"isstructure": "false",
			"IS_FILTER": "true",
			"laytp": "FIX",
			"attribute": ""
		},
		{
			"id": "0FISCVARNT",
			"infoobject": "0FISCVARNT",
			"name": "Fiscal Year Variant",
			"descript": "Fiscal Year Variant",
			"position": "0013",
			"initialdisplay": "false",
			"isstructure": "false",
			"IS_FILTER": "true",
			"laytp": "FIX",
			"attribute": ""
		},
		{
			"id": "0FISCYEAR",
			"infoobject": "0FISCYEAR",
			"name": "Fiscal year",
			"descript": "Fiscal year",
			"position": "0014",
			"initialdisplay": "false",
			"isstructure": "false",
			"IS_FILTER": "true",
			"laytp": "FIX",
			"attribute": ""
		},
		{
			"id": "DRESPO__D_CV0",
			"infoobject": "DRESPO__D_CV0",
			"name": "CV 0 Life Sciene",
			"descript": "CV 0 Life Sciene",
			"position": "0015",
			"initialdisplay": "false",
			"isstructure": "false",
			"IS_FILTER": "true",
			"laytp": "FIX",
			"attribute": ""
		},
		{
			"id": "0COMP_CODE",
			"infoobject": "0COMP_CODE",
			"name": "Company code",
			"descript": "Company code",
			"position": "0016",
			"initialdisplay": "false",
			"isstructure": "false",
			"IS_FILTER": "true",
			"laytp": "FIX",
			"attribute": ""
		}
	],
	"variables": [
		{
			"id": "D0COUNTRY_CXOOIFE",
			"name": "Country",
			"infoobject": {
				"id": "DCTRY_FD",
				"name": "Country final-dest."
			},
			"type": "1",
			"typetext": "Characteristic value",
			"processtype": "3",
			"processtypetext": "Customer exit",
			"parsel": "S",
			"parseltext": "Selection option",
			"input": true,
			"mandatory": false,
			"entrytype": "0",
			"entrytypetext": "Optional Variable Entry",
			"dynchange": "",
			"flags": {
				"lh": "0",
				"r": "0"
			},
			"value": "",
			"highvalue": ""
		},
		{
			"id": "D0CUSTOMER_CDOOI",
			"name": "Customer",
			"infoobject": {
				"id": "0CUSTOMER",
				"name": "Customer"
			},
			"type": "1",
			"typetext": "Characteristic value",
			"processtype": "5",
			"processtypetext": "User entry / default value",
			"parsel": "S",
			"parseltext": "Selection option",
			"input": true,
			"mandatory": false,
			"entrytype": "0",
			"entrytypetext": "Optional Variable Entry",
			"dynchange": "",
			"flags": {
				"lh": "0",
				"r": "0"
			},
			"value": "",
			"highvalue": ""
		},
		{
			"id": "D0DATE_CXSOI01",
			"name": "Previous Date (Working Day)",
			"infoobject": {
				"id": "0DATE",
				"name": "Date"
			},
			"type": "1",
			"typetext": "Characteristic value",
			"processtype": "3",
			"processtypetext": "Customer exit",
			"parsel": "P",
			"parseltext": "Single value (parameters)",
			"input": true,
			"mandatory": false,
			"entrytype": "0",
			"entrytypetext": "Optional Variable Entry",
			"dynchange": "",
			"flags": {
				"lh": "0",
				"r": "0"
			},
			"value": "",
			"highvalue": ""
		},
		{
			"id": "D0MATERIAL_CDOOI",
			"name": "Material",
			"infoobject": {
				"id": "0MATERIAL",
				"name": "Material"
			},
			"type": "1",
			"typetext": "Characteristic value",
			"processtype": "5",
			"processtypetext": "User entry / default value",
			"parsel": "S",
			"parseltext": "Selection option",
			"input": true,
			"mandatory": false,
			"entrytype": "0",
			"entrytypetext": "Optional Variable Entry",
			"dynchange": "",
			"flags": {
				"lh": "0",
				"r": "0"
			},
			"value": "",
			"highvalue": ""
		},
		{
			"id": "DCURRENCY_CDSOI01",
			"name": "Target Currency",
			"infoobject": {
				"id": "0CURRENCY",
				"name": "Currency"
			},
			"type": "1",
			"typetext": "Characteristic value",
			"processtype": "5",
			"processtypetext": "User entry / default value",
			"parsel": "P",
			"parseltext": "Single value (parameters)",
			"input": true,
			"mandatory": true,
			"entrytype": "1",
			"entrytypetext": "Mandatory Variable Entry",
			"dynchange": "",
			"flags": {
				"lh": "0",
				"r": "0"
			},
			"value": "EUR",
			"highvalue": ""
		},
		{
			"id": "DDBRAND_CDOOI",
			"name": "Global Brand",
			"infoobject": {
				"id": "DRESPO__DBRAND",
				"name": "CV Brand"
			},
			"type": "1",
			"typetext": "Characteristic value",
			"processtype": "5",
			"processtypetext": "User entry / default value",
			"parsel": "S",
			"parseltext": "Selection option",
			"input": true,
			"mandatory": false,
			"entrytype": "0",
			"entrytypetext": "Optional Variable Entry",
			"dynchange": "",
			"flags": {
				"lh": "0",
				"r": "0"
			},
			"value": "",
			"highvalue": ""
		},
		{
			"id": "DDIMKKA10_CDOOSI01",
			"name": "BSV Lvl 10",
			"infoobject": {
				"id": "DRESPO__DIMKKA10",
				"name": "BSV Lvl 10"
			},
			"type": "1",
			"typetext": "Characteristic value",
			"processtype": "5",
			"processtypetext": "User entry / default value",
			"parsel": "S",
			"parseltext": "Selection option",
			"input": true,
			"mandatory": false,
			"entrytype": "0",
			"entrytypetext": "Optional Variable Entry",
			"dynchange": "",
			"flags": {
				"lh": "0",
				"r": "0"
			},
			"value": "",
			"highvalue": ""
		},
		{
			"id": "DDIMKKA1_CDOOI01",
			"name": "BSV Lvl 1",
			"infoobject": {
				"id": "DRESPO__DIMKKA1",
				"name": "BSV Lvl 1"
			},
			"type": "1",
			"typetext": "Characteristic value",
			"processtype": "5",
			"processtypetext": "User entry / default value",
			"parsel": "S",
			"parseltext": "Selection option",
			"input": true,
			"mandatory": false,
			"entrytype": "0",
			"entrytypetext": "Optional Variable Entry",
			"dynchange": "",
			"flags": {
				"lh": "0",
				"r": "0"
			},
			"value": "",
			"highvalue": ""
		},
		{
			"id": "DDIMKKA2_CDOOI01",
			"name": "BSV Lvl 2",
			"infoobject": {
				"id": "DRESPO__DIMKKA2",
				"name": "BSV Lvl 2"
			},
			"type": "1",
			"typetext": "Characteristic value",
			"processtype": "5",
			"processtypetext": "User entry / default value",
			"parsel": "S",
			"parseltext": "Selection option",
			"input": true,
			"mandatory": false,
			"entrytype": "0",
			"entrytypetext": "Optional Variable Entry",
			"dynchange": "",
			"flags": {
				"lh": "0",
				"r": "0"
			},
			"value": "",
			"highvalue": ""
		},
		{
			"id": "DDIMKKA3_CDOOI01",
			"name": "BSV Lvl 3",
			"infoobject": {
				"id": "DRESPO__DIMKKA3",
				"name": "BSV Lvl 3"
			},
			"type": "1",
			"typetext": "Characteristic value",
			"processtype": "5",
			"processtypetext": "User entry / default value",
			"parsel": "S",
			"parseltext": "Selection option",
			"input": true,
			"mandatory": false,
			"entrytype": "0",
			"entrytypetext": "Optional Variable Entry",
			"dynchange": "",
			"flags": {
				"lh": "0",
				"r": "0"
			},
			"value": "",
			"highvalue": ""
		},
		{
			"id": "DDIMKKA4_CDOOI01",
			"name": "BSV Lvl 4",
			"infoobject": {
				"id": "DRESPO__DIMKKA4",
				"name": "BSV Lvl 4"
			},
			"type": "1",
			"typetext": "Characteristic value",
			"processtype": "5",
			"processtypetext": "User entry / default value",
			"parsel": "S",
			"parseltext": "Selection option",
			"input": true,
			"mandatory": false,
			"entrytype": "0",
			"entrytypetext": "Optional Variable Entry",
			"dynchange": "",
			"flags": {
				"lh": "0",
				"r": "0"
			},
			"value": "",
			"highvalue": ""
		},
		{
			"id": "DDIMKKA5_CDOOI01",
			"name": "BSV Lvl 5",
			"infoobject": {
				"id": "DRESPO__DIMKKA5",
				"name": "BSV Lvl 5"
			},
			"type": "1",
			"typetext": "Characteristic value",
			"processtype": "5",
			"processtypetext": "User entry / default value",
			"parsel": "S",
			"parseltext": "Selection option",
			"input": true,
			"mandatory": false,
			"entrytype": "0",
			"entrytypetext": "Optional Variable Entry",
			"dynchange": "",
			"flags": {
				"lh": "0",
				"r": "0"
			},
			"value": "",
			"highvalue": ""
		},
		{
			"id": "DDIMKKA6_CDOOI01",
			"name": "BSV Lvl 6",
			"infoobject": {
				"id": "DRESPO__DIMKKA6",
				"name": "BSV Lvl 6"
			},
			"type": "1",
			"typetext": "Characteristic value",
			"processtype": "5",
			"processtypetext": "User entry / default value",
			"parsel": "S",
			"parseltext": "Selection option",
			"input": true,
			"mandatory": false,
			"entrytype": "0",
			"entrytypetext": "Optional Variable Entry",
			"dynchange": "",
			"flags": {
				"lh": "0",
				"r": "0"
			},
			"value": "",
			"highvalue": ""
		},
		{
			"id": "DDIMKKA7_CDOOI01",
			"name": "BSV Lvl 7",
			"infoobject": {
				"id": "DRESPO__DIMKKA7",
				"name": "BSV Lvl 7"
			},
			"type": "1",
			"typetext": "Characteristic value",
			"processtype": "5",
			"processtypetext": "User entry / default value",
			"parsel": "S",
			"parseltext": "Selection option",
			"input": true,
			"mandatory": false,
			"entrytype": "0",
			"entrytypetext": "Optional Variable Entry",
			"dynchange": "",
			"flags": {
				"lh": "0",
				"r": "0"
			},
			"value": "",
			"highvalue": ""
		},
		{
			"id": "DDIMKKA8_CDOOI01",
			"name": "BSV Lvl 8",
			"infoobject": {
				"id": "DRESPO__DIMKKA8",
				"name": "BSV Lvl 8"
			},
			"type": "1",
			"typetext": "Characteristic value",
			"processtype": "5",
			"processtypetext": "User entry / default value",
			"parsel": "S",
			"parseltext": "Selection option",
			"input": true,
			"mandatory": false,
			"entrytype": "0",
			"entrytypetext": "Optional Variable Entry",
			"dynchange": "",
			"flags": {
				"lh": "0",
				"r": "0"
			},
			"value": "",
			"highvalue": ""
		},
		{
			"id": "DDIMKKA9_CDOOSI01",
			"name": "BSV Lvl 9",
			"infoobject": {
				"id": "DRESPO__DIMKKA9",
				"name": "BSV Lvl 9"
			},
			"type": "1",
			"typetext": "Characteristic value",
			"processtype": "5",
			"processtypetext": "User entry / default value",
			"parsel": "S",
			"parseltext": "Selection option",
			"input": true,
			"mandatory": false,
			"entrytype": "0",
			"entrytypetext": "Optional Variable Entry",
			"dynchange": "",
			"flags": {
				"lh": "0",
				"r": "0"
			},
			"value": "",
			"highvalue": ""
		},
		{
			"id": "DDIMKKAX_HDSOI02",
			"name": "DIMKKAX HierNode selection",
			"infoobject": {
				"id": "DRESPO__DIMKKAX",
				"name": "BSV: Hierarchy"
			},
			"type": "2",
			"typetext": "Hierarchy nodes",
			"processtype": "5",
			"processtypetext": "User entry / default value",
			"parsel": "P",
			"parseltext": "Single value (parameters)",
			"input": true,
			"mandatory": false,
			"entrytype": "0",
			"entrytypetext": "Optional Variable Entry",
			"dynchange": "",
			"flags": {
				"lh": "0",
				"r": "0"
			},
			"value": "WORLD",
			"highvalue": "0HIER_NODE"
		},
		{
			"id": "DDK_GB_CDOOI",
			"name": "CV 5 Business Group",
			"infoobject": {
				"id": "DRESPO__DK_GB",
				"name": "CV 5 Business Group"
			},
			"type": "1",
			"typetext": "Characteristic value",
			"processtype": "5",
			"processtypetext": "User entry / default value",
			"parsel": "S",
			"parseltext": "Selection option",
			"input": true,
			"mandatory": false,
			"entrytype": "0",
			"entrytypetext": "Optional Variable Entry",
			"dynchange": "",
			"flags": {
				"lh": "0",
				"r": "0"
			},
			"value": "",
			"highvalue": ""
		},
		{
			"id": "DDRESPO_DBRANDF_CDSOI01",
			"name": "CV GI. Brand Family",
			"infoobject": {
				"id": "DRESPO__DBRANDF",
				"name": "CV Brand Family"
			},
			"type": "1",
			"typetext": "Characteristic value",
			"processtype": "5",
			"processtypetext": "User entry / default value",
			"parsel": "S",
			"parseltext": "Selection option",
			"input": true,
			"mandatory": false,
			"entrytype": "0",
			"entrytypetext": "Optional Variable Entry",
			"dynchange": "",
			"flags": {
				"lh": "0",
				"r": "0"
			},
			"value": "",
			"highvalue": ""
		},
		{
			"id": "DIMKKACG_CDOOSI01",
			"name": "Business Steering View Country Group",
			"infoobject": {
				"id": "DRESPO__DIMKKACG",
				"name": "BSV CG"
			},
			"type": "1",
			"typetext": "Characteristic value",
			"processtype": "5",
			"processtypetext": "User entry / default value",
			"parsel": "S",
			"parseltext": "Selection option",
			"input": true,
			"mandatory": false,
			"entrytype": "0",
			"entrytypetext": "Optional Variable Entry",
			"dynchange": "",
			"flags": {
				"lh": "0",
				"r": "0"
			},
			"value": "",
			"highvalue": ""
		},
		{
			"id": "DRESPO_DPC_CV_CDOOI",
			"name": "CV 8 Profitcenter",
			"infoobject": {
				"id": "DRESPO__DPC_CV",
				"name": "CV 8 Profitcenter"
			},
			"type": "1",
			"typetext": "Characteristic value",
			"processtype": "5",
			"processtypetext": "User entry / default value",
			"parsel": "S",
			"parseltext": "Selection option",
			"input": true,
			"mandatory": false,
			"entrytype": "0",
			"entrytypetext": "Optional Variable Entry",
			"dynchange": "",
			"flags": {
				"lh": "0",
				"r": "0"
			},
			"value": "",
			"highvalue": ""
		},
		{
			"id": "DRESPO_DSBE_CDOOI",
			"name": "CV 6 SBE",
			"infoobject": {
				"id": "DRESPO__DSBE",
				"name": "CV 6 SBE"
			},
			"type": "1",
			"typetext": "Characteristic value",
			"processtype": "5",
			"processtypetext": "User entry / default value",
			"parsel": "S",
			"parseltext": "Selection option",
			"input": true,
			"mandatory": false,
			"entrytype": "0",
			"entrytypetext": "Optional Variable Entry",
			"dynchange": "",
			"flags": {
				"lh": "0",
				"r": "0"
			},
			"value": "",
			"highvalue": ""
		},
		{
			"id": "DRESPO__DRU_CDOOI",
			"name": "CV 7 Reporting Unit",
			"infoobject": {
				"id": "DRESPO__DRU",
				"name": "CV 7 Reporting Unit"
			},
			"type": "1",
			"typetext": "Characteristic value",
			"processtype": "5",
			"processtypetext": "User entry / default value",
			"parsel": "S",
			"parseltext": "Selection option",
			"input": true,
			"mandatory": false,
			"entrytype": "0",
			"entrytypetext": "Optional Variable Entry",
			"dynchange": "",
			"flags": {
				"lh": "0",
				"r": "0"
			},
			"value": "",
			"highvalue": ""
		},
		{
			"id": "D_DCOREBSV1_CDOOI01",
			"name": "CSV Brand",
			"infoobject": {
				"id": "DRESPO__DCOREBSV1",
				"name": "CSV Loc. Brand Fam."
			},
			"type": "1",
			"typetext": "Characteristic value",
			"processtype": "5",
			"processtypetext": "User entry / default value",
			"parsel": "S",
			"parseltext": "Selection option",
			"input": true,
			"mandatory": false,
			"entrytype": "0",
			"entrytypetext": "Optional Variable Entry",
			"dynchange": "",
			"flags": {
				"lh": "0",
				"r": "0"
			},
			"value": "",
			"highvalue": ""
		},
		{
			"id": "D_DCOREBSV2_CDOOI01",
			"name": "CSV Subbrand",
			"infoobject": {
				"id": "DRESPO__DCOREBSV2",
				"name": "CSV Local Brand"
			},
			"type": "1",
			"typetext": "Characteristic value",
			"processtype": "5",
			"processtypetext": "User entry / default value",
			"parsel": "S",
			"parseltext": "Selection option",
			"input": true,
			"mandatory": false,
			"entrytype": "0",
			"entrytypetext": "Optional Variable Entry",
			"dynchange": "",
			"flags": {
				"lh": "0",
				"r": "0"
			},
			"value": "",
			"highvalue": ""
		},
		{
			"id": "D_DCORECSV1_CDOOI01",
			"name": "CSV Local Channel",
			"infoobject": {
				"id": "D_COREC__DCORECSV1",
				"name": "CSV Local Channel"
			},
			"type": "1",
			"typetext": "Characteristic value",
			"processtype": "5",
			"processtypetext": "User entry / default value",
			"parsel": "S",
			"parseltext": "Selection option",
			"input": true,
			"mandatory": false,
			"entrytype": "0",
			"entrytypetext": "Optional Variable Entry",
			"dynchange": "",
			"flags": {
				"lh": "0",
				"r": "0"
			},
			"value": "",
			"highvalue": ""
		},
		{
			"id": "D_DCORECSV2_CDOOI01",
			"name": "CSV Local Subchannel",
			"infoobject": {
				"id": "D_COREC__DCORECSV2",
				"name": "CSV Local Subchannel"
			},
			"type": "1",
			"typetext": "Characteristic value",
			"processtype": "5",
			"processtypetext": "User entry / default value",
			"parsel": "S",
			"parseltext": "Selection option",
			"input": true,
			"mandatory": false,
			"entrytype": "0",
			"entrytypetext": "Optional Variable Entry",
			"dynchange": "",
			"flags": {
				"lh": "0",
				"r": "0"
			},
			"value": "",
			"highvalue": ""
		},
		{
			"id": "D_DCOREPSV1_CDOOI01",
			"name": "CSV Performance Overview",
			"infoobject": {
				"id": "DRESPO__DCOREPSV1",
				"name": "CSV Loc. Steer. View"
			},
			"type": "1",
			"typetext": "Characteristic value",
			"processtype": "5",
			"processtypetext": "User entry / default value",
			"parsel": "S",
			"parseltext": "Selection option",
			"input": true,
			"mandatory": false,
			"entrytype": "0",
			"entrytypetext": "Optional Variable Entry",
			"dynchange": "",
			"flags": {
				"lh": "0",
				"r": "0"
			},
			"value": "",
			"highvalue": ""
		},
		{
			"id": "Z0COND_FDSOI01",
			"name": "Top N (= 10)",
			"infoobject": {
				"id": "1FORMULA",
				"name": "1FORMULA"
			},
			"type": "4",
			"typetext": "Formula",
			"processtype": "5",
			"processtypetext": "User entry / default value",
			"parsel": "P",
			"parseltext": "Single value (parameters)",
			"input": true,
			"mandatory": false,
			"entrytype": "0",
			"entrytypetext": "Optional Variable Entry",
			"dynchange": "",
			"flags": {
				"lh": "0",
				"r": "0"
			},
			"value": "10",
			"highvalue": ""
		}
	],
	"structures": [
		{
			"objects": [
				{
					"id": "00O2TK9973U0HGGOS77R7HTL2",
					"name": "DATE HIDDEN",
					"mapname": "",
					"position": "1",
					"hidden": true,
					"parent": "",
					"drillstate": "L",
					"range": {
						"line": [
							{
								"object": "0PSTNG_DATE",
								"sign": "I",
								"opt": "GT",
								"keyLow": "00O2TK8CN6Y3ZJYKUY7ADSSUX",
								"keyHigh": "",
								"dataTyp": "DATS",
								"dataLength": "000A"
							},
							{
								"object": "1KYFNM",
								"sign": "I",
								"opt": "EQ",
								"keyLow": "DCOUNT",
								"keyHigh": "",
								"dataTyp": "DEC",
								"dataLength": "0017"
							}
						]
					}
				},
				{
					"id": "00O2TK9973U27QURA1OM4V2A6",
					"name": "ACT@PY",
					"mapname": "",
					"position": "2",
					"hidden": true,
					"parent": "",
					"drillstate": "L",
					"range": {
						"line": {
							"object": "1KYFNM",
							"sign": "I",
							"opt": "EQ",
							"keyLow": "00O2TK9973U0HGCAQQLRDALV3",
							"keyHigh": "",
							"dataTyp": "",
							"dataLength": "0000"
						}
					}
				},
				{
					"id": "00O2TK9973U27QURA1OM4V8LQ",
					"name": "PY@Date",
					"mapname": "",
					"position": "3",
					"hidden": true,
					"parent": "",
					"drillstate": "L",
					"range": {
						"line": {
							"object": "1KYFNM",
							"sign": "I",
							"opt": "EQ",
							"keyLow": "00O2TK9973U0HGCAQQLRDB4TR",
							"keyHigh": "",
							"dataTyp": "",
							"dataLength": "0000"
						}
					}
				},
				{
					"id": "00O2TK9973U27QURA1OM4VEXA",
					"name": "1.1 ACT",
					"mapname": "",
					"position": "4",
					"hidden": false,
					"parent": "",
					"drillstate": "L",
					"range": {
						"line": {
							"object": "1KYFNM",
							"sign": "I",
							"opt": "EQ",
							"keyLow": "00O2TK9973U0HGCAQQLRDAFJJ",
							"keyHigh": "",
							"dataTyp": "",
							"dataLength": "0000"
						}
					}
				},
				{
					"id": "00O2TK9973U27QURA1OM4VL8U",
					"name": "1.2 BUD",
					"mapname": "",
					"position": "5",
					"hidden": false,
					"parent": "",
					"drillstate": "L",
					"range": {
						"line": {
							"object": "1KYFNM",
							"sign": "I",
							"opt": "EQ",
							"keyLow": "00O2TK9973U0HGCAQQLRDBB5B",
							"keyHigh": "",
							"dataTyp": "",
							"dataLength": "0000"
						}
					}
				},
				{
					"id": "00O2TK9973U27QURA1OM4VRKE",
					"name": "1.3 PY",
					"mapname": "",
					"position": "6",
					"hidden": false,
					"parent": "",
					"drillstate": "L",
					"range": {
						"line": {
							"object": "1KYFNM",
							"sign": "I",
							"opt": "EQ",
							"keyLow": "00O2TK9973U0HGCAQQLRDAYI7",
							"keyHigh": "",
							"dataTyp": "",
							"dataLength": "0000"
						}
					}
				},
				{
					"id": "00O2TK9973U27QURA1OM4VXVY",
					"name": "1.3.1 Δ PY",
					"mapname": "",
					"position": "7",
					"hidden": false,
					"parent": "",
					"drillstate": "L",
					"range": ""
				},
				{
					"id": "00O2TK9973U27QURA1OM4W47I",
					"name": "1.3.2 Δ PY %",
					"mapname": "",
					"position": "8",
					"hidden": false,
					"parent": "",
					"drillstate": "L",
					"range": ""
				},
				{
					"id": "00O2TK9973U27QURA1OM4WAJ2",
					"name": "1.3.3 Δ PY ca",
					"mapname": "",
					"position": "9",
					"hidden": false,
					"parent": "",
					"drillstate": "L",
					"range": ""
				},
				{
					"id": "00O2TK9973U27QURA1OM4WGUM",
					"name": "1.3.4 Δ PY ca %",
					"mapname": "",
					"position": "10",
					"hidden": false,
					"parent": "",
					"drillstate": "L",
					"range": ""
				}
			],
			"id": "00O2TK9973U27QURA1OM4UCZY",
			"name": "ROI: DS KF Structure",
			"mapname": "STANDARD_COPAPRP03_DS_ST001",
			"position": "1"
		}
	]
}