{
	"query": {
		"title": "SOA00_COPAPRP03_QS004",
		"limitexceeded": false,
		"nosuchuser": false,
		"nodata": false,
		"nosuchquery": false,
		"noauth": false
	},
	"meta": {
		"char001": {
			"key": "00O2TK9973U0DSBKNVZEZH2CL",
			"value": "ROI Timeline MTH/YTD Deviations"
		},
		"kf001": {
			"key": "00O2TK9973U0DSBKNVZEZG0F9",
			"value": "\nJan"
		},
		"kf002": {
			"key": "00O2TK9973U0DSBKNVZEZGJDX",
			"value": "\nFeb"
		},
		"kf003": {
			"key": "00O2TK9973U0DSBKNVZEZGPPH",
			"value": "\nMar"
		},
		"kf004": {
			"key": "00O2TK9973U0DSBKNVZEZG6QT",
			"value": "\nApr"
		},
		"kf005": {
			"key": "00O2TK9973U0DSBKNVZEZBZ1H",
			"value": "\nMay"
		},
		"kf006": {
			"key": "00O2TK9973U0DSBKNVZEZ7EP1",
			"value": "\nJun"
		},
		"kf007": {
			"key": "00O2TK9973U0DSBKNVZEZGD2D",
			"value": "\nJul"
		},
		"kf008": {
			"key": "00O2TK9973U0DSBKNVZEZ7L0L",
			"value": "\nAug"
		},
		"kf009": {
			"key": "00O2TK9973U0DSBKNVZEZ7RC5",
			"value": "\nSep"
		},
		"kf010": {
			"key": "00O2TK9973U0DSBKNVZEZ7XNP",
			"value": "\nOct"
		},
		"kf011": {
			"key": "00O2TK9973U0DSBKNVZEZ83Z9",
			"value": "\nNov"
		},
		"kf012": {
			"key": "00O2TK9973U0DSBKNVZEZ8AAT",
			"value": "\nDec"
		},
		"kf013": {
			"key": "00O2TK9973U0DSBKNVZEZ8GMD",
			"value": "\nYTD"
		}
	},
	"cube": [
		{
			"char001": {
				"key": "00O2TK9973U0DSBKNVZEZ9IJP",
				"value": "1.1 ACT"
			},
			"kf001": {
				"key": "00O2TK9973U0DSBKNVZEZG0F9",
				"value": "2815999974.82171200000",
				"unit": "EUR"
			},
			"kf002": {
				"key": "00O2TK9973U0DSBKNVZEZGJDX",
				"value": "3004998072.05158500000",
				"unit": "EUR"
			},
			"kf003": {
				"key": "00O2TK9973U0DSBKNVZEZGPPH",
				"value": "3858999416.60512300000",
				"unit": "EUR"
			},
			"kf004": {
				"key": "00O2TK9973U0DSBKNVZEZG6QT",
				"value": "2963856588.34265000000",
				"unit": "EUR"
			},
			"kf005": {
				"key": "00O2TK9973U0DSBKNVZEZBZ1H",
				"value": "2999144643.63068100000",
				"unit": "EUR"
			},
			"kf006": {
				"key": "00O2TK9973U0DSBKNVZEZ7EP1",
				"value": "2750999821.52048300000",
				"unit": "EUR"
			},
			"kf007": {
				"key": "00O2TK9973U0DSBKNVZEZGD2D",
				"value": "2539999998.48659300000",
				"unit": "EUR"
			},
			"kf008": {
				"key": "00O2TK9973U0DSBKNVZEZ7L0L",
				"value": "2467999988.91537400000",
				"unit": "EUR"
			},
			"kf009": {
				"key": "00O2TK9973U0DSBKNVZEZ7RC5",
				"value": "3016999913.32024000000",
				"unit": "EUR"
			},
			"kf010": {
				"key": "00O2TK9973U0DSBKNVZEZ7XNP",
				"unit": ""
			},
			"kf011": {
				"key": "00O2TK9973U0DSBKNVZEZ83Z9",
				"unit": ""
			},
			"kf012": {
				"key": "00O2TK9973U0DSBKNVZEZ8AAT",
				"unit": ""
			},
			"kf013": {
				"key": "00O2TK9973U0DSBKNVZEZ8GMD",
				"value": "26418998417.6945000000",
				"unit": "EUR"
			}
		},
		{
			"char001": {
				"key": "00O2TK9973U2BHWZAZUNM8P9G",
				"value": "1.1B ACT Bayer Core"
			},
			"kf001": {
				"key": "00O2TK9973U0DSBKNVZEZG0F9",
				"value": "2815999974.82171200000",
				"unit": "EUR"
			},
			"kf002": {
				"key": "00O2TK9973U0DSBKNVZEZGJDX",
				"value": "3004998072.05158500000",
				"unit": "EUR"
			},
			"kf003": {
				"key": "00O2TK9973U0DSBKNVZEZGPPH",
				"value": "3858999416.60512300000",
				"unit": "EUR"
			},
			"kf004": {
				"key": "00O2TK9973U0DSBKNVZEZG6QT",
				"value": "2963856588.34265000000",
				"unit": "EUR"
			},
			"kf005": {
				"key": "00O2TK9973U0DSBKNVZEZBZ1H",
				"value": "2999144643.63068100000",
				"unit": "EUR"
			},
			"kf006": {
				"key": "00O2TK9973U0DSBKNVZEZ7EP1",
				"value": "2750999821.52048300000",
				"unit": "EUR"
			},
			"kf007": {
				"key": "00O2TK9973U0DSBKNVZEZGD2D",
				"value": "2539999998.48659300000",
				"unit": "EUR"
			},
			"kf008": {
				"key": "00O2TK9973U0DSBKNVZEZ7L0L",
				"value": "2467999988.91537400000",
				"unit": "EUR"
			},
			"kf009": {
				"key": "00O2TK9973U0DSBKNVZEZ7RC5",
				"value": "3016999913.32024000000",
				"unit": "EUR"
			},
			"kf010": {
				"key": "00O2TK9973U0DSBKNVZEZ7XNP",
				"unit": ""
			},
			"kf011": {
				"key": "00O2TK9973U0DSBKNVZEZ83Z9",
				"unit": ""
			},
			"kf012": {
				"key": "00O2TK9973U0DSBKNVZEZ8AAT",
				"unit": ""
			},
			"kf013": {
				"key": "00O2TK9973U0DSBKNVZEZ8GMD",
				"value": "26418998417.6944900000",
				"unit": "EUR"
			}
		},
		{
			"char001": {
				"key": "00O2TK9973U2BHWZAZUNM8VL0",
				"value": "1.1M ACT Monsanto"
			},
			"kf001": {
				"key": "00O2TK9973U0DSBKNVZEZG0F9",
				"unit": ""
			},
			"kf002": {
				"key": "00O2TK9973U0DSBKNVZEZGJDX",
				"unit": ""
			},
			"kf003": {
				"key": "00O2TK9973U0DSBKNVZEZGPPH",
				"unit": ""
			},
			"kf004": {
				"key": "00O2TK9973U0DSBKNVZEZG6QT",
				"unit": ""
			},
			"kf005": {
				"key": "00O2TK9973U0DSBKNVZEZBZ1H",
				"unit": ""
			},
			"kf006": {
				"key": "00O2TK9973U0DSBKNVZEZ7EP1",
				"unit": ""
			},
			"kf007": {
				"key": "00O2TK9973U0DSBKNVZEZGD2D",
				"unit": ""
			},
			"kf008": {
				"key": "00O2TK9973U0DSBKNVZEZ7L0L",
				"unit": ""
			},
			"kf009": {
				"key": "00O2TK9973U0DSBKNVZEZ7RC5",
				"unit": ""
			},
			"kf010": {
				"key": "00O2TK9973U0DSBKNVZEZ7XNP",
				"unit": ""
			},
			"kf011": {
				"key": "00O2TK9973U0DSBKNVZEZ83Z9",
				"unit": ""
			},
			"kf012": {
				"key": "00O2TK9973U0DSBKNVZEZ8AAT",
				"unit": ""
			},
			"kf013": {
				"key": "00O2TK9973U0DSBKNVZEZ8GMD",
				"unit": ""
			}
		},
		{
			"char001": {
				"key": "00O2TK9973U0DSBKNVZEZ9OV9",
				"value": "1.2 BUD"
			},
			"kf001": {
				"key": "00O2TK9973U0DSBKNVZEZG0F9",
				"value": "2687585553.24973100000",
				"unit": "EUR"
			},
			"kf002": {
				"key": "00O2TK9973U0DSBKNVZEZGJDX",
				"value": "2948012044.72479400000",
				"unit": "EUR"
			},
			"kf003": {
				"key": "00O2TK9973U0DSBKNVZEZGPPH",
				"value": "3753402127.94381800000",
				"unit": "EUR"
			},
			"kf004": {
				"key": "00O2TK9973U0DSBKNVZEZG6QT",
				"value": "3156842907.55943900000",
				"unit": "EUR"
			},
			"kf005": {
				"key": "00O2TK9973U0DSBKNVZEZBZ1H",
				"value": "2930149070.37618400000",
				"unit": "EUR"
			},
			"kf006": {
				"key": "00O2TK9973U0DSBKNVZEZ7EP1",
				"value": "3169442090.99435800000",
				"unit": "EUR"
			},
			"kf007": {
				"key": "00O2TK9973U0DSBKNVZEZGD2D",
				"value": "2665507705.49795000000",
				"unit": "EUR"
			},
			"kf008": {
				"key": "00O2TK9973U0DSBKNVZEZ7L0L",
				"value": "2689636639.19536400000",
				"unit": "EUR"
			},
			"kf009": {
				"key": "00O2TK9973U0DSBKNVZEZ7RC5",
				"value": "3196450842.46575000000",
				"unit": "EUR"
			},
			"kf010": {
				"key": "00O2TK9973U0DSBKNVZEZ7XNP",
				"value": "2833133086.96002700000",
				"unit": "EUR"
			},
			"kf011": {
				"key": "00O2TK9973U0DSBKNVZEZ83Z9",
				"value": "2890711082.64244300000",
				"unit": "EUR"
			},
			"kf012": {
				"key": "00O2TK9973U0DSBKNVZEZ8AAT",
				"value": "3340445452.63565400000",
				"unit": "EUR"
			},
			"kf013": {
				"key": "00O2TK9973U0DSBKNVZEZ8GMD",
				"value": "27197028982.0074000000",
				"unit": "EUR"
			}
		},
		{
			"char001": {
				"key": "00O2TK9973U0DSBKNVZEZ9C85",
				"value": "1.3 PY"
			},
			"kf001": {
				"key": "00O2TK9973U0DSBKNVZEZG0F9",
				"value": "2643242651.49847500000",
				"unit": "EUR"
			},
			"kf002": {
				"key": "00O2TK9973U0DSBKNVZEZGJDX",
				"value": "2787752952.70096400000",
				"unit": "EUR"
			},
			"kf003": {
				"key": "00O2TK9973U0DSBKNVZEZGPPH",
				"value": "3573137558.75423300000",
				"unit": "EUR"
			},
			"kf004": {
				"key": "00O2TK9973U0DSBKNVZEZG6QT",
				"value": "3018085296.89135700000",
				"unit": "EUR"
			},
			"kf005": {
				"key": "00O2TK9973U0DSBKNVZEZBZ1H",
				"value": "2757309264.79276600000",
				"unit": "EUR"
			},
			"kf006": {
				"key": "00O2TK9973U0DSBKNVZEZ7EP1",
				"value": "3083498252.04325800000",
				"unit": "EUR"
			},
			"kf007": {
				"key": "00O2TK9973U0DSBKNVZEZGD2D",
				"value": "2557551047.35154100000",
				"unit": "EUR"
			},
			"kf008": {
				"key": "00O2TK9973U0DSBKNVZEZ7L0L",
				"value": "2581948319.06703200000",
				"unit": "EUR"
			},
			"kf009": {
				"key": "00O2TK9973U0DSBKNVZEZ7RC5",
				"value": "3117420472.27711700000",
				"unit": "EUR"
			},
			"kf010": {
				"key": "00O2TK9973U0DSBKNVZEZ7XNP",
				"value": "2658470916.57427900000",
				"unit": "EUR"
			},
			"kf011": {
				"key": "00O2TK9973U0DSBKNVZEZ83Z9",
				"value": "2828597781.11664500000",
				"unit": "EUR"
			},
			"kf012": {
				"key": "00O2TK9973U0DSBKNVZEZ8AAT",
				"value": "3336498741.01214900000",
				"unit": "EUR"
			},
			"kf013": {
				"key": "00O2TK9973U0DSBKNVZEZ8GMD",
				"value": "26119945815.3768100000",
				"unit": "EUR"
			}
		},
		{
			"char001": {
				"key": "00O2TK9973U27OKFYJSXN8UIM",
				"value": "1.4 FC1"
			},
			"kf001": {
				"key": "00O2TK9973U0DSBKNVZEZG0F9",
				"value": "2734801576.01308400000",
				"unit": "EUR"
			},
			"kf002": {
				"key": "00O2TK9973U0DSBKNVZEZGJDX",
				"value": "2933030628.99200400000",
				"unit": "EUR"
			},
			"kf003": {
				"key": "00O2TK9973U0DSBKNVZEZGPPH",
				"value": "3755793263.58203300000",
				"unit": "EUR"
			},
			"kf004": {
				"key": "00O2TK9973U0DSBKNVZEZG6QT",
				"value": "3173457191.75506700000",
				"unit": "EUR"
			},
			"kf005": {
				"key": "00O2TK9973U0DSBKNVZEZBZ1H",
				"value": "2984926974.49822900000",
				"unit": "EUR"
			},
			"kf006": {
				"key": "00O2TK9973U0DSBKNVZEZ7EP1",
				"value": "3050691677.41033200000",
				"unit": "EUR"
			},
			"kf007": {
				"key": "00O2TK9973U0DSBKNVZEZGD2D",
				"value": "2700225398.40462400000",
				"unit": "EUR"
			},
			"kf008": {
				"key": "00O2TK9973U0DSBKNVZEZ7L0L",
				"value": "2724744355.49539500000",
				"unit": "EUR"
			},
			"kf009": {
				"key": "00O2TK9973U0DSBKNVZEZ7RC5",
				"value": "3101936415.73680500000",
				"unit": "EUR"
			},
			"kf010": {
				"key": "00O2TK9973U0DSBKNVZEZ7XNP",
				"value": "3007794987.56489400000",
				"unit": "EUR"
			},
			"kf011": {
				"key": "00O2TK9973U0DSBKNVZEZ83Z9",
				"value": "2908165848.08768700000",
				"unit": "EUR"
			},
			"kf012": {
				"key": "00O2TK9973U0DSBKNVZEZ8AAT",
				"value": "3164990454.60327900000",
				"unit": "EUR"
			},
			"kf013": {
				"key": "00O2TK9973U0DSBKNVZEZ8GMD",
				"value": "27159607481.8876200000",
				"unit": "EUR"
			}
		},
		{
			"char001": {
				"key": "00O2TK9973U0E3Y1EFQ576BEY",
				"value": "1.2.1 Δ BUD"
			},
			"kf001": {
				"key": "00O2TK9973U0DSBKNVZEZG0F9",
				"value": "128414421.571981000000",
				"unit": "EUR"
			},
			"kf002": {
				"key": "00O2TK9973U0DSBKNVZEZGJDX",
				"value": "56986027.3267910000000",
				"unit": "EUR"
			},
			"kf003": {
				"key": "00O2TK9973U0DSBKNVZEZGPPH",
				"value": "105597288.661305000000",
				"unit": "EUR"
			},
			"kf004": {
				"key": "00O2TK9973U0DSBKNVZEZG6QT",
				"value": "-192986319.21678900000",
				"unit": "EUR"
			},
			"kf005": {
				"key": "00O2TK9973U0DSBKNVZEZBZ1H",
				"value": "68995573.2544970000000",
				"unit": "EUR"
			},
			"kf006": {
				"key": "00O2TK9973U0DSBKNVZEZ7EP1",
				"value": "-418442269.47387500000",
				"unit": "EUR"
			},
			"kf007": {
				"key": "00O2TK9973U0DSBKNVZEZGD2D",
				"value": "-125507707.01135700000",
				"unit": "EUR"
			},
			"kf008": {
				"key": "00O2TK9973U0DSBKNVZEZ7L0L",
				"value": "-221636650.27999000000",
				"unit": "EUR"
			},
			"kf009": {
				"key": "00O2TK9973U0DSBKNVZEZ7RC5",
				"value": "-179450929.14551000000",
				"unit": "EUR"
			},
			"kf010": {
				"key": "00O2TK9973U0DSBKNVZEZ7XNP",
				"value": "0.00000000000000",
				"unit": "EUR"
			},
			"kf011": {
				"key": "00O2TK9973U0DSBKNVZEZ83Z9",
				"value": "0.00000000000000",
				"unit": "EUR"
			},
			"kf012": {
				"key": "00O2TK9973U0DSBKNVZEZ8AAT",
				"value": "0.00000000000000",
				"unit": "EUR"
			},
			"kf013": {
				"key": "00O2TK9973U0DSBKNVZEZ8GMD",
				"value": "-778030564.31290000000",
				"unit": "EUR"
			}
		},
		{
			"char001": {
				"key": "00O2TK9973U0E3Y1EFQ576HQI",
				"value": "1.2.2 Δ BUD %"
			},
			"kf001": {
				"key": "00O2TK9973U0DSBKNVZEZG0F9",
				"value": "4.77805893162013",
				"unit": ""
			},
			"kf002": {
				"key": "00O2TK9973U0DSBKNVZEZGJDX",
				"value": "1.93303237782771",
				"unit": ""
			},
			"kf003": {
				"key": "00O2TK9973U0DSBKNVZEZGPPH",
				"value": "2.81337530756805",
				"unit": ""
			},
			"kf004": {
				"key": "00O2TK9973U0DSBKNVZEZG6QT",
				"value": "-6.11326964527313",
				"unit": ""
			},
			"kf005": {
				"key": "00O2TK9973U0DSBKNVZEZBZ1H",
				"value": "2.35467792243209",
				"unit": ""
			},
			"kf006": {
				"key": "00O2TK9973U0DSBKNVZEZ7EP1",
				"value": "-13.20239516799614",
				"unit": ""
			},
			"kf007": {
				"key": "00O2TK9973U0DSBKNVZEZGD2D",
				"value": "-4.70858541329599",
				"unit": ""
			},
			"kf008": {
				"key": "00O2TK9973U0DSBKNVZEZ7L0L",
				"value": "-8.24039377848062",
				"unit": ""
			},
			"kf009": {
				"key": "00O2TK9973U0DSBKNVZEZ7RC5",
				"value": "-5.61406816464855",
				"unit": ""
			},
			"kf010": {
				"key": "00O2TK9973U0DSBKNVZEZ7XNP",
				"value": "0.00000000000000",
				"unit": ""
			},
			"kf011": {
				"key": "00O2TK9973U0DSBKNVZEZ83Z9",
				"value": "0.00000000000000",
				"unit": ""
			},
			"kf012": {
				"key": "00O2TK9973U0DSBKNVZEZ8AAT",
				"value": "0.00000000000000",
				"unit": ""
			},
			"kf013": {
				"key": "00O2TK9973U0DSBKNVZEZ8GMD",
				"value": "-2.86071895877898",
				"unit": ""
			}
		},
		{
			"char001": {
				"key": "00O2TK9973U0E3Y1WTYQZKMWV",
				"value": "1.2.3 Δ BUD cpa"
			},
			"kf001": {
				"key": "00O2TK9973U0DSBKNVZEZG0F9",
				"value": "74087246.5819810000000",
				"unit": "EUR"
			},
			"kf002": {
				"key": "00O2TK9973U0DSBKNVZEZGJDX",
				"value": "-18956660.483209000000",
				"unit": "EUR"
			},
			"kf003": {
				"key": "00O2TK9973U0DSBKNVZEZGPPH",
				"value": "16322551.8213050000000",
				"unit": "EUR"
			},
			"kf004": {
				"key": "00O2TK9973U0DSBKNVZEZG6QT",
				"value": "-266032227.50678900000",
				"unit": "EUR"
			},
			"kf005": {
				"key": "00O2TK9973U0DSBKNVZEZBZ1H",
				"value": "58859842.2744970000000",
				"unit": "EUR"
			},
			"kf006": {
				"key": "00O2TK9973U0DSBKNVZEZ7EP1",
				"value": "-412146742.16387500000",
				"unit": "EUR"
			},
			"kf007": {
				"key": "00O2TK9973U0DSBKNVZEZGD2D",
				"value": "-65323560.361357000000",
				"unit": "EUR"
			},
			"kf008": {
				"key": "00O2TK9973U0DSBKNVZEZ7L0L",
				"value": "-123356263.73999000000",
				"unit": "EUR"
			},
			"kf009": {
				"key": "00O2TK9973U0DSBKNVZEZ7RC5",
				"value": "-36986703.495510000000",
				"unit": "EUR"
			},
			"kf010": {
				"key": "00O2TK9973U0DSBKNVZEZ7XNP",
				"value": "0.00000000000000",
				"unit": "EUR"
			},
			"kf011": {
				"key": "00O2TK9973U0DSBKNVZEZ83Z9",
				"value": "0.00000000000000",
				"unit": "EUR"
			},
			"kf012": {
				"key": "00O2TK9973U0DSBKNVZEZ8AAT",
				"value": "0.00000000000000",
				"unit": "EUR"
			},
			"kf013": {
				"key": "00O2TK9973U0DSBKNVZEZ8GMD",
				"value": "-773532517.07290000000",
				"unit": "EUR"
			}
		},
		{
			"char001": {
				"key": "00O2TK9973U0E3Y1WTYQZKT8F",
				"value": "1.2.4 Δ BUD cpa %"
			},
			"kf001": {
				"key": "00O2TK9973U0DSBKNVZEZG0F9",
				"value": "2.75664700207952",
				"unit": ""
			},
			"kf002": {
				"key": "00O2TK9973U0DSBKNVZEZGJDX",
				"value": "-0.64303198886620",
				"unit": ""
			},
			"kf003": {
				"key": "00O2TK9973U0DSBKNVZEZGPPH",
				"value": "0.43487351647682",
				"unit": ""
			},
			"kf004": {
				"key": "00O2TK9973U0DSBKNVZEZG6QT",
				"value": "-8.42716078363427",
				"unit": ""
			},
			"kf005": {
				"key": "00O2TK9973U0DSBKNVZEZBZ1H",
				"value": "2.00876613649354",
				"unit": ""
			},
			"kf006": {
				"key": "00O2TK9973U0DSBKNVZEZ7EP1",
				"value": "-13.00376313342173",
				"unit": ""
			},
			"kf007": {
				"key": "00O2TK9973U0DSBKNVZEZGD2D",
				"value": "-2.45069861274904",
				"unit": ""
			},
			"kf008": {
				"key": "00O2TK9973U0DSBKNVZEZ7L0L",
				"value": "-4.58635422875907",
				"unit": ""
			},
			"kf009": {
				"key": "00O2TK9973U0DSBKNVZEZ7RC5",
				"value": "-1.15711785722249",
				"unit": ""
			},
			"kf010": {
				"key": "00O2TK9973U0DSBKNVZEZ7XNP",
				"value": "0.00000000000000",
				"unit": ""
			},
			"kf011": {
				"key": "00O2TK9973U0DSBKNVZEZ83Z9",
				"value": "0.00000000000000",
				"unit": ""
			},
			"kf012": {
				"key": "00O2TK9973U0DSBKNVZEZ8AAT",
				"value": "0.00000000000000",
				"unit": ""
			},
			"kf013": {
				"key": "00O2TK9973U0DSBKNVZEZ8GMD",
				"value": "-2.84418021389263",
				"unit": ""
			}
		},
		{
			"char001": {
				"key": "00O2TK9973U0E3Y1EFQ576O22",
				"value": "1.3.1 Δ PY"
			},
			"kf001": {
				"key": "00O2TK9973U0DSBKNVZEZG0F9",
				"value": "172757323.323237000000",
				"unit": "EUR"
			},
			"kf002": {
				"key": "00O2TK9973U0DSBKNVZEZGJDX",
				"value": "217245119.350621000000",
				"unit": "EUR"
			},
			"kf003": {
				"key": "00O2TK9973U0DSBKNVZEZGPPH",
				"value": "285861857.850890000000",
				"unit": "EUR"
			},
			"kf004": {
				"key": "00O2TK9973U0DSBKNVZEZG6QT",
				"value": "-54228708.548707000000",
				"unit": "EUR"
			},
			"kf005": {
				"key": "00O2TK9973U0DSBKNVZEZBZ1H",
				"value": "241835378.837915000000",
				"unit": "EUR"
			},
			"kf006": {
				"key": "00O2TK9973U0DSBKNVZEZ7EP1",
				"value": "-332498430.52277500000",
				"unit": "EUR"
			},
			"kf007": {
				"key": "00O2TK9973U0DSBKNVZEZGD2D",
				"value": "-17551048.864948000000",
				"unit": "EUR"
			},
			"kf008": {
				"key": "00O2TK9973U0DSBKNVZEZ7L0L",
				"value": "-113948330.15165800000",
				"unit": "EUR"
			},
			"kf009": {
				"key": "00O2TK9973U0DSBKNVZEZ7RC5",
				"value": "-100420558.95687700000",
				"unit": "EUR"
			},
			"kf010": {
				"key": "00O2TK9973U0DSBKNVZEZ7XNP",
				"value": "0.00000000000000",
				"unit": "EUR"
			},
			"kf011": {
				"key": "00O2TK9973U0DSBKNVZEZ83Z9",
				"value": "0.00000000000000",
				"unit": "EUR"
			},
			"kf012": {
				"key": "00O2TK9973U0DSBKNVZEZ8AAT",
				"value": "0.00000000000000",
				"unit": "EUR"
			},
			"kf013": {
				"key": "00O2TK9973U0DSBKNVZEZ8GMD",
				"value": "299052602.317690000000",
				"unit": "EUR"
			}
		},
		{
			"char001": {
				"key": "00O2TK9973U0E3Y1EFQ576UDM",
				"value": "1.3.2 Δ PY %"
			},
			"kf001": {
				"key": "00O2TK9973U0DSBKNVZEZG0F9",
				"value": "6.53581021875913",
				"unit": ""
			},
			"kf002": {
				"key": "00O2TK9973U0DSBKNVZEZGJDX",
				"value": "7.79283971845996",
				"unit": ""
			},
			"kf003": {
				"key": "00O2TK9973U0DSBKNVZEZGPPH",
				"value": "8.00030374286948",
				"unit": ""
			},
			"kf004": {
				"key": "00O2TK9973U0DSBKNVZEZG6QT",
				"value": "-1.79679178068833",
				"unit": ""
			},
			"kf005": {
				"key": "00O2TK9973U0DSBKNVZEZBZ1H",
				"value": "8.77070200016504",
				"unit": ""
			},
			"kf006": {
				"key": "00O2TK9973U0DSBKNVZEZ7EP1",
				"value": "-10.78315612153979",
				"unit": ""
			},
			"kf007": {
				"key": "00O2TK9973U0DSBKNVZEZGD2D",
				"value": "-0.68624432279164",
				"unit": ""
			},
			"kf008": {
				"key": "00O2TK9973U0DSBKNVZEZ7L0L",
				"value": "-4.41326920876683",
				"unit": ""
			},
			"kf009": {
				"key": "00O2TK9973U0DSBKNVZEZ7RC5",
				"value": "-3.22127091452392",
				"unit": ""
			},
			"kf010": {
				"key": "00O2TK9973U0DSBKNVZEZ7XNP",
				"value": "0.00000000000000",
				"unit": ""
			},
			"kf011": {
				"key": "00O2TK9973U0DSBKNVZEZ83Z9",
				"value": "0.00000000000000",
				"unit": ""
			},
			"kf012": {
				"key": "00O2TK9973U0DSBKNVZEZ8AAT",
				"value": "0.00000000000000",
				"unit": ""
			},
			"kf013": {
				"key": "00O2TK9973U0DSBKNVZEZ8GMD",
				"value": "1.14492045439711",
				"unit": ""
			}
		},
		{
			"char001": {
				"key": "00O2TK9973U0E3Y1WTYQZKZJZ",
				"value": "1.3.3 Δ PY cpa"
			},
			"kf001": {
				"key": "00O2TK9973U0DSBKNVZEZG0F9",
				"value": "122272201.933237000000",
				"unit": "EUR"
			},
			"kf002": {
				"key": "00O2TK9973U0DSBKNVZEZGJDX",
				"value": "116175060.650621000000",
				"unit": "EUR"
			},
			"kf003": {
				"key": "00O2TK9973U0DSBKNVZEZGPPH",
				"value": "206917965.110890000000",
				"unit": "EUR"
			},
			"kf004": {
				"key": "00O2TK9973U0DSBKNVZEZG6QT",
				"value": "-144987542.09870700000",
				"unit": "EUR"
			},
			"kf005": {
				"key": "00O2TK9973U0DSBKNVZEZBZ1H",
				"value": "212559562.047915000000",
				"unit": "EUR"
			},
			"kf006": {
				"key": "00O2TK9973U0DSBKNVZEZ7EP1",
				"value": "-313858963.05277500000",
				"unit": "EUR"
			},
			"kf007": {
				"key": "00O2TK9973U0DSBKNVZEZGD2D",
				"value": "63143350.1150520000000",
				"unit": "EUR"
			},
			"kf008": {
				"key": "00O2TK9973U0DSBKNVZEZ7L0L",
				"value": "-4838249.7316580000000",
				"unit": "EUR"
			},
			"kf009": {
				"key": "00O2TK9973U0DSBKNVZEZ7RC5",
				"value": "41446619.5231230000000",
				"unit": "EUR"
			},
			"kf010": {
				"key": "00O2TK9973U0DSBKNVZEZ7XNP",
				"value": "0.00000000000000",
				"unit": "EUR"
			},
			"kf011": {
				"key": "00O2TK9973U0DSBKNVZEZ83Z9",
				"value": "0.00000000000000",
				"unit": "EUR"
			},
			"kf012": {
				"key": "00O2TK9973U0DSBKNVZEZ8AAT",
				"value": "0.00000000000000",
				"unit": "EUR"
			},
			"kf013": {
				"key": "00O2TK9973U0DSBKNVZEZ8GMD",
				"value": "298830004.497690000000",
				"unit": "EUR"
			}
		},
		{
			"char001": {
				"key": "00O2TK9973U0E3Y1WTYQZL5VJ",
				"value": "1.3.4 Δ PY cpa %"
			},
			"kf001": {
				"key": "00O2TK9973U0DSBKNVZEZG0F9",
				"value": "4.62584098602979",
				"unit": ""
			},
			"kf002": {
				"key": "00O2TK9973U0DSBKNVZEZGJDX",
				"value": "4.16733701377888",
				"unit": ""
			},
			"kf003": {
				"key": "00O2TK9973U0DSBKNVZEZGPPH",
				"value": "5.79093196689107",
				"unit": ""
			},
			"kf004": {
				"key": "00O2TK9973U0DSBKNVZEZG6QT",
				"value": "-4.80395773598728",
				"unit": ""
			},
			"kf005": {
				"key": "00O2TK9973U0DSBKNVZEZBZ1H",
				"value": "7.70894889311194",
				"unit": ""
			},
			"kf006": {
				"key": "00O2TK9973U0DSBKNVZEZ7EP1",
				"value": "-10.17866518473940",
				"unit": ""
			},
			"kf007": {
				"key": "00O2TK9973U0DSBKNVZEZGD2D",
				"value": "2.46889891720596",
				"unit": ""
			},
			"kf008": {
				"key": "00O2TK9973U0DSBKNVZEZ7L0L",
				"value": "-0.18738755132815",
				"unit": ""
			},
			"kf009": {
				"key": "00O2TK9973U0DSBKNVZEZ7RC5",
				"value": "1.32951649903192",
				"unit": ""
			},
			"kf010": {
				"key": "00O2TK9973U0DSBKNVZEZ7XNP",
				"value": "0.00000000000000",
				"unit": ""
			},
			"kf011": {
				"key": "00O2TK9973U0DSBKNVZEZ83Z9",
				"value": "0.00000000000000",
				"unit": ""
			},
			"kf012": {
				"key": "00O2TK9973U0DSBKNVZEZ8AAT",
				"value": "0.00000000000000",
				"unit": ""
			},
			"kf013": {
				"key": "00O2TK9973U0DSBKNVZEZ8GMD",
				"value": "1.14406824045465",
				"unit": ""
			}
		},
		{
			"char001": {
				"key": "00O2TK9973U27OKGH8N6V5A32",
				"value": "14.1 Δ FC1"
			},
			"kf001": {
				"key": "00O2TK9973U0DSBKNVZEZG0F9",
				"value": "81198398.8086280000000",
				"unit": "EUR"
			},
			"kf002": {
				"key": "00O2TK9973U0DSBKNVZEZGJDX",
				"value": "71967443.0595810000000",
				"unit": "EUR"
			},
			"kf003": {
				"key": "00O2TK9973U0DSBKNVZEZGPPH",
				"value": "103206153.023090000000",
				"unit": "EUR"
			},
			"kf004": {
				"key": "00O2TK9973U0DSBKNVZEZG6QT",
				"value": "-209600603.41241700000",
				"unit": "EUR"
			},
			"kf005": {
				"key": "00O2TK9973U0DSBKNVZEZBZ1H",
				"value": "14217669.1324520000000",
				"unit": "EUR"
			},
			"kf006": {
				"key": "00O2TK9973U0DSBKNVZEZ7EP1",
				"value": "-299691855.88984900000",
				"unit": "EUR"
			},
			"kf007": {
				"key": "00O2TK9973U0DSBKNVZEZGD2D",
				"value": "-160225399.91803100000",
				"unit": "EUR"
			},
			"kf008": {
				"key": "00O2TK9973U0DSBKNVZEZ7L0L",
				"value": "-256744366.58002100000",
				"unit": "EUR"
			},
			"kf009": {
				"key": "00O2TK9973U0DSBKNVZEZ7RC5",
				"value": "-84936502.416565000000",
				"unit": "EUR"
			},
			"kf010": {
				"key": "00O2TK9973U0DSBKNVZEZ7XNP",
				"value": "0.00000000000000",
				"unit": "EUR"
			},
			"kf011": {
				"key": "00O2TK9973U0DSBKNVZEZ83Z9",
				"value": "0.00000000000000",
				"unit": "EUR"
			},
			"kf012": {
				"key": "00O2TK9973U0DSBKNVZEZ8AAT",
				"value": "0.00000000000000",
				"unit": "EUR"
			},
			"kf013": {
				"key": "00O2TK9973U0DSBKNVZEZ8GMD",
				"value": "-740609064.19312000000",
				"unit": "EUR"
			}
		},
		{
			"char001": {
				"key": "00O2TK9973U27OKGH8N6V5GEM",
				"value": "1.4.2 Δ FC1 %"
			},
			"kf001": {
				"key": "00O2TK9973U0DSBKNVZEZG0F9",
				"value": "2.96907825126394",
				"unit": ""
			},
			"kf002": {
				"key": "00O2TK9973U0DSBKNVZEZGJDX",
				"value": "2.45368876643181",
				"unit": ""
			},
			"kf003": {
				"key": "00O2TK9973U0DSBKNVZEZGPPH",
				"value": "2.74791890234817",
				"unit": ""
			},
			"kf004": {
				"key": "00O2TK9973U0DSBKNVZEZG6QT",
				"value": "-6.60480323972791",
				"unit": ""
			},
			"kf005": {
				"key": "00O2TK9973U0DSBKNVZEZBZ1H",
				"value": "0.47631547618822",
				"unit": ""
			},
			"kf006": {
				"key": "00O2TK9973U0DSBKNVZEZ7EP1",
				"value": "-9.82373466676420",
				"unit": ""
			},
			"kf007": {
				"key": "00O2TK9973U0DSBKNVZEZGD2D",
				"value": "-5.93377871390652",
				"unit": ""
			},
			"kf008": {
				"key": "00O2TK9973U0DSBKNVZEZ7L0L",
				"value": "-9.42269560306480",
				"unit": ""
			},
			"kf009": {
				"key": "00O2TK9973U0DSBKNVZEZ7RC5",
				"value": "-2.73817677195649",
				"unit": ""
			},
			"kf010": {
				"key": "00O2TK9973U0DSBKNVZEZ7XNP",
				"value": "0.00000000000000",
				"unit": ""
			},
			"kf011": {
				"key": "00O2TK9973U0DSBKNVZEZ83Z9",
				"value": "0.00000000000000",
				"unit": ""
			},
			"kf012": {
				"key": "00O2TK9973U0DSBKNVZEZ8AAT",
				"value": "0.00000000000000",
				"unit": ""
			},
			"kf013": {
				"key": "00O2TK9973U0DSBKNVZEZ8GMD",
				"value": "-2.72687690603416",
				"unit": ""
			}
		},
		{
			"char001": {
				"key": "00O2TK9973U27OKGH8N6V5MQ6",
				"value": "1.4.3 Δ FC1 cpa"
			},
			"kf001": {
				"key": "00O2TK9973U0DSBKNVZEZG0F9",
				"value": "81198398.8086280000000",
				"unit": "EUR"
			},
			"kf002": {
				"key": "00O2TK9973U0DSBKNVZEZGJDX",
				"value": "71967443.0595810000000",
				"unit": "EUR"
			},
			"kf003": {
				"key": "00O2TK9973U0DSBKNVZEZGPPH",
				"value": "103206153.023090000000",
				"unit": "EUR"
			},
			"kf004": {
				"key": "00O2TK9973U0DSBKNVZEZG6QT",
				"value": "-209600603.41241700000",
				"unit": "EUR"
			},
			"kf005": {
				"key": "00O2TK9973U0DSBKNVZEZBZ1H",
				"value": "14217669.1324520000000",
				"unit": "EUR"
			},
			"kf006": {
				"key": "00O2TK9973U0DSBKNVZEZ7EP1",
				"value": "-299691855.88984900000",
				"unit": "EUR"
			},
			"kf007": {
				"key": "00O2TK9973U0DSBKNVZEZGD2D",
				"value": "-160225399.91803100000",
				"unit": "EUR"
			},
			"kf008": {
				"key": "00O2TK9973U0DSBKNVZEZ7L0L",
				"value": "-256744366.58002100000",
				"unit": "EUR"
			},
			"kf009": {
				"key": "00O2TK9973U0DSBKNVZEZ7RC5",
				"value": "-84936502.416565000000",
				"unit": "EUR"
			},
			"kf010": {
				"key": "00O2TK9973U0DSBKNVZEZ7XNP",
				"value": "0.00000000000000",
				"unit": "EUR"
			},
			"kf011": {
				"key": "00O2TK9973U0DSBKNVZEZ83Z9",
				"value": "0.00000000000000",
				"unit": "EUR"
			},
			"kf012": {
				"key": "00O2TK9973U0DSBKNVZEZ8AAT",
				"value": "0.00000000000000",
				"unit": "EUR"
			},
			"kf013": {
				"key": "00O2TK9973U0DSBKNVZEZ8GMD",
				"value": "-740609064.19312000000",
				"unit": "EUR"
			}
		},
		{
			"char001": {
				"key": "00O2TK9973U27OKGH8N6V5T1Q",
				"value": "1.4.4 Δ FC1 cpa %"
			},
			"kf001": {
				"key": "00O2TK9973U0DSBKNVZEZG0F9",
				"value": "2.96907825126394",
				"unit": ""
			},
			"kf002": {
				"key": "00O2TK9973U0DSBKNVZEZGJDX",
				"value": "2.45368876643181",
				"unit": ""
			},
			"kf003": {
				"key": "00O2TK9973U0DSBKNVZEZGPPH",
				"value": "2.74791890234817",
				"unit": ""
			},
			"kf004": {
				"key": "00O2TK9973U0DSBKNVZEZG6QT",
				"value": "-6.60480323972791",
				"unit": ""
			},
			"kf005": {
				"key": "00O2TK9973U0DSBKNVZEZBZ1H",
				"value": "0.47631547618822",
				"unit": ""
			},
			"kf006": {
				"key": "00O2TK9973U0DSBKNVZEZ7EP1",
				"value": "-9.82373466676420",
				"unit": ""
			},
			"kf007": {
				"key": "00O2TK9973U0DSBKNVZEZGD2D",
				"value": "-5.93377871390652",
				"unit": ""
			},
			"kf008": {
				"key": "00O2TK9973U0DSBKNVZEZ7L0L",
				"value": "-9.42269560306480",
				"unit": ""
			},
			"kf009": {
				"key": "00O2TK9973U0DSBKNVZEZ7RC5",
				"value": "-2.73817677195649",
				"unit": ""
			},
			"kf010": {
				"key": "00O2TK9973U0DSBKNVZEZ7XNP",
				"value": "0.00000000000000",
				"unit": ""
			},
			"kf011": {
				"key": "00O2TK9973U0DSBKNVZEZ83Z9",
				"value": "0.00000000000000",
				"unit": ""
			},
			"kf012": {
				"key": "00O2TK9973U0DSBKNVZEZ8AAT",
				"value": "0.00000000000000",
				"unit": ""
			},
			"kf013": {
				"key": "00O2TK9973U0DSBKNVZEZ8GMD",
				"value": "-2.72687690603416",
				"unit": ""
			}
		}
	],
	"filters": [
		{
			"id": "0CS_CHART",
			"from": {
				"key": "BI",
				"value": "BI"
			},
			"to": {
				"key": "",
				"to": ""
			}
		},
		{
			"id": "0CS_DIMEN",
			"from": {
				"key": "BX",
				"value": "BX"
			},
			"to": {
				"key": "",
				"to": ""
			}
		},
		{
			"id": "0CS_DOCTYPE",
			"from": {
				"key": "BX/Y8",
				"value": "Deviation Analysis uncons"
			},
			"to": {
				"key": "",
				"to": ""
			}
		},
		{
			"id": "0CS_ITEM",
			"from": {
				"key": "BI/30020100",
				"value": "Net Sales (Others) (Total)"
			},
			"to": {
				"key": "",
				"to": ""
			}
		},
		{
			"id": "0CS_ITEM",
			"from": {
				"key": "BI/30020110",
				"value": "Gross Sales - OT"
			},
			"to": {
				"key": "",
				"to": ""
			}
		},
		{
			"id": "0CS_ITEM",
			"from": {
				"key": "BI/30020120",
				"value": "Gross Sales (prop. cons.) - OT"
			},
			"to": {
				"key": "",
				"to": ""
			}
		},
		{
			"id": "0CS_ITEM",
			"from": {
				"key": "BI/30020150",
				"value": "Gross Sales - PC"
			},
			"to": {
				"key": "",
				"to": ""
			}
		},
		{
			"id": "0CS_ITEM",
			"from": {
				"key": "BI/30020200",
				"value": "Net Sales (PC) (Total)"
			},
			"to": {
				"key": "",
				"to": ""
			}
		},
		{
			"id": "0CS_ITEM",
			"from": {
				"key": "BI/30030100",
				"value": "Gross Sales (Others) (Total)"
			},
			"to": {
				"key": "",
				"to": ""
			}
		},
		{
			"id": "0CS_ITEM",
			"from": {
				"key": "BI/30040100",
				"value": "Disc., Rebates, Cash-Disc. - Others (Total)"
			},
			"to": {
				"key": "",
				"to": ""
			}
		},
		{
			"id": "0CS_ITEM",
			"from": {
				"key": "BI/31117000",
				"value": "Sales deductions - Others"
			},
			"to": {
				"key": "",
				"to": ""
			}
		},
		{
			"id": "0CS_ITEM",
			"from": {
				"key": "BI/31117100",
				"value": "Discounts, Bonuses, Cash Discounts, etc. (prop. cons.) - OT"
			},
			"to": {
				"key": "",
				"to": ""
			}
		},
		{
			"id": "0CS_ITEM",
			"from": {
				"key": "BI/31123050",
				"value": "Sales deductions - Partner companies"
			},
			"to": {
				"key": "",
				"to": ""
			}
		},
		{
			"id": "0CURTYPE",
			"from": {
				"key": "#",
				"value": "Not assigned"
			},
			"to": {
				"key": "",
				"to": ""
			}
		},
		{
			"id": "0CURTYPE",
			"from": {
				"key": "10",
				"value": "Company code currency"
			},
			"to": {
				"key": "",
				"to": ""
			}
		},
		{
			"id": "0FISCVARNT",
			"from": {
				"key": "K1",
				"value": "Calendar year, 1 spec. period"
			},
			"to": {
				"key": "",
				"to": ""
			}
		},
		{
			"id": "0IOBJSV",
			"from": {
				"key": "#",
				"value": "Not assigned"
			},
			"to": {
				"key": "",
				"to": ""
			}
		},
		{
			"id": "0IOBJSV",
			"from": {
				"key": "0PSG",
				"value": "Profit. segment"
			},
			"to": {
				"key": "",
				"to": ""
			}
		},
		{
			"id": "0VALUATION",
			"from": {
				"key": "#",
				"value": "Legal Valuation"
			},
			"to": {
				"key": "",
				"to": ""
			}
		},
		{
			"id": "DRESPO__D_CV0",
			"from": {
				"key": "LS",
				"value": "Bayer Group"
			},
			"to": {
				"key": "",
				"to": ""
			}
		}
	],
	"variables": [
		{
			"id": "DCURRENCY_CDSOI01",
			"from": {
				"key": "EUR",
				"value": "Euro"
			},
			"to": {
				"key": "",
				"to": ""
			}
		},
		{
			"id": "D0FISCPER_CXSNI00",
			"from": {
				"key": "009.2017",
				"value": "SEP 2017"
			},
			"to": {
				"key": "",
				"to": ""
			}
		},
		{
			"id": "DFISCPER3_CXSOL02",
			"from": {
				"key": "9",
				"value": "Sep"
			},
			"to": {
				"key": "",
				"to": ""
			}
		},
		{
			"id": "DFISCYEAR_CXSOL03",
			"from": {
				"key": "2017",
				"value": "Calendar year, 1 spec. period 2017"
			},
			"to": {
				"key": "",
				"to": ""
			}
		},
		{
			"id": "DZINFOPROV_CXOOL07",
			"from": {
				"key": "DA_CDCALF",
				"value": ""
			},
			"to": {
				"key": "",
				"to": ""
			}
		},
		{
			"id": "DZINFOPROV_CXOOL07",
			"from": {
				"key": "COPADPF",
				"value": ""
			},
			"to": {
				"key": "",
				"to": ""
			}
		},
		{
			"id": "DZINFOPROV_CXOOL07",
			"from": {
				"key": "COPACSP",
				"value": ""
			},
			"to": {
				"key": "",
				"to": ""
			}
		},
		{
			"id": "DZINFOPROV_CXOOL07",
			"from": {
				"key": "COPACCPCF",
				"value": ""
			},
			"to": {
				"key": "",
				"to": ""
			}
		},
		{
			"id": "DZINFOPROV_CXOOL07",
			"from": {
				"key": "BKA_CPRKF",
				"value": ""
			},
			"to": {
				"key": "",
				"to": ""
			}
		},
		{
			"id": "D0RTYPE_CXSNL01",
			"from": {
				"key": "Q1F",
				"value": "QBR1 Forecast"
			},
			"to": {
				"key": "",
				"to": ""
			}
		},
		{
			"id": "D0VERSION_TEXT2",
			"from": {
				"key": "FC1",
				"value": "FC1"
			},
			"to": {
				"key": "",
				"to": ""
			}
		},
		{
			"id": "D0VERSION_CXSMIFC2",
			"from": {
				"key": "FC1",
				"value": "Forecast 1"
			},
			"to": {
				"key": "",
				"to": ""
			}
		},
		{
			"id": "DREQSTAT_CDSOI01",
			"from": {
				"key": "R",
				"value": "released"
			},
			"to": {
				"key": "",
				"to": ""
			}
		},
		{
			"id": "DDIMKKAX_HDSOI02",
			"from": {
				"key": "WORLD",
				"value": "Bayer Group"
			},
			"to": {
				"key": "0HIER_NODE",
				"to": ""
			}
		},
		{
			"id": "DD_GCLCREP_CXMMLGC",
			"from": {
				"key": "GC",
				"value": "Group Currency"
			},
			"to": {
				"key": "",
				"to": ""
			}
		},
		{
			"id": "DD_GCLCREP_CXOOL01",
			"from": {
				"key": "#",
				"value": "Not assigned"
			},
			"to": {
				"key": "",
				"to": ""
			}
		},
		{
			"id": "DD_GCLCREP_CXOOL01",
			"from": {
				"key": "#",
				"value": "Not assigned"
			},
			"to": {
				"key": "",
				"to": ""
			}
		},
		{
			"id": "DD_GCLCREP_CXMMLGC",
			"from": {
				"key": "ALL",
				"value": "ALL"
			},
			"to": {
				"key": "",
				"to": ""
			}
		},
		{
			"id": "DD_GCLCREP_CXMMLLC",
			"from": {
				"key": "#",
				"value": "Not assigned"
			},
			"to": {
				"key": "",
				"to": ""
			}
		},
		{
			"id": "DD_GCLCREP_CXMMLGC",
			"from": {
				"key": "#",
				"value": "Not assigned"
			},
			"to": {
				"key": "",
				"to": ""
			}
		},
		{
			"id": "DD_GCLCREP_CXMMLLC",
			"from": {
				"key": "ALL",
				"value": "ALL"
			},
			"to": {
				"key": "",
				"to": ""
			}
		},
		{
			"id": "DD_GCLCREP_CXMMLLC",
			"from": {
				"key": "LC",
				"value": "Local Currency"
			},
			"to": {
				"key": "",
				"to": ""
			}
		},
		{
			"id": "DD_GCLCREP_CXOOL01",
			"from": {
				"key": "GC",
				"value": "Group Currency"
			},
			"to": {
				"key": "",
				"to": ""
			}
		},
		{
			"id": "DD_GCLCREP_CXOOL01",
			"from": {
				"key": "ALL",
				"value": "ALL"
			},
			"to": {
				"key": "",
				"to": ""
			}
		},
		{
			"id": "DZMRSC_CXOOL01",
			"from": {
				"key": "MON",
				"value": "Monsanto"
			},
			"to": {
				"key": "",
				"to": ""
			}
		}
	],
	"error": false
}