{
	"version": "",
	"title": "ROI: GS N.Sales & Margin Timeline",
	"id": "SOA00_COPAPRP03_QS004",
	"infocube": "COPAPRP03",
	"creator": "EYJOG",
	"creationDate": "2018-07-03",
	"creationTime": "11:08:49",
	"lastChanger": "BEHRI",
	"changeDate": "2018-07-03",
	"changeTime": "11:08:49",
	"lastQueryExecutionDate": "2018-07-17",
	"lastQueryExecutionTime": "20:59:03",
	"available": true,
	"infoobjects": [
		{
			"id": "DRESPO__DIMKKAX",
			"infoobject": "DRESPO__DIMKKAX",
			"name": "BSV: Hierarchy",
			"descript": "BSV: Hierarchy",
			"position": "0001",
			"initialdisplay": "false",
			"ishierarchy": "true",
			"hierarchy": {
				"id": "BSV_HIER_ALL",
				"name": "",
				"level": "12"
			},
			"hienmdesc": "",
			"hienmlevel": "12",
			"isstructure": "false",
			"IS_FILTER": "false",
			"laytp": "AGG",
			"attribute": ""
		},
		{
			"id": "DRESPO__DIMKKA1",
			"infoobject": "DRESPO__DIMKKA1",
			"name": "BSV Lvl 1",
			"descript": "BSV Lvl 1",
			"position": "0002",
			"initialdisplay": "false",
			"isstructure": "false",
			"IS_FILTER": "false",
			"laytp": "AGG",
			"attribute": ""
		},
		{
			"id": "DRESPO__DIMKKA2",
			"infoobject": "DRESPO__DIMKKA2",
			"name": "BSV Lvl 2",
			"descript": "BSV Lvl 2",
			"position": "0003",
			"initialdisplay": "false",
			"isstructure": "false",
			"IS_FILTER": "false",
			"laytp": "AGG",
			"attribute": ""
		},
		{
			"id": "DRESPO__DIMKKA3",
			"infoobject": "DRESPO__DIMKKA3",
			"name": "BSV Lvl 3",
			"descript": "BSV Lvl 3",
			"position": "0004",
			"initialdisplay": "false",
			"isstructure": "false",
			"IS_FILTER": "false",
			"laytp": "AGG",
			"attribute": ""
		},
		{
			"id": "DRESPO__DIMKKA4",
			"infoobject": "DRESPO__DIMKKA4",
			"name": "BSV Lvl 4",
			"descript": "BSV Lvl 4",
			"position": "0005",
			"initialdisplay": "false",
			"isstructure": "false",
			"IS_FILTER": "false",
			"laytp": "AGG",
			"attribute": ""
		},
		{
			"id": "DRESPO__DIMKKA5",
			"infoobject": "DRESPO__DIMKKA5",
			"name": "BSV Lvl 5",
			"descript": "BSV Lvl 5",
			"position": "0006",
			"initialdisplay": "false",
			"isstructure": "false",
			"IS_FILTER": "false",
			"laytp": "AGG",
			"attribute": ""
		},
		{
			"id": "DRESPO__DIMKKA6",
			"infoobject": "DRESPO__DIMKKA6",
			"name": "BSV Lvl 6",
			"descript": "BSV Lvl 6",
			"position": "0007",
			"initialdisplay": "false",
			"isstructure": "false",
			"IS_FILTER": "false",
			"laytp": "AGG",
			"attribute": ""
		},
		{
			"id": "DRESPO__DIMKKA7",
			"infoobject": "DRESPO__DIMKKA7",
			"name": "BSV Lvl 7",
			"descript": "BSV Lvl 7",
			"position": "0008",
			"initialdisplay": "false",
			"isstructure": "false",
			"IS_FILTER": "false",
			"laytp": "AGG",
			"attribute": ""
		},
		{
			"id": "DRESPO__DIMKKA8",
			"infoobject": "DRESPO__DIMKKA8",
			"name": "BSV Lvl 8",
			"descript": "BSV Lvl 8",
			"position": "0009",
			"initialdisplay": "false",
			"isstructure": "false",
			"IS_FILTER": "false",
			"laytp": "AGG",
			"attribute": ""
		},
		{
			"id": "DRESPO__DIMKKA9",
			"infoobject": "DRESPO__DIMKKA9",
			"name": "BSV Lvl 9",
			"descript": "BSV Lvl 9",
			"position": "0010",
			"initialdisplay": "false",
			"isstructure": "false",
			"IS_FILTER": "false",
			"laytp": "AGG",
			"attribute": ""
		},
		{
			"id": "DRESPO__DIMKKA10",
			"infoobject": "DRESPO__DIMKKA10",
			"name": "BSV Lvl 10",
			"descript": "BSV Lvl 10",
			"position": "0011",
			"initialdisplay": "false",
			"isstructure": "false",
			"IS_FILTER": "false",
			"laytp": "AGG",
			"attribute": ""
		},
		{
			"id": "DRESPO__DBRANDF",
			"infoobject": "DRESPO__DBRANDF",
			"name": "CV Brand Family",
			"descript": "CV Brand Family",
			"position": "0012",
			"initialdisplay": "false",
			"isstructure": "false",
			"IS_FILTER": "false",
			"laytp": "AGG",
			"attribute": ""
		},
		{
			"id": "DRESPO__DK_GB",
			"infoobject": "DRESPO__DK_GB",
			"name": "CV 5 Business Group",
			"descript": "CV 5 Business Group",
			"position": "0013",
			"initialdisplay": "false",
			"isstructure": "false",
			"IS_FILTER": "false",
			"laytp": "AGG",
			"attribute": ""
		},
		{
			"id": "DRESPO__DSBE",
			"infoobject": "DRESPO__DSBE",
			"name": "CV 6 SBE",
			"descript": "CV 6 SBE",
			"position": "0014",
			"initialdisplay": "false",
			"isstructure": "false",
			"IS_FILTER": "false",
			"laytp": "AGG",
			"attribute": ""
		},
		{
			"id": "DRESPO__DRU",
			"infoobject": "DRESPO__DRU",
			"name": "CV 7 Reporting Unit",
			"descript": "CV 7 Reporting Unit",
			"position": "0015",
			"initialdisplay": "false",
			"isstructure": "false",
			"IS_FILTER": "false",
			"laytp": "AGG",
			"attribute": ""
		},
		{
			"id": "DCTRY_FD",
			"infoobject": "DCTRY_FD",
			"name": "Country final-dest.",
			"descript": "Country final-dest.",
			"position": "0016",
			"initialdisplay": "false",
			"isstructure": "false",
			"IS_FILTER": "false",
			"laytp": "AGG",
			"attribute": ""
		},
		{
			"id": "DRESPO__DIMKKACG",
			"infoobject": "DRESPO__DIMKKACG",
			"name": "BSV CG",
			"descript": "BSV CG",
			"position": "0017",
			"initialdisplay": "false",
			"isstructure": "false",
			"IS_FILTER": "false",
			"laytp": "AGG",
			"attribute": ""
		},
		{
			"id": "DRESPO__DLOC_BU_M",
			"infoobject": "DRESPO__DLOC_BU_M",
			"name": "Local BU (MV)",
			"descript": "Local BU (MV)",
			"position": "0018",
			"initialdisplay": "false",
			"isstructure": "false",
			"IS_FILTER": "false",
			"laytp": "AGG",
			"attribute": ""
		},
		{
			"id": "DRESPO__DBRAND",
			"infoobject": "DRESPO__DBRAND",
			"name": "CV Brand",
			"descript": "CV Brand",
			"position": "0019",
			"initialdisplay": "false",
			"isstructure": "false",
			"IS_FILTER": "false",
			"laytp": "AGG",
			"attribute": ""
		},
		{
			"id": "DRESPO__DMUSTW1",
			"infoobject": "DRESPO__DMUSTW1",
			"name": "CV Brand Attribute",
			"descript": "CV Brand Attribute",
			"position": "0020",
			"initialdisplay": "false",
			"isstructure": "false",
			"IS_FILTER": "false",
			"laytp": "AGG",
			"attribute": ""
		},
		{
			"id": "DRESPO__DMUSTW2",
			"infoobject": "DRESPO__DMUSTW2",
			"name": "CV Country Attribute",
			"descript": "CV Country Attribute",
			"position": "0021",
			"initialdisplay": "false",
			"isstructure": "false",
			"IS_FILTER": "false",
			"laytp": "AGG",
			"attribute": ""
		},
		{
			"id": "DRESPO__DMVIEW",
			"infoobject": "DRESPO__DMVIEW",
			"name": "CV Brand / Country",
			"descript": "CV Brand / Country",
			"position": "0022",
			"initialdisplay": "false",
			"isstructure": "false",
			"IS_FILTER": "false",
			"laytp": "AGG",
			"attribute": ""
		},
		{
			"id": "DRESPO__DPC_CV",
			"infoobject": "DRESPO__DPC_CV",
			"name": "CV 8 Profitcenter",
			"descript": "CV 8 Profitcenter",
			"position": "0023",
			"initialdisplay": "false",
			"isstructure": "false",
			"IS_FILTER": "false",
			"laytp": "AGG",
			"attribute": ""
		},
		{
			"id": "0MATERIAL__DBRANDG",
			"infoobject": "0MATERIAL__DBRANDG",
			"name": "Add.Brand Grouping",
			"descript": "Add.Brand Grouping",
			"position": "0024",
			"initialdisplay": "false",
			"isstructure": "false",
			"IS_FILTER": "false",
			"laytp": "AGG",
			"attribute": ""
		},
		{
			"id": "0MATERIAL__DPRODH4",
			"infoobject": "0MATERIAL__DPRODH4",
			"name": "Prod.Hier. Lev. 4",
			"descript": "Prod.Hier. Lev. 4",
			"position": "0025",
			"initialdisplay": "false",
			"isstructure": "false",
			"IS_FILTER": "false",
			"laytp": "AGG",
			"attribute": ""
		},
		{
			"id": "DSPECIES",
			"infoobject": "DSPECIES",
			"name": "Species",
			"descript": "Species",
			"position": "0026",
			"initialdisplay": "false",
			"isstructure": "false",
			"IS_FILTER": "false",
			"laytp": "AGG",
			"attribute": ""
		},
		{
			"id": "0CUSTOMER",
			"infoobject": "0CUSTOMER",
			"name": "Customer",
			"descript": "Customer",
			"position": "0027",
			"initialdisplay": "false",
			"isstructure": "false",
			"IS_FILTER": "false",
			"laytp": "AGG",
			"attribute": ""
		},
		{
			"id": "DRESPO__DCOREPSV1",
			"infoobject": "DRESPO__DCOREPSV1",
			"name": "CSV Loc. Steer. View",
			"descript": "CSV Loc. Steer. View",
			"position": "0028",
			"initialdisplay": "false",
			"isstructure": "false",
			"IS_FILTER": "false",
			"laytp": "AGG",
			"attribute": ""
		},
		{
			"id": "DRESPO__DCOREPIO1",
			"infoobject": "DRESPO__DCOREPIO1",
			"name": "CSV Loc. St. Vw. Typ",
			"descript": "CSV Loc. St. Vw. Typ",
			"position": "0029",
			"initialdisplay": "false",
			"isstructure": "false",
			"IS_FILTER": "false",
			"laytp": "AGG",
			"attribute": ""
		},
		{
			"id": "DRESPO__DCOREBSV1",
			"infoobject": "DRESPO__DCOREBSV1",
			"name": "CSV Loc. Brand Fam.",
			"descript": "CSV Loc. Brand Fam.",
			"position": "0030",
			"initialdisplay": "false",
			"isstructure": "false",
			"IS_FILTER": "false",
			"laytp": "AGG",
			"attribute": ""
		},
		{
			"id": "DRESPO__DCOREBIO1",
			"infoobject": "DRESPO__DCOREBIO1",
			"name": "CSV Loc Brand FamTyp",
			"descript": "CSV Loc Brand FamTyp",
			"position": "0031",
			"initialdisplay": "false",
			"isstructure": "false",
			"IS_FILTER": "false",
			"laytp": "AGG",
			"attribute": ""
		},
		{
			"id": "DRESPO__DCOREBSV2",
			"infoobject": "DRESPO__DCOREBSV2",
			"name": "CSV Local Brand",
			"descript": "CSV Local Brand",
			"position": "0032",
			"initialdisplay": "false",
			"isstructure": "false",
			"IS_FILTER": "false",
			"laytp": "AGG",
			"attribute": ""
		},
		{
			"id": "DRESPO__DCOREBIO2",
			"infoobject": "DRESPO__DCOREBIO2",
			"name": "CSV Loc. Brand Type",
			"descript": "CSV Loc. Brand Type",
			"position": "0033",
			"initialdisplay": "false",
			"isstructure": "false",
			"IS_FILTER": "false",
			"laytp": "AGG",
			"attribute": ""
		},
		{
			"id": "D_COREC__DCORECSV1",
			"infoobject": "D_COREC__DCORECSV1",
			"name": "CSV Local Channel",
			"descript": "CSV Local Channel",
			"position": "0034",
			"initialdisplay": "false",
			"isstructure": "false",
			"IS_FILTER": "false",
			"laytp": "AGG",
			"attribute": ""
		},
		{
			"id": "D_COREC__DCORECIO1",
			"infoobject": "D_COREC__DCORECIO1",
			"name": "CSV Loc. Channel Typ",
			"descript": "CSV Loc. Channel Typ",
			"position": "0035",
			"initialdisplay": "false",
			"isstructure": "false",
			"IS_FILTER": "false",
			"laytp": "AGG",
			"attribute": ""
		},
		{
			"id": "D_COREC__DCORECSV2",
			"infoobject": "D_COREC__DCORECSV2",
			"name": "CSV Local Subchannel",
			"descript": "CSV Local Subchannel",
			"position": "0036",
			"initialdisplay": "false",
			"isstructure": "false",
			"IS_FILTER": "false",
			"laytp": "AGG",
			"attribute": ""
		},
		{
			"id": "D_COREC__DCORECIO2",
			"infoobject": "D_COREC__DCORECIO2",
			"name": "CSV Loc.Sub.Chan.Typ",
			"descript": "CSV Loc.Sub.Chan.Typ",
			"position": "0037",
			"initialdisplay": "false",
			"isstructure": "false",
			"IS_FILTER": "false",
			"laytp": "AGG",
			"attribute": ""
		},
		{
			"id": "D_COREC__DCORECSV3",
			"infoobject": "D_COREC__DCORECSV3",
			"name": "CSV LocSub-Cha AddAO",
			"descript": "CSV LocSub-Cha AddAO",
			"position": "0038",
			"initialdisplay": "false",
			"isstructure": "false",
			"IS_FILTER": "false",
			"laytp": "AGG",
			"attribute": ""
		},
		{
			"id": "D_COREC__DCORECIO3",
			"infoobject": "D_COREC__DCORECIO3",
			"name": "CSV LocSubChan Type",
			"descript": "CSV LocSubChan Type",
			"position": "0039",
			"initialdisplay": "false",
			"isstructure": "false",
			"IS_FILTER": "false",
			"laytp": "AGG",
			"attribute": ""
		},
		{
			"id": "0MATERIAL",
			"infoobject": "0MATERIAL",
			"name": "Material",
			"descript": "Material",
			"position": "0040",
			"initialdisplay": "false",
			"isstructure": "false",
			"IS_FILTER": "false",
			"laytp": "AGG",
			"attribute": ""
		},
		{
			"id": "00O2TK9973U0DSBKNVZEZGW11",
			"infoobject": "00O2TK9973U0DSBKNVZEZGW11",
			"name": "Timeline - Period",
			"descript": "Timeline - Period",
			"position": "0001",
			"initialdisplay": "true",
			"isstructure": "true",
			"IS_FILTER": "false",
			"laytp": "COL",
			"attribute": ""
		},
		{
			"id": "DCS_DTYPA",
			"infoobject": "DCS_DTYPA",
			"name": "Document Type (Auth)",
			"descript": "Document Type (Auth)",
			"position": "0001",
			"initialdisplay": "false",
			"isstructure": "false",
			"IS_FILTER": "true",
			"laytp": "FIX",
			"attribute": ""
		},
		{
			"id": "DRESPL2A",
			"infoobject": "DRESPL2A",
			"name": "Respo (Auth)",
			"descript": "Respo (Auth)",
			"position": "0002",
			"initialdisplay": "false",
			"isstructure": "false",
			"IS_FILTER": "true",
			"laytp": "FIX",
			"attribute": ""
		},
		{
			"id": "DPRKNSTAA",
			"infoobject": "DPRKNSTAA",
			"name": "BayReP: Status(Auth)",
			"descript": "BayReP: Status(Auth)",
			"position": "0003",
			"initialdisplay": "false",
			"isstructure": "false",
			"IS_FILTER": "true",
			"laytp": "FIX",
			"attribute": ""
		},
		{
			"id": "DBGA",
			"infoobject": "DBGA",
			"name": "BG (Auth)",
			"descript": "BG (Auth)",
			"position": "0004",
			"initialdisplay": "false",
			"isstructure": "false",
			"IS_FILTER": "true",
			"laytp": "FIX",
			"attribute": ""
		},
		{
			"id": "DSGA",
			"infoobject": "DSGA",
			"name": "SG (Auth)",
			"descript": "SG (Auth)",
			"position": "0005",
			"initialdisplay": "false",
			"isstructure": "false",
			"IS_FILTER": "true",
			"laytp": "FIX",
			"attribute": ""
		},
		{
			"id": "DCTRY_FDA",
			"infoobject": "DCTRY_FDA",
			"name": "Country final-dest.",
			"descript": "Country final-dest.",
			"position": "0006",
			"initialdisplay": "false",
			"isstructure": "false",
			"IS_FILTER": "true",
			"laytp": "FIX",
			"attribute": ""
		},
		{
			"id": "0INFOPROV",
			"infoobject": "0INFOPROV",
			"name": "InfoProvider",
			"descript": "InfoProvider",
			"position": "0007",
			"initialdisplay": "false",
			"isstructure": "false",
			"IS_FILTER": "true",
			"laytp": "FIX",
			"attribute": ""
		},
		{
			"id": "DREQSTAT",
			"infoobject": "DREQSTAT",
			"name": "Status of Reporting",
			"descript": "Status of Reporting",
			"position": "0008",
			"initialdisplay": "false",
			"isstructure": "false",
			"IS_FILTER": "true",
			"laytp": "FIX",
			"attribute": ""
		},
		{
			"id": "0CS_DOCTYPE",
			"infoobject": "0CS_DOCTYPE",
			"name": "Document Type",
			"descript": "Document Type",
			"position": "0009",
			"initialdisplay": "false",
			"isstructure": "false",
			"IS_FILTER": "true",
			"laytp": "FIX",
			"attribute": ""
		},
		{
			"id": "0CS_CHART",
			"infoobject": "0CS_CHART",
			"name": "Cons Chart of Accts",
			"descript": "Cons Chart of Accts",
			"position": "0010",
			"initialdisplay": "false",
			"isstructure": "false",
			"IS_FILTER": "true",
			"laytp": "FIX",
			"attribute": ""
		},
		{
			"id": "0IOBJSV",
			"infoobject": "0IOBJSV",
			"name": "Object Type",
			"descript": "Object Type",
			"position": "0011",
			"initialdisplay": "false",
			"isstructure": "false",
			"IS_FILTER": "true",
			"laytp": "FIX",
			"attribute": ""
		},
		{
			"id": "0FISCVARNT",
			"infoobject": "0FISCVARNT",
			"name": "Fiscal Year Variant",
			"descript": "Fiscal Year Variant",
			"position": "0012",
			"initialdisplay": "false",
			"isstructure": "false",
			"IS_FILTER": "true",
			"laytp": "FIX",
			"attribute": ""
		},
		{
			"id": "0CURTYPE",
			"infoobject": "0CURTYPE",
			"name": "Currency Type",
			"descript": "Currency Type",
			"position": "0013",
			"initialdisplay": "false",
			"isstructure": "false",
			"IS_FILTER": "true",
			"laytp": "FIX",
			"attribute": ""
		},
		{
			"id": "0VERSION",
			"infoobject": "0VERSION",
			"name": "Version",
			"descript": "Version",
			"position": "0014",
			"initialdisplay": "false",
			"isstructure": "false",
			"IS_FILTER": "true",
			"laytp": "FIX",
			"attribute": ""
		},
		{
			"id": "0VALUATION",
			"infoobject": "0VALUATION",
			"name": "Valuation view",
			"descript": "Valuation view",
			"position": "0015",
			"initialdisplay": "false",
			"isstructure": "false",
			"IS_FILTER": "true",
			"laytp": "FIX",
			"attribute": ""
		},
		{
			"id": "0CS_DIMEN",
			"infoobject": "0CS_DIMEN",
			"name": "Dimension",
			"descript": "Dimension",
			"position": "0016",
			"initialdisplay": "false",
			"isstructure": "false",
			"IS_FILTER": "true",
			"laytp": "FIX",
			"attribute": ""
		},
		{
			"id": "0CS_ITEM",
			"infoobject": "0CS_ITEM",
			"name": "Item",
			"descript": "Item",
			"position": "0017",
			"initialdisplay": "false",
			"isstructure": "false",
			"IS_FILTER": "true",
			"laytp": "FIX",
			"attribute": ""
		},
		{
			"id": "DRESPO__D_CV0",
			"infoobject": "DRESPO__D_CV0",
			"name": "CV 0 Life Sciene",
			"descript": "CV 0 Life Sciene",
			"position": "0018",
			"initialdisplay": "false",
			"isstructure": "false",
			"IS_FILTER": "true",
			"laytp": "FIX",
			"attribute": ""
		},
		{
			"id": "00O2TK9973U0DSBKNVZEZH2CL",
			"infoobject": "00O2TK9973U0DSBKNVZEZH2CL",
			"name": "ROI Timeline MTH/YTD Deviations",
			"descript": "ROI Timeline MTH/YTD Deviations",
			"position": "0001",
			"initialdisplay": "true",
			"isstructure": "true",
			"IS_FILTER": "false",
			"laytp": "ROW",
			"attribute": ""
		}
	],
	"variables": [
		{
			"id": "D0CUSTOMER_CDOOI",
			"name": "Customer",
			"infoobject": {
				"id": "0CUSTOMER",
				"name": "Customer"
			},
			"type": "1",
			"typetext": "Characteristic value",
			"processtype": "5",
			"processtypetext": "User entry / default value",
			"parsel": "S",
			"parseltext": "Selection option",
			"input": true,
			"mandatory": false,
			"entrytype": "0",
			"entrytypetext": "Optional Variable Entry",
			"dynchange": "",
			"flags": {
				"lh": "0",
				"r": "0"
			},
			"value": "",
			"highvalue": ""
		},
		{
			"id": "D0FISCPER_CXSNI00",
			"name": "Fiscal Period / Year",
			"infoobject": {
				"id": "0FISCPER",
				"name": "Fiscal year/period"
			},
			"type": "1",
			"typetext": "Characteristic value",
			"processtype": "3",
			"processtypetext": "Customer exit",
			"parsel": "P",
			"parseltext": "Single value (parameters)",
			"input": true,
			"mandatory": true,
			"entrytype": "2",
			"entrytypetext": "Mandatory, Initial Value not Allowed",
			"dynchange": "",
			"flags": {
				"lh": "0",
				"r": "0"
			},
			"value": "",
			"highvalue": ""
		},
		{
			"id": "D0MATERIAL_CDOOI",
			"name": "Material",
			"infoobject": {
				"id": "0MATERIAL",
				"name": "Material"
			},
			"type": "1",
			"typetext": "Characteristic value",
			"processtype": "5",
			"processtypetext": "User entry / default value",
			"parsel": "S",
			"parseltext": "Selection option",
			"input": true,
			"mandatory": false,
			"entrytype": "0",
			"entrytypetext": "Optional Variable Entry",
			"dynchange": "",
			"flags": {
				"lh": "0",
				"r": "0"
			},
			"value": "",
			"highvalue": ""
		},
		{
			"id": "D0RTYPE_CXSNL01",
			"name": "Dyn. Forecast Rate from D0VERSION_CXSMIFC",
			"infoobject": {
				"id": "0RTYPE",
				"name": "Exchange Rate Type"
			},
			"type": "1",
			"typetext": "Characteristic value",
			"processtype": "3",
			"processtypetext": "Customer exit",
			"parsel": "P",
			"parseltext": "Single value (parameters)",
			"input": false,
			"mandatory": true,
			"entrytype": "2",
			"entrytypetext": "Mandatory, Initial Value not Allowed",
			"dynchange": "",
			"flags": {
				"lh": "0",
				"r": "0"
			},
			"value": "00O2TK8CN6Y24WQP6BHY66BJJ",
			"highvalue": ""
		},
		{
			"id": "D0VERSION_CXSMIFC2",
			"name": "FC - Version",
			"infoobject": {
				"id": "0VERSION",
				"name": "Version"
			},
			"type": "1",
			"typetext": "Characteristic value",
			"processtype": "3",
			"processtypetext": "Customer exit",
			"parsel": "P",
			"parseltext": "Single value (parameters)",
			"input": true,
			"mandatory": true,
			"entrytype": "1",
			"entrytypetext": "Mandatory Variable Entry",
			"dynchange": "",
			"flags": {
				"lh": "0",
				"r": "0"
			},
			"value": "",
			"highvalue": ""
		},
		{
			"id": "DCOUNTRY_CDMOI01",
			"name": "Country",
			"infoobject": {
				"id": "DCTRY_FD",
				"name": "Country final-dest."
			},
			"type": "1",
			"typetext": "Characteristic value",
			"processtype": "5",
			"processtypetext": "User entry / default value",
			"parsel": "M",
			"parseltext": "Several Single Values",
			"input": true,
			"mandatory": false,
			"entrytype": "0",
			"entrytypetext": "Optional Variable Entry",
			"dynchange": "",
			"flags": {
				"lh": "0",
				"r": "0"
			},
			"value": "",
			"highvalue": ""
		},
		{
			"id": "DCURRENCY_CDSOI01",
			"name": "Target Currency",
			"infoobject": {
				"id": "0CURRENCY",
				"name": "Currency"
			},
			"type": "1",
			"typetext": "Characteristic value",
			"processtype": "5",
			"processtypetext": "User entry / default value",
			"parsel": "P",
			"parseltext": "Single value (parameters)",
			"input": true,
			"mandatory": true,
			"entrytype": "1",
			"entrytypetext": "Mandatory Variable Entry",
			"dynchange": "",
			"flags": {
				"lh": "0",
				"r": "0"
			},
			"value": "EUR",
			"highvalue": ""
		},
		{
			"id": "DCURRENCY_CDSOI01",
			"name": "Target Currency",
			"infoobject": {
				"id": "0CURRENCY",
				"name": "Currency"
			},
			"type": "1",
			"typetext": "Characteristic value",
			"processtype": "5",
			"processtypetext": "User entry / default value",
			"parsel": "P",
			"parseltext": "Single value (parameters)",
			"input": true,
			"mandatory": true,
			"entrytype": "1",
			"entrytypetext": "Mandatory Variable Entry",
			"dynchange": "",
			"flags": {
				"lh": "0",
				"r": "0"
			},
			"value": "00O2TK8CN6Y24WQP6BHY66BJJ",
			"highvalue": ""
		},
		{
			"id": "DCURRENCY_CDSOI01",
			"name": "Target Currency",
			"infoobject": {
				"id": "0CURRENCY",
				"name": "Currency"
			},
			"type": "1",
			"typetext": "Characteristic value",
			"processtype": "5",
			"processtypetext": "User entry / default value",
			"parsel": "P",
			"parseltext": "Single value (parameters)",
			"input": true,
			"mandatory": true,
			"entrytype": "1",
			"entrytypetext": "Mandatory Variable Entry",
			"dynchange": "",
			"flags": {
				"lh": "0",
				"r": "0"
			},
			"value": "EUR",
			"highvalue": ""
		},
		{
			"id": "DCURRENCY_CDSOI01",
			"name": "Target Currency",
			"infoobject": {
				"id": "0CURRENCY",
				"name": "Currency"
			},
			"type": "1",
			"typetext": "Characteristic value",
			"processtype": "5",
			"processtypetext": "User entry / default value",
			"parsel": "P",
			"parseltext": "Single value (parameters)",
			"input": true,
			"mandatory": true,
			"entrytype": "1",
			"entrytypetext": "Mandatory Variable Entry",
			"dynchange": "",
			"flags": {
				"lh": "0",
				"r": "0"
			},
			"value": "00O2TK8CN6Y24WQP6BHY66BJJ",
			"highvalue": ""
		},
		{
			"id": "DCURRENCY_CDSOI01",
			"name": "Target Currency",
			"infoobject": {
				"id": "0CURRENCY",
				"name": "Currency"
			},
			"type": "1",
			"typetext": "Characteristic value",
			"processtype": "5",
			"processtypetext": "User entry / default value",
			"parsel": "P",
			"parseltext": "Single value (parameters)",
			"input": true,
			"mandatory": true,
			"entrytype": "1",
			"entrytypetext": "Mandatory Variable Entry",
			"dynchange": "",
			"flags": {
				"lh": "0",
				"r": "0"
			},
			"value": "EUR",
			"highvalue": ""
		},
		{
			"id": "DDIMKKA10_CDOOSI01",
			"name": "BSV Lvl 10",
			"infoobject": {
				"id": "DRESPO__DIMKKA10",
				"name": "BSV Lvl 10"
			},
			"type": "1",
			"typetext": "Characteristic value",
			"processtype": "5",
			"processtypetext": "User entry / default value",
			"parsel": "S",
			"parseltext": "Selection option",
			"input": true,
			"mandatory": false,
			"entrytype": "0",
			"entrytypetext": "Optional Variable Entry",
			"dynchange": "",
			"flags": {
				"lh": "0",
				"r": "0"
			},
			"value": "",
			"highvalue": ""
		},
		{
			"id": "DDIMKKA1_CDOOI01",
			"name": "BSV Lvl 1",
			"infoobject": {
				"id": "DRESPO__DIMKKA1",
				"name": "BSV Lvl 1"
			},
			"type": "1",
			"typetext": "Characteristic value",
			"processtype": "5",
			"processtypetext": "User entry / default value",
			"parsel": "S",
			"parseltext": "Selection option",
			"input": true,
			"mandatory": false,
			"entrytype": "0",
			"entrytypetext": "Optional Variable Entry",
			"dynchange": "",
			"flags": {
				"lh": "0",
				"r": "0"
			},
			"value": "",
			"highvalue": ""
		},
		{
			"id": "DDIMKKA2_CDOOI01",
			"name": "BSV Lvl 2",
			"infoobject": {
				"id": "DRESPO__DIMKKA2",
				"name": "BSV Lvl 2"
			},
			"type": "1",
			"typetext": "Characteristic value",
			"processtype": "5",
			"processtypetext": "User entry / default value",
			"parsel": "S",
			"parseltext": "Selection option",
			"input": true,
			"mandatory": false,
			"entrytype": "0",
			"entrytypetext": "Optional Variable Entry",
			"dynchange": "",
			"flags": {
				"lh": "0",
				"r": "0"
			},
			"value": "",
			"highvalue": ""
		},
		{
			"id": "DDIMKKA3_CDOOI01",
			"name": "BSV Lvl 3",
			"infoobject": {
				"id": "DRESPO__DIMKKA3",
				"name": "BSV Lvl 3"
			},
			"type": "1",
			"typetext": "Characteristic value",
			"processtype": "5",
			"processtypetext": "User entry / default value",
			"parsel": "S",
			"parseltext": "Selection option",
			"input": true,
			"mandatory": false,
			"entrytype": "0",
			"entrytypetext": "Optional Variable Entry",
			"dynchange": "",
			"flags": {
				"lh": "0",
				"r": "0"
			},
			"value": "",
			"highvalue": ""
		},
		{
			"id": "DDIMKKA4_CDOOI01",
			"name": "BSV Lvl 4",
			"infoobject": {
				"id": "DRESPO__DIMKKA4",
				"name": "BSV Lvl 4"
			},
			"type": "1",
			"typetext": "Characteristic value",
			"processtype": "5",
			"processtypetext": "User entry / default value",
			"parsel": "S",
			"parseltext": "Selection option",
			"input": true,
			"mandatory": false,
			"entrytype": "0",
			"entrytypetext": "Optional Variable Entry",
			"dynchange": "",
			"flags": {
				"lh": "0",
				"r": "0"
			},
			"value": "",
			"highvalue": ""
		},
		{
			"id": "DDIMKKA5_CDOOI01",
			"name": "BSV Lvl 5",
			"infoobject": {
				"id": "DRESPO__DIMKKA5",
				"name": "BSV Lvl 5"
			},
			"type": "1",
			"typetext": "Characteristic value",
			"processtype": "5",
			"processtypetext": "User entry / default value",
			"parsel": "S",
			"parseltext": "Selection option",
			"input": true,
			"mandatory": false,
			"entrytype": "0",
			"entrytypetext": "Optional Variable Entry",
			"dynchange": "",
			"flags": {
				"lh": "0",
				"r": "0"
			},
			"value": "",
			"highvalue": ""
		},
		{
			"id": "DDIMKKA6_CDOOI01",
			"name": "BSV Lvl 6",
			"infoobject": {
				"id": "DRESPO__DIMKKA6",
				"name": "BSV Lvl 6"
			},
			"type": "1",
			"typetext": "Characteristic value",
			"processtype": "5",
			"processtypetext": "User entry / default value",
			"parsel": "S",
			"parseltext": "Selection option",
			"input": true,
			"mandatory": false,
			"entrytype": "0",
			"entrytypetext": "Optional Variable Entry",
			"dynchange": "",
			"flags": {
				"lh": "0",
				"r": "0"
			},
			"value": "",
			"highvalue": ""
		},
		{
			"id": "DDIMKKA7_CDOOI01",
			"name": "BSV Lvl 7",
			"infoobject": {
				"id": "DRESPO__DIMKKA7",
				"name": "BSV Lvl 7"
			},
			"type": "1",
			"typetext": "Characteristic value",
			"processtype": "5",
			"processtypetext": "User entry / default value",
			"parsel": "S",
			"parseltext": "Selection option",
			"input": true,
			"mandatory": false,
			"entrytype": "0",
			"entrytypetext": "Optional Variable Entry",
			"dynchange": "",
			"flags": {
				"lh": "0",
				"r": "0"
			},
			"value": "",
			"highvalue": ""
		},
		{
			"id": "DDIMKKA8_CDOOI01",
			"name": "BSV Lvl 8",
			"infoobject": {
				"id": "DRESPO__DIMKKA8",
				"name": "BSV Lvl 8"
			},
			"type": "1",
			"typetext": "Characteristic value",
			"processtype": "5",
			"processtypetext": "User entry / default value",
			"parsel": "S",
			"parseltext": "Selection option",
			"input": true,
			"mandatory": false,
			"entrytype": "0",
			"entrytypetext": "Optional Variable Entry",
			"dynchange": "",
			"flags": {
				"lh": "0",
				"r": "0"
			},
			"value": "",
			"highvalue": ""
		},
		{
			"id": "DDIMKKA9_CDOOSI01",
			"name": "BSV Lvl 9",
			"infoobject": {
				"id": "DRESPO__DIMKKA9",
				"name": "BSV Lvl 9"
			},
			"type": "1",
			"typetext": "Characteristic value",
			"processtype": "5",
			"processtypetext": "User entry / default value",
			"parsel": "S",
			"parseltext": "Selection option",
			"input": true,
			"mandatory": false,
			"entrytype": "0",
			"entrytypetext": "Optional Variable Entry",
			"dynchange": "",
			"flags": {
				"lh": "0",
				"r": "0"
			},
			"value": "",
			"highvalue": ""
		},
		{
			"id": "DDIMKKAX_HDSOI02",
			"name": "DIMKKAX HierNode selection",
			"infoobject": {
				"id": "DRESPO__DIMKKAX",
				"name": "BSV: Hierarchy"
			},
			"type": "2",
			"typetext": "Hierarchy nodes",
			"processtype": "5",
			"processtypetext": "User entry / default value",
			"parsel": "P",
			"parseltext": "Single value (parameters)",
			"input": true,
			"mandatory": false,
			"entrytype": "0",
			"entrytypetext": "Optional Variable Entry",
			"dynchange": "",
			"flags": {
				"lh": "0",
				"r": "0"
			},
			"value": "WORLD",
			"highvalue": "0HIER_NODE"
		},
		{
			"id": "DDK_GB_CDOOI",
			"name": "CV 5 Business Group",
			"infoobject": {
				"id": "DRESPO__DK_GB",
				"name": "CV 5 Business Group"
			},
			"type": "1",
			"typetext": "Characteristic value",
			"processtype": "5",
			"processtypetext": "User entry / default value",
			"parsel": "S",
			"parseltext": "Selection option",
			"input": true,
			"mandatory": false,
			"entrytype": "0",
			"entrytypetext": "Optional Variable Entry",
			"dynchange": "",
			"flags": {
				"lh": "0",
				"r": "0"
			},
			"value": "",
			"highvalue": ""
		},
		{
			"id": "DDRESPO_DBRANDF_CDSOI01",
			"name": "CV GI. Brand Family",
			"infoobject": {
				"id": "DRESPO__DBRANDF",
				"name": "CV Brand Family"
			},
			"type": "1",
			"typetext": "Characteristic value",
			"processtype": "5",
			"processtypetext": "User entry / default value",
			"parsel": "S",
			"parseltext": "Selection option",
			"input": true,
			"mandatory": false,
			"entrytype": "0",
			"entrytypetext": "Optional Variable Entry",
			"dynchange": "",
			"flags": {
				"lh": "0",
				"r": "0"
			},
			"value": "",
			"highvalue": ""
		},
		{
			"id": "DDSPECIES_CDOOI",
			"name": "Species",
			"infoobject": {
				"id": "DSPECIES",
				"name": "Species"
			},
			"type": "1",
			"typetext": "Characteristic value",
			"processtype": "5",
			"processtypetext": "User entry / default value",
			"parsel": "S",
			"parseltext": "Selection option",
			"input": true,
			"mandatory": false,
			"entrytype": "0",
			"entrytypetext": "Optional Variable Entry",
			"dynchange": "",
			"flags": {
				"lh": "0",
				"r": "0"
			},
			"value": "",
			"highvalue": ""
		},
		{
			"id": "DIMKKACG_CDOOSI01",
			"name": "Business Steering View Country Group",
			"infoobject": {
				"id": "DRESPO__DIMKKACG",
				"name": "BSV CG"
			},
			"type": "1",
			"typetext": "Characteristic value",
			"processtype": "5",
			"processtypetext": "User entry / default value",
			"parsel": "S",
			"parseltext": "Selection option",
			"input": true,
			"mandatory": false,
			"entrytype": "0",
			"entrytypetext": "Optional Variable Entry",
			"dynchange": "",
			"flags": {
				"lh": "0",
				"r": "0"
			},
			"value": "",
			"highvalue": ""
		},
		{
			"id": "DRESPO_DSBE_CDOOI",
			"name": "CV 6 SBE",
			"infoobject": {
				"id": "DRESPO__DSBE",
				"name": "CV 6 SBE"
			},
			"type": "1",
			"typetext": "Characteristic value",
			"processtype": "5",
			"processtypetext": "User entry / default value",
			"parsel": "S",
			"parseltext": "Selection option",
			"input": true,
			"mandatory": false,
			"entrytype": "0",
			"entrytypetext": "Optional Variable Entry",
			"dynchange": "",
			"flags": {
				"lh": "0",
				"r": "0"
			},
			"value": "",
			"highvalue": ""
		},
		{
			"id": "DRESPO__DRU_CDOOI",
			"name": "CV 7 Reporting Unit",
			"infoobject": {
				"id": "DRESPO__DRU",
				"name": "CV 7 Reporting Unit"
			},
			"type": "1",
			"typetext": "Characteristic value",
			"processtype": "5",
			"processtypetext": "User entry / default value",
			"parsel": "S",
			"parseltext": "Selection option",
			"input": true,
			"mandatory": false,
			"entrytype": "0",
			"entrytypetext": "Optional Variable Entry",
			"dynchange": "",
			"flags": {
				"lh": "0",
				"r": "0"
			},
			"value": "",
			"highvalue": ""
		},
		{
			"id": "D_DCOREBSV1_CDOOI01",
			"name": "CSV Brand",
			"infoobject": {
				"id": "DRESPO__DCOREBSV1",
				"name": "CSV Loc. Brand Fam."
			},
			"type": "1",
			"typetext": "Characteristic value",
			"processtype": "5",
			"processtypetext": "User entry / default value",
			"parsel": "S",
			"parseltext": "Selection option",
			"input": true,
			"mandatory": false,
			"entrytype": "0",
			"entrytypetext": "Optional Variable Entry",
			"dynchange": "",
			"flags": {
				"lh": "0",
				"r": "0"
			},
			"value": "",
			"highvalue": ""
		},
		{
			"id": "D_DCOREBSV2_CDOOI01",
			"name": "CSV Subbrand",
			"infoobject": {
				"id": "DRESPO__DCOREBSV2",
				"name": "CSV Local Brand"
			},
			"type": "1",
			"typetext": "Characteristic value",
			"processtype": "5",
			"processtypetext": "User entry / default value",
			"parsel": "S",
			"parseltext": "Selection option",
			"input": true,
			"mandatory": false,
			"entrytype": "0",
			"entrytypetext": "Optional Variable Entry",
			"dynchange": "",
			"flags": {
				"lh": "0",
				"r": "0"
			},
			"value": "",
			"highvalue": ""
		},
		{
			"id": "D_DCORECSV1_CDOOI01",
			"name": "CSV Local Channel",
			"infoobject": {
				"id": "D_COREC__DCORECSV1",
				"name": "CSV Local Channel"
			},
			"type": "1",
			"typetext": "Characteristic value",
			"processtype": "5",
			"processtypetext": "User entry / default value",
			"parsel": "S",
			"parseltext": "Selection option",
			"input": true,
			"mandatory": false,
			"entrytype": "0",
			"entrytypetext": "Optional Variable Entry",
			"dynchange": "",
			"flags": {
				"lh": "0",
				"r": "0"
			},
			"value": "",
			"highvalue": ""
		},
		{
			"id": "D_DCORECSV2_CDOOI01",
			"name": "CSV Local Subchannel",
			"infoobject": {
				"id": "D_COREC__DCORECSV2",
				"name": "CSV Local Subchannel"
			},
			"type": "1",
			"typetext": "Characteristic value",
			"processtype": "5",
			"processtypetext": "User entry / default value",
			"parsel": "S",
			"parseltext": "Selection option",
			"input": true,
			"mandatory": false,
			"entrytype": "0",
			"entrytypetext": "Optional Variable Entry",
			"dynchange": "",
			"flags": {
				"lh": "0",
				"r": "0"
			},
			"value": "",
			"highvalue": ""
		},
		{
			"id": "D_DCOREPSV1_CDOOI01",
			"name": "CSV Performance Overview",
			"infoobject": {
				"id": "DRESPO__DCOREPSV1",
				"name": "CSV Loc. Steer. View"
			},
			"type": "1",
			"typetext": "Characteristic value",
			"processtype": "5",
			"processtypetext": "User entry / default value",
			"parsel": "S",
			"parseltext": "Selection option",
			"input": true,
			"mandatory": false,
			"entrytype": "0",
			"entrytypetext": "Optional Variable Entry",
			"dynchange": "",
			"flags": {
				"lh": "0",
				"r": "0"
			},
			"value": "",
			"highvalue": ""
		}
	],
	"structures": [
		{
			"objects": [
				{
					"id": "00O2TK9973U0DSBKNVZEZG0F9",
					"name": "&TFP3_ILF&",
					"mapname": "",
					"position": "1",
					"hidden": false,
					"parent": "",
					"drillstate": "L",
					"range": {
						"line": {
							"object": "0FISCPER3",
							"sign": "I",
							"opt": "EQ",
							"keyLow": "001",
							"keyHigh": "",
							"dataTyp": "NUMC",
							"dataLength": "0003"
						}
					}
				},
				{
					"id": "00O2TK9973U0DSBKNVZEZGJDX",
					"name": "&TFP3_ILF&",
					"mapname": "",
					"position": "2",
					"hidden": false,
					"parent": "",
					"drillstate": "L",
					"range": {
						"line": {
							"object": "0FISCPER3",
							"sign": "I",
							"opt": "EQ",
							"keyLow": "002",
							"keyHigh": "",
							"dataTyp": "NUMC",
							"dataLength": "0003"
						}
					}
				},
				{
					"id": "00O2TK9973U0DSBKNVZEZGPPH",
					"name": "&TFP3_ILF&",
					"mapname": "",
					"position": "3",
					"hidden": false,
					"parent": "",
					"drillstate": "L",
					"range": {
						"line": {
							"object": "0FISCPER3",
							"sign": "I",
							"opt": "EQ",
							"keyLow": "003",
							"keyHigh": "",
							"dataTyp": "NUMC",
							"dataLength": "0003"
						}
					}
				},
				{
					"id": "00O2TK9973U0DSBKNVZEZG6QT",
					"name": "&TFP3_ILF&",
					"mapname": "",
					"position": "4",
					"hidden": false,
					"parent": "",
					"drillstate": "L",
					"range": {
						"line": {
							"object": "0FISCPER3",
							"sign": "I",
							"opt": "EQ",
							"keyLow": "004",
							"keyHigh": "",
							"dataTyp": "NUMC",
							"dataLength": "0003"
						}
					}
				},
				{
					"id": "00O2TK9973U0DSBKNVZEZBZ1H",
					"name": "&TFP3_ILF&",
					"mapname": "",
					"position": "5",
					"hidden": false,
					"parent": "",
					"drillstate": "L",
					"range": {
						"line": {
							"object": "0FISCPER3",
							"sign": "I",
							"opt": "EQ",
							"keyLow": "005",
							"keyHigh": "",
							"dataTyp": "NUMC",
							"dataLength": "0003"
						}
					}
				},
				{
					"id": "00O2TK9973U0DSBKNVZEZ7EP1",
					"name": "&TFP3_ILF&",
					"mapname": "",
					"position": "6",
					"hidden": false,
					"parent": "",
					"drillstate": "L",
					"range": {
						"line": {
							"object": "0FISCPER3",
							"sign": "I",
							"opt": "EQ",
							"keyLow": "006",
							"keyHigh": "",
							"dataTyp": "NUMC",
							"dataLength": "0003"
						}
					}
				},
				{
					"id": "00O2TK9973U0DSBKNVZEZGD2D",
					"name": "&TFP3_ILF&",
					"mapname": "",
					"position": "7",
					"hidden": false,
					"parent": "",
					"drillstate": "L",
					"range": {
						"line": {
							"object": "0FISCPER3",
							"sign": "I",
							"opt": "EQ",
							"keyLow": "007",
							"keyHigh": "",
							"dataTyp": "NUMC",
							"dataLength": "0003"
						}
					}
				},
				{
					"id": "00O2TK9973U0DSBKNVZEZ7L0L",
					"name": "&TFP3_ILF&",
					"mapname": "",
					"position": "8",
					"hidden": false,
					"parent": "",
					"drillstate": "L",
					"range": {
						"line": {
							"object": "0FISCPER3",
							"sign": "I",
							"opt": "EQ",
							"keyLow": "008",
							"keyHigh": "",
							"dataTyp": "NUMC",
							"dataLength": "0003"
						}
					}
				},
				{
					"id": "00O2TK9973U0DSBKNVZEZ7RC5",
					"name": "&TFP3_ILF&",
					"mapname": "",
					"position": "9",
					"hidden": false,
					"parent": "",
					"drillstate": "L",
					"range": {
						"line": {
							"object": "0FISCPER3",
							"sign": "I",
							"opt": "EQ",
							"keyLow": "009",
							"keyHigh": "",
							"dataTyp": "NUMC",
							"dataLength": "0003"
						}
					}
				},
				{
					"id": "00O2TK9973U0DSBKNVZEZ7XNP",
					"name": "&TFP3_ILF&",
					"mapname": "",
					"position": "10",
					"hidden": false,
					"parent": "",
					"drillstate": "L",
					"range": {
						"line": {
							"object": "0FISCPER3",
							"sign": "I",
							"opt": "EQ",
							"keyLow": "010",
							"keyHigh": "",
							"dataTyp": "NUMC",
							"dataLength": "0003"
						}
					}
				},
				{
					"id": "00O2TK9973U0DSBKNVZEZ83Z9",
					"name": "&TFP3_ILF&",
					"mapname": "",
					"position": "11",
					"hidden": false,
					"parent": "",
					"drillstate": "L",
					"range": {
						"line": {
							"object": "0FISCPER3",
							"sign": "I",
							"opt": "EQ",
							"keyLow": "011",
							"keyHigh": "",
							"dataTyp": "NUMC",
							"dataLength": "0003"
						}
					}
				},
				{
					"id": "00O2TK9973U0DSBKNVZEZ8AAT",
					"name": "&TFP3_ILF&",
					"mapname": "",
					"position": "12",
					"hidden": false,
					"parent": "",
					"drillstate": "L",
					"range": {
						"line": {
							"object": "0FISCPER3",
							"sign": "I",
							"opt": "EQ",
							"keyLow": "012",
							"keyHigh": "",
							"dataTyp": "NUMC",
							"dataLength": "0003"
						}
					}
				},
				{
					"id": "00O2TK9973U0DSBKNVZEZ8GMD",
					"name": "YTD",
					"mapname": "",
					"position": "13",
					"hidden": false,
					"parent": "",
					"drillstate": "L",
					"range": {
						"line": {
							"object": "0FISCPER3",
							"sign": "I",
							"opt": "BT",
							"keyLow": "001",
							"keyHigh": "00O2TK8CN6Y3VPBF48P8C27QB",
							"dataTyp": "NUMC",
							"dataLength": "0003"
						}
					}
				}
			],
			"id": "00O2TK9973U0DSBKNVZEZGW11",
			"name": "Timeline - Period",
			"mapname": "STANDARD_COPAPRP03_ST014",
			"position": "1"
		},
		{
			"objects": [
				{
					"id": "00O2TK9973U0DSBKNVZEZCI05",
					"name": "",
					"mapname": "",
					"position": "1",
					"hidden": true,
					"parent": "",
					"drillstate": "L",
					"range": {
						"line": [
							{
								"object": "1KYFNM",
								"sign": "I",
								"opt": "EQ",
								"keyLow": "0AMOUNT",
								"keyHigh": "",
								"dataTyp": "CURR",
								"dataLength": "0017"
							},
							{
								"object": "0FISCPER",
								"sign": "I",
								"opt": "EQ",
								"keyLow": "00O2TK8CN6Y25DEIHEMLCCIXY",
								"keyHigh": "",
								"dataTyp": "NUMC",
								"dataLength": "0008"
							}
						]
					}
				},
				{
					"id": "00O2TK9973U0E3Y1EFQ575M4Q",
					"name": "",
					"mapname": "",
					"position": "2",
					"hidden": true,
					"parent": "",
					"drillstate": "L",
					"range": {
						"line": {
							"object": "1KYFNM",
							"sign": "I",
							"opt": "EQ",
							"keyLow": "00O2TK9973U0E275Q9N9A5LU0",
							"keyHigh": "",
							"dataTyp": "",
							"dataLength": "0000"
						}
					}
				},
				{
					"id": "00O2TK9973U0E3Y1EFQ575SGA",
					"name": "",
					"mapname": "",
					"position": "3",
					"hidden": true,
					"parent": "",
					"drillstate": "L",
					"range": {
						"line": {
							"object": "1KYFNM",
							"sign": "I",
							"opt": "EQ",
							"keyLow": "00O2TK9973U0E275QG0QS6MKO",
							"keyHigh": "",
							"dataTyp": "",
							"dataLength": "0000"
						}
					}
				},
				{
					"id": "00O2TK9973U2BQRZNFRMCTZY3",
					"name": "",
					"mapname": "",
					"position": "4",
					"hidden": true,
					"parent": "",
					"drillstate": "L",
					"range": {
						"line": {
							"object": "1KYFNM",
							"sign": "I",
							"opt": "EQ",
							"keyLow": "00O2TK9973U0LFV9UR5DHHNWN",
							"keyHigh": "",
							"dataTyp": "",
							"dataLength": "0000"
						}
					}
				},
				{
					"id": "00O2TK9973U0E3Y1EFQ575YRU",
					"name": "",
					"mapname": "",
					"position": "5",
					"hidden": true,
					"parent": "",
					"drillstate": "L",
					"range": {
						"line": {
							"object": "1KYFNM",
							"sign": "I",
							"opt": "EQ",
							"keyLow": "00O2TK9973U0E275QMLZMLTQH",
							"keyHigh": "",
							"dataTyp": "",
							"dataLength": "0000"
						}
					}
				},
				{
					"id": "00O2TK9973U0E3Y1EFQ57653E",
					"name": "",
					"mapname": "",
					"position": "6",
					"hidden": true,
					"parent": "",
					"drillstate": "L",
					"range": {
						"line": {
							"object": "1KYFNM",
							"sign": "I",
							"opt": "EQ",
							"keyLow": "00O2TK9973U0E275QTOVR2U2X",
							"keyHigh": "",
							"dataTyp": "",
							"dataLength": "0000"
						}
					}
				},
				{
					"id": "00O2TK9973U2BQRZNFRMCU69N",
					"name": "",
					"mapname": "",
					"position": "7",
					"hidden": true,
					"parent": "",
					"drillstate": "L",
					"range": {
						"line": {
							"object": "1KYFNM",
							"sign": "I",
							"opt": "EQ",
							"keyLow": "00O2TK9973U0LFV9XL89FV0U4",
							"keyHigh": "",
							"dataTyp": "",
							"dataLength": "0000"
						}
					}
				},
				{
					"id": "00O2TK9973U0DSBKNVZEZ8MXX",
					"name": "ACT @PY",
					"mapname": "",
					"position": "8",
					"hidden": true,
					"parent": "",
					"drillstate": "L",
					"range": {
						"line": [
							{
								"object": "1KYFNM",
								"sign": "I",
								"opt": "EQ",
								"keyLow": "00O2TK9973U0E273JIAN0ANPL",
								"keyHigh": "",
								"dataTyp": "",
								"dataLength": "0000"
							},
							{
								"object": "0FISCYEAR",
								"sign": "I",
								"opt": "EQ",
								"keyLow": "00O2TK8CN6Y3VPBFC9MWIWGYD",
								"keyHigh": "",
								"dataTyp": "NUMC",
								"dataLength": "0004"
							},
							{
								"object": "0VTYPE",
								"sign": "I",
								"opt": "EQ",
								"keyLow": "010",
								"keyHigh": "",
								"dataTyp": "NUMC",
								"dataLength": "0003"
							},
							{
								"object": "0FISCPER",
								"sign": "I",
								"opt": "LE",
								"keyLow": "00O2TK8CN6Y25DEIHEMLCCIXY",
								"keyHigh": "",
								"dataTyp": "NUMC",
								"dataLength": "0008"
							},
							{
								"object": "D_GCLCREP",
								"sign": "I",
								"opt": "EQ",
								"keyLow": "00O2TK8CN6Y2CKVSK799Q231W",
								"keyHigh": "",
								"dataTyp": "CHAR",
								"dataLength": "0003"
							}
						]
					}
				},
				{
					"id": "00O2TK9973U0DSBKNVZEZ8T9H",
					"name": "ACT @BUD",
					"mapname": "",
					"position": "9",
					"hidden": true,
					"parent": "",
					"drillstate": "L",
					"range": {
						"line": [
							{
								"object": "1KYFNM",
								"sign": "I",
								"opt": "EQ",
								"keyLow": "00O2TK9973U0E273JIAN0ANPL",
								"keyHigh": "",
								"dataTyp": "",
								"dataLength": "0000"
							},
							{
								"object": "0FISCYEAR",
								"sign": "I",
								"opt": "EQ",
								"keyLow": "00O2TK8CN6Y3VPBFC9MWIWGYD",
								"keyHigh": "",
								"dataTyp": "NUMC",
								"dataLength": "0004"
							},
							{
								"object": "0VTYPE",
								"sign": "I",
								"opt": "EQ",
								"keyLow": "010",
								"keyHigh": "",
								"dataTyp": "NUMC",
								"dataLength": "0003"
							},
							{
								"object": "0FISCPER",
								"sign": "I",
								"opt": "LE",
								"keyLow": "00O2TK8CN6Y25DEIHEMLCCIXY",
								"keyHigh": "",
								"dataTyp": "NUMC",
								"dataLength": "0008"
							},
							{
								"object": "D_GCLCREP",
								"sign": "I",
								"opt": "EQ",
								"keyLow": "00O2TK8CN6Y2CKVSK799Q231W",
								"keyHigh": "",
								"dataTyp": "CHAR",
								"dataLength": "0003"
							}
						]
					}
				},
				{
					"id": "00O2TK9973U27OKFT9MKZ33AS",
					"name": "ACT @FC",
					"mapname": "",
					"position": "10",
					"hidden": true,
					"parent": "",
					"drillstate": "L",
					"range": {
						"line": [
							{
								"object": "1KYFNM",
								"sign": "I",
								"opt": "EQ",
								"keyLow": "00O2TK9973U0E273JIAN0ANPL",
								"keyHigh": "",
								"dataTyp": "",
								"dataLength": "0000"
							},
							{
								"object": "0FISCYEAR",
								"sign": "I",
								"opt": "EQ",
								"keyLow": "00O2TK8CN6Y3VPBFC9MWIWGYD",
								"keyHigh": "",
								"dataTyp": "NUMC",
								"dataLength": "0004"
							},
							{
								"object": "0VTYPE",
								"sign": "I",
								"opt": "EQ",
								"keyLow": "010",
								"keyHigh": "",
								"dataTyp": "NUMC",
								"dataLength": "0003"
							},
							{
								"object": "0FISCPER",
								"sign": "I",
								"opt": "LE",
								"keyLow": "00O2TK8CN6Y25DEIHEMLCCIXY",
								"keyHigh": "",
								"dataTyp": "NUMC",
								"dataLength": "0008"
							},
							{
								"object": "D_GCLCREP",
								"sign": "I",
								"opt": "EQ",
								"keyLow": "00O2TK8CN6Y2CKVSK799Q231W",
								"keyHigh": "",
								"dataTyp": "CHAR",
								"dataLength": "0003"
							}
						]
					}
				},
				{
					"id": "00O2TK9973U0E3Y0TW5ZCJ1PN",
					"name": "Δ BUD ca",
					"mapname": "",
					"position": "11",
					"hidden": true,
					"parent": "",
					"drillstate": "E",
					"range": ""
				},
				{
					"id": "00O2TK9973U0E3Y0TW5ZCJ817",
					"name": "Δ PY ca",
					"mapname": "",
					"position": "12",
					"hidden": true,
					"parent": "",
					"drillstate": "E",
					"range": ""
				},
				{
					"id": "00O2TK9973U27OKGH8N6V53RI",
					"name": "Δ &D0VERSION_TEXT2& ca",
					"mapname": "",
					"position": "13",
					"hidden": true,
					"parent": "",
					"drillstate": "E",
					"range": ""
				},
				{
					"id": "00O2TK9973U0DSBKNVZEZ9IJP",
					"name": "1.1 ACT",
					"mapname": "",
					"position": "14",
					"hidden": false,
					"parent": "",
					"drillstate": "L",
					"range": {
						"line": [
							{
								"object": "1KYFNM",
								"sign": "I",
								"opt": "EQ",
								"keyLow": "00O2TK9973U0E273JIAN0ANPL",
								"keyHigh": "",
								"dataTyp": "",
								"dataLength": "0000"
							},
							{
								"object": "0FISCYEAR",
								"sign": "I",
								"opt": "EQ",
								"keyLow": "00O2TK8CN6Y3VPBFC9MWIWGYD",
								"keyHigh": "",
								"dataTyp": "NUMC",
								"dataLength": "0004"
							},
							{
								"object": "0VTYPE",
								"sign": "I",
								"opt": "EQ",
								"keyLow": "010",
								"keyHigh": "",
								"dataTyp": "NUMC",
								"dataLength": "0003"
							},
							{
								"object": "0FISCPER",
								"sign": "I",
								"opt": "LE",
								"keyLow": "00O2TK8CN6Y25DEIHEMLCCIXY",
								"keyHigh": "",
								"dataTyp": "NUMC",
								"dataLength": "0008"
							},
							{
								"object": "D_GCLCREP",
								"sign": "I",
								"opt": "EQ",
								"keyLow": "00O2TK8CN6Y2CFSEW539AZWEZ",
								"keyHigh": "",
								"dataTyp": "CHAR",
								"dataLength": "0003"
							}
						]
					}
				},
				{
					"id": "00O2TK9973U2BHWZAZUNM8P9G",
					"name": "1.1B ACT Bayer Core",
					"mapname": "",
					"position": "15",
					"hidden": false,
					"parent": "",
					"drillstate": "L",
					"range": {
						"line": [
							{
								"object": "1KYFNM",
								"sign": "I",
								"opt": "EQ",
								"keyLow": "00O2TK9973U0E273JIAN0ANPL",
								"keyHigh": "",
								"dataTyp": "",
								"dataLength": "0000"
							},
							{
								"object": "0FISCYEAR",
								"sign": "I",
								"opt": "EQ",
								"keyLow": "00O2TK8CN6Y3VPBFC9MWIWGYD",
								"keyHigh": "",
								"dataTyp": "NUMC",
								"dataLength": "0004"
							},
							{
								"object": "0VTYPE",
								"sign": "I",
								"opt": "EQ",
								"keyLow": "010",
								"keyHigh": "",
								"dataTyp": "NUMC",
								"dataLength": "0003"
							},
							{
								"object": "0FISCPER",
								"sign": "I",
								"opt": "LE",
								"keyLow": "00O2TK8CN6Y25DEIHEMLCCIXY",
								"keyHigh": "",
								"dataTyp": "NUMC",
								"dataLength": "0008"
							},
							{
								"object": "D_GCLCREP",
								"sign": "I",
								"opt": "EQ",
								"keyLow": "00O2TK8CN6Y2CFSEW539AZWEZ",
								"keyHigh": "",
								"dataTyp": "CHAR",
								"dataLength": "0003"
							},
							{
								"object": "D_MSRC",
								"sign": "E",
								"opt": "EQ",
								"keyLow": "MON",
								"keyHigh": "",
								"dataTyp": "CHAR",
								"dataLength": "0003"
							}
						]
					}
				},
				{
					"id": "00O2TK9973U2BHWZAZUNM8VL0",
					"name": "1.1M ACT Monsanto",
					"mapname": "",
					"position": "16",
					"hidden": false,
					"parent": "",
					"drillstate": "L",
					"range": {
						"line": [
							{
								"object": "1KYFNM",
								"sign": "I",
								"opt": "EQ",
								"keyLow": "00O2TK9973U0E273JIAN0ANPL",
								"keyHigh": "",
								"dataTyp": "",
								"dataLength": "0000"
							},
							{
								"object": "0FISCYEAR",
								"sign": "I",
								"opt": "EQ",
								"keyLow": "00O2TK8CN6Y3VPBFC9MWIWGYD",
								"keyHigh": "",
								"dataTyp": "NUMC",
								"dataLength": "0004"
							},
							{
								"object": "0VTYPE",
								"sign": "I",
								"opt": "EQ",
								"keyLow": "010",
								"keyHigh": "",
								"dataTyp": "NUMC",
								"dataLength": "0003"
							},
							{
								"object": "0FISCPER",
								"sign": "I",
								"opt": "LE",
								"keyLow": "00O2TK8CN6Y25DEIHEMLCCIXY",
								"keyHigh": "",
								"dataTyp": "NUMC",
								"dataLength": "0008"
							},
							{
								"object": "D_GCLCREP",
								"sign": "I",
								"opt": "EQ",
								"keyLow": "00O2TK8CN6Y2CFSEW539AZWEZ",
								"keyHigh": "",
								"dataTyp": "CHAR",
								"dataLength": "0003"
							},
							{
								"object": "D_MSRC",
								"sign": "I",
								"opt": "EQ",
								"keyLow": "MON",
								"keyHigh": "",
								"dataTyp": "CHAR",
								"dataLength": "0003"
							}
						]
					}
				},
				{
					"id": "00O2TK9973U0DSBKNVZEZ9OV9",
					"name": "1.2 BUD",
					"mapname": "",
					"position": "17",
					"hidden": false,
					"parent": "",
					"drillstate": "L",
					"range": {
						"line": [
							{
								"object": "1KYFNM",
								"sign": "I",
								"opt": "EQ",
								"keyLow": "00O2TK9973U0E273JIAN0ANPL",
								"keyHigh": "",
								"dataTyp": "",
								"dataLength": "0000"
							},
							{
								"object": "0FISCYEAR",
								"sign": "I",
								"opt": "EQ",
								"keyLow": "00O2TK8CN6Y3VPBFC9MWIWGYD",
								"keyHigh": "",
								"dataTyp": "NUMC",
								"dataLength": "0004"
							},
							{
								"object": "0VTYPE",
								"sign": "I",
								"opt": "EQ",
								"keyLow": "020",
								"keyHigh": "",
								"dataTyp": "NUMC",
								"dataLength": "0003"
							},
							{
								"object": "D_GCLCREP",
								"sign": "I",
								"opt": "EQ",
								"keyLow": "00O2TK8CN6Y2CFSEW539AZWEZ",
								"keyHigh": "",
								"dataTyp": "CHAR",
								"dataLength": "0003"
							}
						]
					}
				},
				{
					"id": "00O2TK9973U0DSBKNVZEZ9C85",
					"name": "1.3 PY",
					"mapname": "",
					"position": "18",
					"hidden": false,
					"parent": "",
					"drillstate": "L",
					"range": {
						"line": [
							{
								"object": "1KYFNM",
								"sign": "I",
								"opt": "EQ",
								"keyLow": "00O2TK9973U0E273JIAN0ANPL",
								"keyHigh": "",
								"dataTyp": "",
								"dataLength": "0000"
							},
							{
								"object": "0FISCYEAR",
								"sign": "I",
								"opt": "EQ",
								"keyLow": "00O2TK8CN6Y3VPBFC9MWIWGYD",
								"keyHigh": "",
								"dataTyp": "NUMC",
								"dataLength": "0004"
							},
							{
								"object": "0VTYPE",
								"sign": "I",
								"opt": "EQ",
								"keyLow": "010",
								"keyHigh": "",
								"dataTyp": "NUMC",
								"dataLength": "0003"
							},
							{
								"object": "D_GCLCREP",
								"sign": "I",
								"opt": "EQ",
								"keyLow": "00O2TK8CN6Y2CFSEW539AZWEZ",
								"keyHigh": "",
								"dataTyp": "CHAR",
								"dataLength": "0003"
							}
						]
					}
				},
				{
					"id": "00O2TK9973U27OKFYJSXN8UIM",
					"name": "1.4 &D0VERSION_TEXT2&",
					"mapname": "",
					"position": "19",
					"hidden": false,
					"parent": "",
					"drillstate": "L",
					"range": {
						"line": [
							{
								"object": "1KYFNM",
								"sign": "I",
								"opt": "EQ",
								"keyLow": "00O2TK9973U0E273JIAN0ANPL",
								"keyHigh": "",
								"dataTyp": "",
								"dataLength": "0000"
							},
							{
								"object": "0FISCYEAR",
								"sign": "I",
								"opt": "EQ",
								"keyLow": "00O2TK8CN6Y3VPBFC9MWIWGYD",
								"keyHigh": "",
								"dataTyp": "NUMC",
								"dataLength": "0004"
							},
							{
								"object": "0VTYPE",
								"sign": "I",
								"opt": "EQ",
								"keyLow": "060",
								"keyHigh": "",
								"dataTyp": "NUMC",
								"dataLength": "0003"
							},
							{
								"object": "D_GCLCREP",
								"sign": "I",
								"opt": "EQ",
								"keyLow": "00O2TK8CN6Y2CFSEW539AZWEZ",
								"keyHigh": "",
								"dataTyp": "CHAR",
								"dataLength": "0003"
							},
							{
								"object": "0VERSION",
								"sign": "I",
								"opt": "EQ",
								"keyLow": "00O2TK8CN6Y46SCVJFKQAOHZ0",
								"keyHigh": "",
								"dataTyp": "CHAR",
								"dataLength": "0003"
							}
						]
					}
				},
				{
					"id": "00O2TK9973U0E3Y1EFQ576BEY",
					"name": "1.2.1 Δ BUD",
					"mapname": "",
					"position": "20",
					"hidden": false,
					"parent": "",
					"drillstate": "E",
					"range": ""
				},
				{
					"id": "00O2TK9973U0E3Y1EFQ576HQI",
					"name": "1.2.2 Δ BUD %",
					"mapname": "",
					"position": "21",
					"hidden": false,
					"parent": "",
					"drillstate": "E",
					"range": ""
				},
				{
					"id": "00O2TK9973U0E3Y1WTYQZKMWV",
					"name": "1.2.3 Δ BUD cpa",
					"mapname": "",
					"position": "22",
					"hidden": false,
					"parent": "",
					"drillstate": "E",
					"range": ""
				},
				{
					"id": "00O2TK9973U0E3Y1WTYQZKT8F",
					"name": "1.2.4 Δ BUD cpa %",
					"mapname": "",
					"position": "23",
					"hidden": false,
					"parent": "",
					"drillstate": "E",
					"range": ""
				},
				{
					"id": "00O2TK9973U0E3Y1EFQ576O22",
					"name": "1.3.1 Δ PY",
					"mapname": "",
					"position": "24",
					"hidden": false,
					"parent": "",
					"drillstate": "E",
					"range": ""
				},
				{
					"id": "00O2TK9973U0E3Y1EFQ576UDM",
					"name": "1.3.2 Δ PY %",
					"mapname": "",
					"position": "25",
					"hidden": false,
					"parent": "",
					"drillstate": "E",
					"range": ""
				},
				{
					"id": "00O2TK9973U0E3Y1WTYQZKZJZ",
					"name": "1.3.3 Δ PY cpa",
					"mapname": "",
					"position": "26",
					"hidden": false,
					"parent": "",
					"drillstate": "E",
					"range": ""
				},
				{
					"id": "00O2TK9973U0E3Y1WTYQZL5VJ",
					"name": "1.3.4 Δ PY cpa %",
					"mapname": "",
					"position": "27",
					"hidden": false,
					"parent": "",
					"drillstate": "E",
					"range": ""
				},
				{
					"id": "00O2TK9973U27OKGH8N6V5A32",
					"name": "14.1 Δ &D0VERSION_TEXT2&",
					"mapname": "",
					"position": "28",
					"hidden": false,
					"parent": "",
					"drillstate": "E",
					"range": ""
				},
				{
					"id": "00O2TK9973U27OKGH8N6V5GEM",
					"name": "1.4.2 Δ &D0VERSION_TEXT2& %",
					"mapname": "",
					"position": "29",
					"hidden": false,
					"parent": "",
					"drillstate": "E",
					"range": ""
				},
				{
					"id": "00O2TK9973U27OKGH8N6V5MQ6",
					"name": "1.4.3 Δ &D0VERSION_TEXT2& cpa",
					"mapname": "",
					"position": "30",
					"hidden": false,
					"parent": "",
					"drillstate": "E",
					"range": ""
				},
				{
					"id": "00O2TK9973U27OKGH8N6V5T1Q",
					"name": "1.4.4 Δ &D0VERSION_TEXT2& cpa %",
					"mapname": "",
					"position": "31",
					"hidden": false,
					"parent": "",
					"drillstate": "E",
					"range": ""
				}
			],
			"id": "00O2TK9973U0DSBKNVZEZH2CL",
			"name": "ROI Timeline MTH/YTD Deviations",
			"mapname": "STANDARD_COPAPRP03_ST005",
			"position": "1"
		}
	]
}