{
	"query": {
		"title": "SOA00_COPAPRP03_QS051_02",
		"limitexceeded": false,
		"nosuchuser": false,
		"nodata": false,
		"nosuchquery": false,
		"noauth": false
	},
	"meta": {
		"char001": {
			"key": "00O2TK9973U2BP6ACTNDQ7W5X",
			"value": "ROI: DS KF Structure"
		},
		"kf001": {
			"key": "00O2TK9973U2BP6ACTNDQIFF9",
			"value": "\n01"
		},
		"kf002": {
			"key": "00O2TK9973U2BP6ACTNDQILQT",
			"value": "\n02"
		},
		"kf003": {
			"key": "00O2TK9973U2BP6ACTNDQIS2D",
			"value": "\n03"
		},
		"kf004": {
			"key": "00O2TK9973U2BP6ACTNDQIYDX",
			"value": "\n04"
		},
		"kf005": {
			"key": "00O2TK9973U2BP6ACTNDQJ4PH",
			"value": "\n05"
		},
		"kf006": {
			"key": "00O2TK9973U2BP6ACTNDQJB11",
			"value": "\n06"
		},
		"kf007": {
			"key": "00O2TK9973U2BP6ACTNDQJHCL",
			"value": "\n07"
		},
		"kf008": {
			"key": "00O2TK9973U2BP6ACTNDQJNO5",
			"value": "\n08"
		},
		"kf009": {
			"key": "00O2TK9973U2BP6ACTNDQJTZP",
			"value": "\n09"
		},
		"kf010": {
			"key": "00O2TK9973U2BP6ACTNDQK0B9",
			"value": "\n10"
		},
		"kf011": {
			"key": "00O2TK9973U2BP6ACTNDQK6MT",
			"value": "\n11"
		},
		"kf012": {
			"key": "00O2TK9973U2BP6ACTNDQKCYD",
			"value": "\n12"
		},
		"kf013": {
			"key": "00O2TK9973U2BP6ACTNDQKJ9X",
			"value": "\n13"
		},
		"kf014": {
			"key": "00O2TK9973U2BP6ACTNDQKPLH",
			"value": "\n14"
		},
		"kf015": {
			"key": "00O2TK9973U2BP6ACTNDQKVX1",
			"value": "\n15"
		},
		"kf016": {
			"key": "00O2TK9973U2BP6ACTNDQL28L",
			"value": "\n16"
		},
		"kf017": {
			"key": "00O2TK9973U2BP6ACTNDQL8K5",
			"value": "\n17"
		},
		"kf018": {
			"key": "00O2TK9973U2BP6ACTNDQLEVP",
			"value": "\n18"
		},
		"kf019": {
			"key": "00O2TK9973U2BP6ACTNDQLL79",
			"value": "\n19"
		},
		"kf020": {
			"key": "00O2TK9973U2BP6ACTNDQLRIT",
			"value": "\n20"
		},
		"kf021": {
			"key": "00O2TK9973U2BP6ACTNDQLXUD",
			"value": "\n21"
		},
		"kf022": {
			"key": "00O2TK9973U2BP6ACTNDQM45X",
			"value": "\n22"
		},
		"kf023": {
			"key": "00O2TK9973U2BP6ACTNDQMAHH",
			"value": "\n23"
		},
		"kf024": {
			"key": "00O2TK9973U2BP6ACTNDQMGT1",
			"value": "\n24"
		},
		"kf025": {
			"key": "00O2TK9973U2BP6ACTNDQMN4L",
			"value": "\n25"
		},
		"kf026": {
			"key": "00O2TK9973U2BP6ACTNDQMTG5",
			"value": "\n26"
		},
		"kf027": {
			"key": "00O2TK9973U2BP6ACTNDQMZRP",
			"value": "\n27"
		},
		"kf028": {
			"key": "00O2TK9973U2BP6ACTNDQN639",
			"value": "\n28"
		},
		"kf029": {
			"key": "00O2TK9973U2BP6ACTNDQNCET",
			"value": "\n29"
		},
		"kf030": {
			"key": "00O2TK9973U2BP6ACTNDQNIQD",
			"value": "\n30"
		},
		"kf031": {
			"key": "00O2TK9973U2BP6ACTNDQNP1X",
			"value": "\n31"
		},
		"kf032": {
			"key": "00O2TK9973U2BP6ACTNDQNVDH",
			"value": "\n#"
		}
	},
	"cube": [
		{
			"char001": {
				"key": "00O2TK9973U2BP6ACTNDQOKNP",
				"value": "1.1 ACT"
			},
			"kf001": {
				"key": "00O2TK9973U2BP6ACTNDQIFF9",
				"value": "-29996345.236109680000",
				"unit": "EUR"
			},
			"kf002": {
				"key": "00O2TK9973U2BP6ACTNDQILQT",
				"value": "153173387.536509800000",
				"unit": "EUR"
			},
			"kf003": {
				"key": "00O2TK9973U2BP6ACTNDQIS2D",
				"value": "127328547.723945000000",
				"unit": "EUR"
			},
			"kf004": {
				"key": "00O2TK9973U2BP6ACTNDQIYDX",
				"value": "96702642.0128801500000",
				"unit": "EUR"
			},
			"kf005": {
				"key": "00O2TK9973U2BP6ACTNDQJ4PH",
				"value": "123853989.915227200000",
				"unit": "EUR"
			},
			"kf006": {
				"key": "00O2TK9973U2BP6ACTNDQJB11",
				"value": "91828181.8989186100000",
				"unit": "EUR"
			},
			"kf007": {
				"key": "00O2TK9973U2BP6ACTNDQJHCL",
				"value": "2483894.49985391700000",
				"unit": "EUR"
			},
			"kf008": {
				"key": "00O2TK9973U2BP6ACTNDQJNO5",
				"value": "283175.55162145490000",
				"unit": "EUR"
			},
			"kf009": {
				"key": "00O2TK9973U2BP6ACTNDQJTZP",
				"value": "113902841.205679400000",
				"unit": "EUR"
			},
			"kf010": {
				"key": "00O2TK9973U2BP6ACTNDQK0B9",
				"value": "103910668.828803100000",
				"unit": "EUR"
			},
			"kf011": {
				"key": "00O2TK9973U2BP6ACTNDQK6MT",
				"value": "138196064.636073700000",
				"unit": "EUR"
			},
			"kf012": {
				"key": "00O2TK9973U2BP6ACTNDQKCYD",
				"value": "102387585.833897300000",
				"unit": "EUR"
			},
			"kf013": {
				"key": "00O2TK9973U2BP6ACTNDQKJ9X",
				"value": "75663485.9466377600000",
				"unit": "EUR"
			},
			"kf014": {
				"key": "00O2TK9973U2BP6ACTNDQKPLH",
				"value": "1504060.74263382200000",
				"unit": "EUR"
			},
			"kf015": {
				"key": "00O2TK9973U2BP6ACTNDQKVX1",
				"value": "6529062.21361018100000",
				"unit": "EUR"
			},
			"kf016": {
				"key": "00O2TK9973U2BP6ACTNDQL28L",
				"value": "72563498.7871885000000",
				"unit": "EUR"
			},
			"kf017": {
				"key": "00O2TK9973U2BP6ACTNDQL8K5",
				"unit": ""
			},
			"kf018": {
				"key": "00O2TK9973U2BP6ACTNDQLEVP",
				"unit": ""
			},
			"kf019": {
				"key": "00O2TK9973U2BP6ACTNDQLL79",
				"unit": ""
			},
			"kf020": {
				"key": "00O2TK9973U2BP6ACTNDQLRIT",
				"unit": ""
			},
			"kf021": {
				"key": "00O2TK9973U2BP6ACTNDQLXUD",
				"unit": ""
			},
			"kf022": {
				"key": "00O2TK9973U2BP6ACTNDQM45X",
				"unit": ""
			},
			"kf023": {
				"key": "00O2TK9973U2BP6ACTNDQMAHH",
				"unit": ""
			},
			"kf024": {
				"key": "00O2TK9973U2BP6ACTNDQMGT1",
				"unit": ""
			},
			"kf025": {
				"key": "00O2TK9973U2BP6ACTNDQMN4L",
				"unit": ""
			},
			"kf026": {
				"key": "00O2TK9973U2BP6ACTNDQMTG5",
				"unit": ""
			},
			"kf027": {
				"key": "00O2TK9973U2BP6ACTNDQMZRP",
				"unit": ""
			},
			"kf028": {
				"key": "00O2TK9973U2BP6ACTNDQN639",
				"unit": ""
			},
			"kf029": {
				"key": "00O2TK9973U2BP6ACTNDQNCET",
				"unit": ""
			},
			"kf030": {
				"key": "00O2TK9973U2BP6ACTNDQNIQD",
				"unit": ""
			},
			"kf031": {
				"key": "00O2TK9973U2BP6ACTNDQNP1X",
				"unit": ""
			},
			"kf032": {
				"key": "00O2TK9973U2BP6ACTNDQNVDH",
				"unit": ""
			}
		},
		{
			"char001": {
				"key": "00O2TK9973U2BP6ACTNDQOQZ9",
				"value": "1.2 BUD"
			},
			"kf001": {
				"key": "00O2TK9973U2BP6ACTNDQIFF9",
				"unit": ""
			},
			"kf002": {
				"key": "00O2TK9973U2BP6ACTNDQILQT",
				"unit": ""
			},
			"kf003": {
				"key": "00O2TK9973U2BP6ACTNDQIS2D",
				"unit": ""
			},
			"kf004": {
				"key": "00O2TK9973U2BP6ACTNDQIYDX",
				"unit": ""
			},
			"kf005": {
				"key": "00O2TK9973U2BP6ACTNDQJ4PH",
				"unit": ""
			},
			"kf006": {
				"key": "00O2TK9973U2BP6ACTNDQJB11",
				"unit": ""
			},
			"kf007": {
				"key": "00O2TK9973U2BP6ACTNDQJHCL",
				"unit": ""
			},
			"kf008": {
				"key": "00O2TK9973U2BP6ACTNDQJNO5",
				"unit": ""
			},
			"kf009": {
				"key": "00O2TK9973U2BP6ACTNDQJTZP",
				"unit": ""
			},
			"kf010": {
				"key": "00O2TK9973U2BP6ACTNDQK0B9",
				"unit": ""
			},
			"kf011": {
				"key": "00O2TK9973U2BP6ACTNDQK6MT",
				"unit": ""
			},
			"kf012": {
				"key": "00O2TK9973U2BP6ACTNDQKCYD",
				"unit": ""
			},
			"kf013": {
				"key": "00O2TK9973U2BP6ACTNDQKJ9X",
				"unit": ""
			},
			"kf014": {
				"key": "00O2TK9973U2BP6ACTNDQKPLH",
				"unit": ""
			},
			"kf015": {
				"key": "00O2TK9973U2BP6ACTNDQKVX1",
				"unit": ""
			},
			"kf016": {
				"key": "00O2TK9973U2BP6ACTNDQL28L",
				"unit": ""
			},
			"kf017": {
				"key": "00O2TK9973U2BP6ACTNDQL8K5",
				"unit": ""
			},
			"kf018": {
				"key": "00O2TK9973U2BP6ACTNDQLEVP",
				"unit": ""
			},
			"kf019": {
				"key": "00O2TK9973U2BP6ACTNDQLL79",
				"unit": ""
			},
			"kf020": {
				"key": "00O2TK9973U2BP6ACTNDQLRIT",
				"unit": ""
			},
			"kf021": {
				"key": "00O2TK9973U2BP6ACTNDQLXUD",
				"unit": ""
			},
			"kf022": {
				"key": "00O2TK9973U2BP6ACTNDQM45X",
				"unit": ""
			},
			"kf023": {
				"key": "00O2TK9973U2BP6ACTNDQMAHH",
				"unit": ""
			},
			"kf024": {
				"key": "00O2TK9973U2BP6ACTNDQMGT1",
				"unit": ""
			},
			"kf025": {
				"key": "00O2TK9973U2BP6ACTNDQMN4L",
				"unit": ""
			},
			"kf026": {
				"key": "00O2TK9973U2BP6ACTNDQMTG5",
				"unit": ""
			},
			"kf027": {
				"key": "00O2TK9973U2BP6ACTNDQMZRP",
				"unit": ""
			},
			"kf028": {
				"key": "00O2TK9973U2BP6ACTNDQN639",
				"unit": ""
			},
			"kf029": {
				"key": "00O2TK9973U2BP6ACTNDQNCET",
				"unit": ""
			},
			"kf030": {
				"key": "00O2TK9973U2BP6ACTNDQNIQD",
				"unit": ""
			},
			"kf031": {
				"key": "00O2TK9973U2BP6ACTNDQNP1X",
				"unit": ""
			},
			"kf032": {
				"key": "00O2TK9973U2BP6ACTNDQNVDH",
				"value": "2717129441.86820200000",
				"unit": "EUR"
			}
		},
		{
			"char001": {
				"key": "00O2TK9973U2BP6ACTNDQOXAT",
				"value": "1.3 PY"
			},
			"kf001": {
				"key": "00O2TK9973U2BP6ACTNDQIFF9",
				"value": "14621250.5235801100000",
				"unit": "EUR"
			},
			"kf002": {
				"key": "00O2TK9973U2BP6ACTNDQILQT",
				"value": "996367.55382013550000",
				"unit": "EUR"
			},
			"kf003": {
				"key": "00O2TK9973U2BP6ACTNDQIS2D",
				"value": "126020370.907330200000",
				"unit": "EUR"
			},
			"kf004": {
				"key": "00O2TK9973U2BP6ACTNDQIYDX",
				"value": "91966811.7199404600000",
				"unit": "EUR"
			},
			"kf005": {
				"key": "00O2TK9973U2BP6ACTNDQJ4PH",
				"value": "118913867.930558200000",
				"unit": "EUR"
			},
			"kf006": {
				"key": "00O2TK9973U2BP6ACTNDQJB11",
				"value": "118287060.267228500000",
				"unit": "EUR"
			},
			"kf007": {
				"key": "00O2TK9973U2BP6ACTNDQJHCL",
				"value": "86457569.9015082200000",
				"unit": "EUR"
			},
			"kf008": {
				"key": "00O2TK9973U2BP6ACTNDQJNO5",
				"value": "4486833.70859703800000",
				"unit": "EUR"
			},
			"kf009": {
				"key": "00O2TK9973U2BP6ACTNDQJTZP",
				"value": "2106525.68368255900000",
				"unit": "EUR"
			},
			"kf010": {
				"key": "00O2TK9973U2BP6ACTNDQK0B9",
				"value": "126979536.358117200000",
				"unit": "EUR"
			},
			"kf011": {
				"key": "00O2TK9973U2BP6ACTNDQK6MT",
				"value": "118616543.493517100000",
				"unit": "EUR"
			},
			"kf012": {
				"key": "00O2TK9973U2BP6ACTNDQKCYD",
				"value": "96406456.4976147100000",
				"unit": "EUR"
			},
			"kf013": {
				"key": "00O2TK9973U2BP6ACTNDQKJ9X",
				"value": "101678477.198171800000",
				"unit": "EUR"
			},
			"kf014": {
				"key": "00O2TK9973U2BP6ACTNDQKPLH",
				"value": "118851424.486277800000",
				"unit": "EUR"
			},
			"kf015": {
				"key": "00O2TK9973U2BP6ACTNDQKVX1",
				"value": "11089988.0151990600000",
				"unit": "EUR"
			},
			"kf016": {
				"key": "00O2TK9973U2BP6ACTNDQL28L",
				"value": "3034706.12048221400000",
				"unit": "EUR"
			},
			"kf017": {
				"key": "00O2TK9973U2BP6ACTNDQL8K5",
				"value": "105541533.919149300000",
				"unit": "EUR"
			},
			"kf018": {
				"key": "00O2TK9973U2BP6ACTNDQLEVP",
				"value": "94834798.5800320100000",
				"unit": "EUR"
			},
			"kf019": {
				"key": "00O2TK9973U2BP6ACTNDQLL79",
				"value": "98459536.3095872300000",
				"unit": "EUR"
			},
			"kf020": {
				"key": "00O2TK9973U2BP6ACTNDQLRIT",
				"value": "90133602.5690094800000",
				"unit": "EUR"
			},
			"kf021": {
				"key": "00O2TK9973U2BP6ACTNDQLXUD",
				"value": "92070936.5769885900000",
				"unit": "EUR"
			},
			"kf022": {
				"key": "00O2TK9973U2BP6ACTNDQM45X",
				"value": "7834603.09551772800000",
				"unit": "EUR"
			},
			"kf023": {
				"key": "00O2TK9973U2BP6ACTNDQMAHH",
				"value": "-376137.25903326260000",
				"unit": "EUR"
			},
			"kf024": {
				"key": "00O2TK9973U2BP6ACTNDQMGT1",
				"value": "95096320.3414912900000",
				"unit": "EUR"
			},
			"kf025": {
				"key": "00O2TK9973U2BP6ACTNDQMN4L",
				"value": "99798465.0743455800000",
				"unit": "EUR"
			},
			"kf026": {
				"key": "00O2TK9973U2BP6ACTNDQMTG5",
				"value": "130588081.429818000000",
				"unit": "EUR"
			},
			"kf027": {
				"key": "00O2TK9973U2BP6ACTNDQMZRP",
				"value": "153178001.383322700000",
				"unit": "EUR"
			},
			"kf028": {
				"key": "00O2TK9973U2BP6ACTNDQN639",
				"value": "141556385.688681400000",
				"unit": "EUR"
			},
			"kf029": {
				"key": "00O2TK9973U2BP6ACTNDQNCET",
				"value": "6626010.61171463600000",
				"unit": "EUR"
			},
			"kf030": {
				"key": "00O2TK9973U2BP6ACTNDQNIQD",
				"value": "1043415.65240064800000",
				"unit": "EUR"
			},
			"kf031": {
				"key": "00O2TK9973U2BP6ACTNDQNP1X",
				"value": "261928358.368564300000",
				"unit": "EUR"
			},
			"kf032": {
				"key": "00O2TK9973U2BP6ACTNDQNVDH",
				"value": "21106295.7716556600000",
				"unit": "EUR"
			}
		},
		{
			"char001": {
				"key": "00O2TK9973U2BP6ACTNDQP3MD",
				"value": "2.1 ACT MTD"
			},
			"kf001": {
				"key": "00O2TK9973U2BP6ACTNDQIFF9",
				"value": "-32295040.770187894900",
				"unit": "EUR"
			},
			"kf002": {
				"key": "00O2TK9973U2BP6ACTNDQILQT",
				"value": "120878346.766321905100",
				"unit": "EUR"
			},
			"kf003": {
				"key": "00O2TK9973U2BP6ACTNDQIS2D",
				"value": "248206894.490266905100",
				"unit": "EUR"
			},
			"kf004": {
				"key": "00O2TK9973U2BP6ACTNDQIYDX",
				"value": "344909536.503147055100",
				"unit": "EUR"
			},
			"kf005": {
				"key": "00O2TK9973U2BP6ACTNDQJ4PH",
				"value": "468763526.418374255100",
				"unit": "EUR"
			},
			"kf006": {
				"key": "00O2TK9973U2BP6ACTNDQJB11",
				"value": "560591708.317292865100",
				"unit": "EUR"
			},
			"kf007": {
				"key": "00O2TK9973U2BP6ACTNDQJHCL",
				"value": "563075602.817146782100",
				"unit": "EUR"
			},
			"kf008": {
				"key": "00O2TK9973U2BP6ACTNDQJNO5",
				"value": "563358778.368768237000",
				"unit": "EUR"
			},
			"kf009": {
				"key": "00O2TK9973U2BP6ACTNDQJTZP",
				"value": "677261619.574447637000",
				"unit": "EUR"
			},
			"kf010": {
				"key": "00O2TK9973U2BP6ACTNDQK0B9",
				"value": "781172288.403250737000",
				"unit": "EUR"
			},
			"kf011": {
				"key": "00O2TK9973U2BP6ACTNDQK6MT",
				"value": "919368353.039324437000",
				"unit": "EUR"
			},
			"kf012": {
				"key": "00O2TK9973U2BP6ACTNDQKCYD",
				"value": "1021755938.87322173700",
				"unit": "EUR"
			},
			"kf013": {
				"key": "00O2TK9973U2BP6ACTNDQKJ9X",
				"value": "1097419424.81985949700",
				"unit": "EUR"
			},
			"kf014": {
				"key": "00O2TK9973U2BP6ACTNDQKPLH",
				"value": "1098923485.56249331900",
				"unit": "EUR"
			},
			"kf015": {
				"key": "00O2TK9973U2BP6ACTNDQKVX1",
				"value": "1105452547.77610350000",
				"unit": "EUR"
			},
			"kf016": {
				"key": "00O2TK9973U2BP6ACTNDQL28L",
				"value": "1178016046.56329200000",
				"unit": "EUR"
			},
			"kf017": {
				"key": "00O2TK9973U2BP6ACTNDQL8K5",
				"value": "1178016046.56329200000",
				"unit": "EUR"
			},
			"kf018": {
				"key": "00O2TK9973U2BP6ACTNDQLEVP",
				"value": "1178016046.56329200000",
				"unit": "EUR"
			},
			"kf019": {
				"key": "00O2TK9973U2BP6ACTNDQLL79",
				"value": "1178016046.56329200000",
				"unit": "EUR"
			},
			"kf020": {
				"key": "00O2TK9973U2BP6ACTNDQLRIT",
				"value": "1178016046.56329200000",
				"unit": "EUR"
			},
			"kf021": {
				"key": "00O2TK9973U2BP6ACTNDQLXUD",
				"value": "1178016046.56329200000",
				"unit": "EUR"
			},
			"kf022": {
				"key": "00O2TK9973U2BP6ACTNDQM45X",
				"value": "1178016046.56329200000",
				"unit": "EUR"
			},
			"kf023": {
				"key": "00O2TK9973U2BP6ACTNDQMAHH",
				"value": "1178016046.56329200000",
				"unit": "EUR"
			},
			"kf024": {
				"key": "00O2TK9973U2BP6ACTNDQMGT1",
				"value": "1178016046.56329200000",
				"unit": "EUR"
			},
			"kf025": {
				"key": "00O2TK9973U2BP6ACTNDQMN4L",
				"value": "1178016046.56329200000",
				"unit": "EUR"
			},
			"kf026": {
				"key": "00O2TK9973U2BP6ACTNDQMTG5",
				"value": "1178016046.56329200000",
				"unit": "EUR"
			},
			"kf027": {
				"key": "00O2TK9973U2BP6ACTNDQMZRP",
				"value": "1178016046.56329200000",
				"unit": "EUR"
			},
			"kf028": {
				"key": "00O2TK9973U2BP6ACTNDQN639",
				"value": "1178016046.56329200000",
				"unit": "EUR"
			},
			"kf029": {
				"key": "00O2TK9973U2BP6ACTNDQNCET",
				"value": "1178016046.56329200000",
				"unit": "EUR"
			},
			"kf030": {
				"key": "00O2TK9973U2BP6ACTNDQNIQD",
				"value": "1178016046.56329200000",
				"unit": "EUR"
			},
			"kf031": {
				"key": "00O2TK9973U2BP6ACTNDQNP1X",
				"value": "1178016046.56329200000",
				"unit": "EUR"
			},
			"kf032": {
				"key": "00O2TK9973U2BP6ACTNDQNVDH",
				"value": "1178016046.56329200000",
				"unit": "EUR"
			}
		},
		{
			"char001": {
				"key": "00O2TK9973U2BP6ACTNDQ88T1",
				"value": "2.2 BUD MTD"
			},
			"kf001": {
				"key": "00O2TK9973U2BP6ACTNDQIFF9",
				"unit": ""
			},
			"kf002": {
				"key": "00O2TK9973U2BP6ACTNDQILQT",
				"unit": ""
			},
			"kf003": {
				"key": "00O2TK9973U2BP6ACTNDQIS2D",
				"unit": ""
			},
			"kf004": {
				"key": "00O2TK9973U2BP6ACTNDQIYDX",
				"unit": ""
			},
			"kf005": {
				"key": "00O2TK9973U2BP6ACTNDQJ4PH",
				"unit": ""
			},
			"kf006": {
				"key": "00O2TK9973U2BP6ACTNDQJB11",
				"unit": ""
			},
			"kf007": {
				"key": "00O2TK9973U2BP6ACTNDQJHCL",
				"unit": ""
			},
			"kf008": {
				"key": "00O2TK9973U2BP6ACTNDQJNO5",
				"unit": ""
			},
			"kf009": {
				"key": "00O2TK9973U2BP6ACTNDQJTZP",
				"unit": ""
			},
			"kf010": {
				"key": "00O2TK9973U2BP6ACTNDQK0B9",
				"unit": ""
			},
			"kf011": {
				"key": "00O2TK9973U2BP6ACTNDQK6MT",
				"unit": ""
			},
			"kf012": {
				"key": "00O2TK9973U2BP6ACTNDQKCYD",
				"unit": ""
			},
			"kf013": {
				"key": "00O2TK9973U2BP6ACTNDQKJ9X",
				"unit": ""
			},
			"kf014": {
				"key": "00O2TK9973U2BP6ACTNDQKPLH",
				"unit": ""
			},
			"kf015": {
				"key": "00O2TK9973U2BP6ACTNDQKVX1",
				"unit": ""
			},
			"kf016": {
				"key": "00O2TK9973U2BP6ACTNDQL28L",
				"unit": ""
			},
			"kf017": {
				"key": "00O2TK9973U2BP6ACTNDQL8K5",
				"unit": ""
			},
			"kf018": {
				"key": "00O2TK9973U2BP6ACTNDQLEVP",
				"unit": ""
			},
			"kf019": {
				"key": "00O2TK9973U2BP6ACTNDQLL79",
				"unit": ""
			},
			"kf020": {
				"key": "00O2TK9973U2BP6ACTNDQLRIT",
				"unit": ""
			},
			"kf021": {
				"key": "00O2TK9973U2BP6ACTNDQLXUD",
				"unit": ""
			},
			"kf022": {
				"key": "00O2TK9973U2BP6ACTNDQM45X",
				"unit": ""
			},
			"kf023": {
				"key": "00O2TK9973U2BP6ACTNDQMAHH",
				"unit": ""
			},
			"kf024": {
				"key": "00O2TK9973U2BP6ACTNDQMGT1",
				"unit": ""
			},
			"kf025": {
				"key": "00O2TK9973U2BP6ACTNDQMN4L",
				"unit": ""
			},
			"kf026": {
				"key": "00O2TK9973U2BP6ACTNDQMTG5",
				"unit": ""
			},
			"kf027": {
				"key": "00O2TK9973U2BP6ACTNDQMZRP",
				"unit": ""
			},
			"kf028": {
				"key": "00O2TK9973U2BP6ACTNDQN639",
				"unit": ""
			},
			"kf029": {
				"key": "00O2TK9973U2BP6ACTNDQNCET",
				"unit": ""
			},
			"kf030": {
				"key": "00O2TK9973U2BP6ACTNDQNIQD",
				"unit": ""
			},
			"kf031": {
				"key": "00O2TK9973U2BP6ACTNDQNP1X",
				"unit": ""
			},
			"kf032": {
				"key": "00O2TK9973U2BP6ACTNDQNVDH",
				"value": "2717129441.86820200000",
				"unit": "EUR"
			}
		},
		{
			"char001": {
				"key": "00O2TK9973U2BP6ACTNDQ8F4L",
				"value": "2.4 FC1 MTH"
			},
			"kf001": {
				"key": "00O2TK9973U2BP6ACTNDQIFF9",
				"unit": ""
			},
			"kf002": {
				"key": "00O2TK9973U2BP6ACTNDQILQT",
				"unit": ""
			},
			"kf003": {
				"key": "00O2TK9973U2BP6ACTNDQIS2D",
				"unit": ""
			},
			"kf004": {
				"key": "00O2TK9973U2BP6ACTNDQIYDX",
				"unit": ""
			},
			"kf005": {
				"key": "00O2TK9973U2BP6ACTNDQJ4PH",
				"unit": ""
			},
			"kf006": {
				"key": "00O2TK9973U2BP6ACTNDQJB11",
				"unit": ""
			},
			"kf007": {
				"key": "00O2TK9973U2BP6ACTNDQJHCL",
				"unit": ""
			},
			"kf008": {
				"key": "00O2TK9973U2BP6ACTNDQJNO5",
				"unit": ""
			},
			"kf009": {
				"key": "00O2TK9973U2BP6ACTNDQJTZP",
				"unit": ""
			},
			"kf010": {
				"key": "00O2TK9973U2BP6ACTNDQK0B9",
				"unit": ""
			},
			"kf011": {
				"key": "00O2TK9973U2BP6ACTNDQK6MT",
				"unit": ""
			},
			"kf012": {
				"key": "00O2TK9973U2BP6ACTNDQKCYD",
				"unit": ""
			},
			"kf013": {
				"key": "00O2TK9973U2BP6ACTNDQKJ9X",
				"unit": ""
			},
			"kf014": {
				"key": "00O2TK9973U2BP6ACTNDQKPLH",
				"unit": ""
			},
			"kf015": {
				"key": "00O2TK9973U2BP6ACTNDQKVX1",
				"unit": ""
			},
			"kf016": {
				"key": "00O2TK9973U2BP6ACTNDQL28L",
				"unit": ""
			},
			"kf017": {
				"key": "00O2TK9973U2BP6ACTNDQL8K5",
				"unit": ""
			},
			"kf018": {
				"key": "00O2TK9973U2BP6ACTNDQLEVP",
				"unit": ""
			},
			"kf019": {
				"key": "00O2TK9973U2BP6ACTNDQLL79",
				"unit": ""
			},
			"kf020": {
				"key": "00O2TK9973U2BP6ACTNDQLRIT",
				"unit": ""
			},
			"kf021": {
				"key": "00O2TK9973U2BP6ACTNDQLXUD",
				"unit": ""
			},
			"kf022": {
				"key": "00O2TK9973U2BP6ACTNDQM45X",
				"unit": ""
			},
			"kf023": {
				"key": "00O2TK9973U2BP6ACTNDQMAHH",
				"unit": ""
			},
			"kf024": {
				"key": "00O2TK9973U2BP6ACTNDQMGT1",
				"unit": ""
			},
			"kf025": {
				"key": "00O2TK9973U2BP6ACTNDQMN4L",
				"unit": ""
			},
			"kf026": {
				"key": "00O2TK9973U2BP6ACTNDQMTG5",
				"unit": ""
			},
			"kf027": {
				"key": "00O2TK9973U2BP6ACTNDQMZRP",
				"unit": ""
			},
			"kf028": {
				"key": "00O2TK9973U2BP6ACTNDQN639",
				"unit": ""
			},
			"kf029": {
				"key": "00O2TK9973U2BP6ACTNDQNCET",
				"unit": ""
			},
			"kf030": {
				"key": "00O2TK9973U2BP6ACTNDQNIQD",
				"unit": ""
			},
			"kf031": {
				"key": "00O2TK9973U2BP6ACTNDQNP1X",
				"unit": ""
			},
			"kf032": {
				"key": "00O2TK9973U2BP6ACTNDQNVDH",
				"value": "2516649288.48058700000",
				"unit": "EUR"
			}
		},
		{
			"char001": {
				"key": "00O2TK9973U2BP6ACTNDQPG9H",
				"value": "2.3 PY MTD"
			},
			"kf001": {
				"key": "00O2TK9973U2BP6ACTNDQIFF9",
				"value": "35727546.2952357700000",
				"unit": "EUR"
			},
			"kf002": {
				"key": "00O2TK9973U2BP6ACTNDQILQT",
				"value": "36723913.8490559055000",
				"unit": "EUR"
			},
			"kf003": {
				"key": "00O2TK9973U2BP6ACTNDQIS2D",
				"value": "162744284.756386105500",
				"unit": "EUR"
			},
			"kf004": {
				"key": "00O2TK9973U2BP6ACTNDQIYDX",
				"value": "254711096.476326565500",
				"unit": "EUR"
			},
			"kf005": {
				"key": "00O2TK9973U2BP6ACTNDQJ4PH",
				"value": "373624964.406884765500",
				"unit": "EUR"
			},
			"kf006": {
				"key": "00O2TK9973U2BP6ACTNDQJB11",
				"value": "491912024.674113265500",
				"unit": "EUR"
			},
			"kf007": {
				"key": "00O2TK9973U2BP6ACTNDQJHCL",
				"value": "578369594.575621485500",
				"unit": "EUR"
			},
			"kf008": {
				"key": "00O2TK9973U2BP6ACTNDQJNO5",
				"value": "582856428.284218523500",
				"unit": "EUR"
			},
			"kf009": {
				"key": "00O2TK9973U2BP6ACTNDQJTZP",
				"value": "584962953.967901082500",
				"unit": "EUR"
			},
			"kf010": {
				"key": "00O2TK9973U2BP6ACTNDQK0B9",
				"value": "711942490.326018282500",
				"unit": "EUR"
			},
			"kf011": {
				"key": "00O2TK9973U2BP6ACTNDQK6MT",
				"value": "830559033.819535382500",
				"unit": "EUR"
			},
			"kf012": {
				"key": "00O2TK9973U2BP6ACTNDQKCYD",
				"value": "926965490.317150092500",
				"unit": "EUR"
			},
			"kf013": {
				"key": "00O2TK9973U2BP6ACTNDQKJ9X",
				"value": "1028643967.51532189250",
				"unit": "EUR"
			},
			"kf014": {
				"key": "00O2TK9973U2BP6ACTNDQKPLH",
				"value": "1147495392.00159969250",
				"unit": "EUR"
			},
			"kf015": {
				"key": "00O2TK9973U2BP6ACTNDQKVX1",
				"value": "1158585380.01679875250",
				"unit": "EUR"
			},
			"kf016": {
				"key": "00O2TK9973U2BP6ACTNDQL28L",
				"value": "1161620086.13728096650",
				"unit": "EUR"
			},
			"kf017": {
				"key": "00O2TK9973U2BP6ACTNDQL8K5",
				"value": "1267161620.05643026650",
				"unit": "EUR"
			},
			"kf018": {
				"key": "00O2TK9973U2BP6ACTNDQLEVP",
				"value": "1361996418.63646227650",
				"unit": "EUR"
			},
			"kf019": {
				"key": "00O2TK9973U2BP6ACTNDQLL79",
				"value": "1460455954.94604950650",
				"unit": "EUR"
			},
			"kf020": {
				"key": "00O2TK9973U2BP6ACTNDQLRIT",
				"value": "1550589557.51505898650",
				"unit": "EUR"
			},
			"kf021": {
				"key": "00O2TK9973U2BP6ACTNDQLXUD",
				"value": "1642660494.09204757650",
				"unit": "EUR"
			},
			"kf022": {
				"key": "00O2TK9973U2BP6ACTNDQM45X",
				"value": "1650495097.18756530450",
				"unit": "EUR"
			},
			"kf023": {
				"key": "00O2TK9973U2BP6ACTNDQMAHH",
				"value": "1650118959.92853204190",
				"unit": "EUR"
			},
			"kf024": {
				"key": "00O2TK9973U2BP6ACTNDQMGT1",
				"value": "1745215280.27002333190",
				"unit": "EUR"
			},
			"kf025": {
				"key": "00O2TK9973U2BP6ACTNDQMN4L",
				"value": "1845013745.34436891190",
				"unit": "EUR"
			},
			"kf026": {
				"key": "00O2TK9973U2BP6ACTNDQMTG5",
				"value": "1975601826.77418691190",
				"unit": "EUR"
			},
			"kf027": {
				"key": "00O2TK9973U2BP6ACTNDQMZRP",
				"value": "2128779828.15750961190",
				"unit": "EUR"
			},
			"kf028": {
				"key": "00O2TK9973U2BP6ACTNDQN639",
				"value": "2270336213.84619101190",
				"unit": "EUR"
			},
			"kf029": {
				"key": "00O2TK9973U2BP6ACTNDQNCET",
				"value": "2276962224.45790564790",
				"unit": "EUR"
			},
			"kf030": {
				"key": "00O2TK9973U2BP6ACTNDQNIQD",
				"value": "2278005640.11030629590",
				"unit": "EUR"
			},
			"kf031": {
				"key": "00O2TK9973U2BP6ACTNDQNP1X",
				"value": "2539933998.47887059590",
				"unit": "EUR"
			},
			"kf032": {
				"key": "00O2TK9973U2BP6ACTNDQNVDH",
				"value": "2539933998.47887200000",
				"unit": "EUR"
			}
		},
		{
			"char001": {
				"key": "00O2TK9973U2BP6ACTNDQPML1",
				"value": "3.1 PY@Date"
			},
			"kf001": {
				"key": "00O2TK9973U2BP6ACTNDQIFF9",
				"value": "35727546.2952357700000",
				"unit": "EUR"
			},
			"kf002": {
				"key": "00O2TK9973U2BP6ACTNDQILQT",
				"value": "995027.33624175940000",
				"unit": "EUR"
			},
			"kf003": {
				"key": "00O2TK9973U2BP6ACTNDQIS2D",
				"value": "126020618.797330300000",
				"unit": "EUR"
			},
			"kf004": {
				"key": "00O2TK9973U2BP6ACTNDQIYDX",
				"value": "91966229.9199404600000",
				"unit": "EUR"
			},
			"kf005": {
				"key": "00O2TK9973U2BP6ACTNDQJ4PH",
				"value": "118913867.930558200000",
				"unit": "EUR"
			},
			"kf006": {
				"key": "00O2TK9973U2BP6ACTNDQJB11",
				"value": "118287060.267228500000",
				"unit": "EUR"
			},
			"kf007": {
				"key": "00O2TK9973U2BP6ACTNDQJHCL",
				"value": "86457569.9015082200000",
				"unit": "EUR"
			},
			"kf008": {
				"key": "00O2TK9973U2BP6ACTNDQJNO5",
				"value": "4486833.70859703800000",
				"unit": "EUR"
			},
			"kf009": {
				"key": "00O2TK9973U2BP6ACTNDQJTZP",
				"value": "2106525.68368255900000",
				"unit": "EUR"
			},
			"kf010": {
				"key": "00O2TK9973U2BP6ACTNDQK0B9",
				"value": "126979536.358117200000",
				"unit": "EUR"
			},
			"kf011": {
				"key": "00O2TK9973U2BP6ACTNDQK6MT",
				"value": "118616543.493517100000",
				"unit": "EUR"
			},
			"kf012": {
				"key": "00O2TK9973U2BP6ACTNDQKCYD",
				"value": "96406456.4976147100000",
				"unit": "EUR"
			},
			"kf013": {
				"key": "00O2TK9973U2BP6ACTNDQKJ9X",
				"value": "101678477.198171800000",
				"unit": "EUR"
			},
			"kf014": {
				"key": "00O2TK9973U2BP6ACTNDQKPLH",
				"value": "118851424.486277800000",
				"unit": "EUR"
			},
			"kf015": {
				"key": "00O2TK9973U2BP6ACTNDQKVX1",
				"value": "11089988.0151990600000",
				"unit": "EUR"
			},
			"kf016": {
				"key": "00O2TK9973U2BP6ACTNDQL28L",
				"value": "3034706.12048221400000",
				"unit": "EUR"
			},
			"kf017": {
				"key": "00O2TK9973U2BP6ACTNDQL8K5",
				"unit": ""
			},
			"kf018": {
				"key": "00O2TK9973U2BP6ACTNDQLEVP",
				"unit": ""
			},
			"kf019": {
				"key": "00O2TK9973U2BP6ACTNDQLL79",
				"unit": ""
			},
			"kf020": {
				"key": "00O2TK9973U2BP6ACTNDQLRIT",
				"unit": ""
			},
			"kf021": {
				"key": "00O2TK9973U2BP6ACTNDQLXUD",
				"unit": ""
			},
			"kf022": {
				"key": "00O2TK9973U2BP6ACTNDQM45X",
				"unit": ""
			},
			"kf023": {
				"key": "00O2TK9973U2BP6ACTNDQMAHH",
				"unit": ""
			},
			"kf024": {
				"key": "00O2TK9973U2BP6ACTNDQMGT1",
				"unit": ""
			},
			"kf025": {
				"key": "00O2TK9973U2BP6ACTNDQMN4L",
				"unit": ""
			},
			"kf026": {
				"key": "00O2TK9973U2BP6ACTNDQMTG5",
				"unit": ""
			},
			"kf027": {
				"key": "00O2TK9973U2BP6ACTNDQMZRP",
				"unit": ""
			},
			"kf028": {
				"key": "00O2TK9973U2BP6ACTNDQN639",
				"unit": ""
			},
			"kf029": {
				"key": "00O2TK9973U2BP6ACTNDQNCET",
				"unit": ""
			},
			"kf030": {
				"key": "00O2TK9973U2BP6ACTNDQNIQD",
				"unit": ""
			},
			"kf031": {
				"key": "00O2TK9973U2BP6ACTNDQNP1X",
				"unit": ""
			},
			"kf032": {
				"key": "00O2TK9973U2BP6ACTNDQNVDH",
				"value": "1161618412.00970269040",
				"unit": "EUR"
			}
		},
		{
			"char001": {
				"key": "00O2TK9973U2BP6ACTNDQPSWL",
				"value": "3.2 PY % PY"
			},
			"kf001": {
				"key": "00O2TK9973U2BP6ACTNDQIFF9",
				"value": "0.01406632861981",
				"unit": ""
			},
			"kf002": {
				"key": "00O2TK9973U2BP6ACTNDQILQT",
				"value": "0.00039175322541",
				"unit": ""
			},
			"kf003": {
				"key": "00O2TK9973U2BP6ACTNDQIS2D",
				"value": "0.04961570610607",
				"unit": ""
			},
			"kf004": {
				"key": "00O2TK9973U2BP6ACTNDQIYDX",
				"value": "0.03620811799638",
				"unit": ""
			},
			"kf005": {
				"key": "00O2TK9973U2BP6ACTNDQJ4PH",
				"value": "0.04681769998818",
				"unit": ""
			},
			"kf006": {
				"key": "00O2TK9973U2BP6ACTNDQJB11",
				"value": "0.04657091890501",
				"unit": ""
			},
			"kf007": {
				"key": "00O2TK9973U2BP6ACTNDQJHCL",
				"value": "0.03403929785313",
				"unit": ""
			},
			"kf008": {
				"key": "00O2TK9973U2BP6ACTNDQJNO5",
				"value": "0.00176651586667",
				"unit": ""
			},
			"kf009": {
				"key": "00O2TK9973U2BP6ACTNDQJTZP",
				"value": "0.00082936237120",
				"unit": ""
			},
			"kf010": {
				"key": "00O2TK9973U2BP6ACTNDQK0B9",
				"value": "0.04999324251503",
				"unit": ""
			},
			"kf011": {
				"key": "00O2TK9973U2BP6ACTNDQK6MT",
				"value": "0.04670064008142",
				"unit": ""
			},
			"kf012": {
				"key": "00O2TK9973U2BP6ACTNDQKCYD",
				"value": "0.03795628412209",
				"unit": ""
			},
			"kf013": {
				"key": "00O2TK9973U2BP6ACTNDQKJ9X",
				"value": "0.04003193675862",
				"unit": ""
			},
			"kf014": {
				"key": "00O2TK9973U2BP6ACTNDQKPLH",
				"value": "0.04679311531617",
				"unit": ""
			},
			"kf015": {
				"key": "00O2TK9973U2BP6ACTNDQKVX1",
				"value": "0.00436625047023",
				"unit": ""
			},
			"kf016": {
				"key": "00O2TK9973U2BP6ACTNDQL28L",
				"value": "0.00119479723579",
				"unit": ""
			},
			"kf017": {
				"key": "00O2TK9973U2BP6ACTNDQL8K5",
				"unit": ""
			},
			"kf018": {
				"key": "00O2TK9973U2BP6ACTNDQLEVP",
				"unit": ""
			},
			"kf019": {
				"key": "00O2TK9973U2BP6ACTNDQLL79",
				"unit": ""
			},
			"kf020": {
				"key": "00O2TK9973U2BP6ACTNDQLRIT",
				"unit": ""
			},
			"kf021": {
				"key": "00O2TK9973U2BP6ACTNDQLXUD",
				"unit": ""
			},
			"kf022": {
				"key": "00O2TK9973U2BP6ACTNDQM45X",
				"unit": ""
			},
			"kf023": {
				"key": "00O2TK9973U2BP6ACTNDQMAHH",
				"unit": ""
			},
			"kf024": {
				"key": "00O2TK9973U2BP6ACTNDQMGT1",
				"unit": ""
			},
			"kf025": {
				"key": "00O2TK9973U2BP6ACTNDQMN4L",
				"unit": ""
			},
			"kf026": {
				"key": "00O2TK9973U2BP6ACTNDQMTG5",
				"unit": ""
			},
			"kf027": {
				"key": "00O2TK9973U2BP6ACTNDQMZRP",
				"unit": ""
			},
			"kf028": {
				"key": "00O2TK9973U2BP6ACTNDQN639",
				"unit": ""
			},
			"kf029": {
				"key": "00O2TK9973U2BP6ACTNDQNCET",
				"unit": ""
			},
			"kf030": {
				"key": "00O2TK9973U2BP6ACTNDQNIQD",
				"unit": ""
			},
			"kf031": {
				"key": "00O2TK9973U2BP6ACTNDQNP1X",
				"unit": ""
			},
			"kf032": {
				"key": "00O2TK9973U2BP6ACTNDQNVDH",
				"value": "0.45734196743119",
				"unit": ""
			}
		},
		{
			"char001": {
				"key": "00O2TK9973U2BP6ACTNDQQ5JP",
				"value": "3.3 CY % BUD"
			},
			"kf001": {
				"key": "00O2TK9973U2BP6ACTNDQIFF9",
				"value": "-0.01032598487956",
				"unit": ""
			},
			"kf002": {
				"key": "00O2TK9973U2BP6ACTNDQILQT",
				"value": "0.05682020084254",
				"unit": ""
			},
			"kf003": {
				"key": "00O2TK9973U2BP6ACTNDQIS2D",
				"value": "0.04737760565281",
				"unit": ""
			},
			"kf004": {
				"key": "00O2TK9973U2BP6ACTNDQIYDX",
				"value": "0.03589053419440",
				"unit": ""
			},
			"kf005": {
				"key": "00O2TK9973U2BP6ACTNDQJ4PH",
				"value": "0.04633755202779",
				"unit": ""
			},
			"kf006": {
				"key": "00O2TK9973U2BP6ACTNDQJB11",
				"value": "0.03466333503035",
				"unit": ""
			},
			"kf007": {
				"key": "00O2TK9973U2BP6ACTNDQJHCL",
				"value": "0.00100799168919",
				"unit": ""
			},
			"kf008": {
				"key": "00O2TK9973U2BP6ACTNDQJNO5",
				"value": "0.00010929496774",
				"unit": ""
			},
			"kf009": {
				"key": "00O2TK9973U2BP6ACTNDQJTZP",
				"value": "0.04234577160333",
				"unit": ""
			},
			"kf010": {
				"key": "00O2TK9973U2BP6ACTNDQK0B9",
				"value": "0.03878073605524",
				"unit": ""
			},
			"kf011": {
				"key": "00O2TK9973U2BP6ACTNDQK6MT",
				"value": "0.05208511338582",
				"unit": ""
			},
			"kf012": {
				"key": "00O2TK9973U2BP6ACTNDQKCYD",
				"value": "0.03831722038975",
				"unit": ""
			},
			"kf013": {
				"key": "00O2TK9973U2BP6ACTNDQKJ9X",
				"value": "0.02847122735717",
				"unit": ""
			},
			"kf014": {
				"key": "00O2TK9973U2BP6ACTNDQKPLH",
				"value": "0.00056994455813",
				"unit": ""
			},
			"kf015": {
				"key": "00O2TK9973U2BP6ACTNDQKVX1",
				"value": "0.00241731497938",
				"unit": ""
			},
			"kf016": {
				"key": "00O2TK9973U2BP6ACTNDQL28L",
				"value": "0.02740136382829",
				"unit": ""
			},
			"kf017": {
				"key": "00O2TK9973U2BP6ACTNDQL8K5",
				"unit": ""
			},
			"kf018": {
				"key": "00O2TK9973U2BP6ACTNDQLEVP",
				"unit": ""
			},
			"kf019": {
				"key": "00O2TK9973U2BP6ACTNDQLL79",
				"unit": ""
			},
			"kf020": {
				"key": "00O2TK9973U2BP6ACTNDQLRIT",
				"unit": ""
			},
			"kf021": {
				"key": "00O2TK9973U2BP6ACTNDQLXUD",
				"unit": ""
			},
			"kf022": {
				"key": "00O2TK9973U2BP6ACTNDQM45X",
				"unit": ""
			},
			"kf023": {
				"key": "00O2TK9973U2BP6ACTNDQMAHH",
				"unit": ""
			},
			"kf024": {
				"key": "00O2TK9973U2BP6ACTNDQMGT1",
				"unit": ""
			},
			"kf025": {
				"key": "00O2TK9973U2BP6ACTNDQMN4L",
				"unit": ""
			},
			"kf026": {
				"key": "00O2TK9973U2BP6ACTNDQMTG5",
				"unit": ""
			},
			"kf027": {
				"key": "00O2TK9973U2BP6ACTNDQMZRP",
				"unit": ""
			},
			"kf028": {
				"key": "00O2TK9973U2BP6ACTNDQN639",
				"unit": ""
			},
			"kf029": {
				"key": "00O2TK9973U2BP6ACTNDQNCET",
				"unit": ""
			},
			"kf030": {
				"key": "00O2TK9973U2BP6ACTNDQNIQD",
				"unit": ""
			},
			"kf031": {
				"key": "00O2TK9973U2BP6ACTNDQNP1X",
				"unit": ""
			},
			"kf032": {
				"key": "00O2TK9973U2BP6ACTNDQNVDH",
				"value": "0.44226922168240",
				"unit": ""
			}
		},
		{
			"char001": {
				"key": "00O2TK9973U2BP6ACTNDQQI6T",
				"value": "3.3.2 CY % BUD nom."
			},
			"kf001": {
				"key": "00O2TK9973U2BP6ACTNDQIFF9",
				"value": "-0.01103971889373",
				"unit": ""
			},
			"kf002": {
				"key": "00O2TK9973U2BP6ACTNDQILQT",
				"value": "0.05637323904274",
				"unit": ""
			},
			"kf003": {
				"key": "00O2TK9973U2BP6ACTNDQIS2D",
				"value": "0.04686142138168",
				"unit": ""
			},
			"kf004": {
				"key": "00O2TK9973U2BP6ACTNDQIYDX",
				"value": "0.03559000190524",
				"unit": ""
			},
			"kf005": {
				"key": "00O2TK9973U2BP6ACTNDQJ4PH",
				"value": "0.04558266087981",
				"unit": ""
			},
			"kf006": {
				"key": "00O2TK9973U2BP6ACTNDQJB11",
				"value": "0.03379602770628",
				"unit": ""
			},
			"kf007": {
				"key": "00O2TK9973U2BP6ACTNDQJHCL",
				"value": "0.00091416126946",
				"unit": ""
			},
			"kf008": {
				"key": "00O2TK9973U2BP6ACTNDQJNO5",
				"value": "0.00010421864607",
				"unit": ""
			},
			"kf009": {
				"key": "00O2TK9973U2BP6ACTNDQJTZP",
				"value": "0.04192028522843",
				"unit": ""
			},
			"kf010": {
				"key": "00O2TK9973U2BP6ACTNDQK0B9",
				"value": "0.03824281141253",
				"unit": ""
			},
			"kf011": {
				"key": "00O2TK9973U2BP6ACTNDQK6MT",
				"value": "0.05086105303141",
				"unit": ""
			},
			"kf012": {
				"key": "00O2TK9973U2BP6ACTNDQKCYD",
				"value": "0.03768226285292",
				"unit": ""
			},
			"kf013": {
				"key": "00O2TK9973U2BP6ACTNDQKJ9X",
				"value": "0.02784684630064",
				"unit": ""
			},
			"kf014": {
				"key": "00O2TK9973U2BP6ACTNDQKPLH",
				"value": "0.00055354769613",
				"unit": ""
			},
			"kf015": {
				"key": "00O2TK9973U2BP6ACTNDQKVX1",
				"value": "0.00240292645356",
				"unit": ""
			},
			"kf016": {
				"key": "00O2TK9973U2BP6ACTNDQL28L",
				"value": "0.02670594108218",
				"unit": ""
			},
			"kf017": {
				"key": "00O2TK9973U2BP6ACTNDQL8K5",
				"unit": ""
			},
			"kf018": {
				"key": "00O2TK9973U2BP6ACTNDQLEVP",
				"unit": ""
			},
			"kf019": {
				"key": "00O2TK9973U2BP6ACTNDQLL79",
				"unit": ""
			},
			"kf020": {
				"key": "00O2TK9973U2BP6ACTNDQLRIT",
				"unit": ""
			},
			"kf021": {
				"key": "00O2TK9973U2BP6ACTNDQLXUD",
				"unit": ""
			},
			"kf022": {
				"key": "00O2TK9973U2BP6ACTNDQM45X",
				"unit": ""
			},
			"kf023": {
				"key": "00O2TK9973U2BP6ACTNDQMAHH",
				"unit": ""
			},
			"kf024": {
				"key": "00O2TK9973U2BP6ACTNDQMGT1",
				"unit": ""
			},
			"kf025": {
				"key": "00O2TK9973U2BP6ACTNDQMN4L",
				"unit": ""
			},
			"kf026": {
				"key": "00O2TK9973U2BP6ACTNDQMTG5",
				"unit": ""
			},
			"kf027": {
				"key": "00O2TK9973U2BP6ACTNDQMZRP",
				"unit": ""
			},
			"kf028": {
				"key": "00O2TK9973U2BP6ACTNDQN639",
				"unit": ""
			},
			"kf029": {
				"key": "00O2TK9973U2BP6ACTNDQNCET",
				"unit": ""
			},
			"kf030": {
				"key": "00O2TK9973U2BP6ACTNDQNIQD",
				"unit": ""
			},
			"kf031": {
				"key": "00O2TK9973U2BP6ACTNDQNP1X",
				"unit": ""
			},
			"kf032": {
				"key": "00O2TK9973U2BP6ACTNDQNVDH",
				"value": "0.43439768599534",
				"unit": ""
			}
		},
		{
			"char001": {
				"key": "00O2TK9973U2BP6ACTNDQQOID",
				"value": "3.4 %pts vs PY"
			},
			"kf001": {
				"key": "00O2TK9973U2BP6ACTNDQIFF9",
				"value": "-0.02439231349937",
				"unit": ""
			},
			"kf002": {
				"key": "00O2TK9973U2BP6ACTNDQILQT",
				"value": "0.05642844761713",
				"unit": ""
			},
			"kf003": {
				"key": "00O2TK9973U2BP6ACTNDQIS2D",
				"value": "-0.00223810045325",
				"unit": ""
			},
			"kf004": {
				"key": "00O2TK9973U2BP6ACTNDQIYDX",
				"value": "-0.00031758380198",
				"unit": ""
			},
			"kf005": {
				"key": "00O2TK9973U2BP6ACTNDQJ4PH",
				"value": "-0.00048014796039",
				"unit": ""
			},
			"kf006": {
				"key": "00O2TK9973U2BP6ACTNDQJB11",
				"value": "-0.01190758387465",
				"unit": ""
			},
			"kf007": {
				"key": "00O2TK9973U2BP6ACTNDQJHCL",
				"value": "-0.03303130616394",
				"unit": ""
			},
			"kf008": {
				"key": "00O2TK9973U2BP6ACTNDQJNO5",
				"value": "-0.00165722089893",
				"unit": ""
			},
			"kf009": {
				"key": "00O2TK9973U2BP6ACTNDQJTZP",
				"value": "0.04151640923213",
				"unit": ""
			},
			"kf010": {
				"key": "00O2TK9973U2BP6ACTNDQK0B9",
				"value": "-0.01121250645979",
				"unit": ""
			},
			"kf011": {
				"key": "00O2TK9973U2BP6ACTNDQK6MT",
				"value": "0.00538447330441",
				"unit": ""
			},
			"kf012": {
				"key": "00O2TK9973U2BP6ACTNDQKCYD",
				"value": "0.00036093626766",
				"unit": ""
			},
			"kf013": {
				"key": "00O2TK9973U2BP6ACTNDQKJ9X",
				"value": "-0.01156070940144",
				"unit": ""
			},
			"kf014": {
				"key": "00O2TK9973U2BP6ACTNDQKPLH",
				"value": "-0.04622317075803",
				"unit": ""
			},
			"kf015": {
				"key": "00O2TK9973U2BP6ACTNDQKVX1",
				"value": "-0.00194893549084",
				"unit": ""
			},
			"kf016": {
				"key": "00O2TK9973U2BP6ACTNDQL28L",
				"value": "0.02620656659250",
				"unit": ""
			},
			"kf017": {
				"key": "00O2TK9973U2BP6ACTNDQL8K5",
				"unit": ""
			},
			"kf018": {
				"key": "00O2TK9973U2BP6ACTNDQLEVP",
				"unit": ""
			},
			"kf019": {
				"key": "00O2TK9973U2BP6ACTNDQLL79",
				"unit": ""
			},
			"kf020": {
				"key": "00O2TK9973U2BP6ACTNDQLRIT",
				"unit": ""
			},
			"kf021": {
				"key": "00O2TK9973U2BP6ACTNDQLXUD",
				"unit": ""
			},
			"kf022": {
				"key": "00O2TK9973U2BP6ACTNDQM45X",
				"unit": ""
			},
			"kf023": {
				"key": "00O2TK9973U2BP6ACTNDQMAHH",
				"unit": ""
			},
			"kf024": {
				"key": "00O2TK9973U2BP6ACTNDQMGT1",
				"unit": ""
			},
			"kf025": {
				"key": "00O2TK9973U2BP6ACTNDQMN4L",
				"unit": ""
			},
			"kf026": {
				"key": "00O2TK9973U2BP6ACTNDQMTG5",
				"unit": ""
			},
			"kf027": {
				"key": "00O2TK9973U2BP6ACTNDQMZRP",
				"unit": ""
			},
			"kf028": {
				"key": "00O2TK9973U2BP6ACTNDQN639",
				"unit": ""
			},
			"kf029": {
				"key": "00O2TK9973U2BP6ACTNDQNCET",
				"unit": ""
			},
			"kf030": {
				"key": "00O2TK9973U2BP6ACTNDQNIQD",
				"unit": ""
			},
			"kf031": {
				"key": "00O2TK9973U2BP6ACTNDQNP1X",
				"unit": ""
			},
			"kf032": {
				"key": "00O2TK9973U2BP6ACTNDQNVDH",
				"value": "-0.01507274574880",
				"unit": ""
			}
		},
		{
			"char001": {
				"key": "00O2TK9973U2BP6ACTNDQQUTX",
				"value": "3.4.2 %pts vs PY nom."
			},
			"kf001": {
				"key": "00O2TK9973U2BP6ACTNDQIFF9",
				"value": "-0.02510604751354",
				"unit": ""
			},
			"kf002": {
				"key": "00O2TK9973U2BP6ACTNDQILQT",
				"value": "0.05598148581733",
				"unit": ""
			},
			"kf003": {
				"key": "00O2TK9973U2BP6ACTNDQIS2D",
				"value": "-0.00275428472439",
				"unit": ""
			},
			"kf004": {
				"key": "00O2TK9973U2BP6ACTNDQIYDX",
				"value": "-0.00061811609114",
				"unit": ""
			},
			"kf005": {
				"key": "00O2TK9973U2BP6ACTNDQJ4PH",
				"value": "-0.00123503910837",
				"unit": ""
			},
			"kf006": {
				"key": "00O2TK9973U2BP6ACTNDQJB11",
				"value": "-0.01277489119873",
				"unit": ""
			},
			"kf007": {
				"key": "00O2TK9973U2BP6ACTNDQJHCL",
				"value": "-0.03312513658367",
				"unit": ""
			},
			"kf008": {
				"key": "00O2TK9973U2BP6ACTNDQJNO5",
				"value": "-0.00166229722060",
				"unit": ""
			},
			"kf009": {
				"key": "00O2TK9973U2BP6ACTNDQJTZP",
				"value": "0.04109092285722",
				"unit": ""
			},
			"kf010": {
				"key": "00O2TK9973U2BP6ACTNDQK0B9",
				"value": "-0.01175043110250",
				"unit": ""
			},
			"kf011": {
				"key": "00O2TK9973U2BP6ACTNDQK6MT",
				"value": "0.00416041295000",
				"unit": ""
			},
			"kf012": {
				"key": "00O2TK9973U2BP6ACTNDQKCYD",
				"value": "-0.00027402126916",
				"unit": ""
			},
			"kf013": {
				"key": "00O2TK9973U2BP6ACTNDQKJ9X",
				"value": "-0.01218509045798",
				"unit": ""
			},
			"kf014": {
				"key": "00O2TK9973U2BP6ACTNDQKPLH",
				"value": "-0.04623956762004",
				"unit": ""
			},
			"kf015": {
				"key": "00O2TK9973U2BP6ACTNDQKVX1",
				"value": "-0.00196332401667",
				"unit": ""
			},
			"kf016": {
				"key": "00O2TK9973U2BP6ACTNDQL28L",
				"value": "0.02551114384639",
				"unit": ""
			},
			"kf017": {
				"key": "00O2TK9973U2BP6ACTNDQL8K5",
				"unit": ""
			},
			"kf018": {
				"key": "00O2TK9973U2BP6ACTNDQLEVP",
				"unit": ""
			},
			"kf019": {
				"key": "00O2TK9973U2BP6ACTNDQLL79",
				"unit": ""
			},
			"kf020": {
				"key": "00O2TK9973U2BP6ACTNDQLRIT",
				"unit": ""
			},
			"kf021": {
				"key": "00O2TK9973U2BP6ACTNDQLXUD",
				"unit": ""
			},
			"kf022": {
				"key": "00O2TK9973U2BP6ACTNDQM45X",
				"unit": ""
			},
			"kf023": {
				"key": "00O2TK9973U2BP6ACTNDQMAHH",
				"unit": ""
			},
			"kf024": {
				"key": "00O2TK9973U2BP6ACTNDQMGT1",
				"unit": ""
			},
			"kf025": {
				"key": "00O2TK9973U2BP6ACTNDQMN4L",
				"unit": ""
			},
			"kf026": {
				"key": "00O2TK9973U2BP6ACTNDQMTG5",
				"unit": ""
			},
			"kf027": {
				"key": "00O2TK9973U2BP6ACTNDQMZRP",
				"unit": ""
			},
			"kf028": {
				"key": "00O2TK9973U2BP6ACTNDQN639",
				"unit": ""
			},
			"kf029": {
				"key": "00O2TK9973U2BP6ACTNDQNCET",
				"unit": ""
			},
			"kf030": {
				"key": "00O2TK9973U2BP6ACTNDQNIQD",
				"unit": ""
			},
			"kf031": {
				"key": "00O2TK9973U2BP6ACTNDQNP1X",
				"unit": ""
			},
			"kf032": {
				"key": "00O2TK9973U2BP6ACTNDQNVDH",
				"value": "-0.02294428143585",
				"unit": ""
			}
		},
		{
			"char001": {
				"key": "00O2TK9973U2BP6ACTNDQR15H",
				"value": "3.5 Risk / Opp"
			},
			"kf001": {
				"key": "00O2TK9973U2BP6ACTNDQIFF9",
				"value": "-65008787.153500426546",
				"unit": "EUR"
			},
			"kf002": {
				"key": "00O2TK9973U2BP6ACTNDQILQT",
				"value": "150389381.500809710576",
				"unit": "EUR"
			},
			"kf003": {
				"key": "00O2TK9973U2BP6ACTNDQIS2D",
				"value": "-5964837.8985193714975",
				"unit": "EUR"
			},
			"kf004": {
				"key": "00O2TK9973U2BP6ACTNDQIYDX",
				"value": "-846403.42895685220726",
				"unit": "EUR"
			},
			"kf005": {
				"key": "00O2TK9973U2BP6ACTNDQJ4PH",
				"value": "-1279658.7154393291473",
				"unit": "EUR"
			},
			"kf006": {
				"key": "00O2TK9973U2BP6ACTNDQJB11",
				"value": "-31735308.159259329841",
				"unit": "EUR"
			},
			"kf007": {
				"key": "00O2TK9973U2BP6ACTNDQJHCL",
				"value": "-88032861.330222059156",
				"unit": "EUR"
			},
			"kf008": {
				"key": "00O2TK9973U2BP6ACTNDQJNO5",
				"value": "-4416715.9743754252791",
				"unit": "EUR"
			},
			"kf009": {
				"key": "00O2TK9973U2BP6ACTNDQJTZP",
				"value": "110646799.091798322450",
				"unit": "EUR"
			},
			"kf010": {
				"key": "00O2TK9973U2BP6ACTNDQK0B9",
				"value": "-29882833.619716751889",
				"unit": "EUR"
			},
			"kf011": {
				"key": "00O2TK9973U2BP6ACTNDQK6MT",
				"value": "14350343.5616643384606",
				"unit": "EUR"
			},
			"kf012": {
				"key": "00O2TK9973U2BP6ACTNDQKCYD",
				"value": "961943.56475393969291",
				"unit": "EUR"
			},
			"kf013": {
				"key": "00O2TK9973U2BP6ACTNDQKJ9X",
				"value": "-30810841.162784564709",
				"unit": "EUR"
			},
			"kf014": {
				"key": "00O2TK9973U2BP6ACTNDQKPLH",
				"value": "-123190949.86403870731",
				"unit": "EUR"
			},
			"kf015": {
				"key": "00O2TK9973U2BP6ACTNDQKVX1",
				"value": "-5194174.4887524445618",
				"unit": "EUR"
			},
			"kf016": {
				"key": "00O2TK9973U2BP6ACTNDQL28L",
				"value": "69844014.9877439839104",
				"unit": "EUR"
			},
			"kf017": {
				"key": "00O2TK9973U2BP6ACTNDQL8K5",
				"unit": ""
			},
			"kf018": {
				"key": "00O2TK9973U2BP6ACTNDQLEVP",
				"unit": ""
			},
			"kf019": {
				"key": "00O2TK9973U2BP6ACTNDQLL79",
				"unit": ""
			},
			"kf020": {
				"key": "00O2TK9973U2BP6ACTNDQLRIT",
				"unit": ""
			},
			"kf021": {
				"key": "00O2TK9973U2BP6ACTNDQLXUD",
				"unit": ""
			},
			"kf022": {
				"key": "00O2TK9973U2BP6ACTNDQM45X",
				"unit": ""
			},
			"kf023": {
				"key": "00O2TK9973U2BP6ACTNDQMAHH",
				"unit": ""
			},
			"kf024": {
				"key": "00O2TK9973U2BP6ACTNDQMGT1",
				"unit": ""
			},
			"kf025": {
				"key": "00O2TK9973U2BP6ACTNDQMN4L",
				"unit": ""
			},
			"kf026": {
				"key": "00O2TK9973U2BP6ACTNDQMTG5",
				"unit": ""
			},
			"kf027": {
				"key": "00O2TK9973U2BP6ACTNDQMZRP",
				"unit": ""
			},
			"kf028": {
				"key": "00O2TK9973U2BP6ACTNDQN639",
				"unit": ""
			},
			"kf029": {
				"key": "00O2TK9973U2BP6ACTNDQNCET",
				"unit": ""
			},
			"kf030": {
				"key": "00O2TK9973U2BP6ACTNDQNIQD",
				"unit": ""
			},
			"kf031": {
				"key": "00O2TK9973U2BP6ACTNDQNP1X",
				"unit": ""
			},
			"kf032": {
				"key": "00O2TK9973U2BP6ACTNDQNVDH",
				"value": "-40170889.088794967054",
				"unit": "EUR"
			}
		},
		{
			"char001": {
				"key": "00O2TK9973U2BP6ACTNDQRDSL",
				"value": "3.5.2 Risk / Opp nom."
			},
			"kf001": {
				"key": "00O2TK9973U2BP6ACTNDQIFF9",
				"value": "-68216380.867992981776",
				"unit": "EUR"
			},
			"kf002": {
				"key": "00O2TK9973U2BP6ACTNDQILQT",
				"value": "152108943.313791677642",
				"unit": "EUR"
			},
			"kf003": {
				"key": "00O2TK9973U2BP6ACTNDQIS2D",
				"value": "-7483748.1159241783167",
				"unit": "EUR"
			},
			"kf004": {
				"key": "00O2TK9973U2BP6ACTNDQIYDX",
				"value": "-1679501.4297220572513",
				"unit": "EUR"
			},
			"kf005": {
				"key": "00O2TK9973U2BP6ACTNDQJ4PH",
				"value": "-3355761.1232049013564",
				"unit": "EUR"
			},
			"kf006": {
				"key": "00O2TK9973U2BP6ACTNDQJB11",
				"value": "-34711032.992731050972",
				"unit": "EUR"
			},
			"kf007": {
				"key": "00O2TK9973U2BP6ACTNDQJHCL",
				"value": "-90005283.877400755324",
				"unit": "EUR"
			},
			"kf008": {
				"key": "00O2TK9973U2BP6ACTNDQJNO5",
				"value": "-4516676.7192237302267",
				"unit": "EUR"
			},
			"kf009": {
				"key": "00O2TK9973U2BP6ACTNDQJTZP",
				"value": "111649356.288900750172",
				"unit": "EUR"
			},
			"kf010": {
				"key": "00O2TK9973U2BP6ACTNDQK0B9",
				"value": "-31927442.303234663652",
				"unit": "EUR"
			},
			"kf011": {
				"key": "00O2TK9973U2BP6ACTNDQK6MT",
				"value": "11304380.5167643325038",
				"unit": "EUR"
			},
			"kf012": {
				"key": "00O2TK9973U2BP6ACTNDQKCYD",
				"value": "-744551.25814215243867",
				"unit": "EUR"
			},
			"kf013": {
				"key": "00O2TK9973U2BP6ACTNDQKJ9X",
				"value": "-33108468.035211103487",
				"unit": "EUR"
			},
			"kf014": {
				"key": "00O2TK9973U2BP6ACTNDQKPLH",
				"value": "-125638890.55966043390",
				"unit": "EUR"
			},
			"kf015": {
				"key": "00O2TK9973U2BP6ACTNDQKVX1",
				"value": "-5334605.4896092838768",
				"unit": "EUR"
			},
			"kf016": {
				"key": "00O2TK9973U2BP6ACTNDQL28L",
				"value": "69317080.0407493904978",
				"unit": "EUR"
			},
			"kf017": {
				"key": "00O2TK9973U2BP6ACTNDQL8K5",
				"unit": ""
			},
			"kf018": {
				"key": "00O2TK9973U2BP6ACTNDQLEVP",
				"unit": ""
			},
			"kf019": {
				"key": "00O2TK9973U2BP6ACTNDQLL79",
				"unit": ""
			},
			"kf020": {
				"key": "00O2TK9973U2BP6ACTNDQLRIT",
				"unit": ""
			},
			"kf021": {
				"key": "00O2TK9973U2BP6ACTNDQLXUD",
				"unit": ""
			},
			"kf022": {
				"key": "00O2TK9973U2BP6ACTNDQM45X",
				"unit": ""
			},
			"kf023": {
				"key": "00O2TK9973U2BP6ACTNDQMAHH",
				"unit": ""
			},
			"kf024": {
				"key": "00O2TK9973U2BP6ACTNDQMGT1",
				"unit": ""
			},
			"kf025": {
				"key": "00O2TK9973U2BP6ACTNDQMN4L",
				"unit": ""
			},
			"kf026": {
				"key": "00O2TK9973U2BP6ACTNDQMTG5",
				"unit": ""
			},
			"kf027": {
				"key": "00O2TK9973U2BP6ACTNDQMZRP",
				"unit": ""
			},
			"kf028": {
				"key": "00O2TK9973U2BP6ACTNDQN639",
				"unit": ""
			},
			"kf029": {
				"key": "00O2TK9973U2BP6ACTNDQNCET",
				"unit": ""
			},
			"kf030": {
				"key": "00O2TK9973U2BP6ACTNDQNIQD",
				"unit": ""
			},
			"kf031": {
				"key": "00O2TK9973U2BP6ACTNDQNP1X",
				"unit": ""
			},
			"kf032": {
				"key": "00O2TK9973U2BP6ACTNDQNVDH",
				"value": "-62342582.611851141760",
				"unit": "EUR"
			}
		},
		{
			"char001": {
				"key": "00O2TK9973U2BP6ACTNDQRQFP",
				"value": "3.6 Extrapolation"
			},
			"kf001": {
				"key": "00O2TK9973U2BP6ACTNDQIFF9",
				"value": "-32295040.770187894900",
				"unit": "EUR"
			},
			"kf002": {
				"key": "00O2TK9973U2BP6ACTNDQILQT",
				"value": "120878346.766321905100",
				"unit": "EUR"
			},
			"kf003": {
				"key": "00O2TK9973U2BP6ACTNDQIS2D",
				"value": "248206894.490266905100",
				"unit": "EUR"
			},
			"kf004": {
				"key": "00O2TK9973U2BP6ACTNDQIYDX",
				"value": "344909536.503147055100",
				"unit": "EUR"
			},
			"kf005": {
				"key": "00O2TK9973U2BP6ACTNDQJ4PH",
				"value": "468763526.418374255100",
				"unit": "EUR"
			},
			"kf006": {
				"key": "00O2TK9973U2BP6ACTNDQJB11",
				"value": "560591708.317292865100",
				"unit": "EUR"
			},
			"kf007": {
				"key": "00O2TK9973U2BP6ACTNDQJHCL",
				"value": "563075602.817146782100",
				"unit": "EUR"
			},
			"kf008": {
				"key": "00O2TK9973U2BP6ACTNDQJNO5",
				"value": "563358778.368768237000",
				"unit": "EUR"
			},
			"kf009": {
				"key": "00O2TK9973U2BP6ACTNDQJTZP",
				"value": "677261619.574447637000",
				"unit": "EUR"
			},
			"kf010": {
				"key": "00O2TK9973U2BP6ACTNDQK0B9",
				"value": "781172288.403250737000",
				"unit": "EUR"
			},
			"kf011": {
				"key": "00O2TK9973U2BP6ACTNDQK6MT",
				"value": "919368353.039324437000",
				"unit": "EUR"
			},
			"kf012": {
				"key": "00O2TK9973U2BP6ACTNDQKCYD",
				"value": "1021755938.87322173700",
				"unit": "EUR"
			},
			"kf013": {
				"key": "00O2TK9973U2BP6ACTNDQKJ9X",
				"value": "1097419424.81985949700",
				"unit": "EUR"
			},
			"kf014": {
				"key": "00O2TK9973U2BP6ACTNDQKPLH",
				"value": "1098923485.56249331900",
				"unit": "EUR"
			},
			"kf015": {
				"key": "00O2TK9973U2BP6ACTNDQKVX1",
				"value": "1105452547.77610350000",
				"unit": "EUR"
			},
			"kf016": {
				"key": "00O2TK9973U2BP6ACTNDQL28L",
				"value": "1178016046.56329200000",
				"unit": "EUR"
			},
			"kf017": {
				"key": "00O2TK9973U2BP6ACTNDQL8K5",
				"value": "1288636879.52895160663",
				"unit": "EUR"
			},
			"kf018": {
				"key": "00O2TK9973U2BP6ACTNDQLEVP",
				"value": "1388035704.08166427014",
				"unit": "EUR"
			},
			"kf019": {
				"key": "00O2TK9973U2BP6ACTNDQLL79",
				"value": "1491233710.73867171081",
				"unit": "EUR"
			},
			"kf020": {
				"key": "00O2TK9973U2BP6ACTNDQLRIT",
				"value": "1585705089.20108464459",
				"unit": "EUR"
			},
			"kf021": {
				"key": "00O2TK9973U2BP6ACTNDQLXUD",
				"value": "1682207037.93983563132",
				"unit": "EUR"
			},
			"kf022": {
				"key": "00O2TK9973U2BP6ACTNDQM45X",
				"value": "1690418689.67729686697",
				"unit": "EUR"
			},
			"kf023": {
				"key": "00O2TK9973U2BP6ACTNDQMAHH",
				"value": "1690024450.41092848064",
				"unit": "EUR"
			},
			"kf024": {
				"key": "00O2TK9973U2BP6ACTNDQMGT1",
				"value": "1789697382.73919644255",
				"unit": "EUR"
			},
			"kf025": {
				"key": "00O2TK9973U2BP6ACTNDQMN4L",
				"value": "1894298755.53784735710",
				"unit": "EUR"
			},
			"kf026": {
				"key": "00O2TK9973U2BP6ACTNDQMTG5",
				"value": "2031171527.86480739130",
				"unit": "EUR"
			},
			"kf027": {
				"key": "00O2TK9973U2BP6ACTNDQMZRP",
				"value": "2191721384.17084407280",
				"unit": "EUR"
			},
			"kf028": {
				"key": "00O2TK9973U2BP6ACTNDQN639",
				"value": "2340090322.11413610095",
				"unit": "EUR"
			},
			"kf029": {
				"key": "00O2TK9973U2BP6ACTNDQNCET",
				"value": "2347035216.56363948186",
				"unit": "EUR"
			},
			"kf030": {
				"key": "00O2TK9973U2BP6ACTNDQNIQD",
				"value": "2348128847.70876181513",
				"unit": "EUR"
			},
			"kf031": {
				"key": "00O2TK9973U2BP6ACTNDQNP1X",
				"value": "2622662788.08388126594",
				"unit": "EUR"
			},
			"kf032": {
				"key": "00O2TK9973U2BP6ACTNDQNVDH",
				"value": "2624963238.31471703295",
				"unit": "EUR"
			}
		},
		{
			"char001": {
				"key": "00O2TK9973U2BP6ACTNDQRWR9",
				"value": "3.6.2 Extrapolation nom."
			},
			"kf001": {
				"key": "00O2TK9973U2BP6ACTNDQIFF9",
				"value": "-32295040.770187894900",
				"unit": "EUR"
			},
			"kf002": {
				"key": "00O2TK9973U2BP6ACTNDQILQT",
				"value": "120878346.766321905100",
				"unit": "EUR"
			},
			"kf003": {
				"key": "00O2TK9973U2BP6ACTNDQIS2D",
				"value": "248206894.490266905100",
				"unit": "EUR"
			},
			"kf004": {
				"key": "00O2TK9973U2BP6ACTNDQIYDX",
				"value": "344909536.503147055100",
				"unit": "EUR"
			},
			"kf005": {
				"key": "00O2TK9973U2BP6ACTNDQJ4PH",
				"value": "468763526.418374255100",
				"unit": "EUR"
			},
			"kf006": {
				"key": "00O2TK9973U2BP6ACTNDQJB11",
				"value": "560591708.317292865100",
				"unit": "EUR"
			},
			"kf007": {
				"key": "00O2TK9973U2BP6ACTNDQJHCL",
				"value": "563075602.817146782100",
				"unit": "EUR"
			},
			"kf008": {
				"key": "00O2TK9973U2BP6ACTNDQJNO5",
				"value": "563358778.368768237000",
				"unit": "EUR"
			},
			"kf009": {
				"key": "00O2TK9973U2BP6ACTNDQJTZP",
				"value": "677261619.574447637000",
				"unit": "EUR"
			},
			"kf010": {
				"key": "00O2TK9973U2BP6ACTNDQK0B9",
				"value": "781172288.403250737000",
				"unit": "EUR"
			},
			"kf011": {
				"key": "00O2TK9973U2BP6ACTNDQK6MT",
				"value": "919368353.039324437000",
				"unit": "EUR"
			},
			"kf012": {
				"key": "00O2TK9973U2BP6ACTNDQKCYD",
				"value": "1021755938.87322173700",
				"unit": "EUR"
			},
			"kf013": {
				"key": "00O2TK9973U2BP6ACTNDQKJ9X",
				"value": "1097419424.81985949700",
				"unit": "EUR"
			},
			"kf014": {
				"key": "00O2TK9973U2BP6ACTNDQKPLH",
				"value": "1098923485.56249331900",
				"unit": "EUR"
			},
			"kf015": {
				"key": "00O2TK9973U2BP6ACTNDQKVX1",
				"value": "1105452547.77610350000",
				"unit": "EUR"
			},
			"kf016": {
				"key": "00O2TK9973U2BP6ACTNDQL28L",
				"value": "1178016046.56329200000",
				"unit": "EUR"
			},
			"kf017": {
				"key": "00O2TK9973U2BP6ACTNDQL8K5",
				"value": "1290920558.77636299412",
				"unit": "EUR"
			},
			"kf018": {
				"key": "00O2TK9973U2BP6ACTNDQLEVP",
				"value": "1392371393.12472221749",
				"unit": "EUR"
			},
			"kf019": {
				"key": "00O2TK9973U2BP6ACTNDQLL79",
				"value": "1497699840.67481161757",
				"unit": "EUR"
			},
			"kf020": {
				"key": "00O2TK9973U2BP6ACTNDQLRIT",
				"value": "1594121505.72145171170",
				"unit": "EUR"
			},
			"kf021": {
				"key": "00O2TK9973U2BP6ACTNDQLXUD",
				"value": "1692615660.55521426184",
				"unit": "EUR"
			},
			"kf022": {
				"key": "00O2TK9973U2BP6ACTNDQM45X",
				"value": "1700996835.32153961186",
				"unit": "EUR"
			},
			"kf023": {
				"key": "00O2TK9973U2BP6ACTNDQMAHH",
				"value": "1700594457.29860084550",
				"unit": "EUR"
			},
			"kf024": {
				"key": "00O2TK9973U2BP6ACTNDQMGT1",
				"value": "1802325058.15985993288",
				"unit": "EUR"
			},
			"kf025": {
				"key": "00O2TK9973U2BP6ACTNDQMN4L",
				"value": "1909085843.23110850692",
				"unit": "EUR"
			},
			"kf026": {
				"key": "00O2TK9973U2BP6ACTNDQMTG5",
				"value": "2048784245.24570410169",
				"unit": "EUR"
			},
			"kf027": {
				"key": "00O2TK9973U2BP6ACTNDQMZRP",
				"value": "2212648525.83504730003",
				"unit": "EUR"
			},
			"kf028": {
				"key": "00O2TK9973U2BP6ACTNDQN639",
				"value": "2364080422.67548257432",
				"unit": "EUR"
			},
			"kf029": {
				"key": "00O2TK9973U2BP6ACTNDQNCET",
				"value": "2371168688.95563124469",
				"unit": "EUR"
			},
			"kf030": {
				"key": "00O2TK9973U2BP6ACTNDQNIQD",
				"value": "2372284897.24724111103",
				"unit": "EUR"
			},
			"kf031": {
				"key": "00O2TK9973U2BP6ACTNDQNP1X",
				"value": "2652486372.80119401813",
				"unit": "EUR"
			},
			"kf032": {
				"key": "00O2TK9973U2BP6ACTNDQNVDH",
				"value": "2654786859.25635085824",
				"unit": "EUR"
			}
		},
		{
			"char001": {
				"key": "00O2TK9973U2BP6ACTNDQS32T",
				"value": "3.7 Risk/Opp weigth"
			},
			"kf001": {
				"key": "00O2TK9973U2BP6ACTNDQIFF9",
				"value": "0.00000000000000",
				"unit": ""
			},
			"kf002": {
				"key": "00O2TK9973U2BP6ACTNDQILQT",
				"value": "0.00000000000000",
				"unit": ""
			},
			"kf003": {
				"key": "00O2TK9973U2BP6ACTNDQIS2D",
				"value": "0.00000000000000",
				"unit": ""
			},
			"kf004": {
				"key": "00O2TK9973U2BP6ACTNDQIYDX",
				"value": "0.00000000000000",
				"unit": ""
			},
			"kf005": {
				"key": "00O2TK9973U2BP6ACTNDQJ4PH",
				"value": "0.00000000000000",
				"unit": ""
			},
			"kf006": {
				"key": "00O2TK9973U2BP6ACTNDQJB11",
				"value": "0.00000000000000",
				"unit": ""
			},
			"kf007": {
				"key": "00O2TK9973U2BP6ACTNDQJHCL",
				"value": "0.00000000000000",
				"unit": ""
			},
			"kf008": {
				"key": "00O2TK9973U2BP6ACTNDQJNO5",
				"value": "0.00000000000000",
				"unit": ""
			},
			"kf009": {
				"key": "00O2TK9973U2BP6ACTNDQJTZP",
				"value": "0.00000000000000",
				"unit": ""
			},
			"kf010": {
				"key": "00O2TK9973U2BP6ACTNDQK0B9",
				"value": "0.00000000000000",
				"unit": ""
			},
			"kf011": {
				"key": "00O2TK9973U2BP6ACTNDQK6MT",
				"value": "0.00000000000000",
				"unit": ""
			},
			"kf012": {
				"key": "00O2TK9973U2BP6ACTNDQKCYD",
				"value": "0.00000000000000",
				"unit": ""
			},
			"kf013": {
				"key": "00O2TK9973U2BP6ACTNDQKJ9X",
				"value": "0.00000000000000",
				"unit": ""
			},
			"kf014": {
				"key": "00O2TK9973U2BP6ACTNDQKPLH",
				"value": "0.00000000000000",
				"unit": ""
			},
			"kf015": {
				"key": "00O2TK9973U2BP6ACTNDQKVX1",
				"value": "0.00000000000000",
				"unit": ""
			},
			"kf016": {
				"key": "00O2TK9973U2BP6ACTNDQL28L",
				"value": "0.00000000000000",
				"unit": ""
			},
			"kf017": {
				"key": "00O2TK9973U2BP6ACTNDQL8K5",
				"value": "0.07657283640644",
				"unit": ""
			},
			"kf018": {
				"key": "00O2TK9973U2BP6ACTNDQLEVP",
				"value": "0.06880485101599",
				"unit": ""
			},
			"kf019": {
				"key": "00O2TK9973U2BP6ACTNDQLL79",
				"value": "0.07143468250389",
				"unit": ""
			},
			"kf020": {
				"key": "00O2TK9973U2BP6ACTNDQLRIT",
				"value": "0.06539402402022",
				"unit": ""
			},
			"kf021": {
				"key": "00O2TK9973U2BP6ACTNDQLXUD",
				"value": "0.06679960488065",
				"unit": ""
			},
			"kf022": {
				"key": "00O2TK9973U2BP6ACTNDQM45X",
				"value": "0.00568418667860",
				"unit": ""
			},
			"kf023": {
				"key": "00O2TK9973U2BP6ACTNDQMAHH",
				"value": "-0.00027289632558",
				"unit": ""
			},
			"kf024": {
				"key": "00O2TK9973U2BP6ACTNDQMGT1",
				"value": "0.06899459113359",
				"unit": ""
			},
			"kf025": {
				"key": "00O2TK9973U2BP6ACTNDQMN4L",
				"value": "0.07240610644910",
				"unit": ""
			},
			"kf026": {
				"key": "00O2TK9973U2BP6ACTNDQMTG5",
				"value": "0.09474468888823",
				"unit": ""
			},
			"kf027": {
				"key": "00O2TK9973U2BP6ACTNDQMZRP",
				"value": "0.11113420096751",
				"unit": ""
			},
			"kf028": {
				"key": "00O2TK9973U2BP6ACTNDQN639",
				"value": "0.10270244861070",
				"unit": ""
			},
			"kf029": {
				"key": "00O2TK9973U2BP6ACTNDQNCET",
				"value": "0.00480732473518",
				"unit": ""
			},
			"kf030": {
				"key": "00O2TK9973U2BP6ACTNDQNIQD",
				"value": "0.00075702231234",
				"unit": ""
			},
			"kf031": {
				"key": "00O2TK9973U2BP6ACTNDQNP1X",
				"value": "0.19003511310465",
				"unit": ""
			},
			"kf032": {
				"key": "00O2TK9973U2BP6ACTNDQNVDH",
				"value": "1378315586.46916930960",
				"unit": "EUR"
			}
		},
		{
			"char001": {
				"key": "00O2TK9973U2BP6ACTNDQS9ED",
				"value": "3.8 Ext - Accm. ACT"
			},
			"kf001": {
				"key": "00O2TK9973U2BP6ACTNDQIFF9",
				"value": "0.00000000000000",
				"unit": "EUR"
			},
			"kf002": {
				"key": "00O2TK9973U2BP6ACTNDQILQT",
				"value": "0.00000000000000",
				"unit": "EUR"
			},
			"kf003": {
				"key": "00O2TK9973U2BP6ACTNDQIS2D",
				"value": "0.00000000000000",
				"unit": "EUR"
			},
			"kf004": {
				"key": "00O2TK9973U2BP6ACTNDQIYDX",
				"value": "0.00000000000000",
				"unit": "EUR"
			},
			"kf005": {
				"key": "00O2TK9973U2BP6ACTNDQJ4PH",
				"value": "0.00000000000000",
				"unit": "EUR"
			},
			"kf006": {
				"key": "00O2TK9973U2BP6ACTNDQJB11",
				"value": "0.00000000000000",
				"unit": "EUR"
			},
			"kf007": {
				"key": "00O2TK9973U2BP6ACTNDQJHCL",
				"value": "0.00000000000000",
				"unit": "EUR"
			},
			"kf008": {
				"key": "00O2TK9973U2BP6ACTNDQJNO5",
				"value": "0.00000000000000",
				"unit": "EUR"
			},
			"kf009": {
				"key": "00O2TK9973U2BP6ACTNDQJTZP",
				"value": "0.00000000000000",
				"unit": "EUR"
			},
			"kf010": {
				"key": "00O2TK9973U2BP6ACTNDQK0B9",
				"value": "0.00000000000000",
				"unit": "EUR"
			},
			"kf011": {
				"key": "00O2TK9973U2BP6ACTNDQK6MT",
				"value": "0.00000000000000",
				"unit": "EUR"
			},
			"kf012": {
				"key": "00O2TK9973U2BP6ACTNDQKCYD",
				"value": "0.00000000000000",
				"unit": "EUR"
			},
			"kf013": {
				"key": "00O2TK9973U2BP6ACTNDQKJ9X",
				"value": "0.00000000000000",
				"unit": "EUR"
			},
			"kf014": {
				"key": "00O2TK9973U2BP6ACTNDQKPLH",
				"value": "0.00000000000000",
				"unit": "EUR"
			},
			"kf015": {
				"key": "00O2TK9973U2BP6ACTNDQKVX1",
				"value": "0.00000000000000",
				"unit": "EUR"
			},
			"kf016": {
				"key": "00O2TK9973U2BP6ACTNDQL28L",
				"value": "0.00000000000000",
				"unit": "EUR"
			},
			"kf017": {
				"key": "00O2TK9973U2BP6ACTNDQL8K5",
				"value": "110620832.965659606626",
				"unit": "EUR"
			},
			"kf018": {
				"key": "00O2TK9973U2BP6ACTNDQLEVP",
				"value": "99398824.5527126635128",
				"unit": "EUR"
			},
			"kf019": {
				"key": "00O2TK9973U2BP6ACTNDQLL79",
				"value": "103198006.657007440666",
				"unit": "EUR"
			},
			"kf020": {
				"key": "00O2TK9973U2BP6ACTNDQLRIT",
				"value": "94471378.4624129337815",
				"unit": "EUR"
			},
			"kf021": {
				"key": "00O2TK9973U2BP6ACTNDQLXUD",
				"value": "96501948.7387509867333",
				"unit": "EUR"
			},
			"kf022": {
				"key": "00O2TK9973U2BP6ACTNDQM45X",
				"value": "8211651.73746123565468",
				"unit": "EUR"
			},
			"kf023": {
				"key": "00O2TK9973U2BP6ACTNDQMAHH",
				"value": "-394239.26636838633344",
				"unit": "EUR"
			},
			"kf024": {
				"key": "00O2TK9973U2BP6ACTNDQMGT1",
				"value": "99672932.3282679619089",
				"unit": "EUR"
			},
			"kf025": {
				"key": "00O2TK9973U2BP6ACTNDQMN4L",
				"value": "104601372.798650914553",
				"unit": "EUR"
			},
			"kf026": {
				"key": "00O2TK9973U2BP6ACTNDQMTG5",
				"value": "136872772.326960034196",
				"unit": "EUR"
			},
			"kf027": {
				"key": "00O2TK9973U2BP6ACTNDQMZRP",
				"value": "160549856.306036681496",
				"unit": "EUR"
			},
			"kf028": {
				"key": "00O2TK9973U2BP6ACTNDQN639",
				"value": "148368937.943292028155",
				"unit": "EUR"
			},
			"kf029": {
				"key": "00O2TK9973U2BP6ACTNDQNCET",
				"value": "6944894.44950338090950",
				"unit": "EUR"
			},
			"kf030": {
				"key": "00O2TK9973U2BP6ACTNDQNIQD",
				"value": "1093631.14512233327184",
				"unit": "EUR"
			},
			"kf031": {
				"key": "00O2TK9973U2BP6ACTNDQNP1X",
				"value": "274533940.375119450803",
				"unit": "EUR"
			},
			"kf032": {
				"key": "00O2TK9973U2BP6ACTNDQNVDH",
				"value": "1444648496.21734681805",
				"unit": "EUR"
			}
		},
		{
			"char001": {
				"key": "00O2TK9973U2BP6ACTNDQSFPX",
				"value": "3.8.2 Ext - Accm. ACT nom."
			},
			"kf001": {
				"key": "00O2TK9973U2BP6ACTNDQIFF9",
				"value": "0.00000000000000",
				"unit": "EUR"
			},
			"kf002": {
				"key": "00O2TK9973U2BP6ACTNDQILQT",
				"value": "0.00000000000000",
				"unit": "EUR"
			},
			"kf003": {
				"key": "00O2TK9973U2BP6ACTNDQIS2D",
				"value": "0.00000000000000",
				"unit": "EUR"
			},
			"kf004": {
				"key": "00O2TK9973U2BP6ACTNDQIYDX",
				"value": "0.00000000000000",
				"unit": "EUR"
			},
			"kf005": {
				"key": "00O2TK9973U2BP6ACTNDQJ4PH",
				"value": "0.00000000000000",
				"unit": "EUR"
			},
			"kf006": {
				"key": "00O2TK9973U2BP6ACTNDQJB11",
				"value": "0.00000000000000",
				"unit": "EUR"
			},
			"kf007": {
				"key": "00O2TK9973U2BP6ACTNDQJHCL",
				"value": "0.00000000000000",
				"unit": "EUR"
			},
			"kf008": {
				"key": "00O2TK9973U2BP6ACTNDQJNO5",
				"value": "0.00000000000000",
				"unit": "EUR"
			},
			"kf009": {
				"key": "00O2TK9973U2BP6ACTNDQJTZP",
				"value": "0.00000000000000",
				"unit": "EUR"
			},
			"kf010": {
				"key": "00O2TK9973U2BP6ACTNDQK0B9",
				"value": "0.00000000000000",
				"unit": "EUR"
			},
			"kf011": {
				"key": "00O2TK9973U2BP6ACTNDQK6MT",
				"value": "0.00000000000000",
				"unit": "EUR"
			},
			"kf012": {
				"key": "00O2TK9973U2BP6ACTNDQKCYD",
				"value": "0.00000000000000",
				"unit": "EUR"
			},
			"kf013": {
				"key": "00O2TK9973U2BP6ACTNDQKJ9X",
				"value": "0.00000000000000",
				"unit": "EUR"
			},
			"kf014": {
				"key": "00O2TK9973U2BP6ACTNDQKPLH",
				"value": "0.00000000000000",
				"unit": "EUR"
			},
			"kf015": {
				"key": "00O2TK9973U2BP6ACTNDQKVX1",
				"value": "0.00000000000000",
				"unit": "EUR"
			},
			"kf016": {
				"key": "00O2TK9973U2BP6ACTNDQL28L",
				"value": "0.00000000000000",
				"unit": "EUR"
			},
			"kf017": {
				"key": "00O2TK9973U2BP6ACTNDQL8K5",
				"value": "112904512.213070994124",
				"unit": "EUR"
			},
			"kf018": {
				"key": "00O2TK9973U2BP6ACTNDQLEVP",
				"value": "101450834.348359223366",
				"unit": "EUR"
			},
			"kf019": {
				"key": "00O2TK9973U2BP6ACTNDQLL79",
				"value": "105328447.550089400078",
				"unit": "EUR"
			},
			"kf020": {
				"key": "00O2TK9973U2BP6ACTNDQLRIT",
				"value": "96421665.0466400941295",
				"unit": "EUR"
			},
			"kf021": {
				"key": "00O2TK9973U2BP6ACTNDQLXUD",
				"value": "98494154.8337625501458",
				"unit": "EUR"
			},
			"kf022": {
				"key": "00O2TK9973U2BP6ACTNDQM45X",
				"value": "8381174.76632535001812",
				"unit": "EUR"
			},
			"kf023": {
				"key": "00O2TK9973U2BP6ACTNDQMAHH",
				"value": "-402378.02293876636424",
				"unit": "EUR"
			},
			"kf024": {
				"key": "00O2TK9973U2BP6ACTNDQMGT1",
				"value": "101730600.861259087379",
				"unit": "EUR"
			},
			"kf025": {
				"key": "00O2TK9973U2BP6ACTNDQMN4L",
				"value": "106760785.071248574047",
				"unit": "EUR"
			},
			"kf026": {
				"key": "00O2TK9973U2BP6ACTNDQMTG5",
				"value": "139698402.014595594769",
				"unit": "EUR"
			},
			"kf027": {
				"key": "00O2TK9973U2BP6ACTNDQMZRP",
				"value": "163864280.589343198341",
				"unit": "EUR"
			},
			"kf028": {
				"key": "00O2TK9973U2BP6ACTNDQN639",
				"value": "151431896.840435274284",
				"unit": "EUR"
			},
			"kf029": {
				"key": "00O2TK9973U2BP6ACTNDQNCET",
				"value": "7088266.28014867037549",
				"unit": "EUR"
			},
			"kf030": {
				"key": "00O2TK9973U2BP6ACTNDQNIQD",
				"value": "1116208.29160986633933",
				"unit": "EUR"
			},
			"kf031": {
				"key": "00O2TK9973U2BP6ACTNDQNP1X",
				"value": "280201475.553952907095",
				"unit": "EUR"
			},
			"kf032": {
				"key": "00O2TK9973U2BP6ACTNDQNVDH",
				"value": "1474472117.15898064334",
				"unit": "EUR"
			}
		}
	],
	"filters": [
		{
			"id": "0COMP_CODE",
			"from": {
				"key": "0196",
				"value": "Bayer/Venezuela"
			},
			"to": {
				"key": "",
				"to": ""
			}
		},
		{
			"id": "0CS_CHART",
			"from": {
				"key": "BI",
				"value": "BI"
			},
			"to": {
				"key": "",
				"to": ""
			}
		},
		{
			"id": "0CURTYPE",
			"from": {
				"key": "10",
				"value": "Company code currency"
			},
			"to": {
				"key": "",
				"to": ""
			}
		},
		{
			"id": "0FISCVARNT",
			"from": {
				"key": "K1",
				"value": "Calendar year, 1 spec. period"
			},
			"to": {
				"key": "",
				"to": ""
			}
		},
		{
			"id": "0G_CWW007",
			"from": {
				"key": "20",
				"value": "External"
			},
			"to": {
				"key": "",
				"to": ""
			}
		},
		{
			"id": "0IOBJSV",
			"from": {
				"key": "#",
				"value": "Not assigned"
			},
			"to": {
				"key": "",
				"to": ""
			}
		},
		{
			"id": "0IOBJSV",
			"from": {
				"key": "0PSG",
				"value": "Profit. segment"
			},
			"to": {
				"key": "",
				"to": ""
			}
		},
		{
			"id": "0VALUATION",
			"from": {
				"key": "#",
				"value": "Legal Valuation"
			},
			"to": {
				"key": "",
				"to": ""
			}
		},
		{
			"id": "DRESPO__D_CV0",
			"from": {
				"key": "LS",
				"value": "Bayer Group"
			},
			"to": {
				"key": "",
				"to": ""
			}
		},
		{
			"id": "D_XNETSAL",
			"from": {
				"key": "X",
				"value": "YES"
			},
			"to": {
				"key": "",
				"to": ""
			}
		}
	],
	"variables": [
		{
			"id": "DCURRENCY_CDSOI01",
			"from": {
				"key": "EUR",
				"value": "Euro"
			},
			"to": {
				"key": "",
				"to": ""
			}
		},
		{
			"id": "D0FISCPER3_CXSOL02",
			"from": {
				"key": "7",
				"value": "Jul"
			},
			"to": {
				"key": "",
				"to": ""
			}
		},
		{
			"id": "D0FISCYEAR_CXSOL02",
			"from": {
				"key": "2018",
				"value": "Calendar year, 1 spec. period 2018"
			},
			"to": {
				"key": "",
				"to": ""
			}
		},
		{
			"id": "DZINFOPROV_CXOOL07",
			"from": {
				"key": "DA_CDCALF",
				"value": ""
			},
			"to": {
				"key": "",
				"to": ""
			}
		},
		{
			"id": "DZINFOPROV_CXOOL07",
			"from": {
				"key": "COPADPF",
				"value": ""
			},
			"to": {
				"key": "",
				"to": ""
			}
		},
		{
			"id": "DZINFOPROV_CXOOL07",
			"from": {
				"key": "COPACSP",
				"value": ""
			},
			"to": {
				"key": "",
				"to": ""
			}
		},
		{
			"id": "DZINFOPROV_CXOOL07",
			"from": {
				"key": "COPACCPCF",
				"value": ""
			},
			"to": {
				"key": "",
				"to": ""
			}
		},
		{
			"id": "DZINFOPROV_CXOOL07",
			"from": {
				"key": "BKA_CPRKF",
				"value": ""
			},
			"to": {
				"key": "",
				"to": ""
			}
		},
		{
			"id": "D0DATE_CXSOI01",
			"from": {
				"key": "16.07.2018",
				"value": ""
			},
			"to": {
				"key": "",
				"to": ""
			}
		},
		{
			"id": "D0RTYPE_CXSNL01",
			"from": {
				"key": "Q1F",
				"value": "QBR1 Forecast"
			},
			"to": {
				"key": "",
				"to": ""
			}
		},
		{
			"id": "D0VERSION_TEXT2",
			"from": {
				"key": "FC1",
				"value": "FC1"
			},
			"to": {
				"key": "",
				"to": ""
			}
		},
		{
			"id": "D0VERSION_CXSMIFC2",
			"from": {
				"key": "FC1",
				"value": "Forecast 1"
			},
			"to": {
				"key": "",
				"to": ""
			}
		},
		{
			"id": "DREQSTAT_CDSOI01",
			"from": {
				"key": "R",
				"value": "released"
			},
			"to": {
				"key": "",
				"to": ""
			}
		},
		{
			"id": "DDIMKKAX_HDSOI02",
			"from": {
				"key": "WORLD",
				"value": "Bayer Group"
			},
			"to": {
				"key": "0HIER_NODE",
				"to": ""
			}
		},
		{
			"id": "DD_GCLCREP_CXOOL01",
			"from": {
				"key": "#",
				"value": "Not assigned"
			},
			"to": {
				"key": "",
				"to": ""
			}
		},
		{
			"id": "DD_GCLCREP_CXOOL01",
			"from": {
				"key": "#",
				"value": "Not assigned"
			},
			"to": {
				"key": "",
				"to": ""
			}
		},
		{
			"id": "DD_GCLCREP_CXOOL01",
			"from": {
				"key": "ALL",
				"value": "ALL"
			},
			"to": {
				"key": "",
				"to": ""
			}
		},
		{
			"id": "DD_GCLCREP_CXOOL01",
			"from": {
				"key": "GC",
				"value": "Group Currency"
			},
			"to": {
				"key": "",
				"to": ""
			}
		},
		{
			"id": "DZMRSC_CXOOL01",
			"from": {
				"key": "MON",
				"value": "Monsanto"
			},
			"to": {
				"key": "",
				"to": ""
			}
		}
	],
	"error": false
}