{
	"version": "",
	"title": "ROI: P&L LineItem Timeline",
	"id": "SOA00_COPAPRP03_QS031",
	"infocube": "COPAPRP03",
	"creator": "WDELL",
	"creationDate": "2017-11-20",
	"creationTime": "09:42:09",
	"lastChanger": "WDELL",
	"changeDate": "2017-11-20",
	"changeTime": "09:42:09",
	"lastQueryExecutionDate": "2018-07-17",
	"lastQueryExecutionTime": "20:39:19",
	"available": true,
	"infoobjects": [
		{
			"id": "DCTRY_FD",
			"infoobject": "DCTRY_FD",
			"name": "Country final-dest.",
			"descript": "Country final-dest.",
			"position": "0001",
			"initialdisplay": "false",
			"isstructure": "false",
			"IS_FILTER": "false",
			"laytp": "AGG",
			"attribute": ""
		},
		{
			"id": "DRESPO__DIMKKAX",
			"infoobject": "DRESPO__DIMKKAX",
			"name": "BSV: Hierarchy",
			"descript": "BSV: Hierarchy",
			"position": "0002",
			"initialdisplay": "false",
			"ishierarchy": "true",
			"hierarchy": {
				"id": "BSV_HIER_ALL",
				"name": "",
				"level": "12"
			},
			"hienmdesc": "",
			"hienmlevel": "12",
			"isstructure": "false",
			"IS_FILTER": "false",
			"laytp": "AGG",
			"attribute": ""
		},
		{
			"id": "DRESPO__DIMKKA1",
			"infoobject": "DRESPO__DIMKKA1",
			"name": "BSV Lvl 1",
			"descript": "BSV Lvl 1",
			"position": "0003",
			"initialdisplay": "false",
			"isstructure": "false",
			"IS_FILTER": "false",
			"laytp": "AGG",
			"attribute": ""
		},
		{
			"id": "DRESPO__DIMKKA2",
			"infoobject": "DRESPO__DIMKKA2",
			"name": "BSV Lvl 2",
			"descript": "BSV Lvl 2",
			"position": "0004",
			"initialdisplay": "false",
			"isstructure": "false",
			"IS_FILTER": "false",
			"laytp": "AGG",
			"attribute": ""
		},
		{
			"id": "DRESPO__DIMKKA3",
			"infoobject": "DRESPO__DIMKKA3",
			"name": "BSV Lvl 3",
			"descript": "BSV Lvl 3",
			"position": "0005",
			"initialdisplay": "false",
			"isstructure": "false",
			"IS_FILTER": "false",
			"laytp": "AGG",
			"attribute": ""
		},
		{
			"id": "DRESPO__DIMKKA4",
			"infoobject": "DRESPO__DIMKKA4",
			"name": "BSV Lvl 4",
			"descript": "BSV Lvl 4",
			"position": "0006",
			"initialdisplay": "false",
			"isstructure": "false",
			"IS_FILTER": "false",
			"laytp": "AGG",
			"attribute": ""
		},
		{
			"id": "DRESPO__DIMKKA5",
			"infoobject": "DRESPO__DIMKKA5",
			"name": "BSV Lvl 5",
			"descript": "BSV Lvl 5",
			"position": "0007",
			"initialdisplay": "false",
			"isstructure": "false",
			"IS_FILTER": "false",
			"laytp": "AGG",
			"attribute": ""
		},
		{
			"id": "DRESPO__DIMKKA6",
			"infoobject": "DRESPO__DIMKKA6",
			"name": "BSV Lvl 6",
			"descript": "BSV Lvl 6",
			"position": "0008",
			"initialdisplay": "false",
			"isstructure": "false",
			"IS_FILTER": "false",
			"laytp": "AGG",
			"attribute": ""
		},
		{
			"id": "DRESPO__DIMKKA7",
			"infoobject": "DRESPO__DIMKKA7",
			"name": "BSV Lvl 7",
			"descript": "BSV Lvl 7",
			"position": "0009",
			"initialdisplay": "false",
			"isstructure": "false",
			"IS_FILTER": "false",
			"laytp": "AGG",
			"attribute": ""
		},
		{
			"id": "DRESPO__DIMKKA8",
			"infoobject": "DRESPO__DIMKKA8",
			"name": "BSV Lvl 8",
			"descript": "BSV Lvl 8",
			"position": "0010",
			"initialdisplay": "false",
			"isstructure": "false",
			"IS_FILTER": "false",
			"laytp": "AGG",
			"attribute": ""
		},
		{
			"id": "DRESPO__DIMKKA9",
			"infoobject": "DRESPO__DIMKKA9",
			"name": "BSV Lvl 9",
			"descript": "BSV Lvl 9",
			"position": "0011",
			"initialdisplay": "false",
			"isstructure": "false",
			"IS_FILTER": "false",
			"laytp": "AGG",
			"attribute": ""
		},
		{
			"id": "DRESPO__DIMKKA10",
			"infoobject": "DRESPO__DIMKKA10",
			"name": "BSV Lvl 10",
			"descript": "BSV Lvl 10",
			"position": "0012",
			"initialdisplay": "false",
			"isstructure": "false",
			"IS_FILTER": "false",
			"laytp": "AGG",
			"attribute": ""
		},
		{
			"id": "DRESPO__DBRANDF",
			"infoobject": "DRESPO__DBRANDF",
			"name": "CV Brand Family",
			"descript": "CV Brand Family",
			"position": "0013",
			"initialdisplay": "false",
			"isstructure": "false",
			"IS_FILTER": "false",
			"laytp": "AGG",
			"attribute": ""
		},
		{
			"id": "DRESPO__DIMKKACG",
			"infoobject": "DRESPO__DIMKKACG",
			"name": "BSV CG",
			"descript": "BSV CG",
			"position": "0014",
			"initialdisplay": "false",
			"isstructure": "false",
			"IS_FILTER": "false",
			"laytp": "AGG",
			"attribute": ""
		},
		{
			"id": "DRESPO__DK_GB",
			"infoobject": "DRESPO__DK_GB",
			"name": "CV 5 Business Group",
			"descript": "CV 5 Business Group",
			"position": "0015",
			"initialdisplay": "false",
			"isstructure": "false",
			"IS_FILTER": "false",
			"laytp": "AGG",
			"attribute": ""
		},
		{
			"id": "DRESPO__DSBE",
			"infoobject": "DRESPO__DSBE",
			"name": "CV 6 SBE",
			"descript": "CV 6 SBE",
			"position": "0016",
			"initialdisplay": "false",
			"isstructure": "false",
			"IS_FILTER": "false",
			"laytp": "AGG",
			"attribute": ""
		},
		{
			"id": "DRESPO__DRU",
			"infoobject": "DRESPO__DRU",
			"name": "CV 7 Reporting Unit",
			"descript": "CV 7 Reporting Unit",
			"position": "0017",
			"initialdisplay": "false",
			"isstructure": "false",
			"IS_FILTER": "false",
			"laytp": "AGG",
			"attribute": ""
		},
		{
			"id": "DRESPO__DPC_CV",
			"infoobject": "DRESPO__DPC_CV",
			"name": "CV 8 Profitcenter",
			"descript": "CV 8 Profitcenter",
			"position": "0018",
			"initialdisplay": "false",
			"isstructure": "false",
			"IS_FILTER": "false",
			"laytp": "AGG",
			"attribute": ""
		},
		{
			"id": "DRESPO__DBRAND",
			"infoobject": "DRESPO__DBRAND",
			"name": "CV Brand",
			"descript": "CV Brand",
			"position": "0019",
			"initialdisplay": "false",
			"isstructure": "false",
			"IS_FILTER": "false",
			"laytp": "AGG",
			"attribute": ""
		},
		{
			"id": "0MATERIAL__DBRANDG",
			"infoobject": "0MATERIAL__DBRANDG",
			"name": "Add.Brand Grouping",
			"descript": "Add.Brand Grouping",
			"position": "0020",
			"initialdisplay": "false",
			"isstructure": "false",
			"IS_FILTER": "false",
			"laytp": "AGG",
			"attribute": ""
		},
		{
			"id": "DRESPO__DMUSTW1",
			"infoobject": "DRESPO__DMUSTW1",
			"name": "CV Brand Attribute",
			"descript": "CV Brand Attribute",
			"position": "0021",
			"initialdisplay": "false",
			"isstructure": "false",
			"IS_FILTER": "false",
			"laytp": "AGG",
			"attribute": ""
		},
		{
			"id": "DRESPO__DMUSTW2",
			"infoobject": "DRESPO__DMUSTW2",
			"name": "CV Country Attribute",
			"descript": "CV Country Attribute",
			"position": "0022",
			"initialdisplay": "false",
			"isstructure": "false",
			"IS_FILTER": "false",
			"laytp": "AGG",
			"attribute": ""
		},
		{
			"id": "DRESPO__DMVIEW",
			"infoobject": "DRESPO__DMVIEW",
			"name": "CV Brand / Country",
			"descript": "CV Brand / Country",
			"position": "0023",
			"initialdisplay": "false",
			"isstructure": "false",
			"IS_FILTER": "false",
			"laytp": "AGG",
			"attribute": ""
		},
		{
			"id": "0CS_ITEM",
			"infoobject": "0CS_ITEM",
			"name": "Item",
			"descript": "Item",
			"position": "0024",
			"initialdisplay": "false",
			"isstructure": "false",
			"IS_FILTER": "false",
			"laytp": "AGG",
			"attribute": ""
		},
		{
			"id": "DFCRSEND__DIMKKA1",
			"infoobject": "DFCRSEND__DIMKKA1",
			"name": "Prt BSV Lvl 1",
			"descript": "Prt BSV Lvl 1",
			"position": "0025",
			"initialdisplay": "false",
			"isstructure": "false",
			"IS_FILTER": "false",
			"laytp": "AGG",
			"attribute": ""
		},
		{
			"id": "DFCRSEND__DIMKKA10",
			"infoobject": "DFCRSEND__DIMKKA10",
			"name": "Prt BSV Lvl 10",
			"descript": "Prt BSV Lvl 10",
			"position": "0026",
			"initialdisplay": "false",
			"isstructure": "false",
			"IS_FILTER": "false",
			"laytp": "AGG",
			"attribute": ""
		},
		{
			"id": "DFCRSEND__DIMKKA2",
			"infoobject": "DFCRSEND__DIMKKA2",
			"name": "Prt BSV Lvl 2",
			"descript": "Prt BSV Lvl 2",
			"position": "0027",
			"initialdisplay": "false",
			"isstructure": "false",
			"IS_FILTER": "false",
			"laytp": "AGG",
			"attribute": ""
		},
		{
			"id": "DFCRSEND__DIMKKA3",
			"infoobject": "DFCRSEND__DIMKKA3",
			"name": "Prt BSV Lvl 3",
			"descript": "Prt BSV Lvl 3",
			"position": "0028",
			"initialdisplay": "false",
			"isstructure": "false",
			"IS_FILTER": "false",
			"laytp": "AGG",
			"attribute": ""
		},
		{
			"id": "DFCRSEND__DIMKKA4",
			"infoobject": "DFCRSEND__DIMKKA4",
			"name": "Prt BSV Lvl 4",
			"descript": "Prt BSV Lvl 4",
			"position": "0029",
			"initialdisplay": "false",
			"isstructure": "false",
			"IS_FILTER": "false",
			"laytp": "AGG",
			"attribute": ""
		},
		{
			"id": "DFCRSEND__DIMKKA5",
			"infoobject": "DFCRSEND__DIMKKA5",
			"name": "Prt BSV Lvl 5",
			"descript": "Prt BSV Lvl 5",
			"position": "0030",
			"initialdisplay": "false",
			"isstructure": "false",
			"IS_FILTER": "false",
			"laytp": "AGG",
			"attribute": ""
		},
		{
			"id": "DFCRSEND__DIMKKA6",
			"infoobject": "DFCRSEND__DIMKKA6",
			"name": "Prt BSV Lvl 6",
			"descript": "Prt BSV Lvl 6",
			"position": "0031",
			"initialdisplay": "false",
			"isstructure": "false",
			"IS_FILTER": "false",
			"laytp": "AGG",
			"attribute": ""
		},
		{
			"id": "DFCRSEND__DIMKKA7",
			"infoobject": "DFCRSEND__DIMKKA7",
			"name": "Prt BSV Lvl 7",
			"descript": "Prt BSV Lvl 7",
			"position": "0032",
			"initialdisplay": "false",
			"isstructure": "false",
			"IS_FILTER": "false",
			"laytp": "AGG",
			"attribute": ""
		},
		{
			"id": "DFCRSEND__DIMKKA8",
			"infoobject": "DFCRSEND__DIMKKA8",
			"name": "Prt BSV Lvl 8",
			"descript": "Prt BSV Lvl 8",
			"position": "0033",
			"initialdisplay": "false",
			"isstructure": "false",
			"IS_FILTER": "false",
			"laytp": "AGG",
			"attribute": ""
		},
		{
			"id": "DFCRSEND__DIMKKA9",
			"infoobject": "DFCRSEND__DIMKKA9",
			"name": "Prt BSV Lvl 9",
			"descript": "Prt BSV Lvl 9",
			"position": "0034",
			"initialdisplay": "false",
			"isstructure": "false",
			"IS_FILTER": "false",
			"laytp": "AGG",
			"attribute": ""
		},
		{
			"id": "0MATERIAL__DPRODH4",
			"infoobject": "0MATERIAL__DPRODH4",
			"name": "Prod.Hier. Lev. 4",
			"descript": "Prod.Hier. Lev. 4",
			"position": "0035",
			"initialdisplay": "false",
			"isstructure": "false",
			"IS_FILTER": "false",
			"laytp": "AGG",
			"attribute": ""
		},
		{
			"id": "DSPECIES",
			"infoobject": "DSPECIES",
			"name": "Species",
			"descript": "Species",
			"position": "0036",
			"initialdisplay": "false",
			"isstructure": "false",
			"IS_FILTER": "false",
			"laytp": "AGG",
			"attribute": ""
		},
		{
			"id": "0SEND_CCTR__DTASK",
			"infoobject": "0SEND_CCTR__DTASK",
			"name": "Task",
			"descript": "Task",
			"position": "0037",
			"initialdisplay": "false",
			"isstructure": "false",
			"IS_FILTER": "false",
			"laytp": "AGG",
			"attribute": ""
		},
		{
			"id": "0FISCPER3",
			"infoobject": "0FISCPER3",
			"name": "Posting period",
			"descript": "Posting period",
			"position": "0001",
			"initialdisplay": "true",
			"isstructure": "false",
			"IS_FILTER": "false",
			"laytp": "COL",
			"attribute": ""
		},
		{
			"id": "0INFOPROV",
			"infoobject": "0INFOPROV",
			"name": "InfoProvider",
			"descript": "InfoProvider",
			"position": "0001",
			"initialdisplay": "false",
			"isstructure": "false",
			"IS_FILTER": "true",
			"laytp": "FIX",
			"attribute": ""
		},
		{
			"id": "DREQSTAT",
			"infoobject": "DREQSTAT",
			"name": "Status of Reporting",
			"descript": "Status of Reporting",
			"position": "0002",
			"initialdisplay": "false",
			"isstructure": "false",
			"IS_FILTER": "true",
			"laytp": "FIX",
			"attribute": ""
		},
		{
			"id": "0CS_DOCTYPE",
			"infoobject": "0CS_DOCTYPE",
			"name": "Document Type",
			"descript": "Document Type",
			"position": "0003",
			"initialdisplay": "false",
			"isstructure": "false",
			"IS_FILTER": "true",
			"laytp": "FIX",
			"attribute": ""
		},
		{
			"id": "0CS_CHART",
			"infoobject": "0CS_CHART",
			"name": "Cons Chart of Accts",
			"descript": "Cons Chart of Accts",
			"position": "0004",
			"initialdisplay": "false",
			"isstructure": "false",
			"IS_FILTER": "true",
			"laytp": "FIX",
			"attribute": ""
		},
		{
			"id": "0IOBJSV",
			"infoobject": "0IOBJSV",
			"name": "Object Type",
			"descript": "Object Type",
			"position": "0005",
			"initialdisplay": "false",
			"isstructure": "false",
			"IS_FILTER": "true",
			"laytp": "FIX",
			"attribute": ""
		},
		{
			"id": "0FISCVARNT",
			"infoobject": "0FISCVARNT",
			"name": "Fiscal Year Variant",
			"descript": "Fiscal Year Variant",
			"position": "0006",
			"initialdisplay": "false",
			"isstructure": "false",
			"IS_FILTER": "true",
			"laytp": "FIX",
			"attribute": ""
		},
		{
			"id": "0CURTYPE",
			"infoobject": "0CURTYPE",
			"name": "Currency Type",
			"descript": "Currency Type",
			"position": "0007",
			"initialdisplay": "false",
			"isstructure": "false",
			"IS_FILTER": "true",
			"laytp": "FIX",
			"attribute": ""
		},
		{
			"id": "0VERSION",
			"infoobject": "0VERSION",
			"name": "Version",
			"descript": "Version",
			"position": "0008",
			"initialdisplay": "false",
			"isstructure": "false",
			"IS_FILTER": "true",
			"laytp": "FIX",
			"attribute": ""
		},
		{
			"id": "0VALUATION",
			"infoobject": "0VALUATION",
			"name": "Valuation view",
			"descript": "Valuation view",
			"position": "0009",
			"initialdisplay": "false",
			"isstructure": "false",
			"IS_FILTER": "true",
			"laytp": "FIX",
			"attribute": ""
		},
		{
			"id": "0CS_DIMEN",
			"infoobject": "0CS_DIMEN",
			"name": "Dimension",
			"descript": "Dimension",
			"position": "0010",
			"initialdisplay": "false",
			"isstructure": "false",
			"IS_FILTER": "true",
			"laytp": "FIX",
			"attribute": ""
		},
		{
			"id": "DRESPO__D_CV0",
			"infoobject": "DRESPO__D_CV0",
			"name": "CV 0 Life Sciene",
			"descript": "CV 0 Life Sciene",
			"position": "0011",
			"initialdisplay": "false",
			"isstructure": "false",
			"IS_FILTER": "true",
			"laytp": "FIX",
			"attribute": ""
		},
		{
			"id": "00O2TK9973U285JU429TDYLC1",
			"infoobject": "00O2TK9973U285JU429TDYLC1",
			"name": "ROI Timeline MTH/YTD Deviations cpa (var.)",
			"descript": "ROI Timeline MTH/YTD Deviations cpa (var.)",
			"position": "0001",
			"initialdisplay": "true",
			"isstructure": "true",
			"IS_FILTER": "false",
			"laytp": "ROW",
			"attribute": ""
		},
		{
			"id": "00O2TK9973U0DVOPE1MI53K4B",
			"infoobject": "00O2TK9973U0DVOPE1MI53K4B",
			"name": "ROI: IncomeStatement (short P&L - ALL POSITIVE)",
			"descript": "ROI: IncomeStatement (short P&L - ALL POSITIVE)",
			"position": "0002",
			"initialdisplay": "true",
			"isstructure": "true",
			"IS_FILTER": "false",
			"laytp": "ROW",
			"attribute": ""
		}
	],
	"variables": [
		{
			"id": "D0CS_ITEM_CDOOI",
			"name": "Item",
			"infoobject": {
				"id": "0CS_ITEM",
				"name": "Item"
			},
			"type": "1",
			"typetext": "Characteristic value",
			"processtype": "5",
			"processtypetext": "User entry / default value",
			"parsel": "S",
			"parseltext": "Selection option",
			"input": true,
			"mandatory": false,
			"entrytype": "0",
			"entrytypetext": "Optional Variable Entry",
			"dynchange": "",
			"flags": {
				"lh": "0",
				"r": "0"
			},
			"value": "",
			"highvalue": ""
		},
		{
			"id": "D0FISCPER_CXSNI00",
			"name": "Fiscal Period / Year",
			"infoobject": {
				"id": "0FISCPER",
				"name": "Fiscal year/period"
			},
			"type": "1",
			"typetext": "Characteristic value",
			"processtype": "3",
			"processtypetext": "Customer exit",
			"parsel": "P",
			"parseltext": "Single value (parameters)",
			"input": true,
			"mandatory": true,
			"entrytype": "2",
			"entrytypetext": "Mandatory, Initial Value not Allowed",
			"dynchange": "",
			"flags": {
				"lh": "0",
				"r": "0"
			},
			"value": "",
			"highvalue": ""
		},
		{
			"id": "D0RTYPE_CXSNL01",
			"name": "Dyn. Forecast Rate from D0VERSION_CXSMIFC",
			"infoobject": {
				"id": "0RTYPE",
				"name": "Exchange Rate Type"
			},
			"type": "1",
			"typetext": "Characteristic value",
			"processtype": "3",
			"processtypetext": "Customer exit",
			"parsel": "P",
			"parseltext": "Single value (parameters)",
			"input": false,
			"mandatory": true,
			"entrytype": "2",
			"entrytypetext": "Mandatory, Initial Value not Allowed",
			"dynchange": "",
			"flags": {
				"lh": "0",
				"r": "0"
			},
			"value": "00O2TK8CN6Y24WQP6BHY66BJJ",
			"highvalue": ""
		},
		{
			"id": "D0VERSION_CXSMIFC2",
			"name": "FC - Version",
			"infoobject": {
				"id": "0VERSION",
				"name": "Version"
			},
			"type": "1",
			"typetext": "Characteristic value",
			"processtype": "3",
			"processtypetext": "Customer exit",
			"parsel": "P",
			"parseltext": "Single value (parameters)",
			"input": true,
			"mandatory": true,
			"entrytype": "1",
			"entrytypetext": "Mandatory Variable Entry",
			"dynchange": "",
			"flags": {
				"lh": "0",
				"r": "0"
			},
			"value": "",
			"highvalue": ""
		},
		{
			"id": "DCOUNTRY_CDMOI01",
			"name": "Country",
			"infoobject": {
				"id": "DCTRY_FD",
				"name": "Country final-dest."
			},
			"type": "1",
			"typetext": "Characteristic value",
			"processtype": "5",
			"processtypetext": "User entry / default value",
			"parsel": "M",
			"parseltext": "Several Single Values",
			"input": true,
			"mandatory": false,
			"entrytype": "0",
			"entrytypetext": "Optional Variable Entry",
			"dynchange": "",
			"flags": {
				"lh": "0",
				"r": "0"
			},
			"value": "",
			"highvalue": ""
		},
		{
			"id": "DCURRENCY_CDSOI01",
			"name": "Target Currency",
			"infoobject": {
				"id": "0CURRENCY",
				"name": "Currency"
			},
			"type": "1",
			"typetext": "Characteristic value",
			"processtype": "5",
			"processtypetext": "User entry / default value",
			"parsel": "P",
			"parseltext": "Single value (parameters)",
			"input": true,
			"mandatory": true,
			"entrytype": "1",
			"entrytypetext": "Mandatory Variable Entry",
			"dynchange": "",
			"flags": {
				"lh": "0",
				"r": "0"
			},
			"value": "EUR",
			"highvalue": ""
		},
		{
			"id": "DCURRENCY_CDSOI01",
			"name": "Target Currency",
			"infoobject": {
				"id": "0CURRENCY",
				"name": "Currency"
			},
			"type": "1",
			"typetext": "Characteristic value",
			"processtype": "5",
			"processtypetext": "User entry / default value",
			"parsel": "P",
			"parseltext": "Single value (parameters)",
			"input": true,
			"mandatory": true,
			"entrytype": "1",
			"entrytypetext": "Mandatory Variable Entry",
			"dynchange": "",
			"flags": {
				"lh": "0",
				"r": "0"
			},
			"value": "00O2TK8CN6Y24WQP6BHY66BJJ",
			"highvalue": ""
		},
		{
			"id": "DCURRENCY_CDSOI01",
			"name": "Target Currency",
			"infoobject": {
				"id": "0CURRENCY",
				"name": "Currency"
			},
			"type": "1",
			"typetext": "Characteristic value",
			"processtype": "5",
			"processtypetext": "User entry / default value",
			"parsel": "P",
			"parseltext": "Single value (parameters)",
			"input": true,
			"mandatory": true,
			"entrytype": "1",
			"entrytypetext": "Mandatory Variable Entry",
			"dynchange": "",
			"flags": {
				"lh": "0",
				"r": "0"
			},
			"value": "EUR",
			"highvalue": ""
		},
		{
			"id": "DCURRENCY_CDSOI01",
			"name": "Target Currency",
			"infoobject": {
				"id": "0CURRENCY",
				"name": "Currency"
			},
			"type": "1",
			"typetext": "Characteristic value",
			"processtype": "5",
			"processtypetext": "User entry / default value",
			"parsel": "P",
			"parseltext": "Single value (parameters)",
			"input": true,
			"mandatory": true,
			"entrytype": "1",
			"entrytypetext": "Mandatory Variable Entry",
			"dynchange": "",
			"flags": {
				"lh": "0",
				"r": "0"
			},
			"value": "00O2TK8CN6Y24WQP6BHY66BJJ",
			"highvalue": ""
		},
		{
			"id": "DCURRENCY_CDSOI01",
			"name": "Target Currency",
			"infoobject": {
				"id": "0CURRENCY",
				"name": "Currency"
			},
			"type": "1",
			"typetext": "Characteristic value",
			"processtype": "5",
			"processtypetext": "User entry / default value",
			"parsel": "P",
			"parseltext": "Single value (parameters)",
			"input": true,
			"mandatory": true,
			"entrytype": "1",
			"entrytypetext": "Mandatory Variable Entry",
			"dynchange": "",
			"flags": {
				"lh": "0",
				"r": "0"
			},
			"value": "EUR",
			"highvalue": ""
		},
		{
			"id": "DCURRENCY_CDSOI01",
			"name": "Target Currency",
			"infoobject": {
				"id": "0CURRENCY",
				"name": "Currency"
			},
			"type": "1",
			"typetext": "Characteristic value",
			"processtype": "5",
			"processtypetext": "User entry / default value",
			"parsel": "P",
			"parseltext": "Single value (parameters)",
			"input": true,
			"mandatory": true,
			"entrytype": "1",
			"entrytypetext": "Mandatory Variable Entry",
			"dynchange": "",
			"flags": {
				"lh": "0",
				"r": "0"
			},
			"value": "00O2TK8CN6Y24WQP6BHY66BJJ",
			"highvalue": ""
		},
		{
			"id": "DCURRENCY_CDSOI01",
			"name": "Target Currency",
			"infoobject": {
				"id": "0CURRENCY",
				"name": "Currency"
			},
			"type": "1",
			"typetext": "Characteristic value",
			"processtype": "5",
			"processtypetext": "User entry / default value",
			"parsel": "P",
			"parseltext": "Single value (parameters)",
			"input": true,
			"mandatory": true,
			"entrytype": "1",
			"entrytypetext": "Mandatory Variable Entry",
			"dynchange": "",
			"flags": {
				"lh": "0",
				"r": "0"
			},
			"value": "EUR",
			"highvalue": ""
		},
		{
			"id": "DDIMKKA10_CDOOI02",
			"name": "Prt. BSV Lvl 10",
			"infoobject": {
				"id": "DFCRSEND__DIMKKA10",
				"name": "Prt BSV Lvl 10"
			},
			"type": "1",
			"typetext": "Characteristic value",
			"processtype": "5",
			"processtypetext": "User entry / default value",
			"parsel": "S",
			"parseltext": "Selection option",
			"input": true,
			"mandatory": false,
			"entrytype": "0",
			"entrytypetext": "Optional Variable Entry",
			"dynchange": "",
			"flags": {
				"lh": "0",
				"r": "0"
			},
			"value": "",
			"highvalue": ""
		},
		{
			"id": "DDIMKKA10_CDOOSI01",
			"name": "BSV Lvl 10",
			"infoobject": {
				"id": "DRESPO__DIMKKA10",
				"name": "BSV Lvl 10"
			},
			"type": "1",
			"typetext": "Characteristic value",
			"processtype": "5",
			"processtypetext": "User entry / default value",
			"parsel": "S",
			"parseltext": "Selection option",
			"input": true,
			"mandatory": false,
			"entrytype": "0",
			"entrytypetext": "Optional Variable Entry",
			"dynchange": "",
			"flags": {
				"lh": "0",
				"r": "0"
			},
			"value": "",
			"highvalue": ""
		},
		{
			"id": "DDIMKKA1_CDOOI01",
			"name": "BSV Lvl 1",
			"infoobject": {
				"id": "DRESPO__DIMKKA1",
				"name": "BSV Lvl 1"
			},
			"type": "1",
			"typetext": "Characteristic value",
			"processtype": "5",
			"processtypetext": "User entry / default value",
			"parsel": "S",
			"parseltext": "Selection option",
			"input": true,
			"mandatory": false,
			"entrytype": "0",
			"entrytypetext": "Optional Variable Entry",
			"dynchange": "",
			"flags": {
				"lh": "0",
				"r": "0"
			},
			"value": "",
			"highvalue": ""
		},
		{
			"id": "DDIMKKA1_CDOOI02",
			"name": "Prt. BSV Lvl 1",
			"infoobject": {
				"id": "DFCRSEND__DIMKKA1",
				"name": "Prt BSV Lvl 1"
			},
			"type": "1",
			"typetext": "Characteristic value",
			"processtype": "5",
			"processtypetext": "User entry / default value",
			"parsel": "S",
			"parseltext": "Selection option",
			"input": true,
			"mandatory": false,
			"entrytype": "0",
			"entrytypetext": "Optional Variable Entry",
			"dynchange": "",
			"flags": {
				"lh": "0",
				"r": "0"
			},
			"value": "",
			"highvalue": ""
		},
		{
			"id": "DDIMKKA2_CDMOI01",
			"name": "IMK LVL 2",
			"infoobject": {
				"id": "DRESPO__DIMKKA2",
				"name": "BSV Lvl 2"
			},
			"type": "1",
			"typetext": "Characteristic value",
			"processtype": "5",
			"processtypetext": "User entry / default value",
			"parsel": "M",
			"parseltext": "Several Single Values",
			"input": true,
			"mandatory": false,
			"entrytype": "0",
			"entrytypetext": "Optional Variable Entry",
			"dynchange": "",
			"flags": {
				"lh": "0",
				"r": "0"
			},
			"value": "",
			"highvalue": ""
		},
		{
			"id": "DDIMKKA2_CDOOI02",
			"name": "Prt. BSV Lvl 2",
			"infoobject": {
				"id": "DFCRSEND__DIMKKA2",
				"name": "Prt BSV Lvl 2"
			},
			"type": "1",
			"typetext": "Characteristic value",
			"processtype": "5",
			"processtypetext": "User entry / default value",
			"parsel": "S",
			"parseltext": "Selection option",
			"input": true,
			"mandatory": false,
			"entrytype": "0",
			"entrytypetext": "Optional Variable Entry",
			"dynchange": "",
			"flags": {
				"lh": "0",
				"r": "0"
			},
			"value": "",
			"highvalue": ""
		},
		{
			"id": "DDIMKKA3_CDOOI01",
			"name": "BSV Lvl 3",
			"infoobject": {
				"id": "DRESPO__DIMKKA3",
				"name": "BSV Lvl 3"
			},
			"type": "1",
			"typetext": "Characteristic value",
			"processtype": "5",
			"processtypetext": "User entry / default value",
			"parsel": "S",
			"parseltext": "Selection option",
			"input": true,
			"mandatory": false,
			"entrytype": "0",
			"entrytypetext": "Optional Variable Entry",
			"dynchange": "",
			"flags": {
				"lh": "0",
				"r": "0"
			},
			"value": "",
			"highvalue": ""
		},
		{
			"id": "DDIMKKA3_CDOOI02",
			"name": "Prt. BSV Lvl 3",
			"infoobject": {
				"id": "DFCRSEND__DIMKKA3",
				"name": "Prt BSV Lvl 3"
			},
			"type": "1",
			"typetext": "Characteristic value",
			"processtype": "5",
			"processtypetext": "User entry / default value",
			"parsel": "S",
			"parseltext": "Selection option",
			"input": true,
			"mandatory": false,
			"entrytype": "0",
			"entrytypetext": "Optional Variable Entry",
			"dynchange": "",
			"flags": {
				"lh": "0",
				"r": "0"
			},
			"value": "",
			"highvalue": ""
		},
		{
			"id": "DDIMKKA4_CDOOI01",
			"name": "BSV Lvl 4",
			"infoobject": {
				"id": "DRESPO__DIMKKA4",
				"name": "BSV Lvl 4"
			},
			"type": "1",
			"typetext": "Characteristic value",
			"processtype": "5",
			"processtypetext": "User entry / default value",
			"parsel": "S",
			"parseltext": "Selection option",
			"input": true,
			"mandatory": false,
			"entrytype": "0",
			"entrytypetext": "Optional Variable Entry",
			"dynchange": "",
			"flags": {
				"lh": "0",
				"r": "0"
			},
			"value": "",
			"highvalue": ""
		},
		{
			"id": "DDIMKKA4_CDOOI02",
			"name": "Prt. BSV Lvl 4",
			"infoobject": {
				"id": "DFCRSEND__DIMKKA4",
				"name": "Prt BSV Lvl 4"
			},
			"type": "1",
			"typetext": "Characteristic value",
			"processtype": "5",
			"processtypetext": "User entry / default value",
			"parsel": "S",
			"parseltext": "Selection option",
			"input": true,
			"mandatory": false,
			"entrytype": "0",
			"entrytypetext": "Optional Variable Entry",
			"dynchange": "",
			"flags": {
				"lh": "0",
				"r": "0"
			},
			"value": "",
			"highvalue": ""
		},
		{
			"id": "DDIMKKA5_CDOOI01",
			"name": "BSV Lvl 5",
			"infoobject": {
				"id": "DRESPO__DIMKKA5",
				"name": "BSV Lvl 5"
			},
			"type": "1",
			"typetext": "Characteristic value",
			"processtype": "5",
			"processtypetext": "User entry / default value",
			"parsel": "S",
			"parseltext": "Selection option",
			"input": true,
			"mandatory": false,
			"entrytype": "0",
			"entrytypetext": "Optional Variable Entry",
			"dynchange": "",
			"flags": {
				"lh": "0",
				"r": "0"
			},
			"value": "",
			"highvalue": ""
		},
		{
			"id": "DDIMKKA5_CDOOI02",
			"name": "Prt. BSV Lvl 5",
			"infoobject": {
				"id": "DFCRSEND__DIMKKA5",
				"name": "Prt BSV Lvl 5"
			},
			"type": "1",
			"typetext": "Characteristic value",
			"processtype": "5",
			"processtypetext": "User entry / default value",
			"parsel": "S",
			"parseltext": "Selection option",
			"input": true,
			"mandatory": false,
			"entrytype": "0",
			"entrytypetext": "Optional Variable Entry",
			"dynchange": "",
			"flags": {
				"lh": "0",
				"r": "0"
			},
			"value": "",
			"highvalue": ""
		},
		{
			"id": "DDIMKKA6_CDOOI01",
			"name": "BSV Lvl 6",
			"infoobject": {
				"id": "DRESPO__DIMKKA6",
				"name": "BSV Lvl 6"
			},
			"type": "1",
			"typetext": "Characteristic value",
			"processtype": "5",
			"processtypetext": "User entry / default value",
			"parsel": "S",
			"parseltext": "Selection option",
			"input": true,
			"mandatory": false,
			"entrytype": "0",
			"entrytypetext": "Optional Variable Entry",
			"dynchange": "",
			"flags": {
				"lh": "0",
				"r": "0"
			},
			"value": "",
			"highvalue": ""
		},
		{
			"id": "DDIMKKA6_CDOOI02",
			"name": "Prt. BSV Lvl 6",
			"infoobject": {
				"id": "DFCRSEND__DIMKKA6",
				"name": "Prt BSV Lvl 6"
			},
			"type": "1",
			"typetext": "Characteristic value",
			"processtype": "5",
			"processtypetext": "User entry / default value",
			"parsel": "S",
			"parseltext": "Selection option",
			"input": true,
			"mandatory": false,
			"entrytype": "0",
			"entrytypetext": "Optional Variable Entry",
			"dynchange": "",
			"flags": {
				"lh": "0",
				"r": "0"
			},
			"value": "",
			"highvalue": ""
		},
		{
			"id": "DDIMKKA7_CDOOI01",
			"name": "BSV Lvl 7",
			"infoobject": {
				"id": "DRESPO__DIMKKA7",
				"name": "BSV Lvl 7"
			},
			"type": "1",
			"typetext": "Characteristic value",
			"processtype": "5",
			"processtypetext": "User entry / default value",
			"parsel": "S",
			"parseltext": "Selection option",
			"input": true,
			"mandatory": false,
			"entrytype": "0",
			"entrytypetext": "Optional Variable Entry",
			"dynchange": "",
			"flags": {
				"lh": "0",
				"r": "0"
			},
			"value": "",
			"highvalue": ""
		},
		{
			"id": "DDIMKKA7_CDOOI02",
			"name": "Prt. BSV Lvl 7",
			"infoobject": {
				"id": "DFCRSEND__DIMKKA7",
				"name": "Prt BSV Lvl 7"
			},
			"type": "1",
			"typetext": "Characteristic value",
			"processtype": "5",
			"processtypetext": "User entry / default value",
			"parsel": "S",
			"parseltext": "Selection option",
			"input": true,
			"mandatory": false,
			"entrytype": "0",
			"entrytypetext": "Optional Variable Entry",
			"dynchange": "",
			"flags": {
				"lh": "0",
				"r": "0"
			},
			"value": "",
			"highvalue": ""
		},
		{
			"id": "DDIMKKA8_CDOOI01",
			"name": "BSV Lvl 8",
			"infoobject": {
				"id": "DRESPO__DIMKKA8",
				"name": "BSV Lvl 8"
			},
			"type": "1",
			"typetext": "Characteristic value",
			"processtype": "5",
			"processtypetext": "User entry / default value",
			"parsel": "S",
			"parseltext": "Selection option",
			"input": true,
			"mandatory": false,
			"entrytype": "0",
			"entrytypetext": "Optional Variable Entry",
			"dynchange": "",
			"flags": {
				"lh": "0",
				"r": "0"
			},
			"value": "",
			"highvalue": ""
		},
		{
			"id": "DDIMKKA8_CDOOI02",
			"name": "Prt. BSV Lvl 8",
			"infoobject": {
				"id": "DFCRSEND__DIMKKA8",
				"name": "Prt BSV Lvl 8"
			},
			"type": "1",
			"typetext": "Characteristic value",
			"processtype": "5",
			"processtypetext": "User entry / default value",
			"parsel": "S",
			"parseltext": "Selection option",
			"input": true,
			"mandatory": false,
			"entrytype": "0",
			"entrytypetext": "Optional Variable Entry",
			"dynchange": "",
			"flags": {
				"lh": "0",
				"r": "0"
			},
			"value": "",
			"highvalue": ""
		},
		{
			"id": "DDIMKKA9_CDOOI02",
			"name": "Prt. BSV Lvl 9",
			"infoobject": {
				"id": "DFCRSEND__DIMKKA9",
				"name": "Prt BSV Lvl 9"
			},
			"type": "1",
			"typetext": "Characteristic value",
			"processtype": "5",
			"processtypetext": "User entry / default value",
			"parsel": "S",
			"parseltext": "Selection option",
			"input": true,
			"mandatory": false,
			"entrytype": "0",
			"entrytypetext": "Optional Variable Entry",
			"dynchange": "",
			"flags": {
				"lh": "0",
				"r": "0"
			},
			"value": "",
			"highvalue": ""
		},
		{
			"id": "DDIMKKA9_CDOOSI01",
			"name": "BSV Lvl 9",
			"infoobject": {
				"id": "DRESPO__DIMKKA9",
				"name": "BSV Lvl 9"
			},
			"type": "1",
			"typetext": "Characteristic value",
			"processtype": "5",
			"processtypetext": "User entry / default value",
			"parsel": "S",
			"parseltext": "Selection option",
			"input": true,
			"mandatory": false,
			"entrytype": "0",
			"entrytypetext": "Optional Variable Entry",
			"dynchange": "",
			"flags": {
				"lh": "0",
				"r": "0"
			},
			"value": "",
			"highvalue": ""
		},
		{
			"id": "DDIMKKAX_HDSOI02",
			"name": "DIMKKAX HierNode selection",
			"infoobject": {
				"id": "DRESPO__DIMKKAX",
				"name": "BSV: Hierarchy"
			},
			"type": "2",
			"typetext": "Hierarchy nodes",
			"processtype": "5",
			"processtypetext": "User entry / default value",
			"parsel": "P",
			"parseltext": "Single value (parameters)",
			"input": true,
			"mandatory": false,
			"entrytype": "0",
			"entrytypetext": "Optional Variable Entry",
			"dynchange": "",
			"flags": {
				"lh": "0",
				"r": "0"
			},
			"value": "WORLD",
			"highvalue": "0HIER_NODE"
		},
		{
			"id": "DDK_GB_CDOOI",
			"name": "CV 5 Business Group",
			"infoobject": {
				"id": "DRESPO__DK_GB",
				"name": "CV 5 Business Group"
			},
			"type": "1",
			"typetext": "Characteristic value",
			"processtype": "5",
			"processtypetext": "User entry / default value",
			"parsel": "S",
			"parseltext": "Selection option",
			"input": true,
			"mandatory": false,
			"entrytype": "0",
			"entrytypetext": "Optional Variable Entry",
			"dynchange": "",
			"flags": {
				"lh": "0",
				"r": "0"
			},
			"value": "",
			"highvalue": ""
		},
		{
			"id": "DDRESPO_DBRANDF_CDSOI01",
			"name": "CV GI. Brand Family",
			"infoobject": {
				"id": "DRESPO__DBRANDF",
				"name": "CV Brand Family"
			},
			"type": "1",
			"typetext": "Characteristic value",
			"processtype": "5",
			"processtypetext": "User entry / default value",
			"parsel": "S",
			"parseltext": "Selection option",
			"input": true,
			"mandatory": false,
			"entrytype": "0",
			"entrytypetext": "Optional Variable Entry",
			"dynchange": "",
			"flags": {
				"lh": "0",
				"r": "0"
			},
			"value": "",
			"highvalue": ""
		},
		{
			"id": "DDSPECIES_CDOOI",
			"name": "Species",
			"infoobject": {
				"id": "DSPECIES",
				"name": "Species"
			},
			"type": "1",
			"typetext": "Characteristic value",
			"processtype": "5",
			"processtypetext": "User entry / default value",
			"parsel": "S",
			"parseltext": "Selection option",
			"input": true,
			"mandatory": false,
			"entrytype": "0",
			"entrytypetext": "Optional Variable Entry",
			"dynchange": "",
			"flags": {
				"lh": "0",
				"r": "0"
			},
			"value": "",
			"highvalue": ""
		},
		{
			"id": "DIMKKACG_CDOOSI01",
			"name": "Business Steering View Country Group",
			"infoobject": {
				"id": "DRESPO__DIMKKACG",
				"name": "BSV CG"
			},
			"type": "1",
			"typetext": "Characteristic value",
			"processtype": "5",
			"processtypetext": "User entry / default value",
			"parsel": "S",
			"parseltext": "Selection option",
			"input": true,
			"mandatory": false,
			"entrytype": "0",
			"entrytypetext": "Optional Variable Entry",
			"dynchange": "",
			"flags": {
				"lh": "0",
				"r": "0"
			},
			"value": "",
			"highvalue": ""
		},
		{
			"id": "DRESPO_DSBE_CDOOI",
			"name": "CV 6 SBE",
			"infoobject": {
				"id": "DRESPO__DSBE",
				"name": "CV 6 SBE"
			},
			"type": "1",
			"typetext": "Characteristic value",
			"processtype": "5",
			"processtypetext": "User entry / default value",
			"parsel": "S",
			"parseltext": "Selection option",
			"input": true,
			"mandatory": false,
			"entrytype": "0",
			"entrytypetext": "Optional Variable Entry",
			"dynchange": "",
			"flags": {
				"lh": "0",
				"r": "0"
			},
			"value": "",
			"highvalue": ""
		},
		{
			"id": "DRESPO__DRU_CDOOI",
			"name": "CV 7 Reporting Unit",
			"infoobject": {
				"id": "DRESPO__DRU",
				"name": "CV 7 Reporting Unit"
			},
			"type": "1",
			"typetext": "Characteristic value",
			"processtype": "5",
			"processtypetext": "User entry / default value",
			"parsel": "S",
			"parseltext": "Selection option",
			"input": true,
			"mandatory": false,
			"entrytype": "0",
			"entrytypetext": "Optional Variable Entry",
			"dynchange": "",
			"flags": {
				"lh": "0",
				"r": "0"
			},
			"value": "",
			"highvalue": ""
		}
	],
	"structures": [
		{
			"objects": [
				{
					"id": "00O2TK9973U285JU431MIKHVL",
					"name": "",
					"mapname": "",
					"position": "1",
					"hidden": true,
					"parent": "",
					"drillstate": "L",
					"range": {
						"line": [
							{
								"object": "1KYFNM",
								"sign": "I",
								"opt": "EQ",
								"keyLow": "0AMOUNT",
								"keyHigh": "",
								"dataTyp": "CURR",
								"dataLength": "0017"
							},
							{
								"object": "0FISCPER",
								"sign": "I",
								"opt": "EQ",
								"keyLow": "00O2TK8CN6Y25DEIHEMLCCIXY",
								"keyHigh": "",
								"dataTyp": "NUMC",
								"dataLength": "0008"
							}
						]
					}
				},
				{
					"id": "00O2TK9973U285JU431MIKO75",
					"name": "",
					"mapname": "",
					"position": "2",
					"hidden": true,
					"parent": "",
					"drillstate": "L",
					"range": {
						"line": {
							"object": "1KYFNM",
							"sign": "I",
							"opt": "EQ",
							"keyLow": "00O2TK9973U0E275Q9N9A5LU0",
							"keyHigh": "",
							"dataTyp": "",
							"dataLength": "0000"
						}
					}
				},
				{
					"id": "00O2TK9973U285JU431MIKUIP",
					"name": "",
					"mapname": "",
					"position": "3",
					"hidden": true,
					"parent": "",
					"drillstate": "L",
					"range": {
						"line": [
							{
								"object": "1KYFNM",
								"sign": "I",
								"opt": "EQ",
								"keyLow": "00O2TK9973U0E275QG0QS6MKO",
								"keyHigh": "",
								"dataTyp": "",
								"dataLength": "0000"
							},
							{
								"object": "0FISCPER",
								"sign": "I",
								"opt": "LE",
								"keyLow": "00O2TK8CN6Y25DEIHEMLCCIXY",
								"keyHigh": "",
								"dataTyp": "NUMC",
								"dataLength": "0008"
							}
						]
					}
				},
				{
					"id": "00O2TK9973U2BQTE5L20R3OWX",
					"name": "",
					"mapname": "",
					"position": "4",
					"hidden": true,
					"parent": "",
					"drillstate": "L",
					"range": {
						"line": [
							{
								"object": "1KYFNM",
								"sign": "I",
								"opt": "EQ",
								"keyLow": "00O2TK9973U0LFV9UR5DHHNWN",
								"keyHigh": "",
								"dataTyp": "",
								"dataLength": "0000"
							},
							{
								"object": "0FISCPER",
								"sign": "I",
								"opt": "LE",
								"keyLow": "00O2TK8CN6Y25DEIHEMLCCIXY",
								"keyHigh": "",
								"dataTyp": "NUMC",
								"dataLength": "0008"
							}
						]
					}
				},
				{
					"id": "00O2TK9973U285JU431MIL0U9",
					"name": "",
					"mapname": "",
					"position": "5",
					"hidden": true,
					"parent": "",
					"drillstate": "L",
					"range": {
						"line": {
							"object": "1KYFNM",
							"sign": "I",
							"opt": "EQ",
							"keyLow": "00O2TK9973U0E275QMLZMLTQH",
							"keyHigh": "",
							"dataTyp": "",
							"dataLength": "0000"
						}
					}
				},
				{
					"id": "00O2TK9973U285JU431MIL75T",
					"name": "",
					"mapname": "",
					"position": "6",
					"hidden": true,
					"parent": "",
					"drillstate": "L",
					"range": {
						"line": [
							{
								"object": "1KYFNM",
								"sign": "I",
								"opt": "EQ",
								"keyLow": "00O2TK9973U0E275QTOVR2U2X",
								"keyHigh": "",
								"dataTyp": "",
								"dataLength": "0000"
							},
							{
								"object": "0FISCPER",
								"sign": "I",
								"opt": "LE",
								"keyLow": "00O2TK8CN6Y25DEIHEMLCCIXY",
								"keyHigh": "",
								"dataTyp": "NUMC",
								"dataLength": "0008"
							}
						]
					}
				},
				{
					"id": "00O2TK9973U2BQTE6QJ04N7XR",
					"name": "",
					"mapname": "",
					"position": "7",
					"hidden": true,
					"parent": "",
					"drillstate": "L",
					"range": {
						"line": [
							{
								"object": "1KYFNM",
								"sign": "I",
								"opt": "EQ",
								"keyLow": "00O2TK9973U0LFV9XL89FV0U4",
								"keyHigh": "",
								"dataTyp": "",
								"dataLength": "0000"
							},
							{
								"object": "0FISCPER",
								"sign": "I",
								"opt": "LE",
								"keyLow": "00O2TK8CN6Y25DEIHEMLCCIXY",
								"keyHigh": "",
								"dataTyp": "NUMC",
								"dataLength": "0008"
							}
						]
					}
				},
				{
					"id": "00O2TK9973U285JU431MILDHD",
					"name": "Δ Thereof FX PF (DA) - BUD (-1)",
					"mapname": "",
					"position": "8",
					"hidden": true,
					"parent": "",
					"drillstate": "L",
					"range": {
						"line": {
							"object": "1KYFNM",
							"sign": "I",
							"opt": "EQ",
							"keyLow": "00O2TK9973U0HQ8AWO6G895T5",
							"keyHigh": "",
							"dataTyp": "",
							"dataLength": "0000"
						}
					}
				},
				{
					"id": "00O2TK9973U285JU431MILJSX",
					"name": "Δ Thereof FX PF (DA) - PY (-1)",
					"mapname": "",
					"position": "9",
					"hidden": true,
					"parent": "",
					"drillstate": "L",
					"range": {
						"line": [
							{
								"object": "1KYFNM",
								"sign": "I",
								"opt": "EQ",
								"keyLow": "00O2TK9973U0HQ8AWO6G89V3D",
								"keyHigh": "",
								"dataTyp": "",
								"dataLength": "0000"
							},
							{
								"object": "0FISCPER",
								"sign": "I",
								"opt": "LE",
								"keyLow": "00O2TK8CN6Y25DEIHEMLCCIXY",
								"keyHigh": "",
								"dataTyp": "NUMC",
								"dataLength": "0008"
							}
						]
					}
				},
				{
					"id": "00O2TK9973U285JU431MILQ4H",
					"name": "ACT @PY",
					"mapname": "",
					"position": "10",
					"hidden": true,
					"parent": "",
					"drillstate": "L",
					"range": {
						"line": [
							{
								"object": "1KYFNM",
								"sign": "I",
								"opt": "EQ",
								"keyLow": "00O2TK9973U0E273JIAN0ANPL",
								"keyHigh": "",
								"dataTyp": "",
								"dataLength": "0000"
							},
							{
								"object": "0FISCYEAR",
								"sign": "I",
								"opt": "EQ",
								"keyLow": "00O2TK8CN6Y3VPBFC9MWIWGYD",
								"keyHigh": "",
								"dataTyp": "NUMC",
								"dataLength": "0004"
							},
							{
								"object": "0VTYPE",
								"sign": "I",
								"opt": "EQ",
								"keyLow": "010",
								"keyHigh": "",
								"dataTyp": "NUMC",
								"dataLength": "0003"
							},
							{
								"object": "0FISCPER",
								"sign": "I",
								"opt": "LE",
								"keyLow": "00O2TK8CN6Y25DEIHEMLCCIXY",
								"keyHigh": "",
								"dataTyp": "NUMC",
								"dataLength": "0008"
							},
							{
								"object": "D_GCLCREP",
								"sign": "I",
								"opt": "EQ",
								"keyLow": "00O2TK8CN6Y2CKVSK799Q231W",
								"keyHigh": "",
								"dataTyp": "CHAR",
								"dataLength": "0003"
							}
						]
					}
				},
				{
					"id": "00O2TK9973U285JU431MILWG1",
					"name": "ACT @BUD",
					"mapname": "",
					"position": "11",
					"hidden": true,
					"parent": "",
					"drillstate": "L",
					"range": {
						"line": [
							{
								"object": "1KYFNM",
								"sign": "I",
								"opt": "EQ",
								"keyLow": "00O2TK9973U0E273JIAN0ANPL",
								"keyHigh": "",
								"dataTyp": "",
								"dataLength": "0000"
							},
							{
								"object": "0FISCYEAR",
								"sign": "I",
								"opt": "EQ",
								"keyLow": "00O2TK8CN6Y3VPBFC9MWIWGYD",
								"keyHigh": "",
								"dataTyp": "NUMC",
								"dataLength": "0004"
							},
							{
								"object": "0VTYPE",
								"sign": "I",
								"opt": "EQ",
								"keyLow": "010",
								"keyHigh": "",
								"dataTyp": "NUMC",
								"dataLength": "0003"
							},
							{
								"object": "0FISCPER",
								"sign": "I",
								"opt": "LE",
								"keyLow": "00O2TK8CN6Y25DEIHEMLCCIXY",
								"keyHigh": "",
								"dataTyp": "NUMC",
								"dataLength": "0008"
							},
							{
								"object": "D_GCLCREP",
								"sign": "I",
								"opt": "EQ",
								"keyLow": "00O2TK8CN6Y2CKVSK799Q231W",
								"keyHigh": "",
								"dataTyp": "CHAR",
								"dataLength": "0003"
							}
						]
					}
				},
				{
					"id": "00O2TK9973U285JU431MIM2RL",
					"name": "ACT @FC",
					"mapname": "",
					"position": "12",
					"hidden": true,
					"parent": "",
					"drillstate": "L",
					"range": {
						"line": [
							{
								"object": "1KYFNM",
								"sign": "I",
								"opt": "EQ",
								"keyLow": "00O2TK9973U0E273JIAN0ANPL",
								"keyHigh": "",
								"dataTyp": "",
								"dataLength": "0000"
							},
							{
								"object": "0FISCYEAR",
								"sign": "I",
								"opt": "EQ",
								"keyLow": "00O2TK8CN6Y3VPBFC9MWIWGYD",
								"keyHigh": "",
								"dataTyp": "NUMC",
								"dataLength": "0004"
							},
							{
								"object": "0VTYPE",
								"sign": "I",
								"opt": "EQ",
								"keyLow": "010",
								"keyHigh": "",
								"dataTyp": "NUMC",
								"dataLength": "0003"
							},
							{
								"object": "0FISCPER",
								"sign": "I",
								"opt": "LE",
								"keyLow": "00O2TK8CN6Y25DEIHEMLCCIXY",
								"keyHigh": "",
								"dataTyp": "NUMC",
								"dataLength": "0008"
							},
							{
								"object": "D_GCLCREP",
								"sign": "I",
								"opt": "EQ",
								"keyLow": "00O2TK8CN6Y2CKVSK799Q231W",
								"keyHigh": "",
								"dataTyp": "CHAR",
								"dataLength": "0003"
							}
						]
					}
				},
				{
					"id": "00O2TK9973U285JU431MIM935",
					"name": "Δ BUD ca",
					"mapname": "",
					"position": "13",
					"hidden": true,
					"parent": "",
					"drillstate": "E",
					"range": ""
				},
				{
					"id": "00O2TK9973U285JU431MIMLQ9",
					"name": "Δ PY ca",
					"mapname": "",
					"position": "14",
					"hidden": true,
					"parent": "",
					"drillstate": "E",
					"range": ""
				},
				{
					"id": "00O2TK9973U285JU431MIMYDD",
					"name": "Δ &D0VERSION_TEXT2& ca",
					"mapname": "",
					"position": "15",
					"hidden": true,
					"parent": "",
					"drillstate": "E",
					"range": ""
				},
				{
					"id": "00O2TK9973U285JU431MINB0H",
					"name": "1.1 ACT",
					"mapname": "",
					"position": "16",
					"hidden": false,
					"parent": "",
					"drillstate": "L",
					"range": {
						"line": [
							{
								"object": "1KYFNM",
								"sign": "I",
								"opt": "EQ",
								"keyLow": "00O2TK9973U0E273JIAN0ANPL",
								"keyHigh": "",
								"dataTyp": "",
								"dataLength": "0000"
							},
							{
								"object": "0FISCYEAR",
								"sign": "I",
								"opt": "EQ",
								"keyLow": "00O2TK8CN6Y3VPBFC9MWIWGYD",
								"keyHigh": "",
								"dataTyp": "NUMC",
								"dataLength": "0004"
							},
							{
								"object": "0VTYPE",
								"sign": "I",
								"opt": "EQ",
								"keyLow": "010",
								"keyHigh": "",
								"dataTyp": "NUMC",
								"dataLength": "0003"
							},
							{
								"object": "0FISCPER",
								"sign": "I",
								"opt": "LE",
								"keyLow": "00O2TK8CN6Y25DEIHEMLCCIXY",
								"keyHigh": "",
								"dataTyp": "NUMC",
								"dataLength": "0008"
							},
							{
								"object": "D_GCLCREP",
								"sign": "I",
								"opt": "EQ",
								"keyLow": "00O2TK8CN6Y2CFSEW539AZWEZ",
								"keyHigh": "",
								"dataTyp": "CHAR",
								"dataLength": "0003"
							}
						]
					}
				},
				{
					"id": "00O2TK9973U2BIOATS3IBCFPD",
					"name": "1.1B ACT Bayer Core",
					"mapname": "",
					"position": "17",
					"hidden": false,
					"parent": "",
					"drillstate": "L",
					"range": {
						"line": [
							{
								"object": "1KYFNM",
								"sign": "I",
								"opt": "EQ",
								"keyLow": "00O2TK9973U0E273JIAN0ANPL",
								"keyHigh": "",
								"dataTyp": "",
								"dataLength": "0000"
							},
							{
								"object": "0FISCYEAR",
								"sign": "I",
								"opt": "EQ",
								"keyLow": "00O2TK8CN6Y3VPBFC9MWIWGYD",
								"keyHigh": "",
								"dataTyp": "NUMC",
								"dataLength": "0004"
							},
							{
								"object": "0VTYPE",
								"sign": "I",
								"opt": "EQ",
								"keyLow": "010",
								"keyHigh": "",
								"dataTyp": "NUMC",
								"dataLength": "0003"
							},
							{
								"object": "0FISCPER",
								"sign": "I",
								"opt": "LE",
								"keyLow": "00O2TK8CN6Y25DEIHEMLCCIXY",
								"keyHigh": "",
								"dataTyp": "NUMC",
								"dataLength": "0008"
							},
							{
								"object": "D_GCLCREP",
								"sign": "I",
								"opt": "EQ",
								"keyLow": "00O2TK8CN6Y2CFSEW539AZWEZ",
								"keyHigh": "",
								"dataTyp": "CHAR",
								"dataLength": "0003"
							},
							{
								"object": "D_MSRC",
								"sign": "E",
								"opt": "EQ",
								"keyLow": "MON",
								"keyHigh": "",
								"dataTyp": "CHAR",
								"dataLength": "0003"
							}
						]
					}
				},
				{
					"id": "00O2TK9973U2BIOATS3IBCM0X",
					"name": "1.1M ACT Monsanto",
					"mapname": "",
					"position": "18",
					"hidden": false,
					"parent": "",
					"drillstate": "L",
					"range": {
						"line": [
							{
								"object": "1KYFNM",
								"sign": "I",
								"opt": "EQ",
								"keyLow": "00O2TK9973U0E273JIAN0ANPL",
								"keyHigh": "",
								"dataTyp": "",
								"dataLength": "0000"
							},
							{
								"object": "0FISCYEAR",
								"sign": "I",
								"opt": "EQ",
								"keyLow": "00O2TK8CN6Y3VPBFC9MWIWGYD",
								"keyHigh": "",
								"dataTyp": "NUMC",
								"dataLength": "0004"
							},
							{
								"object": "0VTYPE",
								"sign": "I",
								"opt": "EQ",
								"keyLow": "010",
								"keyHigh": "",
								"dataTyp": "NUMC",
								"dataLength": "0003"
							},
							{
								"object": "0FISCPER",
								"sign": "I",
								"opt": "LE",
								"keyLow": "00O2TK8CN6Y25DEIHEMLCCIXY",
								"keyHigh": "",
								"dataTyp": "NUMC",
								"dataLength": "0008"
							},
							{
								"object": "D_GCLCREP",
								"sign": "I",
								"opt": "EQ",
								"keyLow": "00O2TK8CN6Y2CFSEW539AZWEZ",
								"keyHigh": "",
								"dataTyp": "CHAR",
								"dataLength": "0003"
							},
							{
								"object": "D_MSRC",
								"sign": "I",
								"opt": "EQ",
								"keyLow": "MON",
								"keyHigh": "",
								"dataTyp": "CHAR",
								"dataLength": "0003"
							}
						]
					}
				},
				{
					"id": "00O2TK9973U285JU431MIMFEP",
					"name": "1.2 BUD",
					"mapname": "",
					"position": "19",
					"hidden": false,
					"parent": "",
					"drillstate": "L",
					"range": {
						"line": [
							{
								"object": "1KYFNM",
								"sign": "I",
								"opt": "EQ",
								"keyLow": "00O2TK9973U0E273JIAN0ANPL",
								"keyHigh": "",
								"dataTyp": "",
								"dataLength": "0000"
							},
							{
								"object": "0FISCYEAR",
								"sign": "I",
								"opt": "EQ",
								"keyLow": "00O2TK8CN6Y3VPBFC9MWIWGYD",
								"keyHigh": "",
								"dataTyp": "NUMC",
								"dataLength": "0004"
							},
							{
								"object": "0VTYPE",
								"sign": "I",
								"opt": "EQ",
								"keyLow": "020",
								"keyHigh": "",
								"dataTyp": "NUMC",
								"dataLength": "0003"
							},
							{
								"object": "D_GCLCREP",
								"sign": "I",
								"opt": "EQ",
								"keyLow": "00O2TK8CN6Y2CFSEW539AZWEZ",
								"keyHigh": "",
								"dataTyp": "CHAR",
								"dataLength": "0003"
							}
						]
					}
				},
				{
					"id": "00O2TK9973U285JU431MIMS1T",
					"name": "1.3 PY",
					"mapname": "",
					"position": "20",
					"hidden": false,
					"parent": "",
					"drillstate": "L",
					"range": {
						"line": [
							{
								"object": "1KYFNM",
								"sign": "I",
								"opt": "EQ",
								"keyLow": "00O2TK9973U0E273JIAN0ANPL",
								"keyHigh": "",
								"dataTyp": "",
								"dataLength": "0000"
							},
							{
								"object": "0FISCYEAR",
								"sign": "I",
								"opt": "EQ",
								"keyLow": "00O2TK8CN6Y3VPBFC9MWIWGYD",
								"keyHigh": "",
								"dataTyp": "NUMC",
								"dataLength": "0004"
							},
							{
								"object": "0VTYPE",
								"sign": "I",
								"opt": "EQ",
								"keyLow": "010",
								"keyHigh": "",
								"dataTyp": "NUMC",
								"dataLength": "0003"
							},
							{
								"object": "D_GCLCREP",
								"sign": "I",
								"opt": "EQ",
								"keyLow": "00O2TK8CN6Y2CFSEW539AZWEZ",
								"keyHigh": "",
								"dataTyp": "CHAR",
								"dataLength": "0003"
							}
						]
					}
				},
				{
					"id": "00O2TK9973U285JU431MIN4OX",
					"name": "1.4 &D0VERSION_TEXT2&",
					"mapname": "",
					"position": "21",
					"hidden": false,
					"parent": "",
					"drillstate": "L",
					"range": {
						"line": [
							{
								"object": "1KYFNM",
								"sign": "I",
								"opt": "EQ",
								"keyLow": "00O2TK9973U0E273JIAN0ANPL",
								"keyHigh": "",
								"dataTyp": "",
								"dataLength": "0000"
							},
							{
								"object": "0FISCYEAR",
								"sign": "I",
								"opt": "EQ",
								"keyLow": "00O2TK8CN6Y3VPBFC9MWIWGYD",
								"keyHigh": "",
								"dataTyp": "NUMC",
								"dataLength": "0004"
							},
							{
								"object": "0VTYPE",
								"sign": "I",
								"opt": "EQ",
								"keyLow": "060",
								"keyHigh": "",
								"dataTyp": "NUMC",
								"dataLength": "0003"
							},
							{
								"object": "D_GCLCREP",
								"sign": "I",
								"opt": "EQ",
								"keyLow": "00O2TK8CN6Y2CFSEW539AZWEZ",
								"keyHigh": "",
								"dataTyp": "CHAR",
								"dataLength": "0003"
							},
							{
								"object": "0VERSION",
								"sign": "I",
								"opt": "EQ",
								"keyLow": "00O2TK8CN6Y46SCVJFKQAOHZ0",
								"keyHigh": "",
								"dataTyp": "CHAR",
								"dataLength": "0003"
							}
						]
					}
				},
				{
					"id": "00O2TK9973U285JU431MINHC1",
					"name": "1.2.1 Δ BUD",
					"mapname": "",
					"position": "22",
					"hidden": false,
					"parent": "",
					"drillstate": "E",
					"range": ""
				},
				{
					"id": "00O2TK9973U285JU431MINNNL",
					"name": "1.2.2 Δ BUD %",
					"mapname": "",
					"position": "23",
					"hidden": false,
					"parent": "",
					"drillstate": "E",
					"range": ""
				},
				{
					"id": "00O2TK9973U285JU431MINTZ5",
					"name": "1.2.3 Δ BUD ca",
					"mapname": "",
					"position": "24",
					"hidden": false,
					"parent": "",
					"drillstate": "E",
					"range": ""
				},
				{
					"id": "00O2TK9973U285JU431MIO0AP",
					"name": "1.2.4 Δ BUD ca %",
					"mapname": "",
					"position": "25",
					"hidden": false,
					"parent": "",
					"drillstate": "E",
					"range": ""
				},
				{
					"id": "00O2TK9973U285JU431MIO6M9",
					"name": "1.3.1 Δ PY",
					"mapname": "",
					"position": "26",
					"hidden": false,
					"parent": "",
					"drillstate": "E",
					"range": ""
				},
				{
					"id": "00O2TK9973U285JU431MIOCXT",
					"name": "1.3.2 Δ PY %",
					"mapname": "",
					"position": "27",
					"hidden": false,
					"parent": "",
					"drillstate": "E",
					"range": ""
				},
				{
					"id": "00O2TK9973U285JU431MIOJ9D",
					"name": "1.3.3 Δ PY ca",
					"mapname": "",
					"position": "28",
					"hidden": false,
					"parent": "",
					"drillstate": "E",
					"range": ""
				},
				{
					"id": "00O2TK9973U285JU431MIOPKX",
					"name": "1.3.4 Δ PY ca %",
					"mapname": "",
					"position": "29",
					"hidden": false,
					"parent": "",
					"drillstate": "E",
					"range": ""
				},
				{
					"id": "00O2TK9973U285JU431MIOVWH",
					"name": "1.4.1 Δ &D0VERSION_TEXT2&",
					"mapname": "",
					"position": "30",
					"hidden": false,
					"parent": "",
					"drillstate": "E",
					"range": ""
				},
				{
					"id": "00O2TK9973U285JU431MIP281",
					"name": "1.4.2 Δ &D0VERSION_TEXT2& %",
					"mapname": "",
					"position": "31",
					"hidden": false,
					"parent": "",
					"drillstate": "E",
					"range": ""
				},
				{
					"id": "00O2TK9973U285JU431MIP8JL",
					"name": "1.4.3 Δ &D0VERSION_TEXT2& ca",
					"mapname": "",
					"position": "32",
					"hidden": false,
					"parent": "",
					"drillstate": "E",
					"range": ""
				},
				{
					"id": "00O2TK9973U285JU431MIPEV5",
					"name": "1.4.4 Δ &D0VERSION_TEXT2& ca %",
					"mapname": "",
					"position": "33",
					"hidden": false,
					"parent": "",
					"drillstate": "E",
					"range": ""
				},
				{
					"id": "00O2TK9973U285JU431MIPL6P",
					"name": "YTD Δ BUD ca",
					"mapname": "",
					"position": "34",
					"hidden": true,
					"parent": "",
					"drillstate": "E",
					"range": ""
				},
				{
					"id": "00O2TK9973U285JU431MIPXTT",
					"name": "YTD Δ PY ca",
					"mapname": "",
					"position": "35",
					"hidden": true,
					"parent": "",
					"drillstate": "E",
					"range": ""
				},
				{
					"id": "00O2TK9973U285JU431MIQAGX",
					"name": "YTD Δ &D0VERSION_TEXT2& ca",
					"mapname": "",
					"position": "36",
					"hidden": true,
					"parent": "",
					"drillstate": "E",
					"range": ""
				},
				{
					"id": "00O2TK9973U285JU431MIPRI9",
					"name": "1.2YTD BUD",
					"mapname": "",
					"position": "37",
					"hidden": false,
					"parent": "",
					"drillstate": "L",
					"range": {
						"line": [
							{
								"object": "1KYFNM",
								"sign": "I",
								"opt": "EQ",
								"keyLow": "00O2TK9973U0E273JIAN0ANPL",
								"keyHigh": "",
								"dataTyp": "",
								"dataLength": "0000"
							},
							{
								"object": "0FISCYEAR",
								"sign": "I",
								"opt": "EQ",
								"keyLow": "00O2TK8CN6Y3VPBFC9MWIWGYD",
								"keyHigh": "",
								"dataTyp": "NUMC",
								"dataLength": "0004"
							},
							{
								"object": "0VTYPE",
								"sign": "I",
								"opt": "EQ",
								"keyLow": "020",
								"keyHigh": "",
								"dataTyp": "NUMC",
								"dataLength": "0003"
							},
							{
								"object": "D_GCLCREP",
								"sign": "I",
								"opt": "EQ",
								"keyLow": "00O2TK8CN6Y2CFSEW539AZWEZ",
								"keyHigh": "",
								"dataTyp": "CHAR",
								"dataLength": "0003"
							},
							{
								"object": "0FISCPER3",
								"sign": "I",
								"opt": "LE",
								"keyLow": "00O2TK8CN6Y3VPBF48P8C27QB",
								"keyHigh": "",
								"dataTyp": "NUMC",
								"dataLength": "0003"
							}
						]
					}
				},
				{
					"id": "00O2TK9973U285JU431MIQ45D",
					"name": "1.3YTD PY",
					"mapname": "",
					"position": "38",
					"hidden": false,
					"parent": "",
					"drillstate": "L",
					"range": {
						"line": [
							{
								"object": "1KYFNM",
								"sign": "I",
								"opt": "EQ",
								"keyLow": "00O2TK9973U0E273JIAN0ANPL",
								"keyHigh": "",
								"dataTyp": "",
								"dataLength": "0000"
							},
							{
								"object": "0FISCYEAR",
								"sign": "I",
								"opt": "EQ",
								"keyLow": "00O2TK8CN6Y3VPBFC9MWIWGYD",
								"keyHigh": "",
								"dataTyp": "NUMC",
								"dataLength": "0004"
							},
							{
								"object": "0VTYPE",
								"sign": "I",
								"opt": "EQ",
								"keyLow": "010",
								"keyHigh": "",
								"dataTyp": "NUMC",
								"dataLength": "0003"
							},
							{
								"object": "D_GCLCREP",
								"sign": "I",
								"opt": "EQ",
								"keyLow": "00O2TK8CN6Y2CFSEW539AZWEZ",
								"keyHigh": "",
								"dataTyp": "CHAR",
								"dataLength": "0003"
							},
							{
								"object": "0FISCPER3",
								"sign": "I",
								"opt": "LE",
								"keyLow": "00O2TK8CN6Y3VPBF48P8C27QB",
								"keyHigh": "",
								"dataTyp": "NUMC",
								"dataLength": "0003"
							}
						]
					}
				},
				{
					"id": "00O2TK9973U285JU431MIQGSH",
					"name": "1.4YTD &D0VERSION_TEXT2&",
					"mapname": "",
					"position": "39",
					"hidden": false,
					"parent": "",
					"drillstate": "L",
					"range": {
						"line": [
							{
								"object": "1KYFNM",
								"sign": "I",
								"opt": "EQ",
								"keyLow": "00O2TK9973U0E273JIAN0ANPL",
								"keyHigh": "",
								"dataTyp": "",
								"dataLength": "0000"
							},
							{
								"object": "0FISCYEAR",
								"sign": "I",
								"opt": "EQ",
								"keyLow": "00O2TK8CN6Y3VPBFC9MWIWGYD",
								"keyHigh": "",
								"dataTyp": "NUMC",
								"dataLength": "0004"
							},
							{
								"object": "0VTYPE",
								"sign": "I",
								"opt": "EQ",
								"keyLow": "060",
								"keyHigh": "",
								"dataTyp": "NUMC",
								"dataLength": "0003"
							},
							{
								"object": "D_GCLCREP",
								"sign": "I",
								"opt": "EQ",
								"keyLow": "00O2TK8CN6Y2CFSEW539AZWEZ",
								"keyHigh": "",
								"dataTyp": "CHAR",
								"dataLength": "0003"
							},
							{
								"object": "0FISCPER3",
								"sign": "I",
								"opt": "LE",
								"keyLow": "00O2TK8CN6Y3VPBF48P8C27QB",
								"keyHigh": "",
								"dataTyp": "NUMC",
								"dataLength": "0003"
							},
							{
								"object": "0VERSION",
								"sign": "I",
								"opt": "EQ",
								"keyLow": "00O2TK8CN6Y46SCVJFKQAOHZ0",
								"keyHigh": "",
								"dataTyp": "CHAR",
								"dataLength": "0003"
							}
						]
					}
				},
				{
					"id": "00O2TK9973U285JU431MIQN41",
					"name": "1.2.1YTD Δ BUD",
					"mapname": "",
					"position": "40",
					"hidden": false,
					"parent": "",
					"drillstate": "E",
					"range": ""
				},
				{
					"id": "00O2TK9973U285JU431MIQTFL",
					"name": "1.2.2YTD Δ BUD %",
					"mapname": "",
					"position": "41",
					"hidden": false,
					"parent": "",
					"drillstate": "E",
					"range": ""
				},
				{
					"id": "00O2TK9973U285JV98HTTLPJI",
					"name": "1.2.3YTD Δ BUD ca",
					"mapname": "",
					"position": "42",
					"hidden": false,
					"parent": "",
					"drillstate": "E",
					"range": ""
				},
				{
					"id": "00O2TK9973U285JU431MIR62P",
					"name": "1.2.4YTD Δ BUD ca %",
					"mapname": "",
					"position": "43",
					"hidden": false,
					"parent": "",
					"drillstate": "E",
					"range": ""
				},
				{
					"id": "00O2TK9973U285JU431MIRCE9",
					"name": "1.3.1YTD Δ PY",
					"mapname": "",
					"position": "44",
					"hidden": false,
					"parent": "",
					"drillstate": "E",
					"range": ""
				},
				{
					"id": "00O2TK9973U285JU431MIRIPT",
					"name": "1.3.2YTD Δ PY %",
					"mapname": "",
					"position": "45",
					"hidden": false,
					"parent": "",
					"drillstate": "E",
					"range": ""
				},
				{
					"id": "00O2TK9973U285JU431MIRP1D",
					"name": "1.3.3YTD Δ PY ca",
					"mapname": "",
					"position": "46",
					"hidden": false,
					"parent": "",
					"drillstate": "E",
					"range": ""
				},
				{
					"id": "00O2TK9973U285JU431MIRVCX",
					"name": "1.3.4YTD Δ PY ca %",
					"mapname": "",
					"position": "47",
					"hidden": false,
					"parent": "",
					"drillstate": "E",
					"range": ""
				},
				{
					"id": "00O2TK9973U285JU431MIS1OH",
					"name": "14.1YTD Δ &D0VERSION_TEXT2&",
					"mapname": "",
					"position": "48",
					"hidden": false,
					"parent": "",
					"drillstate": "E",
					"range": ""
				},
				{
					"id": "00O2TK9973U285JU431MIS801",
					"name": "1.4.2YTD Δ &D0VERSION_TEXT2& %",
					"mapname": "",
					"position": "49",
					"hidden": false,
					"parent": "",
					"drillstate": "E",
					"range": ""
				},
				{
					"id": "00O2TK9973U285JU431MISEBL",
					"name": "1.4.3YTD Δ &D0VERSION_TEXT2& cpa",
					"mapname": "",
					"position": "50",
					"hidden": false,
					"parent": "",
					"drillstate": "E",
					"range": ""
				},
				{
					"id": "00O2TK9973U285JU431MISKN5",
					"name": "1.4.4YTDΔ &D0VERSION_TEXT2& cpa %",
					"mapname": "",
					"position": "51",
					"hidden": false,
					"parent": "",
					"drillstate": "E",
					"range": ""
				}
			],
			"id": "00O2TK9973U285JU429TDYLC1",
			"name": "ROI Timeline MTH/YTD Deviations cpa (var.)",
			"mapname": "STANDARD_COPAPRP03_ST005CPA",
			"position": "1"
		},
		{
			"objects": [
				{
					"id": "00O2TK9973U0DVOPE1MI53QFV",
					"name": "Gross Sales",
					"mapname": "",
					"position": "1",
					"hidden": false,
					"parent": "",
					"drillstate": "L",
					"range": {
						"line": {
							"object": "D_XGROSS",
							"sign": "I",
							"opt": "EQ",
							"keyLow": "X",
							"keyHigh": "",
							"dataTyp": "CHAR",
							"dataLength": "0001"
						}
					}
				},
				{
					"id": "00O2TK9973U0DVOPE1MI53WRF",
					"name": "Disc. & Rebates",
					"mapname": "",
					"position": "2",
					"hidden": false,
					"parent": "",
					"drillstate": "L",
					"range": {
						"line": {
							"object": "D_XDISCO",
							"sign": "I",
							"opt": "EQ",
							"keyLow": "X",
							"keyHigh": "",
							"dataTyp": "CHAR",
							"dataLength": "0001"
						}
					}
				},
				{
					"id": "00O2TK9973U0DVOPE1MI5432Z",
					"name": "Net Sales",
					"mapname": "",
					"position": "3",
					"hidden": false,
					"parent": "",
					"drillstate": "L",
					"range": {
						"line": {
							"object": "D_XNETSAL",
							"sign": "I",
							"opt": "EQ",
							"keyLow": "X",
							"keyHigh": "",
							"dataTyp": "CHAR",
							"dataLength": "0001"
						}
					}
				},
				{
					"id": "00O2TK9973U0DVOPE1MI549EJ",
					"name": "Sales Adj.",
					"mapname": "",
					"position": "4",
					"hidden": false,
					"parent": "",
					"drillstate": "L",
					"range": {
						"line": {
							"object": "D_XSALADJ",
							"sign": "I",
							"opt": "EQ",
							"keyLow": "X",
							"keyHigh": "",
							"dataTyp": "CHAR",
							"dataLength": "0001"
						}
					}
				},
				{
					"id": "00O2TK9973U0DVOPE1MI54FQ3",
					"name": "COGS IIa",
					"mapname": "",
					"position": "5",
					"hidden": false,
					"parent": "",
					"drillstate": "E",
					"range": ""
				},
				{
					"id": "00O2TK9973U27P9OLHSSS7KNU",
					"name": "COGS IIa",
					"mapname": "",
					"position": "6",
					"hidden": true,
					"parent": "00O2TK9973U0DVOPE1MI54FQ3",
					"drillstate": "L",
					"range": {
						"line": [
							{
								"object": "0CS_DOCTYPE",
								"sign": "I",
								"opt": "EQ",
								"keyLow": "Y1",
								"keyHigh": "",
								"dataTyp": "CHAR",
								"dataLength": "0002"
							},
							{
								"object": "D_XCOGS2A",
								"sign": "I",
								"opt": "EQ",
								"keyLow": "X",
								"keyHigh": "",
								"dataTyp": "CHAR",
								"dataLength": "0001"
							},
							{
								"object": "0CS_DOCTYPE",
								"sign": "I",
								"opt": "EQ",
								"keyLow": "Y4",
								"keyHigh": "",
								"dataTyp": "CHAR",
								"dataLength": "0002"
							},
							{
								"object": "0CS_DOCTYPE",
								"sign": "I",
								"opt": "EQ",
								"keyLow": "YD",
								"keyHigh": "",
								"dataTyp": "CHAR",
								"dataLength": "0002"
							},
							{
								"object": "0CS_DOCTYPE",
								"sign": "I",
								"opt": "EQ",
								"keyLow": "YH",
								"keyHigh": "",
								"dataTyp": "CHAR",
								"dataLength": "0002"
							},
							{
								"object": "0CS_DOCTYPE",
								"sign": "I",
								"opt": "EQ",
								"keyLow": "Y9",
								"keyHigh": "",
								"dataTyp": "CHAR",
								"dataLength": "0002"
							},
							{
								"object": "0CS_DOCTYPE",
								"sign": "I",
								"opt": "EQ",
								"keyLow": "Y6",
								"keyHigh": "",
								"dataTyp": "CHAR",
								"dataLength": "0002"
							},
							{
								"object": "0CS_DOCTYPE",
								"sign": "I",
								"opt": "EQ",
								"keyLow": "YF",
								"keyHigh": "",
								"dataTyp": "CHAR",
								"dataLength": "0002"
							},
							{
								"object": "0CS_DOCTYPE",
								"sign": "I",
								"opt": "EQ",
								"keyLow": "YX",
								"keyHigh": "",
								"dataTyp": "CHAR",
								"dataLength": "0002"
							}
						]
					}
				},
				{
					"id": "00O2TK9973U0DVOPE1MI5550B",
					"name": "Variances",
					"mapname": "",
					"position": "7",
					"hidden": false,
					"parent": "",
					"drillstate": "L",
					"range": {
						"line": {
							"object": "D_XSPECPC",
							"sign": "I",
							"opt": "EQ",
							"keyLow": "X",
							"keyHigh": "",
							"dataTyp": "CHAR",
							"dataLength": "0001"
						}
					}
				},
				{
					"id": "00O2TK9973U0DVOPE1MI55BBV",
					"name": "Manufacturing OH",
					"mapname": "",
					"position": "8",
					"hidden": false,
					"parent": "",
					"drillstate": "L",
					"range": {
						"line": {
							"object": "D_XMANOVR",
							"sign": "I",
							"opt": "EQ",
							"keyLow": "X",
							"keyHigh": "",
							"dataTyp": "CHAR",
							"dataLength": "0001"
						}
					}
				},
				{
					"id": "00O2TK9973U27KU4HL53007C8",
					"name": "COGS PPA",
					"mapname": "",
					"position": "9",
					"hidden": false,
					"parent": "",
					"drillstate": "L",
					"range": {
						"line": [
							{
								"object": "0CS_ITEM",
								"sign": "I",
								"opt": "EQ",
								"keyLow": "BI0032232000",
								"keyHigh": "",
								"dataTyp": "CHAR",
								"dataLength": "000A"
							},
							{
								"object": "0CS_ITEM",
								"sign": "I",
								"opt": "EQ",
								"keyLow": "BI0032236500",
								"keyHigh": "",
								"dataTyp": "CHAR",
								"dataLength": "000A"
							},
							{
								"object": "0CS_ITEM",
								"sign": "I",
								"opt": "EQ",
								"keyLow": "BI0032222050",
								"keyHigh": "",
								"dataTyp": "CHAR",
								"dataLength": "000A"
							},
							{
								"object": "0CS_ITEM",
								"sign": "I",
								"opt": "EQ",
								"keyLow": "BI0032235500",
								"keyHigh": "",
								"dataTyp": "CHAR",
								"dataLength": "000A"
							}
						]
					}
				},
				{
					"id": "00O2TK9973U0DVOPE1MI55HNF",
					"name": "cCOGS (total)",
					"mapname": "",
					"position": "10",
					"hidden": false,
					"parent": "",
					"drillstate": "E",
					"range": ""
				},
				{
					"id": "00O2TK9973U0DVOPE1MI55NYZ",
					"name": "Gross Profit",
					"mapname": "",
					"position": "11",
					"hidden": false,
					"parent": "",
					"drillstate": "E",
					"range": ""
				},
				{
					"id": "00O2TK9973U0DVOPE1MI55UAJ",
					"name": "cMarketing",
					"mapname": "",
					"position": "12",
					"hidden": false,
					"parent": "",
					"drillstate": "L",
					"range": {
						"line": {
							"object": "D_XMARK",
							"sign": "I",
							"opt": "EQ",
							"keyLow": "X",
							"keyHigh": "",
							"dataTyp": "CHAR",
							"dataLength": "0001"
						}
					}
				},
				{
					"id": "00O2TK9973U0DVOPE1MI560M3",
					"name": "cR&D",
					"mapname": "",
					"position": "13",
					"hidden": false,
					"parent": "",
					"drillstate": "L",
					"range": {
						"line": {
							"object": "D_XCRND",
							"sign": "I",
							"opt": "EQ",
							"keyLow": "X",
							"keyHigh": "",
							"dataTyp": "CHAR",
							"dataLength": "0001"
						}
					}
				},
				{
					"id": "00O2TK9973U0DVOPE1MI566XN",
					"name": "cAdmin",
					"mapname": "",
					"position": "14",
					"hidden": false,
					"parent": "",
					"drillstate": "L",
					"range": {
						"line": {
							"object": "D_XCADMIN",
							"sign": "I",
							"opt": "EQ",
							"keyLow": "X",
							"keyHigh": "",
							"dataTyp": "CHAR",
							"dataLength": "0001"
						}
					}
				},
				{
					"id": "00O2TK9973U0DVOPE1MI56D97",
					"name": "cOther",
					"mapname": "",
					"position": "15",
					"hidden": false,
					"parent": "",
					"drillstate": "L",
					"range": {
						"line": {
							"object": "D_XCOTHER",
							"sign": "I",
							"opt": "EQ",
							"keyLow": "X",
							"keyHigh": "",
							"dataTyp": "CHAR",
							"dataLength": "0001"
						}
					}
				},
				{
					"id": "00O2TK9973U0DVOPE1MI56JKR",
					"name": "cEBIT",
					"mapname": "",
					"position": "16",
					"hidden": false,
					"parent": "",
					"drillstate": "E",
					"range": ""
				},
				{
					"id": "00O2TK9973U0DVOPE1MI56PWB",
					"name": "cDA",
					"mapname": "",
					"position": "17",
					"hidden": false,
					"parent": "",
					"drillstate": "E",
					"range": ""
				},
				{
					"id": "00O2TK9973U27KTUNYKQ7B4B5",
					"name": "    Special Items (W/O DA)",
					"mapname": "",
					"position": "18",
					"hidden": true,
					"parent": "00O2TK9973U0DVOPE1MI56PWB",
					"drillstate": "L",
					"range": {
						"line": [
							{
								"object": "D_XCDA",
								"sign": "I",
								"opt": "EQ",
								"keyLow": "X",
								"keyHigh": "",
								"dataTyp": "CHAR",
								"dataLength": "0001"
							},
							{
								"object": "0CS_SITEM",
								"sign": "I",
								"opt": "BT",
								"keyLow": "115",
								"keyHigh": "160",
								"dataTyp": "CHAR",
								"dataLength": "000A"
							}
						]
					}
				},
				{
					"id": "00O2TK9973U0DVOPE1MI56W7V",
					"name": "cEBITDA",
					"mapname": "",
					"position": "19",
					"hidden": false,
					"parent": "",
					"drillstate": "E",
					"range": ""
				},
				{
					"id": "00O2TK9973U0DVOPE1MI57Y57",
					"name": "Reported Elements",
					"mapname": "",
					"position": "20",
					"hidden": false,
					"parent": "",
					"drillstate": "E",
					"range": ""
				},
				{
					"id": "00O2TK9973U0DVOPE1MI584GR",
					"name": "CRP",
					"mapname": "",
					"position": "21",
					"hidden": false,
					"parent": "00O2TK9973U0DVOPE1MI57Y57",
					"drillstate": "E",
					"range": ""
				},
				{
					"id": "00O2TK9973U0DVOPE1MI58ASB",
					"name": "CCP",
					"mapname": "",
					"position": "22",
					"hidden": false,
					"parent": "00O2TK9973U0DVOPE1MI57Y57",
					"drillstate": "E",
					"range": ""
				},
				{
					"id": "00O2TK9973U0HBW8OMZU3IQ70",
					"name": "Brand Margin",
					"mapname": "",
					"position": "23",
					"hidden": false,
					"parent": "00O2TK9973U0DVOPE1MI57Y57",
					"drillstate": "E",
					"range": ""
				},
				{
					"id": "00O2TK9973U0DVOPE1MI578UZ",
					"name": "*EBIT",
					"mapname": "",
					"position": "24",
					"hidden": false,
					"parent": "00O2TK9973U0DVOPE1MI57Y57",
					"drillstate": "E",
					"range": ""
				},
				{
					"id": "00O2TK9973U0DVOPE1MI57F6J",
					"name": "    Special Items",
					"mapname": "",
					"position": "25",
					"hidden": true,
					"parent": "00O2TK9973U0DVOPE1MI578UZ",
					"drillstate": "L",
					"range": {
						"line": {
							"object": "D_XEBIT",
							"sign": "I",
							"opt": "EQ",
							"keyLow": "X",
							"keyHigh": "",
							"dataTyp": "CHAR",
							"dataLength": "0001"
						}
					}
				},
				{
					"id": "00O2TK9973U0DVOPE1MI572JF",
					"name": "*EBITDA",
					"mapname": "",
					"position": "26",
					"hidden": false,
					"parent": "00O2TK9973U0DVOPE1MI57Y57",
					"drillstate": "E",
					"range": ""
				},
				{
					"id": "00O2TK9973U0DVOPE1MI57LI3",
					"name": "    D&A (Depr./Amort.)",
					"mapname": "",
					"position": "27",
					"hidden": true,
					"parent": "00O2TK9973U0DVOPE1MI572JF",
					"drillstate": "L",
					"range": {
						"line": {
							"object": "D_XEBITDA",
							"sign": "I",
							"opt": "EQ",
							"keyLow": "X",
							"keyHigh": "",
							"dataTyp": "CHAR",
							"dataLength": "0001"
						}
					}
				},
				{
					"id": "00O2TK9973U0DVOPE1MI58H3V",
					"name": "*Marginal Income",
					"mapname": "",
					"position": "28",
					"hidden": false,
					"parent": "00O2TK9973U0DVOPE1MI57Y57",
					"drillstate": "E",
					"range": ""
				},
				{
					"id": "00O2TK9973U0DVOPE1MI58NFF",
					"name": "Marketing (excl. Mktg OH)",
					"mapname": "",
					"position": "29",
					"hidden": false,
					"parent": "00O2TK9973U0DVOPE1MI57Y57",
					"drillstate": "E",
					"range": ""
				},
				{
					"id": "00O2TK9973U0DVOPE1MI58TQZ",
					"name": "    Marketing Overhead",
					"mapname": "",
					"position": "30",
					"hidden": true,
					"parent": "00O2TK9973U0DVOPE1MI58NFF",
					"drillstate": "L",
					"range": {
						"line": {
							"object": "D_XMARK2",
							"sign": "I",
							"opt": "EQ",
							"keyLow": "X",
							"keyHigh": "",
							"dataTyp": "CHAR",
							"dataLength": "0001"
						}
					}
				},
				{
					"id": "00O2TK9973U0DVOPE1MI5902J",
					"name": "\"Marketing\" margin",
					"mapname": "",
					"position": "31",
					"hidden": false,
					"parent": "00O2TK9973U0DVOPE1MI57Y57",
					"drillstate": "E",
					"range": ""
				}
			],
			"id": "00O2TK9973U0DVOPE1MI53K4B",
			"name": "ROI: IncomeStatement (short P&L - ALL POSITIVE)",
			"mapname": "STANDARD_COPAPRP03_ST009",
			"position": "2"
		}
	]
}