{
	"query": {
		"title": "SOA00_COPAPRP03_QS019_3",
		"limitexceeded": false,
		"nosuchuser": false,
		"nodata": false,
		"nosuchquery": false,
		"noauth": false
	},
	"meta": {
		"char001": {
			"key": "00O2TK9973U248R476SGCXPIR",
			"value": "IS - Prokon Str."
		},
		"kf001": {
			"key": "00O2TK9973U248R476SGCUWDV",
			"value": "\n1.1 ACT"
		},
		"kf002": {
			"key": "00O2TK9973U248R476SGCWNLF",
			"value": "\n1.1.1 % NS"
		},
		"kf003": {
			"key": "00O2TK9973U248R476SGCX08J",
			"value": "\n1.2.1PY % NS"
		},
		"kf004": {
			"key": "00O2TK9973U248R476SGCXCVN",
			"value": "\n1.2.2 PY %pts"
		},
		"kf005": {
			"key": "00O2TK9973U0E3XY0VEHOKZIO",
			"value": "\n1.3.1BUD % NS"
		},
		"kf006": {
			"key": "00O2TK9973U0E3XY0VEHOL5U8",
			"value": "\n1.3.2 BUD %pts"
		}
	},
	"cube": [
		{
			"char001": {
				"key": "00O2TK9973U248R476SGCXVUB",
				"value": "Gross Sales"
			},
			"kf001": {
				"key": "00O2TK9973U248R476SGCUWDV",
				"value": "32741154677.72",
				"unit": "EUR"
			},
			"kf002": {
				"key": "00O2TK9973U248R476SGCWNLF",
				"value": "123.93034043179216",
				"unit": ""
			},
			"kf003": {
				"key": "00O2TK9973U248R476SGCX08J",
				"value": "121.33335643743827",
				"unit": ""
			},
			"kf004": {
				"key": "00O2TK9973U248R476SGCXCVN",
				"value": "2.59698399435389",
				"unit": ""
			},
			"kf005": {
				"key": "00O2TK9973U0E3XY0VEHOKZIO",
				"value": "-118.25571532638120",
				"unit": ""
			},
			"kf006": {
				"key": "00O2TK9973U0E3XY0VEHOL5U8",
				"value": "-5.67462510541095",
				"unit": ""
			}
		},
		{
			"char001": {
				"key": "00O2TK9973U248R476SGCY25V",
				"value": "Discounts"
			},
			"kf001": {
				"key": "00O2TK9973U248R476SGCUWDV",
				"value": "-2304865013.32",
				"unit": "EUR"
			},
			"kf002": {
				"key": "00O2TK9973U248R476SGCWNLF",
				"value": "8.72427098439017",
				"unit": ""
			},
			"kf003": {
				"key": "00O2TK9973U248R476SGCX08J",
				"value": "8.43435741135227",
				"unit": ""
			},
			"kf004": {
				"key": "00O2TK9973U248R476SGCXCVN",
				"value": "0.28991357303790",
				"unit": ""
			},
			"kf005": {
				"key": "00O2TK9973U0E3XY0VEHOKZIO",
				"value": "-1.01914080001292",
				"unit": ""
			},
			"kf006": {
				"key": "00O2TK9973U0E3XY0VEHOL5U8",
				"value": "-7.70513018437725",
				"unit": ""
			}
		},
		{
			"char001": {
				"key": "00O2TK9973U248R476SGCY8HF",
				"value": "Price Reductions"
			},
			"kf001": {
				"key": "00O2TK9973U248R476SGCUWDV",
				"value": "-57758858.90",
				"unit": "EUR"
			},
			"kf002": {
				"key": "00O2TK9973U248R476SGCWNLF",
				"value": "0.21862622489712",
				"unit": ""
			},
			"kf003": {
				"key": "00O2TK9973U248R476SGCX08J",
				"value": "0.12674734305329",
				"unit": ""
			},
			"kf004": {
				"key": "00O2TK9973U248R476SGCXCVN",
				"value": "0.09187888184383",
				"unit": ""
			},
			"kf005": {
				"key": "00O2TK9973U0E3XY0VEHOKZIO",
				"value": "-0.00164757789681",
				"unit": ""
			},
			"kf006": {
				"key": "00O2TK9973U0E3XY0VEHOL5U8",
				"value": "-0.21697864700031",
				"unit": ""
			}
		},
		{
			"char001": {
				"key": "00O2TK9973U248R476SGCYESZ",
				"value": "Rebates"
			},
			"kf001": {
				"key": "00O2TK9973U248R476SGCUWDV",
				"value": "-1695184946.55",
				"unit": "EUR"
			},
			"kf002": {
				"key": "00O2TK9973U248R476SGCWNLF",
				"value": "6.41653752254119",
				"unit": ""
			},
			"kf003": {
				"key": "00O2TK9973U248R476SGCX08J",
				"value": "6.50217905043357",
				"unit": ""
			},
			"kf004": {
				"key": "00O2TK9973U248R476SGCXCVN",
				"value": "-0.08564152789239",
				"unit": ""
			},
			"kf005": {
				"key": "00O2TK9973U0E3XY0VEHOKZIO",
				"value": "-5.14432934052035",
				"unit": ""
			},
			"kf006": {
				"key": "00O2TK9973U0E3XY0VEHOL5U8",
				"value": "-1.27220818202083",
				"unit": ""
			}
		},
		{
			"char001": {
				"key": "00O2TK9973U248R476SGCYL4J",
				"value": "Rebates Customer"
			},
			"kf001": {
				"key": "00O2TK9973U248R476SGCUWDV",
				"value": "-10476211.85",
				"unit": "EUR"
			},
			"kf002": {
				"key": "00O2TK9973U248R476SGCWNLF",
				"value": "0.03965408411446",
				"unit": ""
			},
			"kf003": {
				"key": "00O2TK9973U248R476SGCX08J",
				"value": "0.04275827816780",
				"unit": ""
			},
			"kf004": {
				"key": "00O2TK9973U248R476SGCXCVN",
				"value": "-0.00310419405334",
				"unit": ""
			},
			"kf005": {
				"key": "00O2TK9973U0E3XY0VEHOKZIO",
				"unit": ""
			},
			"kf006": {
				"key": "00O2TK9973U0E3XY0VEHOL5U8",
				"value": "-0.03965408411446",
				"unit": ""
			}
		},
		{
			"char001": {
				"key": "00O2TK9973U248R476SGCYRG3",
				"value": "Rebates Product"
			},
			"kf001": {
				"key": "00O2TK9973U248R476SGCUWDV",
				"value": "-82497920.37",
				"unit": "EUR"
			},
			"kf002": {
				"key": "00O2TK9973U248R476SGCWNLF",
				"value": "0.31226740342566",
				"unit": ""
			},
			"kf003": {
				"key": "00O2TK9973U248R476SGCX08J",
				"value": "0.36486872776702",
				"unit": ""
			},
			"kf004": {
				"key": "00O2TK9973U248R476SGCXCVN",
				"value": "-0.05260132434136",
				"unit": ""
			},
			"kf005": {
				"key": "00O2TK9973U0E3XY0VEHOKZIO",
				"unit": ""
			},
			"kf006": {
				"key": "00O2TK9973U0E3XY0VEHOL5U8",
				"value": "-0.31226740342566",
				"unit": ""
			}
		},
		{
			"char001": {
				"key": "00O2TK9973U248R476SGCYXRN",
				"value": "Rebates Invivo"
			},
			"kf001": {
				"key": "00O2TK9973U248R476SGCUWDV",
				"value": "-11289596.65",
				"unit": "EUR"
			},
			"kf002": {
				"key": "00O2TK9973U248R476SGCWNLF",
				"value": "0.04273287151733",
				"unit": ""
			},
			"kf003": {
				"key": "00O2TK9973U248R476SGCX08J",
				"value": "0.04499077556693",
				"unit": ""
			},
			"kf004": {
				"key": "00O2TK9973U248R476SGCXCVN",
				"value": "-0.00225790404960",
				"unit": ""
			},
			"kf005": {
				"key": "00O2TK9973U0E3XY0VEHOKZIO",
				"unit": ""
			},
			"kf006": {
				"key": "00O2TK9973U0E3XY0VEHOL5U8",
				"value": "-0.04273287151733",
				"unit": ""
			}
		},
		{
			"char001": {
				"key": "00O2TK9973U248R476SGCZ437",
				"value": "Rebates Primary"
			},
			"kf001": {
				"key": "00O2TK9973U248R476SGCUWDV",
				"value": "-578873577.74",
				"unit": "EUR"
			},
			"kf002": {
				"key": "00O2TK9973U248R476SGCWNLF",
				"value": "2.19112613047202",
				"unit": ""
			},
			"kf003": {
				"key": "00O2TK9973U248R476SGCX08J",
				"value": "1.49021567232424",
				"unit": ""
			},
			"kf004": {
				"key": "00O2TK9973U248R476SGCXCVN",
				"value": "0.70091045814779",
				"unit": ""
			},
			"kf005": {
				"key": "00O2TK9973U0E3XY0VEHOKZIO",
				"unit": ""
			},
			"kf006": {
				"key": "00O2TK9973U0E3XY0VEHOL5U8",
				"value": "-2.19112613047202",
				"unit": ""
			}
		},
		{
			"char001": {
				"key": "00O2TK9973U248R476SGCZAER",
				"value": "Rebates Secondary"
			},
			"kf001": {
				"key": "00O2TK9973U248R476SGCUWDV",
				"value": "-848024763.41",
				"unit": "EUR"
			},
			"kf002": {
				"key": "00O2TK9973U248R476SGCWNLF",
				"value": "3.20990504638724",
				"unit": ""
			},
			"kf003": {
				"key": "00O2TK9973U248R476SGCX08J",
				"value": "2.28495394728311",
				"unit": ""
			},
			"kf004": {
				"key": "00O2TK9973U248R476SGCXCVN",
				"value": "0.92495109910412",
				"unit": ""
			},
			"kf005": {
				"key": "00O2TK9973U0E3XY0VEHOKZIO",
				"unit": ""
			},
			"kf006": {
				"key": "00O2TK9973U0E3XY0VEHOL5U8",
				"value": "-3.20990504638724",
				"unit": ""
			}
		},
		{
			"char001": {
				"key": "00O2TK9973U248R476SGCZGQB",
				"value": "Rebates Governmental"
			},
			"kf001": {
				"key": "00O2TK9973U248R476SGCUWDV",
				"value": "-559846852.33",
				"unit": "EUR"
			},
			"kf002": {
				"key": "00O2TK9973U248R476SGCWNLF",
				"value": "2.11910702851956",
				"unit": ""
			},
			"kf003": {
				"key": "00O2TK9973U248R476SGCX08J",
				"value": "1.49504330853783",
				"unit": ""
			},
			"kf004": {
				"key": "00O2TK9973U248R476SGCXCVN",
				"value": "0.62406371998173",
				"unit": ""
			},
			"kf005": {
				"key": "00O2TK9973U0E3XY0VEHOKZIO",
				"unit": ""
			},
			"kf006": {
				"key": "00O2TK9973U0E3XY0VEHOL5U8",
				"value": "-2.11910702851956",
				"unit": ""
			}
		},
		{
			"char001": {
				"key": "00O2TK9973U248R476SGCZN1V",
				"value": "Cash Discount"
			},
			"kf001": {
				"key": "00O2TK9973U248R476SGCUWDV",
				"value": "-173581150.98",
				"unit": "EUR"
			},
			"kf002": {
				"key": "00O2TK9973U248R476SGCWNLF",
				"value": "0.65703153554529",
				"unit": ""
			},
			"kf003": {
				"key": "00O2TK9973U248R476SGCX08J",
				"value": "0.64515705151966",
				"unit": ""
			},
			"kf004": {
				"key": "00O2TK9973U248R476SGCXCVN",
				"value": "0.01187448402563",
				"unit": ""
			},
			"kf005": {
				"key": "00O2TK9973U0E3XY0VEHOKZIO",
				"value": "-0.04467620233442",
				"unit": ""
			},
			"kf006": {
				"key": "00O2TK9973U0E3XY0VEHOL5U8",
				"value": "-0.61235533321088",
				"unit": ""
			}
		},
		{
			"char001": {
				"key": "00O2TK9973U248R476SGCZTDF",
				"value": "Not Assigned"
			},
			"kf001": {
				"key": "00O2TK9973U248R476SGCUWDV",
				"value": "-5257070.60",
				"unit": "EUR"
			},
			"kf002": {
				"key": "00O2TK9973U248R476SGCWNLF",
				"value": "0.01989882629729",
				"unit": ""
			},
			"kf003": {
				"key": "00O2TK9973U248R476SGCX08J",
				"value": "0.11653206381583",
				"unit": ""
			},
			"kf004": {
				"key": "00O2TK9973U248R476SGCXCVN",
				"value": "-0.09663323751854",
				"unit": ""
			},
			"kf005": {
				"key": "00O2TK9973U0E3XY0VEHOKZIO",
				"value": "-0.01631102117841",
				"unit": ""
			},
			"kf006": {
				"key": "00O2TK9973U0E3XY0VEHOL5U8",
				"value": "-0.00358780511887",
				"unit": ""
			}
		},
		{
			"char001": {
				"key": "00O2TK9973U248R476SGCZZOZ",
				"value": "Net Sales"
			},
			"kf001": {
				"key": "00O2TK9973U248R476SGCUWDV",
				"value": "26418998417.69",
				"unit": "EUR"
			},
			"kf002": {
				"key": "00O2TK9973U248R476SGCWNLF",
				"value": "100.00000000000000",
				"unit": ""
			},
			"kf003": {
				"key": "00O2TK9973U248R476SGCX08J",
				"value": "100.00000000000000",
				"unit": ""
			},
			"kf004": {
				"key": "00O2TK9973U248R476SGCXCVN",
				"value": "0.00000000000000",
				"unit": ""
			},
			"kf005": {
				"key": "00O2TK9973U0E3XY0VEHOKZIO",
				"value": "-100.00000000000000",
				"unit": ""
			},
			"kf006": {
				"key": "00O2TK9973U0E3XY0VEHOL5U8",
				"value": "0.00000000000000",
				"unit": ""
			}
		}
	],
	"filters": [
		{
			"id": "0CS_CHART",
			"from": {
				"key": "BI",
				"value": "BI"
			},
			"to": {
				"key": "",
				"to": ""
			}
		},
		{
			"id": "0CS_DIMEN",
			"from": {
				"key": "BX",
				"value": "BX"
			},
			"to": {
				"key": "",
				"to": ""
			}
		},
		{
			"id": "0CS_DOCTYPE",
			"from": {
				"key": "BX/Y8",
				"value": "Deviation Analysis uncons"
			},
			"to": {
				"key": "",
				"to": ""
			}
		},
		{
			"id": "0CURTYPE",
			"from": {
				"key": "10",
				"value": "Company code currency"
			},
			"to": {
				"key": "",
				"to": ""
			}
		},
		{
			"id": "0FISCVARNT",
			"from": {
				"key": "K1",
				"value": "Calendar year, 1 spec. period"
			},
			"to": {
				"key": "",
				"to": ""
			}
		},
		{
			"id": "0IOBJSV",
			"from": {
				"key": "#",
				"value": "Not assigned"
			},
			"to": {
				"key": "",
				"to": ""
			}
		},
		{
			"id": "0IOBJSV",
			"from": {
				"key": "0PSG",
				"value": "Profit. segment"
			},
			"to": {
				"key": "",
				"to": ""
			}
		},
		{
			"id": "0VALUATION",
			"from": {
				"key": "#",
				"value": "Legal Valuation"
			},
			"to": {
				"key": "",
				"to": ""
			}
		},
		{
			"id": "0VERSION",
			"from": {
				"key": "0",
				"value": "Plan/actual version"
			},
			"to": {
				"key": "",
				"to": ""
			}
		},
		{
			"id": "DRESPO__D_CV0",
			"from": {
				"key": "LS",
				"value": "Bayer Group"
			},
			"to": {
				"key": "",
				"to": ""
			}
		}
	],
	"variables": [
		{
			"id": "DCURRENCY_CDSOI01",
			"from": {
				"key": "EUR",
				"value": "Euro"
			},
			"to": {
				"key": "",
				"to": ""
			}
		},
		{
			"id": "D0FISCPER_CXSNI00",
			"from": {
				"key": "009.2017",
				"value": "SEP 2017"
			},
			"to": {
				"key": "",
				"to": ""
			}
		},
		{
			"id": "D0FISCPER3_CXOML01",
			"from": {
				"key": "1",
				"value": "Jan"
			},
			"to": {
				"key": "009",
				"to": "Sep"
			}
		},
		{
			"id": "DFISCYEAR_CXSOL03",
			"from": {
				"key": "2017",
				"value": "Calendar year, 1 spec. period 2017"
			},
			"to": {
				"key": "",
				"to": ""
			}
		},
		{
			"id": "DZINFOPROV_CXOOL07",
			"from": {
				"key": "DA_CDCALF",
				"value": ""
			},
			"to": {
				"key": "",
				"to": ""
			}
		},
		{
			"id": "DZINFOPROV_CXOOL07",
			"from": {
				"key": "COPADPF",
				"value": ""
			},
			"to": {
				"key": "",
				"to": ""
			}
		},
		{
			"id": "DZINFOPROV_CXOOL07",
			"from": {
				"key": "COPACSP",
				"value": ""
			},
			"to": {
				"key": "",
				"to": ""
			}
		},
		{
			"id": "DZINFOPROV_CXOOL07",
			"from": {
				"key": "COPACCPCF",
				"value": ""
			},
			"to": {
				"key": "",
				"to": ""
			}
		},
		{
			"id": "DZINFOPROV_CXOOL07",
			"from": {
				"key": "BKA_CPRKF",
				"value": ""
			},
			"to": {
				"key": "",
				"to": ""
			}
		},
		{
			"id": "DDAGGTYPE_CDSMI",
			"from": {
				"key": "YTD",
				"value": "Year-to-date"
			},
			"to": {
				"key": "",
				"to": ""
			}
		},
		{
			"id": "DREQSTAT_CDSOI01",
			"from": {
				"key": "R",
				"value": "released"
			},
			"to": {
				"key": "",
				"to": ""
			}
		},
		{
			"id": "DDIMKKAX_HDSOI02",
			"from": {
				"key": "WORLD",
				"value": "Bayer Group"
			},
			"to": {
				"key": "0HIER_NODE",
				"to": ""
			}
		},
		{
			"id": "DD_GCLCREP_CXOOL01",
			"from": {
				"key": "#",
				"value": "Not assigned"
			},
			"to": {
				"key": "",
				"to": ""
			}
		},
		{
			"id": "DD_GCLCREP_CXOOL01",
			"from": {
				"key": "#",
				"value": "Not assigned"
			},
			"to": {
				"key": "",
				"to": ""
			}
		},
		{
			"id": "DD_GCLCREP_CXOOL01",
			"from": {
				"key": "GC",
				"value": "Group Currency"
			},
			"to": {
				"key": "",
				"to": ""
			}
		},
		{
			"id": "DD_GCLCREP_CXOOL01",
			"from": {
				"key": "ALL",
				"value": "ALL"
			},
			"to": {
				"key": "",
				"to": ""
			}
		},
		{
			"id": "DZMRSC_CXOOL01",
			"from": {
				"key": "MON",
				"value": "Monsanto"
			},
			"to": {
				"key": "",
				"to": ""
			}
		}
	],
	"error": false
}