{
	"version": "",
	"title": "ROI: GS COPA - Gross to Net. w Dev",
	"id": "SOA00_COPAPRP03_QS019_3",
	"infocube": "COPAPRP03",
	"creator": "MJBUP",
	"creationDate": "2018-06-11",
	"creationTime": "09:34:09",
	"lastChanger": "BEHRI",
	"changeDate": "2018-06-11",
	"changeTime": "09:34:09",
	"lastQueryExecutionDate": "2018-07-17",
	"lastQueryExecutionTime": "20:59:02",
	"available": true,
	"infoobjects": [
		{
			"id": "DCTRY_FD",
			"infoobject": "DCTRY_FD",
			"name": "Country final-dest.",
			"descript": "Country final-dest.",
			"position": "0001",
			"initialdisplay": "false",
			"isstructure": "false",
			"IS_FILTER": "false",
			"laytp": "AGG",
			"attribute": ""
		},
		{
			"id": "DRESPO__DIMKKAX",
			"infoobject": "DRESPO__DIMKKAX",
			"name": "BSV: Hierarchy",
			"descript": "BSV: Hierarchy",
			"position": "0002",
			"initialdisplay": "false",
			"ishierarchy": "true",
			"hierarchy": {
				"id": "BSV_HIER_ALL",
				"name": "",
				"level": "12"
			},
			"hienmdesc": "",
			"hienmlevel": "12",
			"isstructure": "false",
			"IS_FILTER": "false",
			"laytp": "AGG",
			"attribute": ""
		},
		{
			"id": "DRESPO__DIMKKA1",
			"infoobject": "DRESPO__DIMKKA1",
			"name": "BSV Lvl 1",
			"descript": "BSV Lvl 1",
			"position": "0003",
			"initialdisplay": "false",
			"isstructure": "false",
			"IS_FILTER": "false",
			"laytp": "AGG",
			"attribute": ""
		},
		{
			"id": "DRESPO__DIMKKA2",
			"infoobject": "DRESPO__DIMKKA2",
			"name": "BSV Lvl 2",
			"descript": "BSV Lvl 2",
			"position": "0004",
			"initialdisplay": "false",
			"isstructure": "false",
			"IS_FILTER": "false",
			"laytp": "AGG",
			"attribute": ""
		},
		{
			"id": "DRESPO__DIMKKA3",
			"infoobject": "DRESPO__DIMKKA3",
			"name": "BSV Lvl 3",
			"descript": "BSV Lvl 3",
			"position": "0005",
			"initialdisplay": "false",
			"isstructure": "false",
			"IS_FILTER": "false",
			"laytp": "AGG",
			"attribute": ""
		},
		{
			"id": "DRESPO__DIMKKA4",
			"infoobject": "DRESPO__DIMKKA4",
			"name": "BSV Lvl 4",
			"descript": "BSV Lvl 4",
			"position": "0006",
			"initialdisplay": "false",
			"isstructure": "false",
			"IS_FILTER": "false",
			"laytp": "AGG",
			"attribute": ""
		},
		{
			"id": "DRESPO__DIMKKA5",
			"infoobject": "DRESPO__DIMKKA5",
			"name": "BSV Lvl 5",
			"descript": "BSV Lvl 5",
			"position": "0007",
			"initialdisplay": "false",
			"isstructure": "false",
			"IS_FILTER": "false",
			"laytp": "AGG",
			"attribute": ""
		},
		{
			"id": "DRESPO__DIMKKA6",
			"infoobject": "DRESPO__DIMKKA6",
			"name": "BSV Lvl 6",
			"descript": "BSV Lvl 6",
			"position": "0008",
			"initialdisplay": "false",
			"isstructure": "false",
			"IS_FILTER": "false",
			"laytp": "AGG",
			"attribute": ""
		},
		{
			"id": "DRESPO__DIMKKA7",
			"infoobject": "DRESPO__DIMKKA7",
			"name": "BSV Lvl 7",
			"descript": "BSV Lvl 7",
			"position": "0009",
			"initialdisplay": "false",
			"isstructure": "false",
			"IS_FILTER": "false",
			"laytp": "AGG",
			"attribute": ""
		},
		{
			"id": "DRESPO__DIMKKA8",
			"infoobject": "DRESPO__DIMKKA8",
			"name": "BSV Lvl 8",
			"descript": "BSV Lvl 8",
			"position": "0010",
			"initialdisplay": "false",
			"isstructure": "false",
			"IS_FILTER": "false",
			"laytp": "AGG",
			"attribute": ""
		},
		{
			"id": "DRESPO__DIMKKA9",
			"infoobject": "DRESPO__DIMKKA9",
			"name": "BSV Lvl 9",
			"descript": "BSV Lvl 9",
			"position": "0011",
			"initialdisplay": "false",
			"isstructure": "false",
			"IS_FILTER": "false",
			"laytp": "AGG",
			"attribute": ""
		},
		{
			"id": "DRESPO__DIMKKA10",
			"infoobject": "DRESPO__DIMKKA10",
			"name": "BSV Lvl 10",
			"descript": "BSV Lvl 10",
			"position": "0012",
			"initialdisplay": "false",
			"isstructure": "false",
			"IS_FILTER": "false",
			"laytp": "AGG",
			"attribute": ""
		},
		{
			"id": "DRESPO__DBRANDF",
			"infoobject": "DRESPO__DBRANDF",
			"name": "CV Brand Family",
			"descript": "CV Brand Family",
			"position": "0013",
			"initialdisplay": "false",
			"isstructure": "false",
			"IS_FILTER": "false",
			"laytp": "AGG",
			"attribute": ""
		},
		{
			"id": "DRESPO__DIMKKACG",
			"infoobject": "DRESPO__DIMKKACG",
			"name": "BSV CG",
			"descript": "BSV CG",
			"position": "0014",
			"initialdisplay": "false",
			"isstructure": "false",
			"IS_FILTER": "false",
			"laytp": "AGG",
			"attribute": ""
		},
		{
			"id": "DRESPO__DK_GB",
			"infoobject": "DRESPO__DK_GB",
			"name": "CV 5 Business Group",
			"descript": "CV 5 Business Group",
			"position": "0015",
			"initialdisplay": "false",
			"isstructure": "false",
			"IS_FILTER": "false",
			"laytp": "AGG",
			"attribute": ""
		},
		{
			"id": "DRESPO__DSBE",
			"infoobject": "DRESPO__DSBE",
			"name": "CV 6 SBE",
			"descript": "CV 6 SBE",
			"position": "0016",
			"initialdisplay": "false",
			"isstructure": "false",
			"IS_FILTER": "false",
			"laytp": "AGG",
			"attribute": ""
		},
		{
			"id": "DRESPO__DRU",
			"infoobject": "DRESPO__DRU",
			"name": "CV 7 Reporting Unit",
			"descript": "CV 7 Reporting Unit",
			"position": "0017",
			"initialdisplay": "false",
			"isstructure": "false",
			"IS_FILTER": "false",
			"laytp": "AGG",
			"attribute": ""
		},
		{
			"id": "0CS_ITEM",
			"infoobject": "0CS_ITEM",
			"name": "Item",
			"descript": "Item",
			"position": "0018",
			"initialdisplay": "false",
			"isstructure": "false",
			"IS_FILTER": "false",
			"laytp": "AGG",
			"attribute": ""
		},
		{
			"id": "DRESPO__DLOC_BU_M",
			"infoobject": "DRESPO__DLOC_BU_M",
			"name": "Local BU (MV)",
			"descript": "Local BU (MV)",
			"position": "0019",
			"initialdisplay": "false",
			"isstructure": "false",
			"IS_FILTER": "false",
			"laytp": "AGG",
			"attribute": ""
		},
		{
			"id": "DRESPO__DBRAND",
			"infoobject": "DRESPO__DBRAND",
			"name": "CV Brand",
			"descript": "CV Brand",
			"position": "0020",
			"initialdisplay": "false",
			"isstructure": "false",
			"IS_FILTER": "false",
			"laytp": "AGG",
			"attribute": ""
		},
		{
			"id": "DRESPO__DMUSTW1",
			"infoobject": "DRESPO__DMUSTW1",
			"name": "CV Brand Attribute",
			"descript": "CV Brand Attribute",
			"position": "0021",
			"initialdisplay": "false",
			"isstructure": "false",
			"IS_FILTER": "false",
			"laytp": "AGG",
			"attribute": ""
		},
		{
			"id": "DRESPO__DMUSTW2",
			"infoobject": "DRESPO__DMUSTW2",
			"name": "CV Country Attribute",
			"descript": "CV Country Attribute",
			"position": "0022",
			"initialdisplay": "false",
			"isstructure": "false",
			"IS_FILTER": "false",
			"laytp": "AGG",
			"attribute": ""
		},
		{
			"id": "DRESPO__DMVIEW",
			"infoobject": "DRESPO__DMVIEW",
			"name": "CV Brand / Country",
			"descript": "CV Brand / Country",
			"position": "0023",
			"initialdisplay": "false",
			"isstructure": "false",
			"IS_FILTER": "false",
			"laytp": "AGG",
			"attribute": ""
		},
		{
			"id": "DRESPO__DPC_CV",
			"infoobject": "DRESPO__DPC_CV",
			"name": "CV 8 Profitcenter",
			"descript": "CV 8 Profitcenter",
			"position": "0024",
			"initialdisplay": "false",
			"isstructure": "false",
			"IS_FILTER": "false",
			"laytp": "AGG",
			"attribute": ""
		},
		{
			"id": "0MATERIAL__DBRANDG",
			"infoobject": "0MATERIAL__DBRANDG",
			"name": "Add.Brand Grouping",
			"descript": "Add.Brand Grouping",
			"position": "0025",
			"initialdisplay": "false",
			"isstructure": "false",
			"IS_FILTER": "false",
			"laytp": "AGG",
			"attribute": ""
		},
		{
			"id": "0MATERIAL__DPRODH4",
			"infoobject": "0MATERIAL__DPRODH4",
			"name": "Prod.Hier. Lev. 4",
			"descript": "Prod.Hier. Lev. 4",
			"position": "0026",
			"initialdisplay": "false",
			"isstructure": "false",
			"IS_FILTER": "false",
			"laytp": "AGG",
			"attribute": ""
		},
		{
			"id": "DSPECIES",
			"infoobject": "DSPECIES",
			"name": "Species",
			"descript": "Species",
			"position": "0027",
			"initialdisplay": "false",
			"isstructure": "false",
			"IS_FILTER": "false",
			"laytp": "AGG",
			"attribute": ""
		},
		{
			"id": "0CUSTOMER",
			"infoobject": "0CUSTOMER",
			"name": "Customer",
			"descript": "Customer",
			"position": "0028",
			"initialdisplay": "false",
			"isstructure": "false",
			"IS_FILTER": "false",
			"laytp": "AGG",
			"attribute": ""
		},
		{
			"id": "DRESPO__DCOREPSV1",
			"infoobject": "DRESPO__DCOREPSV1",
			"name": "CSV Loc. Steer. View",
			"descript": "CSV Loc. Steer. View",
			"position": "0029",
			"initialdisplay": "false",
			"isstructure": "false",
			"IS_FILTER": "false",
			"laytp": "AGG",
			"attribute": ""
		},
		{
			"id": "DRESPO__DCOREPIO1",
			"infoobject": "DRESPO__DCOREPIO1",
			"name": "CSV Loc. St. Vw. Typ",
			"descript": "CSV Loc. St. Vw. Typ",
			"position": "0030",
			"initialdisplay": "false",
			"isstructure": "false",
			"IS_FILTER": "false",
			"laytp": "AGG",
			"attribute": ""
		},
		{
			"id": "DRESPO__DCOREBSV1",
			"infoobject": "DRESPO__DCOREBSV1",
			"name": "CSV Loc. Brand Fam.",
			"descript": "CSV Loc. Brand Fam.",
			"position": "0031",
			"initialdisplay": "false",
			"isstructure": "false",
			"IS_FILTER": "false",
			"laytp": "AGG",
			"attribute": ""
		},
		{
			"id": "DRESPO__DCOREBIO1",
			"infoobject": "DRESPO__DCOREBIO1",
			"name": "CSV Loc Brand FamTyp",
			"descript": "CSV Loc Brand FamTyp",
			"position": "0032",
			"initialdisplay": "false",
			"isstructure": "false",
			"IS_FILTER": "false",
			"laytp": "AGG",
			"attribute": ""
		},
		{
			"id": "DRESPO__DCOREBSV2",
			"infoobject": "DRESPO__DCOREBSV2",
			"name": "CSV Local Brand",
			"descript": "CSV Local Brand",
			"position": "0033",
			"initialdisplay": "false",
			"isstructure": "false",
			"IS_FILTER": "false",
			"laytp": "AGG",
			"attribute": ""
		},
		{
			"id": "DRESPO__DCOREBIO2",
			"infoobject": "DRESPO__DCOREBIO2",
			"name": "CSV Loc. Brand Type",
			"descript": "CSV Loc. Brand Type",
			"position": "0034",
			"initialdisplay": "false",
			"isstructure": "false",
			"IS_FILTER": "false",
			"laytp": "AGG",
			"attribute": ""
		},
		{
			"id": "D_COREC__DCORECSV1",
			"infoobject": "D_COREC__DCORECSV1",
			"name": "CSV Local Channel",
			"descript": "CSV Local Channel",
			"position": "0035",
			"initialdisplay": "false",
			"isstructure": "false",
			"IS_FILTER": "false",
			"laytp": "AGG",
			"attribute": ""
		},
		{
			"id": "D_COREC__DCORECIO1",
			"infoobject": "D_COREC__DCORECIO1",
			"name": "CSV Loc. Channel Typ",
			"descript": "CSV Loc. Channel Typ",
			"position": "0036",
			"initialdisplay": "false",
			"isstructure": "false",
			"IS_FILTER": "false",
			"laytp": "AGG",
			"attribute": ""
		},
		{
			"id": "D_COREC__DCORECSV2",
			"infoobject": "D_COREC__DCORECSV2",
			"name": "CSV Local Subchannel",
			"descript": "CSV Local Subchannel",
			"position": "0037",
			"initialdisplay": "false",
			"isstructure": "false",
			"IS_FILTER": "false",
			"laytp": "AGG",
			"attribute": ""
		},
		{
			"id": "D_COREC__DCORECIO2",
			"infoobject": "D_COREC__DCORECIO2",
			"name": "CSV Loc.Sub.Chan.Typ",
			"descript": "CSV Loc.Sub.Chan.Typ",
			"position": "0038",
			"initialdisplay": "false",
			"isstructure": "false",
			"IS_FILTER": "false",
			"laytp": "AGG",
			"attribute": ""
		},
		{
			"id": "D_COREC__DCORECSV3",
			"infoobject": "D_COREC__DCORECSV3",
			"name": "CSV LocSub-Cha AddAO",
			"descript": "CSV LocSub-Cha AddAO",
			"position": "0039",
			"initialdisplay": "false",
			"isstructure": "false",
			"IS_FILTER": "false",
			"laytp": "AGG",
			"attribute": ""
		},
		{
			"id": "D_COREC__DCORECIO3",
			"infoobject": "D_COREC__DCORECIO3",
			"name": "CSV LocSubChan Type",
			"descript": "CSV LocSubChan Type",
			"position": "0040",
			"initialdisplay": "false",
			"isstructure": "false",
			"IS_FILTER": "false",
			"laytp": "AGG",
			"attribute": ""
		},
		{
			"id": "0MATERIAL",
			"infoobject": "0MATERIAL",
			"name": "Material",
			"descript": "Material",
			"position": "0041",
			"initialdisplay": "false",
			"isstructure": "false",
			"IS_FILTER": "false",
			"laytp": "AGG",
			"attribute": ""
		},
		{
			"id": "00O2TK9973U248R476SGCUJQR",
			"infoobject": "00O2TK9973U248R476SGCUJQR",
			"name": "Mesures",
			"descript": "Mesures",
			"position": "0001",
			"initialdisplay": "true",
			"isstructure": "true",
			"IS_FILTER": "false",
			"laytp": "COL",
			"attribute": ""
		},
		{
			"id": "DREQSTAT",
			"infoobject": "DREQSTAT",
			"name": "Status of Reporting",
			"descript": "Status of Reporting",
			"position": "0001",
			"initialdisplay": "false",
			"isstructure": "false",
			"IS_FILTER": "true",
			"laytp": "FIX",
			"attribute": ""
		},
		{
			"id": "0CS_DOCTYPE",
			"infoobject": "0CS_DOCTYPE",
			"name": "Document Type",
			"descript": "Document Type",
			"position": "0002",
			"initialdisplay": "false",
			"isstructure": "false",
			"IS_FILTER": "true",
			"laytp": "FIX",
			"attribute": ""
		},
		{
			"id": "0CS_CHART",
			"infoobject": "0CS_CHART",
			"name": "Cons Chart of Accts",
			"descript": "Cons Chart of Accts",
			"position": "0003",
			"initialdisplay": "false",
			"isstructure": "false",
			"IS_FILTER": "true",
			"laytp": "FIX",
			"attribute": ""
		},
		{
			"id": "0IOBJSV",
			"infoobject": "0IOBJSV",
			"name": "Object Type",
			"descript": "Object Type",
			"position": "0004",
			"initialdisplay": "false",
			"isstructure": "false",
			"IS_FILTER": "true",
			"laytp": "FIX",
			"attribute": ""
		},
		{
			"id": "0FISCVARNT",
			"infoobject": "0FISCVARNT",
			"name": "Fiscal Year Variant",
			"descript": "Fiscal Year Variant",
			"position": "0005",
			"initialdisplay": "false",
			"isstructure": "false",
			"IS_FILTER": "true",
			"laytp": "FIX",
			"attribute": ""
		},
		{
			"id": "0CURTYPE",
			"infoobject": "0CURTYPE",
			"name": "Currency Type",
			"descript": "Currency Type",
			"position": "0006",
			"initialdisplay": "false",
			"isstructure": "false",
			"IS_FILTER": "true",
			"laytp": "FIX",
			"attribute": ""
		},
		{
			"id": "0VERSION",
			"infoobject": "0VERSION",
			"name": "Version",
			"descript": "Version",
			"position": "0007",
			"initialdisplay": "false",
			"isstructure": "false",
			"IS_FILTER": "true",
			"laytp": "FIX",
			"attribute": ""
		},
		{
			"id": "0VALUATION",
			"infoobject": "0VALUATION",
			"name": "Valuation view",
			"descript": "Valuation view",
			"position": "0008",
			"initialdisplay": "false",
			"isstructure": "false",
			"IS_FILTER": "true",
			"laytp": "FIX",
			"attribute": ""
		},
		{
			"id": "0CS_DIMEN",
			"infoobject": "0CS_DIMEN",
			"name": "Dimension",
			"descript": "Dimension",
			"position": "0009",
			"initialdisplay": "false",
			"isstructure": "false",
			"IS_FILTER": "true",
			"laytp": "FIX",
			"attribute": ""
		},
		{
			"id": "D_GCLCREP",
			"infoobject": "D_GCLCREP",
			"name": "GC/LC Reporting",
			"descript": "GC/LC Reporting",
			"position": "0010",
			"initialdisplay": "false",
			"isstructure": "false",
			"IS_FILTER": "true",
			"laytp": "FIX",
			"attribute": ""
		},
		{
			"id": "0INFOPROV",
			"infoobject": "0INFOPROV",
			"name": "InfoProvider",
			"descript": "InfoProvider",
			"position": "0011",
			"initialdisplay": "false",
			"isstructure": "false",
			"IS_FILTER": "true",
			"laytp": "FIX",
			"attribute": ""
		},
		{
			"id": "DRESPO__D_CV0",
			"infoobject": "DRESPO__D_CV0",
			"name": "CV 0 Life Sciene",
			"descript": "CV 0 Life Sciene",
			"position": "0012",
			"initialdisplay": "false",
			"isstructure": "false",
			"IS_FILTER": "true",
			"laytp": "FIX",
			"attribute": ""
		},
		{
			"id": "00O2TK9973U248R476SGCXPIR",
			"infoobject": "00O2TK9973U248R476SGCXPIR",
			"name": "IS - Prokon Str.",
			"descript": "IS - Prokon Str.",
			"position": "0001",
			"initialdisplay": "true",
			"isstructure": "true",
			"IS_FILTER": "false",
			"laytp": "ROW",
			"attribute": ""
		}
	],
	"variables": [
		{
			"id": "D0CUSTOMER_CDOOI",
			"name": "Customer",
			"infoobject": {
				"id": "0CUSTOMER",
				"name": "Customer"
			},
			"type": "1",
			"typetext": "Characteristic value",
			"processtype": "5",
			"processtypetext": "User entry / default value",
			"parsel": "S",
			"parseltext": "Selection option",
			"input": true,
			"mandatory": false,
			"entrytype": "0",
			"entrytypetext": "Optional Variable Entry",
			"dynchange": "",
			"flags": {
				"lh": "0",
				"r": "0"
			},
			"value": "",
			"highvalue": ""
		},
		{
			"id": "D0FISCPER_CXSNI00",
			"name": "Fiscal Period / Year",
			"infoobject": {
				"id": "0FISCPER",
				"name": "Fiscal year/period"
			},
			"type": "1",
			"typetext": "Characteristic value",
			"processtype": "3",
			"processtypetext": "Customer exit",
			"parsel": "P",
			"parseltext": "Single value (parameters)",
			"input": true,
			"mandatory": true,
			"entrytype": "2",
			"entrytypetext": "Mandatory, Initial Value not Allowed",
			"dynchange": "",
			"flags": {
				"lh": "0",
				"r": "0"
			},
			"value": "",
			"highvalue": ""
		},
		{
			"id": "D0MATERIAL_CDOOI",
			"name": "Material",
			"infoobject": {
				"id": "0MATERIAL",
				"name": "Material"
			},
			"type": "1",
			"typetext": "Characteristic value",
			"processtype": "5",
			"processtypetext": "User entry / default value",
			"parsel": "S",
			"parseltext": "Selection option",
			"input": true,
			"mandatory": false,
			"entrytype": "0",
			"entrytypetext": "Optional Variable Entry",
			"dynchange": "",
			"flags": {
				"lh": "0",
				"r": "0"
			},
			"value": "",
			"highvalue": ""
		},
		{
			"id": "DCOUNTRY_CDMOI01",
			"name": "Country",
			"infoobject": {
				"id": "DCTRY_FD",
				"name": "Country final-dest."
			},
			"type": "1",
			"typetext": "Characteristic value",
			"processtype": "5",
			"processtypetext": "User entry / default value",
			"parsel": "M",
			"parseltext": "Several Single Values",
			"input": true,
			"mandatory": false,
			"entrytype": "0",
			"entrytypetext": "Optional Variable Entry",
			"dynchange": "",
			"flags": {
				"lh": "0",
				"r": "0"
			},
			"value": "",
			"highvalue": ""
		},
		{
			"id": "DCURRENCY_CDSOI01",
			"name": "Target Currency",
			"infoobject": {
				"id": "0CURRENCY",
				"name": "Currency"
			},
			"type": "1",
			"typetext": "Characteristic value",
			"processtype": "5",
			"processtypetext": "User entry / default value",
			"parsel": "P",
			"parseltext": "Single value (parameters)",
			"input": true,
			"mandatory": true,
			"entrytype": "1",
			"entrytypetext": "Mandatory Variable Entry",
			"dynchange": "",
			"flags": {
				"lh": "0",
				"r": "0"
			},
			"value": "EUR",
			"highvalue": ""
		},
		{
			"id": "DDAGGTYPE_CDSMI",
			"name": "Date Agg. Type",
			"infoobject": {
				"id": "DDAGGTYPE",
				"name": "Date Agg. Type"
			},
			"type": "1",
			"typetext": "Characteristic value",
			"processtype": "5",
			"processtypetext": "User entry / default value",
			"parsel": "P",
			"parseltext": "Single value (parameters)",
			"input": true,
			"mandatory": true,
			"entrytype": "1",
			"entrytypetext": "Mandatory Variable Entry",
			"dynchange": "",
			"flags": {
				"lh": "0",
				"r": "0"
			},
			"value": "YTD",
			"highvalue": ""
		},
		{
			"id": "DDIMKKA10_CDOOSI01",
			"name": "BSV Lvl 10",
			"infoobject": {
				"id": "DRESPO__DIMKKA10",
				"name": "BSV Lvl 10"
			},
			"type": "1",
			"typetext": "Characteristic value",
			"processtype": "5",
			"processtypetext": "User entry / default value",
			"parsel": "S",
			"parseltext": "Selection option",
			"input": true,
			"mandatory": false,
			"entrytype": "0",
			"entrytypetext": "Optional Variable Entry",
			"dynchange": "",
			"flags": {
				"lh": "0",
				"r": "0"
			},
			"value": "",
			"highvalue": ""
		},
		{
			"id": "DDIMKKA1_CDOOI01",
			"name": "BSV Lvl 1",
			"infoobject": {
				"id": "DRESPO__DIMKKA1",
				"name": "BSV Lvl 1"
			},
			"type": "1",
			"typetext": "Characteristic value",
			"processtype": "5",
			"processtypetext": "User entry / default value",
			"parsel": "S",
			"parseltext": "Selection option",
			"input": true,
			"mandatory": false,
			"entrytype": "0",
			"entrytypetext": "Optional Variable Entry",
			"dynchange": "",
			"flags": {
				"lh": "0",
				"r": "0"
			},
			"value": "",
			"highvalue": ""
		},
		{
			"id": "DDIMKKA2_CDOOI01",
			"name": "BSV Lvl 2",
			"infoobject": {
				"id": "DRESPO__DIMKKA2",
				"name": "BSV Lvl 2"
			},
			"type": "1",
			"typetext": "Characteristic value",
			"processtype": "5",
			"processtypetext": "User entry / default value",
			"parsel": "S",
			"parseltext": "Selection option",
			"input": true,
			"mandatory": false,
			"entrytype": "0",
			"entrytypetext": "Optional Variable Entry",
			"dynchange": "",
			"flags": {
				"lh": "0",
				"r": "0"
			},
			"value": "",
			"highvalue": ""
		},
		{
			"id": "DDIMKKA3_CDOOI01",
			"name": "BSV Lvl 3",
			"infoobject": {
				"id": "DRESPO__DIMKKA3",
				"name": "BSV Lvl 3"
			},
			"type": "1",
			"typetext": "Characteristic value",
			"processtype": "5",
			"processtypetext": "User entry / default value",
			"parsel": "S",
			"parseltext": "Selection option",
			"input": true,
			"mandatory": false,
			"entrytype": "0",
			"entrytypetext": "Optional Variable Entry",
			"dynchange": "",
			"flags": {
				"lh": "0",
				"r": "0"
			},
			"value": "",
			"highvalue": ""
		},
		{
			"id": "DDIMKKA4_CDOOI01",
			"name": "BSV Lvl 4",
			"infoobject": {
				"id": "DRESPO__DIMKKA4",
				"name": "BSV Lvl 4"
			},
			"type": "1",
			"typetext": "Characteristic value",
			"processtype": "5",
			"processtypetext": "User entry / default value",
			"parsel": "S",
			"parseltext": "Selection option",
			"input": true,
			"mandatory": false,
			"entrytype": "0",
			"entrytypetext": "Optional Variable Entry",
			"dynchange": "",
			"flags": {
				"lh": "0",
				"r": "0"
			},
			"value": "",
			"highvalue": ""
		},
		{
			"id": "DDIMKKA5_CDOOI01",
			"name": "BSV Lvl 5",
			"infoobject": {
				"id": "DRESPO__DIMKKA5",
				"name": "BSV Lvl 5"
			},
			"type": "1",
			"typetext": "Characteristic value",
			"processtype": "5",
			"processtypetext": "User entry / default value",
			"parsel": "S",
			"parseltext": "Selection option",
			"input": true,
			"mandatory": false,
			"entrytype": "0",
			"entrytypetext": "Optional Variable Entry",
			"dynchange": "",
			"flags": {
				"lh": "0",
				"r": "0"
			},
			"value": "",
			"highvalue": ""
		},
		{
			"id": "DDIMKKA6_CDOOI01",
			"name": "BSV Lvl 6",
			"infoobject": {
				"id": "DRESPO__DIMKKA6",
				"name": "BSV Lvl 6"
			},
			"type": "1",
			"typetext": "Characteristic value",
			"processtype": "5",
			"processtypetext": "User entry / default value",
			"parsel": "S",
			"parseltext": "Selection option",
			"input": true,
			"mandatory": false,
			"entrytype": "0",
			"entrytypetext": "Optional Variable Entry",
			"dynchange": "",
			"flags": {
				"lh": "0",
				"r": "0"
			},
			"value": "",
			"highvalue": ""
		},
		{
			"id": "DDIMKKA7_CDOOI01",
			"name": "BSV Lvl 7",
			"infoobject": {
				"id": "DRESPO__DIMKKA7",
				"name": "BSV Lvl 7"
			},
			"type": "1",
			"typetext": "Characteristic value",
			"processtype": "5",
			"processtypetext": "User entry / default value",
			"parsel": "S",
			"parseltext": "Selection option",
			"input": true,
			"mandatory": false,
			"entrytype": "0",
			"entrytypetext": "Optional Variable Entry",
			"dynchange": "",
			"flags": {
				"lh": "0",
				"r": "0"
			},
			"value": "",
			"highvalue": ""
		},
		{
			"id": "DDIMKKA8_CDOOI01",
			"name": "BSV Lvl 8",
			"infoobject": {
				"id": "DRESPO__DIMKKA8",
				"name": "BSV Lvl 8"
			},
			"type": "1",
			"typetext": "Characteristic value",
			"processtype": "5",
			"processtypetext": "User entry / default value",
			"parsel": "S",
			"parseltext": "Selection option",
			"input": true,
			"mandatory": false,
			"entrytype": "0",
			"entrytypetext": "Optional Variable Entry",
			"dynchange": "",
			"flags": {
				"lh": "0",
				"r": "0"
			},
			"value": "",
			"highvalue": ""
		},
		{
			"id": "DDIMKKA9_CDOOSI01",
			"name": "BSV Lvl 9",
			"infoobject": {
				"id": "DRESPO__DIMKKA9",
				"name": "BSV Lvl 9"
			},
			"type": "1",
			"typetext": "Characteristic value",
			"processtype": "5",
			"processtypetext": "User entry / default value",
			"parsel": "S",
			"parseltext": "Selection option",
			"input": true,
			"mandatory": false,
			"entrytype": "0",
			"entrytypetext": "Optional Variable Entry",
			"dynchange": "",
			"flags": {
				"lh": "0",
				"r": "0"
			},
			"value": "",
			"highvalue": ""
		},
		{
			"id": "DDIMKKAX_HDSOI02",
			"name": "DIMKKAX HierNode selection",
			"infoobject": {
				"id": "DRESPO__DIMKKAX",
				"name": "BSV: Hierarchy"
			},
			"type": "2",
			"typetext": "Hierarchy nodes",
			"processtype": "5",
			"processtypetext": "User entry / default value",
			"parsel": "P",
			"parseltext": "Single value (parameters)",
			"input": true,
			"mandatory": false,
			"entrytype": "0",
			"entrytypetext": "Optional Variable Entry",
			"dynchange": "",
			"flags": {
				"lh": "0",
				"r": "0"
			},
			"value": "WORLD",
			"highvalue": "0HIER_NODE"
		},
		{
			"id": "DDK_GB_CDOOI",
			"name": "CV 5 Business Group",
			"infoobject": {
				"id": "DRESPO__DK_GB",
				"name": "CV 5 Business Group"
			},
			"type": "1",
			"typetext": "Characteristic value",
			"processtype": "5",
			"processtypetext": "User entry / default value",
			"parsel": "S",
			"parseltext": "Selection option",
			"input": true,
			"mandatory": false,
			"entrytype": "0",
			"entrytypetext": "Optional Variable Entry",
			"dynchange": "",
			"flags": {
				"lh": "0",
				"r": "0"
			},
			"value": "",
			"highvalue": ""
		},
		{
			"id": "DDRESPO_DBRANDF_CDSOI01",
			"name": "CV GI. Brand Family",
			"infoobject": {
				"id": "DRESPO__DBRANDF",
				"name": "CV Brand Family"
			},
			"type": "1",
			"typetext": "Characteristic value",
			"processtype": "5",
			"processtypetext": "User entry / default value",
			"parsel": "S",
			"parseltext": "Selection option",
			"input": true,
			"mandatory": false,
			"entrytype": "0",
			"entrytypetext": "Optional Variable Entry",
			"dynchange": "",
			"flags": {
				"lh": "0",
				"r": "0"
			},
			"value": "",
			"highvalue": ""
		},
		{
			"id": "DDSPECIES_CDOOI",
			"name": "Species",
			"infoobject": {
				"id": "DSPECIES",
				"name": "Species"
			},
			"type": "1",
			"typetext": "Characteristic value",
			"processtype": "5",
			"processtypetext": "User entry / default value",
			"parsel": "S",
			"parseltext": "Selection option",
			"input": true,
			"mandatory": false,
			"entrytype": "0",
			"entrytypetext": "Optional Variable Entry",
			"dynchange": "",
			"flags": {
				"lh": "0",
				"r": "0"
			},
			"value": "",
			"highvalue": ""
		},
		{
			"id": "DIMKKACG_CDOOSI01",
			"name": "Business Steering View Country Group",
			"infoobject": {
				"id": "DRESPO__DIMKKACG",
				"name": "BSV CG"
			},
			"type": "1",
			"typetext": "Characteristic value",
			"processtype": "5",
			"processtypetext": "User entry / default value",
			"parsel": "S",
			"parseltext": "Selection option",
			"input": true,
			"mandatory": false,
			"entrytype": "0",
			"entrytypetext": "Optional Variable Entry",
			"dynchange": "",
			"flags": {
				"lh": "0",
				"r": "0"
			},
			"value": "",
			"highvalue": ""
		},
		{
			"id": "DRESPO_DSBE_CDOOI",
			"name": "CV 6 SBE",
			"infoobject": {
				"id": "DRESPO__DSBE",
				"name": "CV 6 SBE"
			},
			"type": "1",
			"typetext": "Characteristic value",
			"processtype": "5",
			"processtypetext": "User entry / default value",
			"parsel": "S",
			"parseltext": "Selection option",
			"input": true,
			"mandatory": false,
			"entrytype": "0",
			"entrytypetext": "Optional Variable Entry",
			"dynchange": "",
			"flags": {
				"lh": "0",
				"r": "0"
			},
			"value": "",
			"highvalue": ""
		},
		{
			"id": "DRESPO__DRU_CDOOI",
			"name": "CV 7 Reporting Unit",
			"infoobject": {
				"id": "DRESPO__DRU",
				"name": "CV 7 Reporting Unit"
			},
			"type": "1",
			"typetext": "Characteristic value",
			"processtype": "5",
			"processtypetext": "User entry / default value",
			"parsel": "S",
			"parseltext": "Selection option",
			"input": true,
			"mandatory": false,
			"entrytype": "0",
			"entrytypetext": "Optional Variable Entry",
			"dynchange": "",
			"flags": {
				"lh": "0",
				"r": "0"
			},
			"value": "",
			"highvalue": ""
		},
		{
			"id": "D_DCOREBSV1_CDOOI01",
			"name": "CSV Brand",
			"infoobject": {
				"id": "DRESPO__DCOREBSV1",
				"name": "CSV Loc. Brand Fam."
			},
			"type": "1",
			"typetext": "Characteristic value",
			"processtype": "5",
			"processtypetext": "User entry / default value",
			"parsel": "S",
			"parseltext": "Selection option",
			"input": true,
			"mandatory": false,
			"entrytype": "0",
			"entrytypetext": "Optional Variable Entry",
			"dynchange": "",
			"flags": {
				"lh": "0",
				"r": "0"
			},
			"value": "",
			"highvalue": ""
		},
		{
			"id": "D_DCOREBSV2_CDOOI01",
			"name": "CSV Subbrand",
			"infoobject": {
				"id": "DRESPO__DCOREBSV2",
				"name": "CSV Local Brand"
			},
			"type": "1",
			"typetext": "Characteristic value",
			"processtype": "5",
			"processtypetext": "User entry / default value",
			"parsel": "S",
			"parseltext": "Selection option",
			"input": true,
			"mandatory": false,
			"entrytype": "0",
			"entrytypetext": "Optional Variable Entry",
			"dynchange": "",
			"flags": {
				"lh": "0",
				"r": "0"
			},
			"value": "",
			"highvalue": ""
		},
		{
			"id": "D_DCORECSV1_CDOOI01",
			"name": "CSV Local Channel",
			"infoobject": {
				"id": "D_COREC__DCORECSV1",
				"name": "CSV Local Channel"
			},
			"type": "1",
			"typetext": "Characteristic value",
			"processtype": "5",
			"processtypetext": "User entry / default value",
			"parsel": "S",
			"parseltext": "Selection option",
			"input": true,
			"mandatory": false,
			"entrytype": "0",
			"entrytypetext": "Optional Variable Entry",
			"dynchange": "",
			"flags": {
				"lh": "0",
				"r": "0"
			},
			"value": "",
			"highvalue": ""
		},
		{
			"id": "D_DCORECSV2_CDOOI01",
			"name": "CSV Local Subchannel",
			"infoobject": {
				"id": "D_COREC__DCORECSV2",
				"name": "CSV Local Subchannel"
			},
			"type": "1",
			"typetext": "Characteristic value",
			"processtype": "5",
			"processtypetext": "User entry / default value",
			"parsel": "S",
			"parseltext": "Selection option",
			"input": true,
			"mandatory": false,
			"entrytype": "0",
			"entrytypetext": "Optional Variable Entry",
			"dynchange": "",
			"flags": {
				"lh": "0",
				"r": "0"
			},
			"value": "",
			"highvalue": ""
		},
		{
			"id": "D_DCOREPSV1_CDOOI01",
			"name": "CSV Performance Overview",
			"infoobject": {
				"id": "DRESPO__DCOREPSV1",
				"name": "CSV Loc. Steer. View"
			},
			"type": "1",
			"typetext": "Characteristic value",
			"processtype": "5",
			"processtypetext": "User entry / default value",
			"parsel": "S",
			"parseltext": "Selection option",
			"input": true,
			"mandatory": false,
			"entrytype": "0",
			"entrytypetext": "Optional Variable Entry",
			"dynchange": "",
			"flags": {
				"lh": "0",
				"r": "0"
			},
			"value": "",
			"highvalue": ""
		}
	],
	"structures": [
		{
			"objects": [
				{
					"id": "00O2TK9973U248R476SGCUQ2B",
					"name": "Hidden",
					"mapname": "",
					"position": "1",
					"hidden": true,
					"parent": "",
					"drillstate": "L",
					"range": {
						"line": [
							{
								"object": "0FISCPER",
								"sign": "I",
								"opt": "EQ",
								"keyLow": "00O2TK8CN6Y25DEIHEMLCCIXY",
								"keyHigh": "",
								"dataTyp": "NUMC",
								"dataLength": "0008"
							},
							{
								"object": "1KYFNM",
								"sign": "I",
								"opt": "EQ",
								"keyLow": "0AMOUNT",
								"keyHigh": "",
								"dataTyp": "CURR",
								"dataLength": "0017"
							},
							{
								"object": "DDAGGTYPE",
								"sign": "I",
								"opt": "EQ",
								"keyLow": "00O2TK8CN6Y2D74Y2REAQEX8M",
								"keyHigh": "",
								"dataTyp": "CHAR",
								"dataLength": "0003"
							}
						]
					}
				},
				{
					"id": "00O2TK9973U248R476SGCUWDV",
					"name": "1.1 ACT",
					"mapname": "",
					"position": "2",
					"hidden": false,
					"parent": "",
					"drillstate": "L",
					"range": {
						"line": [
							{
								"object": "0FISCYEAR",
								"sign": "I",
								"opt": "EQ",
								"keyLow": "00O2TK8CN6Y3VPBFC9MWIWGYD",
								"keyHigh": "",
								"dataTyp": "NUMC",
								"dataLength": "0004"
							},
							{
								"object": "0VTYPE",
								"sign": "I",
								"opt": "EQ",
								"keyLow": "010",
								"keyHigh": "",
								"dataTyp": "NUMC",
								"dataLength": "0003"
							},
							{
								"object": "1KYFNM",
								"sign": "I",
								"opt": "EQ",
								"keyLow": "0AMOUNT",
								"keyHigh": "",
								"dataTyp": "CURR",
								"dataLength": "0017"
							},
							{
								"object": "0FISCPER3",
								"sign": "I",
								"opt": "EQ",
								"keyLow": "00O2TK8CN6Y43HL5I0F51SA2W",
								"keyHigh": "",
								"dataTyp": "NUMC",
								"dataLength": "0003"
							}
						]
					}
				},
				{
					"id": "00O2TK9973U2BHWZWMC2Y0BU0",
					"name": "1.1.1 ACT Bayer Core",
					"mapname": "",
					"position": "3",
					"hidden": true,
					"parent": "",
					"drillstate": "L",
					"range": {
						"line": [
							{
								"object": "0FISCYEAR",
								"sign": "I",
								"opt": "EQ",
								"keyLow": "00O2TK8CN6Y3VPBFC9MWIWGYD",
								"keyHigh": "",
								"dataTyp": "NUMC",
								"dataLength": "0004"
							},
							{
								"object": "0VTYPE",
								"sign": "I",
								"opt": "EQ",
								"keyLow": "010",
								"keyHigh": "",
								"dataTyp": "NUMC",
								"dataLength": "0003"
							},
							{
								"object": "1KYFNM",
								"sign": "I",
								"opt": "EQ",
								"keyLow": "0AMOUNT",
								"keyHigh": "",
								"dataTyp": "CURR",
								"dataLength": "0017"
							},
							{
								"object": "0FISCPER3",
								"sign": "I",
								"opt": "EQ",
								"keyLow": "00O2TK8CN6Y43HL5I0F51SA2W",
								"keyHigh": "",
								"dataTyp": "NUMC",
								"dataLength": "0003"
							},
							{
								"object": "D_MSRC",
								"sign": "E",
								"opt": "EQ",
								"keyLow": "MON",
								"keyHigh": "",
								"dataTyp": "CHAR",
								"dataLength": "0003"
							}
						]
					}
				},
				{
					"id": "00O2TK9973U2BHWZWMC2Y0I5K",
					"name": "1.1.2 ACT Monsanto",
					"mapname": "",
					"position": "4",
					"hidden": true,
					"parent": "",
					"drillstate": "L",
					"range": {
						"line": [
							{
								"object": "0FISCYEAR",
								"sign": "I",
								"opt": "EQ",
								"keyLow": "00O2TK8CN6Y3VPBFC9MWIWGYD",
								"keyHigh": "",
								"dataTyp": "NUMC",
								"dataLength": "0004"
							},
							{
								"object": "0VTYPE",
								"sign": "I",
								"opt": "EQ",
								"keyLow": "010",
								"keyHigh": "",
								"dataTyp": "NUMC",
								"dataLength": "0003"
							},
							{
								"object": "1KYFNM",
								"sign": "I",
								"opt": "EQ",
								"keyLow": "0AMOUNT",
								"keyHigh": "",
								"dataTyp": "CURR",
								"dataLength": "0017"
							},
							{
								"object": "0FISCPER3",
								"sign": "I",
								"opt": "EQ",
								"keyLow": "00O2TK8CN6Y43HL5I0F51SA2W",
								"keyHigh": "",
								"dataTyp": "NUMC",
								"dataLength": "0003"
							},
							{
								"object": "D_MSRC",
								"sign": "I",
								"opt": "EQ",
								"keyLow": "MON",
								"keyHigh": "",
								"dataTyp": "CHAR",
								"dataLength": "0003"
							}
						]
					}
				},
				{
					"id": "00O2TK9973U248R476SGCV90Z",
					"name": "1.2 PY",
					"mapname": "",
					"position": "5",
					"hidden": true,
					"parent": "",
					"drillstate": "L",
					"range": {
						"line": [
							{
								"object": "0VTYPE",
								"sign": "I",
								"opt": "EQ",
								"keyLow": "010",
								"keyHigh": "",
								"dataTyp": "NUMC",
								"dataLength": "0003"
							},
							{
								"object": "1KYFNM",
								"sign": "I",
								"opt": "EQ",
								"keyLow": "0AMOUNT",
								"keyHigh": "",
								"dataTyp": "CURR",
								"dataLength": "0017"
							},
							{
								"object": "0FISCPER3",
								"sign": "I",
								"opt": "EQ",
								"keyLow": "00O2TK8CN6Y43HL5I0F51SA2W",
								"keyHigh": "",
								"dataTyp": "NUMC",
								"dataLength": "0003"
							},
							{
								"object": "0FISCYEAR",
								"sign": "I",
								"opt": "EQ",
								"keyLow": "00O2TK8CN6Y3VPBFC9MWIWGYD",
								"keyHigh": "",
								"dataTyp": "NUMC",
								"dataLength": "0004"
							}
						]
					}
				},
				{
					"id": "00O2TK9973U0E3XY0VEHOKMVK",
					"name": "1.3 BUD",
					"mapname": "",
					"position": "6",
					"hidden": true,
					"parent": "",
					"drillstate": "L",
					"range": {
						"line": [
							{
								"object": "0FISCYEAR",
								"sign": "I",
								"opt": "EQ",
								"keyLow": "00O2TK8CN6Y3VPBFC9MWIWGYD",
								"keyHigh": "",
								"dataTyp": "NUMC",
								"dataLength": "0004"
							},
							{
								"object": "0VTYPE",
								"sign": "I",
								"opt": "EQ",
								"keyLow": "020",
								"keyHigh": "",
								"dataTyp": "NUMC",
								"dataLength": "0003"
							},
							{
								"object": "1KYFNM",
								"sign": "I",
								"opt": "EQ",
								"keyLow": "0AMOUNT",
								"keyHigh": "",
								"dataTyp": "CURR",
								"dataLength": "0017"
							},
							{
								"object": "0FISCPER3",
								"sign": "I",
								"opt": "EQ",
								"keyLow": "00O2TK8CN6Y43HL5I0F51SA2W",
								"keyHigh": "",
								"dataTyp": "NUMC",
								"dataLength": "0003"
							}
						]
					}
				},
				{
					"id": "00O2TK9973U248R476SGCVYB7",
					"name": "1.4 ACT (abs)",
					"mapname": "",
					"position": "7",
					"hidden": true,
					"parent": "",
					"drillstate": "L",
					"range": ""
				},
				{
					"id": "00O2TK9973U2BHWZWMC2Y0OH4",
					"name": "1.4.1 ACT CORE (abs)",
					"mapname": "",
					"position": "8",
					"hidden": true,
					"parent": "",
					"drillstate": "L",
					"range": ""
				},
				{
					"id": "00O2TK9973U2BHWZWMC2Y0USO",
					"name": "1.4.2 ACT Bayer Core (abs)",
					"mapname": "",
					"position": "9",
					"hidden": true,
					"parent": "",
					"drillstate": "L",
					"range": ""
				},
				{
					"id": "00O2TK9973U248R476SGCWNLF",
					"name": "1.1.1 % NS",
					"mapname": "",
					"position": "10",
					"hidden": false,
					"parent": "",
					"drillstate": "L",
					"range": ""
				},
				{
					"id": "00O2TK9973U248R476SGCX08J",
					"name": "1.2.1PY % NS",
					"mapname": "",
					"position": "11",
					"hidden": false,
					"parent": "",
					"drillstate": "L",
					"range": ""
				},
				{
					"id": "00O2TK9973U248R476SGCXCVN",
					"name": "1.2.2 PY %pts",
					"mapname": "",
					"position": "12",
					"hidden": false,
					"parent": "",
					"drillstate": "L",
					"range": ""
				},
				{
					"id": "00O2TK9973U0E3XY0VEHOKZIO",
					"name": "1.3.1BUD % NS",
					"mapname": "",
					"position": "13",
					"hidden": false,
					"parent": "",
					"drillstate": "L",
					"range": ""
				},
				{
					"id": "00O2TK9973U0E3XY0VEHOL5U8",
					"name": "1.3.2 BUD %pts",
					"mapname": "",
					"position": "14",
					"hidden": false,
					"parent": "",
					"drillstate": "L",
					"range": ""
				}
			],
			"id": "00O2TK9973U248R476SGCUJQR",
			"name": "Mesures",
			"mapname": "",
			"position": "1"
		},
		{
			"objects": [
				{
					"id": "00O2TK9973U248R476SGCXVUB",
					"name": "Gross Sales",
					"mapname": "",
					"position": "1",
					"hidden": false,
					"parent": "",
					"drillstate": "L",
					"range": {
						"line": [
							{
								"object": "0CS_ITEM",
								"sign": "I",
								"opt": "EQ",
								"keyLow": "BI0030020150",
								"keyHigh": "",
								"dataTyp": "CHAR",
								"dataLength": "000A"
							},
							{
								"object": "0CS_ITEM",
								"sign": "I",
								"opt": "EQ",
								"keyLow": "BI0030030100",
								"keyHigh": "0CS_ITEM",
								"dataTyp": "CHAR",
								"dataLength": "000A"
							}
						]
					}
				},
				{
					"id": "00O2TK9973U248R476SGCY25V",
					"name": "Discounts",
					"mapname": "",
					"position": "2",
					"hidden": false,
					"parent": "",
					"drillstate": "L",
					"range": {
						"line": [
							{
								"object": "DVF",
								"sign": "I",
								"opt": "EQ",
								"keyLow": "VV004",
								"keyHigh": "",
								"dataTyp": "CHAR",
								"dataLength": "001E"
							},
							{
								"object": "0CS_ITEM",
								"sign": "I",
								"opt": "EQ",
								"keyLow": "BI0031123050",
								"keyHigh": "",
								"dataTyp": "CHAR",
								"dataLength": "000A"
							},
							{
								"object": "0CS_ITEM",
								"sign": "I",
								"opt": "EQ",
								"keyLow": "BI0030040100",
								"keyHigh": "0CS_ITEM",
								"dataTyp": "CHAR",
								"dataLength": "000A"
							}
						]
					}
				},
				{
					"id": "00O2TK9973U248R476SGCY8HF",
					"name": "Price Reductions",
					"mapname": "",
					"position": "3",
					"hidden": false,
					"parent": "",
					"drillstate": "L",
					"range": {
						"line": {
							"object": "DVF",
							"sign": "I",
							"opt": "EQ",
							"keyLow": "VV007",
							"keyHigh": "",
							"dataTyp": "CHAR",
							"dataLength": "001E"
						}
					}
				},
				{
					"id": "00O2TK9973U248R476SGCYESZ",
					"name": "Rebates",
					"mapname": "",
					"position": "4",
					"hidden": false,
					"parent": "",
					"drillstate": "L",
					"range": {
						"line": {
							"object": "DVF",
							"sign": "I",
							"opt": "EQ",
							"keyLow": "VV005",
							"keyHigh": "",
							"dataTyp": "CHAR",
							"dataLength": "001E"
						}
					}
				},
				{
					"id": "00O2TK9973U248R476SGCYL4J",
					"name": "Rebates Customer",
					"mapname": "",
					"position": "5",
					"hidden": false,
					"parent": "",
					"drillstate": "L",
					"range": {
						"line": {
							"object": "DVF",
							"sign": "I",
							"opt": "EQ",
							"keyLow": "VV099",
							"keyHigh": "",
							"dataTyp": "CHAR",
							"dataLength": "001E"
						}
					}
				},
				{
					"id": "00O2TK9973U248R476SGCYRG3",
					"name": "Rebates Product",
					"mapname": "",
					"position": "6",
					"hidden": false,
					"parent": "",
					"drillstate": "L",
					"range": {
						"line": {
							"object": "DVF",
							"sign": "I",
							"opt": "EQ",
							"keyLow": "VV100",
							"keyHigh": "",
							"dataTyp": "CHAR",
							"dataLength": "001E"
						}
					}
				},
				{
					"id": "00O2TK9973U248R476SGCYXRN",
					"name": "Rebates Invivo",
					"mapname": "",
					"position": "7",
					"hidden": false,
					"parent": "",
					"drillstate": "L",
					"range": {
						"line": {
							"object": "DVF",
							"sign": "I",
							"opt": "EQ",
							"keyLow": "VV101",
							"keyHigh": "",
							"dataTyp": "CHAR",
							"dataLength": "001E"
						}
					}
				},
				{
					"id": "00O2TK9973U248R476SGCZ437",
					"name": "Rebates Primary",
					"mapname": "",
					"position": "8",
					"hidden": false,
					"parent": "",
					"drillstate": "L",
					"range": {
						"line": {
							"object": "DVF",
							"sign": "I",
							"opt": "EQ",
							"keyLow": "VV106",
							"keyHigh": "",
							"dataTyp": "CHAR",
							"dataLength": "001E"
						}
					}
				},
				{
					"id": "00O2TK9973U248R476SGCZAER",
					"name": "Rebates Secondary",
					"mapname": "",
					"position": "9",
					"hidden": false,
					"parent": "",
					"drillstate": "L",
					"range": {
						"line": {
							"object": "DVF",
							"sign": "I",
							"opt": "EQ",
							"keyLow": "VV117",
							"keyHigh": "",
							"dataTyp": "CHAR",
							"dataLength": "001E"
						}
					}
				},
				{
					"id": "00O2TK9973U248R476SGCZGQB",
					"name": "Rebates Governmental",
					"mapname": "",
					"position": "10",
					"hidden": false,
					"parent": "",
					"drillstate": "L",
					"range": {
						"line": {
							"object": "DVF",
							"sign": "I",
							"opt": "EQ",
							"keyLow": "VV118",
							"keyHigh": "",
							"dataTyp": "CHAR",
							"dataLength": "001E"
						}
					}
				},
				{
					"id": "00O2TK9973U248R476SGCZN1V",
					"name": "Cash Discount",
					"mapname": "",
					"position": "11",
					"hidden": false,
					"parent": "",
					"drillstate": "L",
					"range": {
						"line": {
							"object": "DVF",
							"sign": "I",
							"opt": "EQ",
							"keyLow": "VV006",
							"keyHigh": "",
							"dataTyp": "CHAR",
							"dataLength": "001E"
						}
					}
				},
				{
					"id": "00O2TK9973U248R476SGCZTDF",
					"name": "Not Assigned",
					"mapname": "",
					"position": "12",
					"hidden": false,
					"parent": "",
					"drillstate": "L",
					"range": {
						"line": [
							{
								"object": "DVF",
								"sign": "I",
								"opt": "EQ",
								"keyLow": "#",
								"keyHigh": "",
								"dataTyp": "CHAR",
								"dataLength": "001E"
							},
							{
								"object": "0CS_ITEM",
								"sign": "I",
								"opt": "EQ",
								"keyLow": "BI0031123050",
								"keyHigh": "",
								"dataTyp": "CHAR",
								"dataLength": "000A"
							},
							{
								"object": "0CS_ITEM",
								"sign": "I",
								"opt": "EQ",
								"keyLow": "BI0030040100",
								"keyHigh": "0CS_ITEM",
								"dataTyp": "CHAR",
								"dataLength": "000A"
							}
						]
					}
				},
				{
					"id": "00O2TK9973U248R476SGCZZOZ",
					"name": "Net Sales",
					"mapname": "",
					"position": "13",
					"hidden": false,
					"parent": "",
					"drillstate": "L",
					"range": {
						"line": [
							{
								"object": "0CS_ITEM",
								"sign": "I",
								"opt": "EQ",
								"keyLow": "BI0030020100",
								"keyHigh": "0CS_ITEM",
								"dataTyp": "CHAR",
								"dataLength": "000A"
							},
							{
								"object": "0CS_ITEM",
								"sign": "I",
								"opt": "EQ",
								"keyLow": "BI0030020200",
								"keyHigh": "0CS_ITEM",
								"dataTyp": "CHAR",
								"dataLength": "000A"
							}
						]
					}
				}
			],
			"id": "00O2TK9973U248R476SGCXPIR",
			"name": "IS - Prokon Str.",
			"mapname": "",
			"position": "1"
		}
	]
}