{
	"displayFieldName": "NAME",
	"fieldAliases": {
		"OBJECTID": "OBJECTID",
		"ID": "ID",
		"ST_ABBREV": "State Abbreviation",
		"TOTPOP10": "2010 Population",
		"Hospitals": "Hospitals",
		"MedicalCenters": "Medical Centers",
		"FQHC": "Federally Qualified Health Centers",
		"HomeHealthServices": "Home Health Services",
		"NursingHomes": "Nursing Homes",
		"Pop65_Over": "Population 65 and over",
		"NAME": "Name",
		"HospNeed": "Hospitals Needed",
		"MedCenNeed": "Medical Centers Needed",
		"TotFac": "Number of Facilities",
		"FacSurplNeed": "Facility Surplus +/Need -",
		"HomeHealthNeed": "Home Health Services Needed",
		"FQHCNeed": "Federally Qualified Health Centers Needed",
		"NursingNeed": "Nursing Homes Needed",
		"Capacity": "Capacity (Number of People)",
		"PeoplePerFac": "People per Facility (State)",
		"NatPeoplePerFac": "People per Facility (Nation)",
		"People65perNH": "People 65 and Older per Nursing Home (State)",
		"NatPeople65perNH": "People 65 and Older per Nursing Home (Nation)",
		"NHCapacity": "Nursing Home Capacity (People)",
		"NHSurplNeed": "Nursing Home Surplus +/Need -"
	},
	"fields": [
		{
			"name": "OBJECTID",
			"type": "esriFieldTypeOID",
			"alias": "OBJECTID"
		},
		{
			"name": "ID",
			"type": "esriFieldTypeString",
			"alias": "ID",
			"length": 2
		},
		{
			"name": "ST_ABBREV",
			"type": "esriFieldTypeString",
			"alias": "State Abbreviation",
			"length": 2
		},
		{
			"name": "TOTPOP10",
			"type": "esriFieldTypeInteger",
			"alias": "2010 Population"
		},
		{
			"name": "Hospitals",
			"type": "esriFieldTypeInteger",
			"alias": "Hospitals"
		},
		{
			"name": "MedicalCenters",
			"type": "esriFieldTypeInteger",
			"alias": "Medical Centers"
		},
		{
			"name": "FQHC",
			"type": "esriFieldTypeInteger",
			"alias": "Federally Qualified Health Centers"
		},
		{
			"name": "HomeHealthServices",
			"type": "esriFieldTypeInteger",
			"alias": "Home Health Services"
		},
		{
			"name": "NursingHomes",
			"type": "esriFieldTypeInteger",
			"alias": "Nursing Homes"
		},
		{
			"name": "Pop65_Over",
			"type": "esriFieldTypeInteger",
			"alias": "Population 65 and over"
		},
		{
			"name": "NAME",
			"type": "esriFieldTypeString",
			"alias": "Name",
			"length": 22
		},
		{
			"name": "HospNeed",
			"type": "esriFieldTypeSmallInteger",
			"alias": "Hospitals Needed"
		},
		{
			"name": "MedCenNeed",
			"type": "esriFieldTypeSmallInteger",
			"alias": "Medical Centers Needed"
		},
		{
			"name": "TotFac",
			"type": "esriFieldTypeInteger",
			"alias": "Number of Facilities"
		},
		{
			"name": "FacSurplNeed",
			"type": "esriFieldTypeInteger",
			"alias": "Facility Surplus +/Need -"
		},
		{
			"name": "HomeHealthNeed",
			"type": "esriFieldTypeInteger",
			"alias": "Home Health Services Needed"
		},
		{
			"name": "FQHCNeed",
			"type": "esriFieldTypeInteger",
			"alias": "Federally Qualified Health Centers Needed"
		},
		{
			"name": "NursingNeed",
			"type": "esriFieldTypeInteger",
			"alias": "Nursing Homes Needed"
		},
		{
			"name": "Capacity",
			"type": "esriFieldTypeInteger",
			"alias": "Capacity (Number of People)"
		},
		{
			"name": "PeoplePerFac",
			"type": "esriFieldTypeInteger",
			"alias": "People per Facility (State)"
		},
		{
			"name": "NatPeoplePerFac",
			"type": "esriFieldTypeInteger",
			"alias": "People per Facility (Nation)"
		},
		{
			"name": "People65perNH",
			"type": "esriFieldTypeInteger",
			"alias": "People 65 and Older per Nursing Home (State)"
		},
		{
			"name": "NatPeople65perNH",
			"type": "esriFieldTypeInteger",
			"alias": "People 65 and Older per Nursing Home (Nation)"
		},
		{
			"name": "NHCapacity",
			"type": "esriFieldTypeInteger",
			"alias": "Nursing Home Capacity (People)"
		},
		{
			"name": "NHSurplNeed",
			"type": "esriFieldTypeInteger",
			"alias": "Nursing Home Surplus +/Need -"
		}
	],
	"features": [
		{
			"attributes": {
				"OBJECTID": 1,
				"ID": "02",
				"ST_ABBREV": "AK",
				"TOTPOP10": 710231,
				"Hospitals": 10,
				"MedicalCenters": 5,
				"FQHC": 166,
				"HomeHealthServices": 13,
				"NursingHomes": 15,
				"Pop65_Over": 54938,
				"NAME": "Alaska",
				"HospNeed": 6,
				"MedCenNeed": 4,
				"TotFac": 194,
				"FacSurplNeed": 140,
				"HomeHealthNeed": 23,
				"FQHCNeed": 20,
				"NursingNeed": 21,
				"Capacity": 2547802,
				"PeoplePerFac": 3661,
				"NatPeoplePerFac": 13133,
				"People65perNH": 3663,
				"NatPeople65perNH": 2567,
				"NHCapacity": 38505,
				"NHSurplNeed": -6
			}
		},
		{
			"attributes": {
				"OBJECTID": 2,
				"ID": "09",
				"ST_ABBREV": "CT",
				"TOTPOP10": 3574097,
				"Hospitals": 28,
				"MedicalCenters": 5,
				"FQHC": 176,
				"HomeHealthServices": 83,
				"NursingHomes": 239,
				"Pop65_Over": 506559,
				"NAME": "Connecticut",
				"HospNeed": 31,
				"MedCenNeed": 23,
				"TotFac": 292,
				"FacSurplNeed": 20,
				"HomeHealthNeed": 117,
				"FQHCNeed": 102,
				"NursingNeed": 197,
				"Capacity": 3834836,
				"PeoplePerFac": 12240,
				"NatPeoplePerFac": 13133,
				"People65perNH": 2119,
				"NatPeople65perNH": 2567,
				"NHCapacity": 613513,
				"NHSurplNeed": 42
			}
		},
		{
			"attributes": {
				"OBJECTID": 3,
				"ID": "15",
				"ST_ABBREV": "HI",
				"TOTPOP10": 1360301,
				"Hospitals": 8,
				"MedicalCenters": 9,
				"FQHC": 83,
				"HomeHealthServices": 14,
				"NursingHomes": 48,
				"Pop65_Over": 195138,
				"NAME": "Hawaii",
				"HospNeed": 12,
				"MedCenNeed": 9,
				"TotFac": 114,
				"FacSurplNeed": 10,
				"HomeHealthNeed": 44,
				"FQHCNeed": 39,
				"NursingNeed": 76,
				"Capacity": 1497162,
				"PeoplePerFac": 11932,
				"NatPeoplePerFac": 13133,
				"People65perNH": 4065,
				"NatPeople65perNH": 2567,
				"NHCapacity": 123216,
				"NHSurplNeed": -28
			}
		},
		{
			"attributes": {
				"OBJECTID": 4,
				"ID": "23",
				"ST_ABBREV": "ME",
				"TOTPOP10": 1328361,
				"Hospitals": 25,
				"MedicalCenters": 12,
				"FQHC": 153,
				"HomeHealthServices": 29,
				"NursingHomes": 109,
				"Pop65_Over": 211080,
				"NAME": "Maine",
				"HospNeed": 11,
				"MedCenNeed": 8,
				"TotFac": 219,
				"FacSurplNeed": 118,
				"HomeHealthNeed": 43,
				"FQHCNeed": 38,
				"NursingNeed": 82,
				"Capacity": 2876127,
				"PeoplePerFac": 6066,
				"NatPeoplePerFac": 13133,
				"People65perNH": 1937,
				"NatPeople65perNH": 2567,
				"NHCapacity": 279803,
				"NHSurplNeed": 27
			}
		},
		{
			"attributes": {
				"OBJECTID": 5,
				"ID": "25",
				"ST_ABBREV": "MA",
				"TOTPOP10": 6547629,
				"Hospitals": 44,
				"MedicalCenters": 26,
				"FQHC": 325,
				"HomeHealthServices": 130,
				"NursingHomes": 429,
				"Pop65_Over": 902724,
				"NAME": "Massachusetts",
				"HospNeed": 57,
				"MedCenNeed": 41,
				"TotFac": 525,
				"FacSurplNeed": 26,
				"HomeHealthNeed": 214,
				"FQHCNeed": 187,
				"NursingNeed": 352,
				"Capacity": 6894825,
				"PeoplePerFac": 12472,
				"NatPeoplePerFac": 13133,
				"People65perNH": 2104,
				"NatPeople65perNH": 2567,
				"NHCapacity": 1101243,
				"NHSurplNeed": 77
			}
		},
		{
			"attributes": {
				"OBJECTID": 6,
				"ID": "33",
				"ST_ABBREV": "NH",
				"TOTPOP10": 1316470,
				"Hospitals": 20,
				"MedicalCenters": 5,
				"FQHC": 60,
				"HomeHealthServices": 34,
				"NursingHomes": 80,
				"Pop65_Over": 178268,
				"NAME": "New Hampshire",
				"HospNeed": 11,
				"MedCenNeed": 8,
				"TotFac": 119,
				"FacSurplNeed": 19,
				"HomeHealthNeed": 43,
				"FQHCNeed": 38,
				"NursingNeed": 69,
				"Capacity": 1562827,
				"PeoplePerFac": 11063,
				"NatPeoplePerFac": 13133,
				"People65perNH": 2228,
				"NatPeople65perNH": 2567,
				"NHCapacity": 205360,
				"NHSurplNeed": 11
			}
		},
		{
			"attributes": {
				"OBJECTID": 7,
				"ID": "44",
				"ST_ABBREV": "RI",
				"TOTPOP10": 1052567,
				"Hospitals": 9,
				"MedicalCenters": 3,
				"FQHC": 49,
				"HomeHealthServices": 22,
				"NursingHomes": 86,
				"Pop65_Over": 151881,
				"NAME": "Rhode Island",
				"HospNeed": 9,
				"MedCenNeed": 7,
				"TotFac": 83,
				"FacSurplNeed": 3,
				"HomeHealthNeed": 34,
				"FQHCNeed": 30,
				"NursingNeed": 59,
				"Capacity": 1090039,
				"PeoplePerFac": 12682,
				"NatPeoplePerFac": 13133,
				"People65perNH": 1766,
				"NatPeople65perNH": 2567,
				"NHCapacity": 220762,
				"NHSurplNeed": 27
			}
		},
		{
			"attributes": {
				"OBJECTID": 8,
				"ID": "50",
				"ST_ABBREV": "VT",
				"TOTPOP10": 625741,
				"Hospitals": 9,
				"MedicalCenters": 6,
				"FQHC": 58,
				"HomeHealthServices": 12,
				"NursingHomes": 40,
				"Pop65_Over": 91078,
				"NAME": "Vermont",
				"HospNeed": 5,
				"MedCenNeed": 4,
				"TotFac": 85,
				"FacSurplNeed": 37,
				"HomeHealthNeed": 20,
				"FQHCNeed": 18,
				"NursingNeed": 35,
				"Capacity": 1116305,
				"PeoplePerFac": 7362,
				"NatPeoplePerFac": 13133,
				"People65perNH": 2277,
				"NatPeople65perNH": 2567,
				"NHCapacity": 102680,
				"NHSurplNeed": 5
			}
		},
		{
			"attributes": {
				"OBJECTID": 9,
				"ID": "08",
				"ST_ABBREV": "CO",
				"TOTPOP10": 5029196,
				"Hospitals": 35,
				"MedicalCenters": 35,
				"FQHC": 174,
				"HomeHealthServices": 142,
				"NursingHomes": 212,
				"Pop65_Over": 549625,
				"NAME": "Colorado",
				"HospNeed": 43,
				"MedCenNeed": 32,
				"TotFac": 386,
				"FacSurplNeed": 3,
				"HomeHealthNeed": 164,
				"FQHCNeed": 143,
				"NursingNeed": 214,
				"Capacity": 5069338,
				"PeoplePerFac": 13029,
				"NatPeoplePerFac": 13133,
				"People65perNH": 2593,
				"NatPeople65perNH": 2567,
				"NHCapacity": 544204,
				"NHSurplNeed": -2
			}
		},
		{
			"attributes": {
				"OBJECTID": 10,
				"ID": "20",
				"ST_ABBREV": "KS",
				"TOTPOP10": 2853118,
				"Hospitals": 70,
				"MedicalCenters": 42,
				"FQHC": 47,
				"HomeHealthServices": 123,
				"NursingHomes": 340,
				"Pop65_Over": 376116,
				"NAME": "Kansas",
				"HospNeed": 25,
				"MedCenNeed": 18,
				"TotFac": 282,
				"FacSurplNeed": 65,
				"HomeHealthNeed": 93,
				"FQHCNeed": 81,
				"NursingNeed": 147,
				"Capacity": 3703506,
				"PeoplePerFac": 10117,
				"NatPeoplePerFac": 13133,
				"People65perNH": 1106,
				"NatPeople65perNH": 2567,
				"NHCapacity": 872780,
				"NHSurplNeed": 193
			}
		},
		{
			"attributes": {
				"OBJECTID": 11,
				"ID": "31",
				"ST_ABBREV": "NE",
				"TOTPOP10": 1826341,
				"Hospitals": 54,
				"MedicalCenters": 33,
				"FQHC": 33,
				"HomeHealthServices": 69,
				"NursingHomes": 223,
				"Pop65_Over": 246677,
				"NAME": "Nebraska",
				"HospNeed": 16,
				"MedCenNeed": 11,
				"TotFac": 189,
				"FacSurplNeed": 50,
				"HomeHealthNeed": 60,
				"FQHCNeed": 52,
				"NursingNeed": 96,
				"Capacity": 2482137,
				"PeoplePerFac": 9663,
				"NatPeoplePerFac": 13133,
				"People65perNH": 1106,
				"NatPeople65perNH": 2567,
				"NHCapacity": 572441,
				"NHSurplNeed": 127
			}
		},
		{
			"attributes": {
				"OBJECTID": 12,
				"ID": "35",
				"ST_ABBREV": "NM",
				"TOTPOP10": 2059179,
				"Hospitals": 26,
				"MedicalCenters": 17,
				"FQHC": 133,
				"HomeHealthServices": 71,
				"NursingHomes": 70,
				"Pop65_Over": 272255,
				"NAME": "New Mexico",
				"HospNeed": 18,
				"MedCenNeed": 13,
				"TotFac": 247,
				"FacSurplNeed": 90,
				"HomeHealthNeed": 67,
				"FQHCNeed": 59,
				"NursingNeed": 106,
				"Capacity": 3243851,
				"PeoplePerFac": 8337,
				"NatPeoplePerFac": 13133,
				"People65perNH": 3889,
				"NatPeople65perNH": 2567,
				"NHCapacity": 179690,
				"NHSurplNeed": -36
			}
		},
		{
			"attributes": {
				"OBJECTID": 13,
				"ID": "38",
				"ST_ABBREV": "ND",
				"TOTPOP10": 672591,
				"Hospitals": 10,
				"MedicalCenters": 17,
				"FQHC": 23,
				"HomeHealthServices": 21,
				"NursingHomes": 86,
				"Pop65_Over": 97477,
				"NAME": "North Dakota",
				"HospNeed": 6,
				"MedCenNeed": 4,
				"TotFac": 71,
				"FacSurplNeed": 20,
				"HomeHealthNeed": 22,
				"FQHCNeed": 19,
				"NursingNeed": 38,
				"Capacity": 932443,
				"PeoplePerFac": 9473,
				"NatPeoplePerFac": 13133,
				"People65perNH": 1133,
				"NatPeople65perNH": 2567,
				"NHCapacity": 220762,
				"NHSurplNeed": 48
			}
		},
		{
			"attributes": {
				"OBJECTID": 14,
				"ID": "40",
				"ST_ABBREV": "OK",
				"TOTPOP10": 3751351,
				"Hospitals": 77,
				"MedicalCenters": 46,
				"FQHC": 63,
				"HomeHealthServices": 234,
				"NursingHomes": 317,
				"Pop65_Over": 506714,
				"NAME": "Oklahoma",
				"HospNeed": 32,
				"MedCenNeed": 24,
				"TotFac": 420,
				"FacSurplNeed": 134,
				"HomeHealthNeed": 123,
				"FQHCNeed": 107,
				"NursingNeed": 197,
				"Capacity": 5515860,
				"PeoplePerFac": 8932,
				"NatPeoplePerFac": 13133,
				"People65perNH": 1598,
				"NatPeople65perNH": 2567,
				"NHCapacity": 813739,
				"NHSurplNeed": 120
			}
		},
		{
			"attributes": {
				"OBJECTID": 15,
				"ID": "46",
				"ST_ABBREV": "SD",
				"TOTPOP10": 814180,
				"Hospitals": 32,
				"MedicalCenters": 16,
				"FQHC": 44,
				"HomeHealthServices": 37,
				"NursingHomes": 110,
				"Pop65_Over": 116581,
				"NAME": "South Dakota",
				"HospNeed": 7,
				"MedCenNeed": 5,
				"TotFac": 129,
				"FacSurplNeed": 67,
				"HomeHealthNeed": 27,
				"FQHCNeed": 23,
				"NursingNeed": 45,
				"Capacity": 1694157,
				"PeoplePerFac": 6311,
				"NatPeoplePerFac": 13133,
				"People65perNH": 1060,
				"NatPeople65perNH": 2567,
				"NHCapacity": 282370,
				"NHSurplNeed": 65
			}
		},
		{
			"attributes": {
				"OBJECTID": 16,
				"ID": "53",
				"ST_ABBREV": "WA",
				"TOTPOP10": 6724540,
				"Hospitals": 48,
				"MedicalCenters": 25,
				"FQHC": 228,
				"HomeHealthServices": 58,
				"NursingHomes": 230,
				"Pop65_Over": 827677,
				"NAME": "Washington",
				"HospNeed": 58,
				"MedCenNeed": 42,
				"TotFac": 359,
				"FacSurplNeed": -153,
				"HomeHealthNeed": 220,
				"FQHCNeed": 192,
				"NursingNeed": 322,
				"Capacity": 4714747,
				"PeoplePerFac": 18731,
				"NatPeoplePerFac": 13133,
				"People65perNH": 3599,
				"NatPeople65perNH": 2567,
				"NHCapacity": 590410,
				"NHSurplNeed": -92
			}
		},
		{
			"attributes": {
				"OBJECTID": 17,
				"ID": "56",
				"ST_ABBREV": "WY",
				"TOTPOP10": 563626,
				"Hospitals": 17,
				"MedicalCenters": 12,
				"FQHC": 18,
				"HomeHealthServices": 26,
				"NursingHomes": 38,
				"Pop65_Over": 70090,
				"NAME": "Wyoming",
				"HospNeed": 5,
				"MedCenNeed": 4,
				"TotFac": 73,
				"FacSurplNeed": 30,
				"HomeHealthNeed": 18,
				"FQHCNeed": 16,
				"NursingNeed": 27,
				"Capacity": 958709,
				"PeoplePerFac": 7721,
				"NatPeoplePerFac": 13133,
				"People65perNH": 1844,
				"NatPeople65perNH": 2567,
				"NHCapacity": 97546,
				"NHSurplNeed": 11
			}
		},
		{
			"attributes": {
				"OBJECTID": 18,
				"ID": "04",
				"ST_ABBREV": "AZ",
				"TOTPOP10": 6392017,
				"Hospitals": 35,
				"MedicalCenters": 44,
				"FQHC": 156,
				"HomeHealthServices": 99,
				"NursingHomes": 137,
				"Pop65_Over": 881831,
				"NAME": "Arizona",
				"HospNeed": 55,
				"MedCenNeed": 40,
				"TotFac": 334,
				"FacSurplNeed": -153,
				"HomeHealthNeed": 209,
				"FQHCNeed": 182,
				"NursingNeed": 344,
				"Capacity": 4386422,
				"PeoplePerFac": 19138,
				"NatPeoplePerFac": 13133,
				"People65perNH": 6437,
				"NatPeople65perNH": 2567,
				"NHCapacity": 351679,
				"NHSurplNeed": -207
			}
		},
		{
			"attributes": {
				"OBJECTID": 19,
				"ID": "06",
				"ST_ABBREV": "CA",
				"TOTPOP10": 37253956,
				"Hospitals": 216,
				"MedicalCenters": 142,
				"FQHC": 1210,
				"HomeHealthServices": 760,
				"NursingHomes": 1241,
				"Pop65_Over": 4246514,
				"NAME": "California",
				"HospNeed": 322,
				"MedCenNeed": 235,
				"TotFac": 2328,
				"FacSurplNeed": -509,
				"HomeHealthNeed": 1218,
				"FQHCNeed": 1062,
				"NursingNeed": 1654,
				"Capacity": 30573624,
				"PeoplePerFac": 16003,
				"NatPeoplePerFac": 13133,
				"People65perNH": 3422,
				"NatPeople65perNH": 2567,
				"NHCapacity": 3185647,
				"NHSurplNeed": -413
			}
		},
		{
			"attributes": {
				"OBJECTID": 20,
				"ID": "16",
				"ST_ABBREV": "ID",
				"TOTPOP10": 1567582,
				"Hospitals": 6,
				"MedicalCenters": 14,
				"FQHC": 68,
				"HomeHealthServices": 43,
				"NursingHomes": 79,
				"Pop65_Over": 194668,
				"NAME": "Idaho",
				"HospNeed": 14,
				"MedCenNeed": 10,
				"TotFac": 131,
				"FacSurplNeed": 12,
				"HomeHealthNeed": 51,
				"FQHCNeed": 45,
				"NursingNeed": 76,
				"Capacity": 1720423,
				"PeoplePerFac": 11966,
				"NatPeoplePerFac": 13133,
				"People65perNH": 2464,
				"NatPeople65perNH": 2567,
				"NHCapacity": 202793,
				"NHSurplNeed": 3
			}
		},
		{
			"attributes": {
				"OBJECTID": 21,
				"ID": "30",
				"ST_ABBREV": "MT",
				"TOTPOP10": 989415,
				"Hospitals": 24,
				"MedicalCenters": 26,
				"FQHC": 88,
				"HomeHealthServices": 35,
				"NursingHomes": 87,
				"Pop65_Over": 146742,
				"NAME": "Montana",
				"HospNeed": 9,
				"MedCenNeed": 6,
				"TotFac": 173,
				"FacSurplNeed": 98,
				"HomeHealthNeed": 32,
				"FQHCNeed": 28,
				"NursingNeed": 57,
				"Capacity": 2272009,
				"PeoplePerFac": 5719,
				"NatPeoplePerFac": 13133,
				"People65perNH": 1687,
				"NatPeople65perNH": 2567,
				"NHCapacity": 223329,
				"NHSurplNeed": 30
			}
		},
		{
			"attributes": {
				"OBJECTID": 22,
				"ID": "32",
				"ST_ABBREV": "NV",
				"TOTPOP10": 2700551,
				"Hospitals": 18,
				"MedicalCenters": 10,
				"FQHC": 37,
				"HomeHealthServices": 88,
				"NursingHomes": 50,
				"Pop65_Over": 324359,
				"NAME": "Nevada",
				"HospNeed": 23,
				"MedCenNeed": 17,
				"TotFac": 153,
				"FacSurplNeed": -53,
				"HomeHealthNeed": 88,
				"FQHCNeed": 77,
				"NursingNeed": 126,
				"Capacity": 2009349,
				"PeoplePerFac": 17651,
				"NatPeoplePerFac": 13133,
				"People65perNH": 6487,
				"NatPeople65perNH": 2567,
				"NHCapacity": 128350,
				"NHSurplNeed": -76
			}
		},
		{
			"attributes": {
				"OBJECTID": 23,
				"ID": "41",
				"ST_ABBREV": "OR",
				"TOTPOP10": 3831074,
				"Hospitals": 33,
				"MedicalCenters": 24,
				"FQHC": 193,
				"HomeHealthServices": 56,
				"NursingHomes": 137,
				"Pop65_Over": 533533,
				"NAME": "Oregon",
				"HospNeed": 33,
				"MedCenNeed": 24,
				"TotFac": 306,
				"FacSurplNeed": 14,
				"HomeHealthNeed": 125,
				"FQHCNeed": 109,
				"NursingNeed": 208,
				"Capacity": 4018698,
				"PeoplePerFac": 12520,
				"NatPeoplePerFac": 13133,
				"People65perNH": 3894,
				"NatPeople65perNH": 2567,
				"NHCapacity": 351679,
				"NHSurplNeed": -71
			}
		},
		{
			"attributes": {
				"OBJECTID": 24,
				"ID": "48",
				"ST_ABBREV": "TX",
				"TOTPOP10": 25145561,
				"Hospitals": 185,
				"MedicalCenters": 177,
				"FQHC": 383,
				"HomeHealthServices": 2114,
				"NursingHomes": 1169,
				"Pop65_Over": 2601886,
				"NAME": "Texas",
				"HospNeed": 217,
				"MedCenNeed": 158,
				"TotFac": 2859,
				"FacSurplNeed": 944,
				"HomeHealthNeed": 822,
				"FQHCNeed": 717,
				"NursingNeed": 1014,
				"Capacity": 37547247,
				"PeoplePerFac": 8795,
				"NatPeoplePerFac": 13133,
				"People65perNH": 2226,
				"NatPeople65perNH": 2567,
				"NHCapacity": 3000823,
				"NHSurplNeed": 155
			}
		},
		{
			"attributes": {
				"OBJECTID": 25,
				"ID": "49",
				"ST_ABBREV": "UT",
				"TOTPOP10": 2763885,
				"Hospitals": 24,
				"MedicalCenters": 18,
				"FQHC": 46,
				"HomeHealthServices": 78,
				"NursingHomes": 98,
				"Pop65_Over": 249462,
				"NAME": "Utah",
				"HospNeed": 24,
				"MedCenNeed": 17,
				"TotFac": 166,
				"FacSurplNeed": -44,
				"HomeHealthNeed": 90,
				"FQHCNeed": 79,
				"NursingNeed": 97,
				"Capacity": 2180078,
				"PeoplePerFac": 16650,
				"NatPeoplePerFac": 13133,
				"People65perNH": 2546,
				"NatPeople65perNH": 2567,
				"NHCapacity": 251566,
				"NHSurplNeed": 1
			}
		},
		{
			"attributes": {
				"OBJECTID": 26,
				"ID": "01",
				"ST_ABBREV": "AL",
				"TOTPOP10": 4779736,
				"Hospitals": 40,
				"MedicalCenters": 61,
				"FQHC": 165,
				"HomeHealthServices": 148,
				"NursingHomes": 228,
				"Pop65_Over": 657792,
				"NAME": "Alabama",
				"HospNeed": 41,
				"MedCenNeed": 30,
				"TotFac": 414,
				"FacSurplNeed": 50,
				"HomeHealthNeed": 156,
				"FQHCNeed": 136,
				"NursingNeed": 256,
				"Capacity": 5437062,
				"PeoplePerFac": 11545,
				"NatPeoplePerFac": 13133,
				"People65perNH": 2885,
				"NatPeople65perNH": 2567,
				"NHCapacity": 585276,
				"NHSurplNeed": -28
			}
		},
		{
			"attributes": {
				"OBJECTID": 27,
				"ID": "12",
				"ST_ABBREV": "FL",
				"TOTPOP10": 18801310,
				"Hospitals": 95,
				"MedicalCenters": 85,
				"FQHC": 394,
				"HomeHealthServices": 1158,
				"NursingHomes": 677,
				"Pop65_Over": 3259602,
				"NAME": "Florida",
				"HospNeed": 163,
				"MedCenNeed": 118,
				"TotFac": 1732,
				"FacSurplNeed": 300,
				"HomeHealthNeed": 615,
				"FQHCNeed": 536,
				"NursingNeed": 1270,
				"Capacity": 22746356,
				"PeoplePerFac": 10855,
				"NatPeoplePerFac": 13133,
				"People65perNH": 4815,
				"NatPeople65perNH": 2567,
				"NHCapacity": 1737859,
				"NHSurplNeed": -593
			}
		},
		{
			"attributes": {
				"OBJECTID": 28,
				"ID": "13",
				"ST_ABBREV": "GA",
				"TOTPOP10": 9687653,
				"Hospitals": 74,
				"MedicalCenters": 57,
				"FQHC": 165,
				"HomeHealthServices": 100,
				"NursingHomes": 359,
				"Pop65_Over": 1032035,
				"NAME": "Georgia",
				"HospNeed": 84,
				"MedCenNeed": 61,
				"TotFac": 396,
				"FacSurplNeed": -342,
				"HomeHealthNeed": 317,
				"FQHCNeed": 276,
				"NursingNeed": 402,
				"Capacity": 5200668,
				"PeoplePerFac": 24464,
				"NatPeoplePerFac": 13133,
				"People65perNH": 2875,
				"NatPeople65perNH": 2567,
				"NHCapacity": 921553,
				"NHSurplNeed": -43
			}
		},
		{
			"attributes": {
				"OBJECTID": 29,
				"ID": "18",
				"ST_ABBREV": "IN",
				"TOTPOP10": 6483802,
				"Hospitals": 94,
				"MedicalCenters": 28,
				"FQHC": 96,
				"HomeHealthServices": 194,
				"NursingHomes": 502,
				"Pop65_Over": 841108,
				"NAME": "Indiana",
				"HospNeed": 56,
				"MedCenNeed": 41,
				"TotFac": 412,
				"FacSurplNeed": -82,
				"HomeHealthNeed": 212,
				"FQHCNeed": 185,
				"NursingNeed": 328,
				"Capacity": 5410796,
				"PeoplePerFac": 15737,
				"NatPeoplePerFac": 13133,
				"People65perNH": 1676,
				"NatPeople65perNH": 2567,
				"NHCapacity": 1288634,
				"NHSurplNeed": 174
			}
		},
		{
			"attributes": {
				"OBJECTID": 30,
				"ID": "21",
				"ST_ABBREV": "KY",
				"TOTPOP10": 4339367,
				"Hospitals": 57,
				"MedicalCenters": 35,
				"FQHC": 104,
				"HomeHealthServices": 100,
				"NursingHomes": 286,
				"Pop65_Over": 578227,
				"NAME": "Kentucky",
				"HospNeed": 38,
				"MedCenNeed": 27,
				"TotFac": 296,
				"FacSurplNeed": -34,
				"HomeHealthNeed": 142,
				"FQHCNeed": 124,
				"NursingNeed": 225,
				"Capacity": 3887368,
				"PeoplePerFac": 14660,
				"NatPeoplePerFac": 13133,
				"People65perNH": 2022,
				"NatPeople65perNH": 2567,
				"NHCapacity": 734162,
				"NHSurplNeed": 61
			}
		},
		{
			"attributes": {
				"OBJECTID": 31,
				"ID": "22",
				"ST_ABBREV": "LA",
				"TOTPOP10": 4533372,
				"Hospitals": 61,
				"MedicalCenters": 57,
				"FQHC": 119,
				"HomeHealthServices": 218,
				"NursingHomes": 282,
				"Pop65_Over": 557857,
				"NAME": "Louisiana",
				"HospNeed": 39,
				"MedCenNeed": 29,
				"TotFac": 455,
				"FacSurplNeed": 110,
				"HomeHealthNeed": 148,
				"FQHCNeed": 129,
				"NursingNeed": 217,
				"Capacity": 5975515,
				"PeoplePerFac": 9963,
				"NatPeoplePerFac": 13133,
				"People65perNH": 1978,
				"NatPeople65perNH": 2567,
				"NHCapacity": 723894,
				"NHSurplNeed": 65
			}
		},
		{
			"attributes": {
				"OBJECTID": 32,
				"ID": "28",
				"ST_ABBREV": "MS",
				"TOTPOP10": 2967297,
				"Hospitals": 48,
				"MedicalCenters": 39,
				"FQHC": 201,
				"HomeHealthServices": 52,
				"NursingHomes": 203,
				"Pop65_Over": 380407,
				"NAME": "Mississippi",
				"HospNeed": 26,
				"MedCenNeed": 19,
				"TotFac": 340,
				"FacSurplNeed": 114,
				"HomeHealthNeed": 97,
				"FQHCNeed": 85,
				"NursingNeed": 148,
				"Capacity": 4465220,
				"PeoplePerFac": 8727,
				"NatPeoplePerFac": 13133,
				"People65perNH": 1874,
				"NatPeople65perNH": 2567,
				"NHCapacity": 521101,
				"NHSurplNeed": 55
			}
		},
		{
			"attributes": {
				"OBJECTID": 33,
				"ID": "45",
				"ST_ABBREV": "SC",
				"TOTPOP10": 4625364,
				"Hospitals": 27,
				"MedicalCenters": 31,
				"FQHC": 162,
				"HomeHealthServices": 66,
				"NursingHomes": 184,
				"Pop65_Over": 631874,
				"NAME": "South Carolina",
				"HospNeed": 40,
				"MedCenNeed": 29,
				"TotFac": 286,
				"FacSurplNeed": -66,
				"HomeHealthNeed": 151,
				"FQHCNeed": 132,
				"NursingNeed": 246,
				"Capacity": 3756038,
				"PeoplePerFac": 16173,
				"NatPeoplePerFac": 13133,
				"People65perNH": 3434,
				"NatPeople65perNH": 2567,
				"NHCapacity": 472328,
				"NHSurplNeed": -62
			}
		},
		{
			"attributes": {
				"OBJECTID": 34,
				"ID": "47",
				"ST_ABBREV": "TN",
				"TOTPOP10": 6346105,
				"Hospitals": 59,
				"MedicalCenters": 61,
				"FQHC": 209,
				"HomeHealthServices": 140,
				"NursingHomes": 318,
				"Pop65_Over": 853462,
				"NAME": "Tennessee",
				"HospNeed": 55,
				"MedCenNeed": 40,
				"TotFac": 469,
				"FacSurplNeed": -14,
				"HomeHealthNeed": 207,
				"FQHCNeed": 181,
				"NursingNeed": 332,
				"Capacity": 6159377,
				"PeoplePerFac": 13531,
				"NatPeoplePerFac": 13133,
				"People65perNH": 2684,
				"NatPeople65perNH": 2567,
				"NHCapacity": 816306,
				"NHSurplNeed": -14
			}
		},
		{
			"attributes": {
				"OBJECTID": 35,
				"ID": "05",
				"ST_ABBREV": "AR",
				"TOTPOP10": 2915918,
				"Hospitals": 28,
				"MedicalCenters": 45,
				"FQHC": 79,
				"HomeHealthServices": 169,
				"NursingHomes": 231,
				"Pop65_Over": 419981,
				"NAME": "Arkansas",
				"HospNeed": 25,
				"MedCenNeed": 18,
				"TotFac": 321,
				"FacSurplNeed": 99,
				"HomeHealthNeed": 95,
				"FQHCNeed": 83,
				"NursingNeed": 164,
				"Capacity": 4215693,
				"PeoplePerFac": 9084,
				"NatPeoplePerFac": 13133,
				"People65perNH": 1818,
				"NatPeople65perNH": 2567,
				"NHCapacity": 592977,
				"NHSurplNeed": 67
			}
		},
		{
			"attributes": {
				"OBJECTID": 36,
				"ID": "17",
				"ST_ABBREV": "IL",
				"TOTPOP10": 12830632,
				"Hospitals": 130,
				"MedicalCenters": 50,
				"FQHC": 563,
				"HomeHealthServices": 585,
				"NursingHomes": 788,
				"Pop65_Over": 1609213,
				"NAME": "Illinois",
				"HospNeed": 111,
				"MedCenNeed": 81,
				"TotFac": 1328,
				"FacSurplNeed": 351,
				"HomeHealthNeed": 419,
				"FQHCNeed": 366,
				"NursingNeed": 627,
				"Capacity": 17440624,
				"PeoplePerFac": 9662,
				"NatPeoplePerFac": 13133,
				"People65perNH": 2042,
				"NatPeople65perNH": 2567,
				"NHCapacity": 2022796,
				"NHSurplNeed": 161
			}
		},
		{
			"attributes": {
				"OBJECTID": 37,
				"ID": "19",
				"ST_ABBREV": "IA",
				"TOTPOP10": 3046355,
				"Hospitals": 58,
				"MedicalCenters": 51,
				"FQHC": 85,
				"HomeHealthServices": 173,
				"NursingHomes": 443,
				"Pop65_Over": 452888,
				"NAME": "Iowa",
				"HospNeed": 26,
				"MedCenNeed": 19,
				"TotFac": 367,
				"FacSurplNeed": 135,
				"HomeHealthNeed": 100,
				"FQHCNeed": 87,
				"NursingNeed": 176,
				"Capacity": 4819811,
				"PeoplePerFac": 8301,
				"NatPeoplePerFac": 13133,
				"People65perNH": 1022,
				"NatPeople65perNH": 2567,
				"NHCapacity": 1137181,
				"NHSurplNeed": 267
			}
		},
		{
			"attributes": {
				"OBJECTID": 38,
				"ID": "26",
				"ST_ABBREV": "MI",
				"TOTPOP10": 9883640,
				"Hospitals": 80,
				"MedicalCenters": 51,
				"FQHC": 197,
				"HomeHealthServices": 515,
				"NursingHomes": 429,
				"Pop65_Over": 1361530,
				"NAME": "Michigan",
				"HospNeed": 85,
				"MedCenNeed": 62,
				"TotFac": 843,
				"FacSurplNeed": 90,
				"HomeHealthNeed": 323,
				"FQHCNeed": 282,
				"NursingNeed": 530,
				"Capacity": 11071119,
				"PeoplePerFac": 11724,
				"NatPeoplePerFac": 13133,
				"People65perNH": 3174,
				"NatPeople65perNH": 2567,
				"NHCapacity": 1101243,
				"NHSurplNeed": -101
			}
		},
		{
			"attributes": {
				"OBJECTID": 39,
				"ID": "27",
				"ST_ABBREV": "MN",
				"TOTPOP10": 5303925,
				"Hospitals": 67,
				"MedicalCenters": 61,
				"FQHC": 83,
				"HomeHealthServices": 198,
				"NursingHomes": 386,
				"Pop65_Over": 683121,
				"NAME": "Minnesota",
				"HospNeed": 46,
				"MedCenNeed": 33,
				"TotFac": 409,
				"FacSurplNeed": 5,
				"HomeHealthNeed": 173,
				"FQHCNeed": 151,
				"NursingNeed": 266,
				"Capacity": 5371397,
				"PeoplePerFac": 12968,
				"NatPeoplePerFac": 13133,
				"People65perNH": 1770,
				"NatPeople65perNH": 2567,
				"NHCapacity": 990862,
				"NHSurplNeed": 120
			}
		},
		{
			"attributes": {
				"OBJECTID": 40,
				"ID": "29",
				"ST_ABBREV": "MO",
				"TOTPOP10": 5988927,
				"Hospitals": 62,
				"MedicalCenters": 50,
				"FQHC": 194,
				"HomeHealthServices": 171,
				"NursingHomes": 513,
				"Pop65_Over": 838294,
				"NAME": "Missouri",
				"HospNeed": 52,
				"MedCenNeed": 38,
				"TotFac": 477,
				"FacSurplNeed": 21,
				"HomeHealthNeed": 196,
				"FQHCNeed": 171,
				"NursingNeed": 327,
				"Capacity": 6264441,
				"PeoplePerFac": 12555,
				"NatPeoplePerFac": 13133,
				"People65perNH": 1634,
				"NatPeople65perNH": 2567,
				"NHCapacity": 1316871,
				"NHSurplNeed": 186
			}
		},
		{
			"attributes": {
				"OBJECTID": 41,
				"ID": "39",
				"ST_ABBREV": "OH",
				"TOTPOP10": 11536504,
				"Hospitals": 113,
				"MedicalCenters": 59,
				"FQHC": 182,
				"HomeHealthServices": 521,
				"NursingHomes": 958,
				"Pop65_Over": 1622015,
				"NAME": "Ohio",
				"HospNeed": 100,
				"MedCenNeed": 73,
				"TotFac": 875,
				"FacSurplNeed": -3,
				"HomeHealthNeed": 377,
				"FQHCNeed": 329,
				"NursingNeed": 632,
				"Capacity": 11491375,
				"PeoplePerFac": 13185,
				"NatPeoplePerFac": 13133,
				"People65perNH": 1693,
				"NatPeople65perNH": 2567,
				"NHCapacity": 2459186,
				"NHSurplNeed": 326
			}
		},
		{
			"attributes": {
				"OBJECTID": 42,
				"ID": "55",
				"ST_ABBREV": "WI",
				"TOTPOP10": 5686986,
				"Hospitals": 20,
				"MedicalCenters": 105,
				"FQHC": 96,
				"HomeHealthServices": 122,
				"NursingHomes": 392,
				"Pop65_Over": 777314,
				"NAME": "Wisconsin",
				"HospNeed": 49,
				"MedCenNeed": 36,
				"TotFac": 343,
				"FacSurplNeed": -90,
				"HomeHealthNeed": 186,
				"FQHCNeed": 162,
				"NursingNeed": 303,
				"Capacity": 4504619,
				"PeoplePerFac": 16580,
				"NatPeoplePerFac": 13133,
				"People65perNH": 1983,
				"NatPeople65perNH": 2567,
				"NHCapacity": 1006264,
				"NHSurplNeed": 89
			}
		},
		{
			"attributes": {
				"OBJECTID": 43,
				"ID": "10",
				"ST_ABBREV": "DE",
				"TOTPOP10": 897934,
				"Hospitals": 3,
				"MedicalCenters": 2,
				"FQHC": 15,
				"HomeHealthServices": 20,
				"NursingHomes": 47,
				"Pop65_Over": 129277,
				"NAME": "Delaware",
				"HospNeed": 8,
				"MedCenNeed": 6,
				"TotFac": 40,
				"FacSurplNeed": -28,
				"HomeHealthNeed": 29,
				"FQHCNeed": 26,
				"NursingNeed": 50,
				"Capacity": 525320,
				"PeoplePerFac": 22448,
				"NatPeoplePerFac": 13133,
				"People65perNH": 2751,
				"NatPeople65perNH": 2567,
				"NHCapacity": 120649,
				"NHSurplNeed": -3
			}
		},
		{
			"attributes": {
				"OBJECTID": 44,
				"ID": "11",
				"ST_ABBREV": "DC",
				"TOTPOP10": 601723,
				"Hospitals": 7,
				"MedicalCenters": 2,
				"FQHC": 47,
				"HomeHealthServices": 21,
				"NursingHomes": 19,
				"Pop65_Over": 68809,
				"NAME": "District of Columbia",
				"HospNeed": 5,
				"MedCenNeed": 4,
				"TotFac": 77,
				"FacSurplNeed": 31,
				"HomeHealthNeed": 20,
				"FQHCNeed": 17,
				"NursingNeed": 27,
				"Capacity": 1011241,
				"PeoplePerFac": 7815,
				"NatPeoplePerFac": 13133,
				"People65perNH": 3622,
				"NatPeople65perNH": 2567,
				"NHCapacity": 48773,
				"NHSurplNeed": -8
			}
		},
		{
			"attributes": {
				"OBJECTID": 45,
				"ID": "24",
				"ST_ABBREV": "MD",
				"TOTPOP10": 5773552,
				"Hospitals": 34,
				"MedicalCenters": 13,
				"FQHC": 141,
				"HomeHealthServices": 51,
				"NursingHomes": 231,
				"Pop65_Over": 707642,
				"NAME": "Maryland",
				"HospNeed": 50,
				"MedCenNeed": 36,
				"TotFac": 239,
				"FacSurplNeed": -201,
				"HomeHealthNeed": 189,
				"FQHCNeed": 165,
				"NursingNeed": 276,
				"Capacity": 3138787,
				"PeoplePerFac": 24157,
				"NatPeoplePerFac": 13133,
				"People65perNH": 3063,
				"NatPeople65perNH": 2567,
				"NHCapacity": 592977,
				"NHSurplNeed": -45
			}
		},
		{
			"attributes": {
				"OBJECTID": 46,
				"ID": "34",
				"ST_ABBREV": "NJ",
				"TOTPOP10": 8791894,
				"Hospitals": 30,
				"MedicalCenters": 35,
				"FQHC": 131,
				"HomeHealthServices": 51,
				"NursingHomes": 360,
				"Pop65_Over": 1185993,
				"NAME": "New Jersey",
				"HospNeed": 76,
				"MedCenNeed": 55,
				"TotFac": 247,
				"FacSurplNeed": -422,
				"HomeHealthNeed": 287,
				"FQHCNeed": 251,
				"NursingNeed": 462,
				"Capacity": 3243851,
				"PeoplePerFac": 35595,
				"NatPeoplePerFac": 13133,
				"People65perNH": 3294,
				"NatPeople65perNH": 2567,
				"NHCapacity": 924120,
				"NHSurplNeed": -102
			}
		},
		{
			"attributes": {
				"OBJECTID": 47,
				"ID": "36",
				"ST_ABBREV": "NY",
				"TOTPOP10": 19378102,
				"Hospitals": 137,
				"MedicalCenters": 53,
				"FQHC": 568,
				"HomeHealthServices": 190,
				"NursingHomes": 635,
				"Pop65_Over": 2617943,
				"NAME": "New York",
				"HospNeed": 168,
				"MedCenNeed": 122,
				"TotFac": 948,
				"FacSurplNeed": -528,
				"HomeHealthNeed": 633,
				"FQHCNeed": 553,
				"NursingNeed": 1020,
				"Capacity": 12450084,
				"PeoplePerFac": 20441,
				"NatPeoplePerFac": 13133,
				"People65perNH": 4123,
				"NatPeople65perNH": 2567,
				"NHCapacity": 1630045,
				"NHSurplNeed": -385
			}
		},
		{
			"attributes": {
				"OBJECTID": 48,
				"ID": "37",
				"ST_ABBREV": "NC",
				"TOTPOP10": 9535483,
				"Hospitals": 73,
				"MedicalCenters": 40,
				"FQHC": 174,
				"HomeHealthServices": 168,
				"NursingHomes": 424,
				"Pop65_Over": 1234079,
				"NAME": "North Carolina",
				"HospNeed": 82,
				"MedCenNeed": 60,
				"TotFac": 455,
				"FacSurplNeed": -271,
				"HomeHealthNeed": 312,
				"FQHCNeed": 272,
				"NursingNeed": 481,
				"Capacity": 5975515,
				"PeoplePerFac": 20957,
				"NatPeoplePerFac": 13133,
				"People65perNH": 2911,
				"NatPeople65perNH": 2567,
				"NHCapacity": 1088408,
				"NHSurplNeed": -57
			}
		},
		{
			"attributes": {
				"OBJECTID": 49,
				"ID": "42",
				"ST_ABBREV": "PA",
				"TOTPOP10": 12702379,
				"Hospitals": 114,
				"MedicalCenters": 58,
				"FQHC": 256,
				"HomeHealthServices": 323,
				"NursingHomes": 712,
				"Pop65_Over": 1959307,
				"NAME": "Pennsylvania",
				"HospNeed": 110,
				"MedCenNeed": 80,
				"TotFac": 751,
				"FacSurplNeed": -216,
				"HomeHealthNeed": 415,
				"FQHCNeed": 362,
				"NursingNeed": 763,
				"Capacity": 9862883,
				"PeoplePerFac": 16914,
				"NatPeoplePerFac": 13133,
				"People65perNH": 2752,
				"NatPeople65perNH": 2567,
				"NHCapacity": 1827704,
				"NHSurplNeed": -51
			}
		},
		{
			"attributes": {
				"OBJECTID": 50,
				"ID": "51",
				"ST_ABBREV": "VA",
				"TOTPOP10": 8001024,
				"Hospitals": 56,
				"MedicalCenters": 31,
				"FQHC": 162,
				"HomeHealthServices": 190,
				"NursingHomes": 285,
				"Pop65_Over": 976937,
				"NAME": "Virginia",
				"HospNeed": 69,
				"MedCenNeed": 50,
				"TotFac": 439,
				"FacSurplNeed": -170,
				"HomeHealthNeed": 262,
				"FQHCNeed": 228,
				"NursingNeed": 381,
				"Capacity": 5765387,
				"PeoplePerFac": 18226,
				"NatPeoplePerFac": 13133,
				"People65perNH": 3428,
				"NatPeople65perNH": 2567,
				"NHCapacity": 731595,
				"NHSurplNeed": -96
			}
		},
		{
			"attributes": {
				"OBJECTID": 51,
				"ID": "54",
				"ST_ABBREV": "WV",
				"TOTPOP10": 1852994,
				"Hospitals": 40,
				"MedicalCenters": 15,
				"FQHC": 202,
				"HomeHealthServices": 57,
				"NursingHomes": 127,
				"Pop65_Over": 297404,
				"NAME": "West Virginia",
				"HospNeed": 16,
				"MedCenNeed": 12,
				"TotFac": 314,
				"FacSurplNeed": 173,
				"HomeHealthNeed": 61,
				"FQHCNeed": 53,
				"NursingNeed": 116,
				"Capacity": 4123762,
				"PeoplePerFac": 5901,
				"NatPeoplePerFac": 13133,
				"People65perNH": 2342,
				"NatPeople65perNH": 2567,
				"NHCapacity": 326009,
				"NHSurplNeed": 11
			}
		}
	]
}