{
	"query": {
		"title": "SOA00_COPAPRPCF_QS037",
		"limitexceeded": false,
		"nosuchuser": false,
		"nodata": false,
		"nosuchquery": false,
		"noauth": false
	},
	"meta": {
		"char001": {
			"key": "00O2TK9973U281UYWKB2R68R9",
			"value": "Key Figures"
		},
		"kf001": {
			"key": "00O2TK9973U281UYWKB2QY5ZP",
			"value": "\nJan"
		},
		"kf002": {
			"key": "00O2TK9973U281UYWKB2QYOYD",
			"value": "\nFeb"
		},
		"kf003": {
			"key": "00O2TK9973U281UYWKB2QZ7X1",
			"value": "\nMar"
		},
		"kf004": {
			"key": "00O2TK9973U281UYWKB2R03IT",
			"value": "\nApr"
		},
		"kf005": {
			"key": "00O2TK9973U281UYWKB2R3FMD",
			"value": "\nMay"
		},
		"kf006": {
			"key": "00O2TK9973U281UYWKB2R0MHH",
			"value": "\nJun"
		},
		"kf007": {
			"key": "00O2TK9973U281UZL3796IV0P",
			"value": "\nJul"
		},
		"kf008": {
			"key": "00O2TK9973U281UZL3796JQMH",
			"value": "\nAug"
		},
		"kf009": {
			"key": "00O2TK9973U281UZL3796KM89",
			"value": "\nSep"
		},
		"kf010": {
			"key": "00O2TK9973U281UZL3796LHU1",
			"value": "\nOct"
		},
		"kf011": {
			"key": "00O2TK9973U281UZL3796MDFT",
			"value": "\nNov"
		},
		"kf012": {
			"key": "00O2TK9973U281UYWKB2R3YL1",
			"value": "\nDec"
		}
	},
	"cube": [
		{
			"char001": {
				"key": "00O2TK9973U281UYWKB2R6F2T",
				"value": "01 Accounts Receivable ACT"
			},
			"kf001": {
				"key": "00O2TK9973U281UYWKB2QY5ZP",
				"value": "9257998569.51",
				"unit": "EUR"
			},
			"kf002": {
				"key": "00O2TK9973U281UYWKB2QYOYD",
				"value": "9831506763.33",
				"unit": "EUR"
			},
			"kf003": {
				"key": "00O2TK9973U281UYWKB2QZ7X1",
				"value": "11061588804.19",
				"unit": "EUR"
			},
			"kf004": {
				"key": "00O2TK9973U281UYWKB2R03IT",
				"value": "11276774683.06",
				"unit": "EUR"
			},
			"kf005": {
				"key": "00O2TK9973U281UYWKB2R3FMD",
				"value": "11200327860.73",
				"unit": "EUR"
			},
			"kf006": {
				"key": "00O2TK9973U281UYWKB2R0MHH",
				"value": "10895556018.36",
				"unit": "EUR"
			},
			"kf007": {
				"key": "00O2TK9973U281UZL3796IV0P",
				"value": "10431350356.44",
				"unit": "EUR"
			},
			"kf008": {
				"key": "00O2TK9973U281UZL3796JQMH",
				"value": "9821116467.74",
				"unit": "EUR"
			},
			"kf009": {
				"key": "00O2TK9973U281UZL3796KM89",
				"value": "9232883867.74",
				"unit": "EUR"
			},
			"kf010": {
				"key": "00O2TK9973U281UZL3796LHU1",
				"value": "8889112385.71",
				"unit": "EUR"
			},
			"kf011": {
				"key": "00O2TK9973U281UZL3796MDFT",
				"value": "8917612929.47",
				"unit": "EUR"
			},
			"kf012": {
				"key": "00O2TK9973U281UYWKB2R3YL1",
				"value": "8334533848.74",
				"unit": "EUR"
			}
		},
		{
			"char001": {
				"key": "00O2TK9973U281UYWKB2R74D1",
				"value": "02 Accounts Receivable PY"
			},
			"kf001": {
				"key": "00O2TK9973U281UYWKB2QY5ZP",
				"value": "8565010473.67",
				"unit": "EUR"
			},
			"kf002": {
				"key": "00O2TK9973U281UYWKB2QYOYD",
				"value": "8823342892.88",
				"unit": "EUR"
			},
			"kf003": {
				"key": "00O2TK9973U281UYWKB2QZ7X1",
				"value": "9930787746.89",
				"unit": "EUR"
			},
			"kf004": {
				"key": "00O2TK9973U281UYWKB2R03IT",
				"value": "10349532767.64",
				"unit": "EUR"
			},
			"kf005": {
				"key": "00O2TK9973U281UYWKB2R3FMD",
				"value": "10309624211.17",
				"unit": "EUR"
			},
			"kf006": {
				"key": "00O2TK9973U281UYWKB2R0MHH",
				"value": "9882705097.80",
				"unit": "EUR"
			},
			"kf007": {
				"key": "00O2TK9973U281UZL3796IV0P",
				"value": "9691309786.45",
				"unit": "EUR"
			},
			"kf008": {
				"key": "00O2TK9973U281UZL3796JQMH",
				"value": "9503743345.50",
				"unit": "EUR"
			},
			"kf009": {
				"key": "00O2TK9973U281UZL3796KM89",
				"value": "9173595277.83",
				"unit": "EUR"
			},
			"kf010": {
				"key": "00O2TK9973U281UZL3796LHU1",
				"value": "9257626961.96",
				"unit": "EUR"
			},
			"kf011": {
				"key": "00O2TK9973U281UZL3796MDFT",
				"value": "9256358205.66",
				"unit": "EUR"
			},
			"kf012": {
				"key": "00O2TK9973U281UYWKB2R3YL1",
				"value": "9070989682.15",
				"unit": "EUR"
			}
		},
		{
			"char001": {
				"key": "00O2TK9973U281UYWKB2QZX79",
				"value": "03 Net Sales ACT"
			},
			"kf001": {
				"key": "00O2TK9973U281UYWKB2QY5ZP",
				"value": "2833999999.55",
				"unit": "EUR"
			},
			"kf002": {
				"key": "00O2TK9973U281UYWKB2QYOYD",
				"value": "3047000000.17",
				"unit": "EUR"
			},
			"kf003": {
				"key": "00O2TK9973U281UYWKB2QZ7X1",
				"value": "3928000000.23",
				"unit": "EUR"
			},
			"kf004": {
				"key": "00O2TK9973U281UYWKB2R03IT",
				"value": "3006855000.22",
				"unit": "EUR"
			},
			"kf005": {
				"key": "00O2TK9973U281UYWKB2R3FMD",
				"value": "3043145000.33",
				"unit": "EUR"
			},
			"kf006": {
				"key": "00O2TK9973U281UYWKB2R0MHH",
				"value": "2846999999.97",
				"unit": "EUR"
			},
			"kf007": {
				"key": "00O2TK9973U281UZL3796IV0P",
				"value": "2581999999.79",
				"unit": "EUR"
			},
			"kf008": {
				"key": "00O2TK9973U281UZL3796JQMH",
				"value": "2508000000.03",
				"unit": "EUR"
			},
			"kf009": {
				"key": "00O2TK9973U281UZL3796KM89",
				"value": "3070999999.87",
				"unit": "EUR"
			},
			"kf010": {
				"key": "00O2TK9973U281UZL3796LHU1",
				"value": "2688973276.82",
				"unit": "EUR"
			},
			"kf011": {
				"key": "00O2TK9973U281UZL3796MDFT",
				"value": "2864000000.07",
				"unit": "EUR"
			},
			"kf012": {
				"key": "00O2TK9973U281UYWKB2R3YL1",
				"value": "3096000000.07",
				"unit": "EUR"
			}
		}
	],
	"filters": [
		{
			"id": "0CS_CHART",
			"from": {
				"key": "BI",
				"value": "BI"
			},
			"to": {
				"key": "",
				"to": ""
			}
		},
		{
			"id": "0CURTYPE",
			"from": {
				"key": "10",
				"value": "Company code currency"
			},
			"to": {
				"key": "",
				"to": ""
			}
		},
		{
			"id": "0FISCVARNT",
			"from": {
				"key": "K1",
				"value": "Calendar year, 1 spec. period"
			},
			"to": {
				"key": "",
				"to": ""
			}
		},
		{
			"id": "0INFOPROV",
			"from": {
				"key": "COPACMIG",
				"value": "COPA Data Budget (BCS)"
			},
			"to": {
				"key": "",
				"to": ""
			}
		},
		{
			"id": "0INFOPROV",
			"from": {
				"key": "COPACEIS",
				"value": "COPA Data Elimination IS"
			},
			"to": {
				"key": "",
				"to": ""
			}
		},
		{
			"id": "0INFOPROV",
			"from": {
				"key": "COPACMIGH",
				"value": "COPA Data Budget (BHC)"
			},
			"to": {
				"key": "",
				"to": ""
			}
		},
		{
			"id": "0INFOPROV",
			"from": {
				"key": "COPACNR3",
				"value": "COPA Data non R3 (BCS)"
			},
			"to": {
				"key": "",
				"to": ""
			}
		},
		{
			"id": "0INFOPROV",
			"from": {
				"key": "COPACNR3H",
				"value": "COPA Data non R3 (BHC)"
			},
			"to": {
				"key": "",
				"to": ""
			}
		},
		{
			"id": "0INFOPROV",
			"from": {
				"key": "COPACCPC1",
				"value": "COPA - CPC Calculation"
			},
			"to": {
				"key": "",
				"to": ""
			}
		},
		{
			"id": "0INFOPROV",
			"from": {
				"key": "COPACMAD",
				"value": "COPA Data Manual Adjustments"
			},
			"to": {
				"key": "",
				"to": ""
			}
		},
		{
			"id": "0INFOPROV",
			"from": {
				"key": "COPACPCD",
				"value": "ePDM: CPC Delta"
			},
			"to": {
				"key": "",
				"to": ""
			}
		},
		{
			"id": "0INFOPROV",
			"from": {
				"key": "COPADPC",
				"value": "COPADP as Cube"
			},
			"to": {
				"key": "",
				"to": ""
			}
		},
		{
			"id": "0INFOPROV",
			"from": {
				"key": "COPADPCH",
				"value": "COPADP as Cube - History (<2016)"
			},
			"to": {
				"key": "",
				"to": ""
			}
		},
		{
			"id": "0INFOPROV",
			"from": {
				"key": "COPADPF",
				"value": "COPADP FINAL"
			},
			"to": {
				"key": "",
				"to": ""
			}
		},
		{
			"id": "0INFOPROV",
			"from": {
				"key": "BKA_CPRKF",
				"value": "Prokon Delta - Final"
			},
			"to": {
				"key": "",
				"to": ""
			}
		},
		{
			"id": "0INFOPROV",
			"from": {
				"key": "COPACCPCF",
				"value": "CPC Final"
			},
			"to": {
				"key": "",
				"to": ""
			}
		},
		{
			"id": "0INFOPROV",
			"from": {
				"key": "FIGLCCF01",
				"value": "FIGL: Cash Flow Trades (Reporting)"
			},
			"to": {
				"key": "",
				"to": ""
			}
		},
		{
			"id": "0INFOPROV",
			"from": {
				"key": "BKA_CPKD7",
				"value": "ePDM: ProKon Delta FIGLCCF01,02"
			},
			"to": {
				"key": "",
				"to": ""
			}
		},
		{
			"id": "0VALUATION",
			"from": {
				"key": "#",
				"value": "Legal Valuation"
			},
			"to": {
				"key": "",
				"to": ""
			}
		},
		{
			"id": "0VERSION",
			"from": {
				"key": "0",
				"value": "Plan/actual version"
			},
			"to": {
				"key": "",
				"to": ""
			}
		}
	],
	"variables": [
		{
			"id": "D0CLEAR_DATE_CXSOLP12",
			"from": {
				"key": "31.12.2016",
				"value": ""
			},
			"to": {
				"key": "",
				"to": ""
			}
		},
		{
			"id": "D0CLEAR_DATE_CXSOLP11",
			"from": {
				"key": "30.11.2016",
				"value": ""
			},
			"to": {
				"key": "",
				"to": ""
			}
		},
		{
			"id": "D0CLEAR_DATE_CXSOLP10",
			"from": {
				"key": "31.10.2016",
				"value": ""
			},
			"to": {
				"key": "",
				"to": ""
			}
		},
		{
			"id": "D0CLEAR_DATE_CXSOLP9",
			"from": {
				"key": "30.09.2016",
				"value": ""
			},
			"to": {
				"key": "",
				"to": ""
			}
		},
		{
			"id": "D0CLEAR_DATE_CXSOLP8",
			"from": {
				"key": "31.08.2016",
				"value": ""
			},
			"to": {
				"key": "",
				"to": ""
			}
		},
		{
			"id": "D0CLEAR_DATE_CXSOLP7",
			"from": {
				"key": "31.07.2016",
				"value": ""
			},
			"to": {
				"key": "",
				"to": ""
			}
		},
		{
			"id": "D0CLEAR_DATE_CXSOLP6",
			"from": {
				"key": "30.06.2016",
				"value": ""
			},
			"to": {
				"key": "",
				"to": ""
			}
		},
		{
			"id": "D0CLEAR_DATE_CXSOLP5",
			"from": {
				"key": "31.05.2016",
				"value": ""
			},
			"to": {
				"key": "",
				"to": ""
			}
		},
		{
			"id": "D0CLEAR_DATE_CXSOLP4",
			"from": {
				"key": "30.04.2016",
				"value": ""
			},
			"to": {
				"key": "",
				"to": ""
			}
		},
		{
			"id": "D0CLEAR_DATE_CXSOLP3",
			"from": {
				"key": "31.03.2016",
				"value": ""
			},
			"to": {
				"key": "",
				"to": ""
			}
		},
		{
			"id": "D0CLEAR_DATE_CXSOLP2",
			"from": {
				"key": "29.02.2016",
				"value": ""
			},
			"to": {
				"key": "",
				"to": ""
			}
		},
		{
			"id": "D0CLEAR_DATE_CXSOLP1",
			"from": {
				"key": "31.01.2016",
				"value": ""
			},
			"to": {
				"key": "",
				"to": ""
			}
		},
		{
			"id": "D0CLEAR_DATE_CXSOLA12",
			"from": {
				"key": "31.12.2017",
				"value": ""
			},
			"to": {
				"key": "",
				"to": ""
			}
		},
		{
			"id": "D0CLEAR_DATE_CXSOLA11",
			"from": {
				"key": "30.11.2017",
				"value": ""
			},
			"to": {
				"key": "",
				"to": ""
			}
		},
		{
			"id": "D0CLEAR_DATE_CXSOLA10",
			"from": {
				"key": "31.10.2017",
				"value": ""
			},
			"to": {
				"key": "",
				"to": ""
			}
		},
		{
			"id": "D0CLEAR_DATE_CXSOLA9",
			"from": {
				"key": "30.09.2017",
				"value": ""
			},
			"to": {
				"key": "",
				"to": ""
			}
		},
		{
			"id": "D0CLEAR_DATE_CXSOLA8",
			"from": {
				"key": "31.08.2017",
				"value": ""
			},
			"to": {
				"key": "",
				"to": ""
			}
		},
		{
			"id": "D0CLEAR_DATE_CXSOLA7",
			"from": {
				"key": "31.07.2017",
				"value": ""
			},
			"to": {
				"key": "",
				"to": ""
			}
		},
		{
			"id": "D0CLEAR_DATE_CXSOLA6",
			"from": {
				"key": "30.06.2017",
				"value": ""
			},
			"to": {
				"key": "",
				"to": ""
			}
		},
		{
			"id": "D0CLEAR_DATE_CXSOLA5",
			"from": {
				"key": "31.05.2017",
				"value": ""
			},
			"to": {
				"key": "",
				"to": ""
			}
		},
		{
			"id": "D0CLEAR_DATE_CXSOLA4",
			"from": {
				"key": "30.04.2017",
				"value": ""
			},
			"to": {
				"key": "",
				"to": ""
			}
		},
		{
			"id": "D0CLEAR_DATE_CXSOLA3",
			"from": {
				"key": "31.03.2017",
				"value": ""
			},
			"to": {
				"key": "",
				"to": ""
			}
		},
		{
			"id": "D0CLEAR_DATE_CXSOLA2",
			"from": {
				"key": "28.02.2017",
				"value": ""
			},
			"to": {
				"key": "",
				"to": ""
			}
		},
		{
			"id": "D0CLEAR_DATE_CXSOLA1",
			"from": {
				"key": "31.01.2017",
				"value": ""
			},
			"to": {
				"key": "",
				"to": ""
			}
		},
		{
			"id": "DCURRENCY_CDSOI01",
			"from": {
				"key": "EUR",
				"value": "Euro"
			},
			"to": {
				"key": "",
				"to": ""
			}
		},
		{
			"id": "D0FISCPER_CXSOL14",
			"from": {
				"key": "012.2017",
				"value": "DEC 2017"
			},
			"to": {
				"key": "",
				"to": ""
			}
		},
		{
			"id": "D0FISCPER_CXSOL13",
			"from": {
				"key": "011.2017",
				"value": "NOV 2017"
			},
			"to": {
				"key": "",
				"to": ""
			}
		},
		{
			"id": "D0FISCPER_CXSOL12",
			"from": {
				"key": "010.2017",
				"value": "OCT 2017"
			},
			"to": {
				"key": "",
				"to": ""
			}
		},
		{
			"id": "D0FISCPER_CXSOL11",
			"from": {
				"key": "009.2017",
				"value": "SEP 2017"
			},
			"to": {
				"key": "",
				"to": ""
			}
		},
		{
			"id": "D0FISCPER_CXSOL10",
			"from": {
				"key": "008.2017",
				"value": "AUG 2017"
			},
			"to": {
				"key": "",
				"to": ""
			}
		},
		{
			"id": "D0FISCPER_CXSOL09",
			"from": {
				"key": "007.2017",
				"value": "JUL 2017"
			},
			"to": {
				"key": "",
				"to": ""
			}
		},
		{
			"id": "D0FISCPER_CXSOL06",
			"from": {
				"key": "004.2017",
				"value": "APR 2017"
			},
			"to": {
				"key": "",
				"to": ""
			}
		},
		{
			"id": "D0FISCPER_CXSOL08",
			"from": {
				"key": "006.2017",
				"value": "JUN 2017"
			},
			"to": {
				"key": "",
				"to": ""
			}
		},
		{
			"id": "D0FISCPER_CXSOL07",
			"from": {
				"key": "005.2017",
				"value": "MAY 2017"
			},
			"to": {
				"key": "",
				"to": ""
			}
		},
		{
			"id": "D0FISCPER_CXSOL05",
			"from": {
				"key": "003.2017",
				"value": "MAR 2017"
			},
			"to": {
				"key": "",
				"to": ""
			}
		},
		{
			"id": "D0FISCPER_CXSOL04",
			"from": {
				"key": "002.2017",
				"value": "FEB 2017"
			},
			"to": {
				"key": "",
				"to": ""
			}
		},
		{
			"id": "D0FISCPER_CXSOL03",
			"from": {
				"key": "001.2017",
				"value": "JAN 2017"
			},
			"to": {
				"key": "",
				"to": ""
			}
		},
		{
			"id": "D0FISCPER_CXSNI00",
			"from": {
				"key": "009.2017",
				"value": "SEP 2017"
			},
			"to": {
				"key": "",
				"to": ""
			}
		},
		{
			"id": "DFISCYEAR_CXSOL03",
			"from": {
				"key": "2017",
				"value": "Calendar year, 1 spec. period 2017"
			},
			"to": {
				"key": "",
				"to": ""
			}
		},
		{
			"id": "DDIMKKAX_HDSOI02",
			"from": {
				"key": "WORLD",
				"value": "Bayer Group"
			},
			"to": {
				"key": "0HIER_NODE",
				"to": ""
			}
		},
		{
			"id": "DREQSTAT_CDSOI01",
			"from": {
				"key": "R",
				"value": "released"
			},
			"to": {
				"key": "",
				"to": ""
			}
		},
		{
			"id": "DD_GCLCREP_CXOOL01",
			"from": {
				"key": "GC",
				"value": "Group Currency"
			},
			"to": {
				"key": "",
				"to": ""
			}
		},
		{
			"id": "DD_GCLCREP_CXOOL01",
			"from": {
				"key": "ALL",
				"value": "ALL"
			},
			"to": {
				"key": "",
				"to": ""
			}
		},
		{
			"id": "DD_GCLCREP_CXOOL01",
			"from": {
				"key": "#",
				"value": "Not assigned"
			},
			"to": {
				"key": "",
				"to": ""
			}
		},
		{
			"id": "DD_GCLCREP_CXOOL01",
			"from": {
				"key": "#",
				"value": "Not assigned"
			},
			"to": {
				"key": "",
				"to": ""
			}
		},
		{
			"id": "DZMRSC_CXOOL01",
			"from": {
				"key": "MON",
				"value": "Monsanto"
			},
			"to": {
				"key": "",
				"to": ""
			}
		}
	],
	"error": false
}