{
	"version": "",
	"title": "ROI: A/R Timeline",
	"id": "SOA00_COPAPRPCF_QS037",
	"infocube": "COPAPRPCF",
	"creator": "WDELL",
	"creationDate": "2018-06-04",
	"creationTime": "09:48:34",
	"lastChanger": "EUEGR",
	"changeDate": "2018-06-04",
	"changeTime": "09:48:34",
	"lastQueryExecutionDate": "2018-07-17",
	"lastQueryExecutionTime": "20:37:08",
	"available": true,
	"infoobjects": [
		{
			"id": "DIMKKA3",
			"infoobject": "DIMKKA3",
			"name": "BSV Lvl 3",
			"descript": "BSV Lvl 3",
			"position": "0001",
			"initialdisplay": "false",
			"isstructure": "false",
			"IS_FILTER": "false",
			"laytp": "AGG",
			"attribute": ""
		},
		{
			"id": "DIMKKA4",
			"infoobject": "DIMKKA4",
			"name": "BSV Lvl 4",
			"descript": "BSV Lvl 4",
			"position": "0002",
			"initialdisplay": "false",
			"isstructure": "false",
			"IS_FILTER": "false",
			"laytp": "AGG",
			"attribute": ""
		},
		{
			"id": "DIMKKA2",
			"infoobject": "DIMKKA2",
			"name": "BSV Lvl 2",
			"descript": "BSV Lvl 2",
			"position": "0003",
			"initialdisplay": "false",
			"isstructure": "false",
			"IS_FILTER": "false",
			"laytp": "AGG",
			"attribute": ""
		},
		{
			"id": "DIMKKA5",
			"infoobject": "DIMKKA5",
			"name": "BSV Lvl 5",
			"descript": "BSV Lvl 5",
			"position": "0004",
			"initialdisplay": "false",
			"isstructure": "false",
			"IS_FILTER": "false",
			"laytp": "AGG",
			"attribute": ""
		},
		{
			"id": "DIMKKA6",
			"infoobject": "DIMKKA6",
			"name": "BSV Lvl 6",
			"descript": "BSV Lvl 6",
			"position": "0005",
			"initialdisplay": "false",
			"isstructure": "false",
			"IS_FILTER": "false",
			"laytp": "AGG",
			"attribute": ""
		},
		{
			"id": "DIMKKA1",
			"infoobject": "DIMKKA1",
			"name": "BSV Lvl 1",
			"descript": "BSV Lvl 1",
			"position": "0006",
			"initialdisplay": "false",
			"isstructure": "false",
			"IS_FILTER": "false",
			"laytp": "AGG",
			"attribute": ""
		},
		{
			"id": "DSBE",
			"infoobject": "DSBE",
			"name": "SBE",
			"descript": "SBE",
			"position": "0007",
			"initialdisplay": "false",
			"isstructure": "false",
			"IS_FILTER": "false",
			"laytp": "AGG",
			"attribute": ""
		},
		{
			"id": "DRU",
			"infoobject": "DRU",
			"name": "Reporting Unit",
			"descript": "Reporting Unit",
			"position": "0008",
			"initialdisplay": "false",
			"isstructure": "false",
			"IS_FILTER": "false",
			"laytp": "AGG",
			"attribute": ""
		},
		{
			"id": "DIMKKACG",
			"infoobject": "DIMKKACG",
			"name": "BSV CG",
			"descript": "BSV CG",
			"position": "0009",
			"initialdisplay": "false",
			"isstructure": "false",
			"IS_FILTER": "false",
			"laytp": "AGG",
			"attribute": ""
		},
		{
			"id": "DCTRY_FD",
			"infoobject": "DCTRY_FD",
			"name": "Country final-dest.",
			"descript": "Country final-dest.",
			"position": "0010",
			"initialdisplay": "false",
			"isstructure": "false",
			"IS_FILTER": "false",
			"laytp": "AGG",
			"attribute": ""
		},
		{
			"id": "0CUSTOMER",
			"infoobject": "0CUSTOMER",
			"name": "Customer",
			"descript": "Customer",
			"position": "0011",
			"initialdisplay": "false",
			"isstructure": "false",
			"IS_FILTER": "false",
			"laytp": "AGG",
			"attribute": ""
		},
		{
			"id": "DIMKKAX",
			"infoobject": "DIMKKAX",
			"name": "BSV: Hierarchy",
			"descript": "BSV: Hierarchy",
			"position": "0012",
			"initialdisplay": "false",
			"ishierarchy": "true",
			"hierarchy": {
				"id": "BSV_HIER_ALL",
				"name": "",
				"level": "12"
			},
			"hienmdesc": "",
			"hienmlevel": "12",
			"isstructure": "false",
			"IS_FILTER": "false",
			"laytp": "AGG",
			"attribute": ""
		},
		{
			"id": "DPC__DBG",
			"infoobject": "DPC__DBG",
			"name": "Business Group",
			"descript": "Business Group",
			"position": "0013",
			"initialdisplay": "false",
			"isstructure": "false",
			"IS_FILTER": "false",
			"laytp": "AGG",
			"attribute": ""
		},
		{
			"id": "00O2TK9973U281UYWKB2R62FP",
			"infoobject": "00O2TK9973U281UYWKB2R62FP",
			"name": "",
			"descript": "",
			"position": "0001",
			"initialdisplay": "true",
			"isstructure": "true",
			"IS_FILTER": "false",
			"laytp": "COL",
			"attribute": ""
		},
		{
			"id": "0FISCVARNT",
			"infoobject": "0FISCVARNT",
			"name": "Fiscal Year Variant",
			"descript": "Fiscal Year Variant",
			"position": "0001",
			"initialdisplay": "false",
			"isstructure": "false",
			"IS_FILTER": "true",
			"laytp": "FIX",
			"attribute": ""
		},
		{
			"id": "0VERSION",
			"infoobject": "0VERSION",
			"name": "Version",
			"descript": "Version",
			"position": "0002",
			"initialdisplay": "false",
			"isstructure": "false",
			"IS_FILTER": "true",
			"laytp": "FIX",
			"attribute": ""
		},
		{
			"id": "0VALUATION",
			"infoobject": "0VALUATION",
			"name": "Valuation view",
			"descript": "Valuation view",
			"position": "0003",
			"initialdisplay": "false",
			"isstructure": "false",
			"IS_FILTER": "true",
			"laytp": "FIX",
			"attribute": ""
		},
		{
			"id": "0CS_CHART",
			"infoobject": "0CS_CHART",
			"name": "Cons Chart of Accts",
			"descript": "Cons Chart of Accts",
			"position": "0004",
			"initialdisplay": "false",
			"isstructure": "false",
			"IS_FILTER": "true",
			"laytp": "FIX",
			"attribute": ""
		},
		{
			"id": "0INFOPROV",
			"infoobject": "0INFOPROV",
			"name": "InfoProvider",
			"descript": "InfoProvider",
			"position": "0005",
			"initialdisplay": "false",
			"isstructure": "false",
			"IS_FILTER": "true",
			"laytp": "FIX",
			"attribute": ""
		},
		{
			"id": "DCTRY_FDA",
			"infoobject": "DCTRY_FDA",
			"name": "Country final-dest.",
			"descript": "Country final-dest.",
			"position": "0006",
			"initialdisplay": "false",
			"isstructure": "false",
			"IS_FILTER": "true",
			"laytp": "FIX",
			"attribute": ""
		},
		{
			"id": "DSGA",
			"infoobject": "DSGA",
			"name": "SG (Auth)",
			"descript": "SG (Auth)",
			"position": "0007",
			"initialdisplay": "false",
			"isstructure": "false",
			"IS_FILTER": "true",
			"laytp": "FIX",
			"attribute": ""
		},
		{
			"id": "DBGA",
			"infoobject": "DBGA",
			"name": "BG (Auth)",
			"descript": "BG (Auth)",
			"position": "0008",
			"initialdisplay": "false",
			"isstructure": "false",
			"IS_FILTER": "true",
			"laytp": "FIX",
			"attribute": ""
		},
		{
			"id": "DCS_DTYPA",
			"infoobject": "DCS_DTYPA",
			"name": "Document Type (Auth)",
			"descript": "Document Type (Auth)",
			"position": "0009",
			"initialdisplay": "false",
			"isstructure": "false",
			"IS_FILTER": "true",
			"laytp": "FIX",
			"attribute": ""
		},
		{
			"id": "DPRKNSTAA",
			"infoobject": "DPRKNSTAA",
			"name": "BayReP: Status(Auth)",
			"descript": "BayReP: Status(Auth)",
			"position": "0010",
			"initialdisplay": "false",
			"isstructure": "false",
			"IS_FILTER": "true",
			"laytp": "FIX",
			"attribute": ""
		},
		{
			"id": "DRESPL2A",
			"infoobject": "DRESPL2A",
			"name": "Respo (Auth)",
			"descript": "Respo (Auth)",
			"position": "0011",
			"initialdisplay": "false",
			"isstructure": "false",
			"IS_FILTER": "true",
			"laytp": "FIX",
			"attribute": ""
		},
		{
			"id": "DREQSTAT",
			"infoobject": "DREQSTAT",
			"name": "Status of Reporting",
			"descript": "Status of Reporting",
			"position": "0012",
			"initialdisplay": "false",
			"isstructure": "false",
			"IS_FILTER": "true",
			"laytp": "FIX",
			"attribute": ""
		},
		{
			"id": "00O2TK9973U281UYWKB2R68R9",
			"infoobject": "00O2TK9973U281UYWKB2R68R9",
			"name": "",
			"descript": "",
			"position": "0001",
			"initialdisplay": "true",
			"isstructure": "true",
			"IS_FILTER": "false",
			"laytp": "ROW",
			"attribute": ""
		}
	],
	"variables": [
		{
			"id": "D0CUSTOMER_CDOOI",
			"name": "Customer",
			"infoobject": {
				"id": "0CUSTOMER",
				"name": "Customer"
			},
			"type": "1",
			"typetext": "Characteristic value",
			"processtype": "5",
			"processtypetext": "User entry / default value",
			"parsel": "S",
			"parseltext": "Selection option",
			"input": true,
			"mandatory": false,
			"entrytype": "0",
			"entrytypetext": "Optional Variable Entry",
			"dynchange": "",
			"flags": {
				"lh": "0",
				"r": "0"
			},
			"value": "",
			"highvalue": ""
		},
		{
			"id": "D0FISCPER_CXSNI00",
			"name": "Fiscal Period / Year",
			"infoobject": {
				"id": "0FISCPER",
				"name": "Fiscal year/period"
			},
			"type": "1",
			"typetext": "Characteristic value",
			"processtype": "3",
			"processtypetext": "Customer exit",
			"parsel": "P",
			"parseltext": "Single value (parameters)",
			"input": true,
			"mandatory": true,
			"entrytype": "2",
			"entrytypetext": "Mandatory, Initial Value not Allowed",
			"dynchange": "",
			"flags": {
				"lh": "0",
				"r": "0"
			},
			"value": "",
			"highvalue": ""
		},
		{
			"id": "DCOUNTRY_CDMOI01",
			"name": "Country",
			"infoobject": {
				"id": "DCTRY_FD",
				"name": "Country final-dest."
			},
			"type": "1",
			"typetext": "Characteristic value",
			"processtype": "5",
			"processtypetext": "User entry / default value",
			"parsel": "M",
			"parseltext": "Several Single Values",
			"input": true,
			"mandatory": false,
			"entrytype": "0",
			"entrytypetext": "Optional Variable Entry",
			"dynchange": "",
			"flags": {
				"lh": "0",
				"r": "0"
			},
			"value": "",
			"highvalue": ""
		},
		{
			"id": "DCURRENCY_CDSOI01",
			"name": "Target Currency",
			"infoobject": {
				"id": "0CURRENCY",
				"name": "Currency"
			},
			"type": "1",
			"typetext": "Characteristic value",
			"processtype": "5",
			"processtypetext": "User entry / default value",
			"parsel": "P",
			"parseltext": "Single value (parameters)",
			"input": true,
			"mandatory": true,
			"entrytype": "1",
			"entrytypetext": "Mandatory Variable Entry",
			"dynchange": "",
			"flags": {
				"lh": "0",
				"r": "0"
			},
			"value": "EUR",
			"highvalue": ""
		},
		{
			"id": "DCURRENCY_CDSOI01",
			"name": "Target Currency",
			"infoobject": {
				"id": "0CURRENCY",
				"name": "Currency"
			},
			"type": "1",
			"typetext": "Characteristic value",
			"processtype": "5",
			"processtypetext": "User entry / default value",
			"parsel": "P",
			"parseltext": "Single value (parameters)",
			"input": true,
			"mandatory": true,
			"entrytype": "1",
			"entrytypetext": "Mandatory Variable Entry",
			"dynchange": "",
			"flags": {
				"lh": "0",
				"r": "0"
			},
			"value": "00O2TK8CN6Y24WQP6BHY66BJJ",
			"highvalue": ""
		},
		{
			"id": "DCURRENCY_CDSOI01",
			"name": "Target Currency",
			"infoobject": {
				"id": "0CURRENCY",
				"name": "Currency"
			},
			"type": "1",
			"typetext": "Characteristic value",
			"processtype": "5",
			"processtypetext": "User entry / default value",
			"parsel": "P",
			"parseltext": "Single value (parameters)",
			"input": true,
			"mandatory": true,
			"entrytype": "1",
			"entrytypetext": "Mandatory Variable Entry",
			"dynchange": "",
			"flags": {
				"lh": "0",
				"r": "0"
			},
			"value": "EUR",
			"highvalue": ""
		},
		{
			"id": "DDIMKKA1_CDOOI01",
			"name": "BSV Lvl 1",
			"infoobject": {
				"id": "DIMKKA1",
				"name": "BSV Lvl 1"
			},
			"type": "1",
			"typetext": "Characteristic value",
			"processtype": "5",
			"processtypetext": "User entry / default value",
			"parsel": "S",
			"parseltext": "Selection option",
			"input": true,
			"mandatory": false,
			"entrytype": "0",
			"entrytypetext": "Optional Variable Entry",
			"dynchange": "",
			"flags": {
				"lh": "0",
				"r": "0"
			},
			"value": "",
			"highvalue": ""
		},
		{
			"id": "DDIMKKA2_CDOOI01",
			"name": "BSV Lvl 2",
			"infoobject": {
				"id": "DIMKKA2",
				"name": "BSV Lvl 2"
			},
			"type": "1",
			"typetext": "Characteristic value",
			"processtype": "5",
			"processtypetext": "User entry / default value",
			"parsel": "S",
			"parseltext": "Selection option",
			"input": true,
			"mandatory": false,
			"entrytype": "0",
			"entrytypetext": "Optional Variable Entry",
			"dynchange": "",
			"flags": {
				"lh": "0",
				"r": "0"
			},
			"value": "",
			"highvalue": ""
		},
		{
			"id": "DDIMKKA3_CDOOI01",
			"name": "BSV Lvl 3",
			"infoobject": {
				"id": "DIMKKA3",
				"name": "BSV Lvl 3"
			},
			"type": "1",
			"typetext": "Characteristic value",
			"processtype": "5",
			"processtypetext": "User entry / default value",
			"parsel": "S",
			"parseltext": "Selection option",
			"input": true,
			"mandatory": false,
			"entrytype": "0",
			"entrytypetext": "Optional Variable Entry",
			"dynchange": "",
			"flags": {
				"lh": "0",
				"r": "0"
			},
			"value": "",
			"highvalue": ""
		},
		{
			"id": "DDIMKKA4_CDOOI01",
			"name": "BSV Lvl 4",
			"infoobject": {
				"id": "DIMKKA4",
				"name": "BSV Lvl 4"
			},
			"type": "1",
			"typetext": "Characteristic value",
			"processtype": "5",
			"processtypetext": "User entry / default value",
			"parsel": "S",
			"parseltext": "Selection option",
			"input": true,
			"mandatory": false,
			"entrytype": "0",
			"entrytypetext": "Optional Variable Entry",
			"dynchange": "",
			"flags": {
				"lh": "0",
				"r": "0"
			},
			"value": "",
			"highvalue": ""
		},
		{
			"id": "DDIMKKA5_CDOOI01",
			"name": "BSV Lvl 5",
			"infoobject": {
				"id": "DIMKKA5",
				"name": "BSV Lvl 5"
			},
			"type": "1",
			"typetext": "Characteristic value",
			"processtype": "5",
			"processtypetext": "User entry / default value",
			"parsel": "S",
			"parseltext": "Selection option",
			"input": true,
			"mandatory": false,
			"entrytype": "0",
			"entrytypetext": "Optional Variable Entry",
			"dynchange": "",
			"flags": {
				"lh": "0",
				"r": "0"
			},
			"value": "",
			"highvalue": ""
		},
		{
			"id": "DDIMKKA6_CDOOI01",
			"name": "BSV Lvl 6",
			"infoobject": {
				"id": "DIMKKA6",
				"name": "BSV Lvl 6"
			},
			"type": "1",
			"typetext": "Characteristic value",
			"processtype": "5",
			"processtypetext": "User entry / default value",
			"parsel": "S",
			"parseltext": "Selection option",
			"input": true,
			"mandatory": false,
			"entrytype": "0",
			"entrytypetext": "Optional Variable Entry",
			"dynchange": "",
			"flags": {
				"lh": "0",
				"r": "0"
			},
			"value": "",
			"highvalue": ""
		},
		{
			"id": "DDIMKKACG_CDOOI01",
			"name": "BSV Country Group (Sel. opt.)",
			"infoobject": {
				"id": "DIMKKACG",
				"name": "BSV CG"
			},
			"type": "1",
			"typetext": "Characteristic value",
			"processtype": "5",
			"processtypetext": "User entry / default value",
			"parsel": "S",
			"parseltext": "Selection option",
			"input": true,
			"mandatory": false,
			"entrytype": "0",
			"entrytypetext": "Optional Variable Entry",
			"dynchange": "",
			"flags": {
				"lh": "0",
				"r": "0"
			},
			"value": "",
			"highvalue": ""
		},
		{
			"id": "DDIMKKAX_HDSOI02",
			"name": "DIMKKAX HierNode selection",
			"infoobject": {
				"id": "DIMKKAX",
				"name": "BSV: Hierarchy"
			},
			"type": "2",
			"typetext": "Hierarchy nodes",
			"processtype": "5",
			"processtypetext": "User entry / default value",
			"parsel": "P",
			"parseltext": "Single value (parameters)",
			"input": true,
			"mandatory": false,
			"entrytype": "0",
			"entrytypetext": "Optional Variable Entry",
			"dynchange": "",
			"flags": {
				"lh": "0",
				"r": "0"
			},
			"value": "WORLD",
			"highvalue": "0HIER_NODE"
		},
		{
			"id": "DDRU_CDOOI01",
			"name": "Reporting Unit",
			"infoobject": {
				"id": "DRU",
				"name": "Reporting Unit"
			},
			"type": "1",
			"typetext": "Characteristic value",
			"processtype": "5",
			"processtypetext": "User entry / default value",
			"parsel": "S",
			"parseltext": "Selection option",
			"input": true,
			"mandatory": false,
			"entrytype": "0",
			"entrytypetext": "Optional Variable Entry",
			"dynchange": "",
			"flags": {
				"lh": "0",
				"r": "0"
			},
			"value": "",
			"highvalue": ""
		},
		{
			"id": "DDSBE_CDOOISBE",
			"name": "Strategic Business Entity",
			"infoobject": {
				"id": "DSBE",
				"name": "SBE"
			},
			"type": "1",
			"typetext": "Characteristic value",
			"processtype": "5",
			"processtypetext": "User entry / default value",
			"parsel": "S",
			"parseltext": "Selection option",
			"input": true,
			"mandatory": false,
			"entrytype": "0",
			"entrytypetext": "Optional Variable Entry",
			"dynchange": "",
			"flags": {
				"lh": "0",
				"r": "0"
			},
			"value": "",
			"highvalue": ""
		}
	],
	"structures": [
		{
			"objects": [
				{
					"id": "00O2TK9973U281UYWKB2R4NV9",
					"name": "FISCYEAR",
					"mapname": "",
					"position": "1",
					"hidden": true,
					"parent": "",
					"drillstate": "L",
					"range": {
						"line": {
							"object": "0FISCPER",
							"sign": "I",
							"opt": "EQ",
							"keyLow": "00O2TK8CN6Y25DEIHEMLCCIXY",
							"keyHigh": "",
							"dataTyp": "NUMC",
							"dataLength": "0008"
						}
					}
				},
				{
					"id": "00O2TK9973U281UYWKB2QY5ZP",
					"name": "Jan",
					"mapname": "",
					"position": "2",
					"hidden": false,
					"parent": "",
					"drillstate": "E",
					"range": {
						"line": [
							{
								"object": "0FISCPER3",
								"sign": "I",
								"opt": "EQ",
								"keyLow": "001",
								"keyHigh": "",
								"dataTyp": "NUMC",
								"dataLength": "0003"
							},
							{
								"object": "0FISCYEAR",
								"sign": "I",
								"opt": "EQ",
								"keyLow": "00O2TK8CN6Y3VPBFC9MWIWGYD",
								"keyHigh": "",
								"dataTyp": "NUMC",
								"dataLength": "0004"
							}
						]
					}
				},
				{
					"id": "00O2TK9973U281UYWKB2QYCB9",
					"name": "Jan ACT",
					"mapname": "",
					"position": "3",
					"hidden": true,
					"parent": "00O2TK9973U281UYWKB2QY5ZP",
					"drillstate": "L",
					"range": {
						"line": [
							{
								"object": "0FISCPER3",
								"sign": "I",
								"opt": "LE",
								"keyLow": "001",
								"keyHigh": "",
								"dataTyp": "NUMC",
								"dataLength": "0003"
							},
							{
								"object": "0CLEAR_DATE",
								"sign": "I",
								"opt": "EQ",
								"keyLow": "#",
								"keyHigh": "",
								"dataTyp": "DATS",
								"dataLength": "000A"
							},
							{
								"object": "0FISCYEAR",
								"sign": "I",
								"opt": "EQ",
								"keyLow": "00O2TK8CN6Y3VPBFC9MWIWGYD",
								"keyHigh": "",
								"dataTyp": "NUMC",
								"dataLength": "0004"
							},
							{
								"object": "0CLEAR_DATE",
								"sign": "I",
								"opt": "GT",
								"keyLow": "00O2TK8CN6Y2D9EJ4P1CEF216",
								"keyHigh": "",
								"dataTyp": "DATS",
								"dataLength": "000A"
							}
						]
					}
				},
				{
					"id": "00O2TK9973U281UYWKB2R56TX",
					"name": "Jan ACT balance",
					"mapname": "",
					"position": "4",
					"hidden": true,
					"parent": "00O2TK9973U281UYWKB2QY5ZP",
					"drillstate": "L",
					"range": {
						"line": [
							{
								"object": "0CLEAR_DATE",
								"sign": "I",
								"opt": "EQ",
								"keyLow": "#",
								"keyHigh": "",
								"dataTyp": "DATS",
								"dataLength": "000A"
							},
							{
								"object": "0CLEAR_DATE",
								"sign": "I",
								"opt": "GT",
								"keyLow": "00O2TK8CN6Y2D9EJ4P1CEF216",
								"keyHigh": "",
								"dataTyp": "DATS",
								"dataLength": "000A"
							},
							{
								"object": "0FISCPER",
								"sign": "I",
								"opt": "LE",
								"keyLow": "00O2TK8CN6Y2GN2NBHAU512Z0",
								"keyHigh": "",
								"dataTyp": "NUMC",
								"dataLength": "0008"
							}
						]
					}
				},
				{
					"id": "00O2TK9973U281UYWKB2QYIMT",
					"name": "Jan PY",
					"mapname": "",
					"position": "5",
					"hidden": true,
					"parent": "00O2TK9973U281UYWKB2QY5ZP",
					"drillstate": "L",
					"range": {
						"line": [
							{
								"object": "0FISCPER3",
								"sign": "I",
								"opt": "LE",
								"keyLow": "001",
								"keyHigh": "",
								"dataTyp": "NUMC",
								"dataLength": "0003"
							},
							{
								"object": "0CLEAR_DATE",
								"sign": "I",
								"opt": "EQ",
								"keyLow": "#",
								"keyHigh": "",
								"dataTyp": "DATS",
								"dataLength": "000A"
							},
							{
								"object": "0CLEAR_DATE",
								"sign": "I",
								"opt": "GT",
								"keyLow": "00O2TK8CN6Y2D9EK0O2J0P2TV",
								"keyHigh": "",
								"dataTyp": "DATS",
								"dataLength": "000A"
							},
							{
								"object": "0FISCYEAR",
								"sign": "I",
								"opt": "EQ",
								"keyLow": "00O2TK8CN6Y3VPBFC9MWIWGYD",
								"keyHigh": "",
								"dataTyp": "NUMC",
								"dataLength": "0004"
							}
						]
					}
				},
				{
					"id": "00O2TK9973U281UYWKB2R1I39",
					"name": "Jan PY Bal.",
					"mapname": "",
					"position": "6",
					"hidden": true,
					"parent": "00O2TK9973U281UYWKB2QY5ZP",
					"drillstate": "L",
					"range": {
						"line": [
							{
								"object": "0CLEAR_DATE",
								"sign": "I",
								"opt": "EQ",
								"keyLow": "#",
								"keyHigh": "",
								"dataTyp": "DATS",
								"dataLength": "000A"
							},
							{
								"object": "0CLEAR_DATE",
								"sign": "I",
								"opt": "GT",
								"keyLow": "00O2TK8CN6Y2D9EK0O2J0P2TV",
								"keyHigh": "",
								"dataTyp": "DATS",
								"dataLength": "000A"
							},
							{
								"object": "0FISCPER",
								"sign": "I",
								"opt": "LE",
								"keyLow": "00O2TK8CN6Y2GN2NBHAU512Z0",
								"keyHigh": "",
								"dataTyp": "NUMC",
								"dataLength": "0008"
							}
						]
					}
				},
				{
					"id": "00O2TK9973U281UYWKB2QYOYD",
					"name": "Feb",
					"mapname": "",
					"position": "7",
					"hidden": false,
					"parent": "",
					"drillstate": "E",
					"range": {
						"line": [
							{
								"object": "0FISCPER3",
								"sign": "I",
								"opt": "EQ",
								"keyLow": "002",
								"keyHigh": "",
								"dataTyp": "NUMC",
								"dataLength": "0003"
							},
							{
								"object": "0FISCYEAR",
								"sign": "I",
								"opt": "EQ",
								"keyLow": "00O2TK8CN6Y3VPBFC9MWIWGYD",
								"keyHigh": "",
								"dataTyp": "NUMC",
								"dataLength": "0004"
							}
						]
					}
				},
				{
					"id": "00O2TK9973U281UYWKB2QYV9X",
					"name": "Feb ACT",
					"mapname": "",
					"position": "8",
					"hidden": true,
					"parent": "00O2TK9973U281UYWKB2QYOYD",
					"drillstate": "L",
					"range": {
						"line": [
							{
								"object": "0FISCPER3",
								"sign": "I",
								"opt": "LE",
								"keyLow": "002",
								"keyHigh": "",
								"dataTyp": "NUMC",
								"dataLength": "0003"
							},
							{
								"object": "0CLEAR_DATE",
								"sign": "I",
								"opt": "EQ",
								"keyLow": "#",
								"keyHigh": "",
								"dataTyp": "DATS",
								"dataLength": "000A"
							},
							{
								"object": "0FISCYEAR",
								"sign": "I",
								"opt": "EQ",
								"keyLow": "00O2TK8CN6Y3VPBFC9MWIWGYD",
								"keyHigh": "",
								"dataTyp": "NUMC",
								"dataLength": "0004"
							},
							{
								"object": "0CLEAR_DATE",
								"sign": "I",
								"opt": "GT",
								"keyLow": "00O2TK8CN6Y2D9EJ82XHQW9HR",
								"keyHigh": "",
								"dataTyp": "DATS",
								"dataLength": "000A"
							}
						]
					}
				},
				{
					"id": "00O2TK9973U281UYWKB2R1OET",
					"name": "Feb ACT balance",
					"mapname": "",
					"position": "9",
					"hidden": true,
					"parent": "00O2TK9973U281UYWKB2QYOYD",
					"drillstate": "L",
					"range": {
						"line": [
							{
								"object": "0CLEAR_DATE",
								"sign": "I",
								"opt": "EQ",
								"keyLow": "#",
								"keyHigh": "",
								"dataTyp": "DATS",
								"dataLength": "000A"
							},
							{
								"object": "0CLEAR_DATE",
								"sign": "I",
								"opt": "GT",
								"keyLow": "00O2TK8CN6Y2D9EJ82XHQW9HR",
								"keyHigh": "",
								"dataTyp": "DATS",
								"dataLength": "000A"
							},
							{
								"object": "0FISCPER",
								"sign": "I",
								"opt": "LE",
								"keyLow": "00O2TK8CN6Y2GN2PYGYUG2YLD",
								"keyHigh": "",
								"dataTyp": "NUMC",
								"dataLength": "0008"
							}
						]
					}
				},
				{
					"id": "00O2TK9973U281UYWKB2QZ1LH",
					"name": "Feb PY",
					"mapname": "",
					"position": "10",
					"hidden": true,
					"parent": "00O2TK9973U281UYWKB2QYOYD",
					"drillstate": "L",
					"range": {
						"line": [
							{
								"object": "0FISCPER3",
								"sign": "I",
								"opt": "LE",
								"keyLow": "002",
								"keyHigh": "",
								"dataTyp": "NUMC",
								"dataLength": "0003"
							},
							{
								"object": "0CLEAR_DATE",
								"sign": "I",
								"opt": "EQ",
								"keyLow": "#",
								"keyHigh": "",
								"dataTyp": "DATS",
								"dataLength": "000A"
							},
							{
								"object": "0CLEAR_DATE",
								"sign": "I",
								"opt": "GT",
								"keyLow": "00O2TK8CN6Y2D9EK3823XZFKM",
								"keyHigh": "",
								"dataTyp": "DATS",
								"dataLength": "000A"
							},
							{
								"object": "0FISCYEAR",
								"sign": "I",
								"opt": "EQ",
								"keyLow": "00O2TK8CN6Y3VPBFC9MWIWGYD",
								"keyHigh": "",
								"dataTyp": "NUMC",
								"dataLength": "0004"
							}
						]
					}
				},
				{
					"id": "00O2TK9973U281UYWKB2R1UQD",
					"name": "Feb PY Bal.",
					"mapname": "",
					"position": "11",
					"hidden": true,
					"parent": "00O2TK9973U281UYWKB2QYOYD",
					"drillstate": "L",
					"range": {
						"line": [
							{
								"object": "0CLEAR_DATE",
								"sign": "I",
								"opt": "EQ",
								"keyLow": "#",
								"keyHigh": "",
								"dataTyp": "DATS",
								"dataLength": "000A"
							},
							{
								"object": "0CLEAR_DATE",
								"sign": "I",
								"opt": "GT",
								"keyLow": "00O2TK8CN6Y2D9EK3823XZFKM",
								"keyHigh": "",
								"dataTyp": "DATS",
								"dataLength": "000A"
							},
							{
								"object": "0FISCPER",
								"sign": "I",
								"opt": "LE",
								"keyLow": "00O2TK8CN6Y2GN2PYGYUG2YLD",
								"keyHigh": "",
								"dataTyp": "NUMC",
								"dataLength": "0008"
							}
						]
					}
				},
				{
					"id": "00O2TK9973U281UYWKB2QZ7X1",
					"name": "Mar",
					"mapname": "",
					"position": "12",
					"hidden": false,
					"parent": "",
					"drillstate": "E",
					"range": {
						"line": [
							{
								"object": "0FISCPER3",
								"sign": "I",
								"opt": "EQ",
								"keyLow": "003",
								"keyHigh": "",
								"dataTyp": "NUMC",
								"dataLength": "0003"
							},
							{
								"object": "0FISCYEAR",
								"sign": "I",
								"opt": "EQ",
								"keyLow": "00O2TK8CN6Y3VPBFC9MWIWGYD",
								"keyHigh": "",
								"dataTyp": "NUMC",
								"dataLength": "0004"
							}
						]
					}
				},
				{
					"id": "00O2TK9973U281UYWKB2QZE8L",
					"name": "Mar ACT",
					"mapname": "",
					"position": "13",
					"hidden": true,
					"parent": "00O2TK9973U281UYWKB2QZ7X1",
					"drillstate": "L",
					"range": {
						"line": [
							{
								"object": "0FISCPER3",
								"sign": "I",
								"opt": "LE",
								"keyLow": "003",
								"keyHigh": "",
								"dataTyp": "NUMC",
								"dataLength": "0003"
							},
							{
								"object": "0CLEAR_DATE",
								"sign": "I",
								"opt": "EQ",
								"keyLow": "#",
								"keyHigh": "",
								"dataTyp": "DATS",
								"dataLength": "000A"
							},
							{
								"object": "0FISCYEAR",
								"sign": "I",
								"opt": "EQ",
								"keyLow": "00O2TK8CN6Y3VPBFC9MWIWGYD",
								"keyHigh": "",
								"dataTyp": "NUMC",
								"dataLength": "0004"
							},
							{
								"object": "0CLEAR_DATE",
								"sign": "I",
								"opt": "GT",
								"keyLow": "00O2TK8CN6Y2D9EJAUN8I3CXC",
								"keyHigh": "",
								"dataTyp": "DATS",
								"dataLength": "000A"
							}
						]
					}
				},
				{
					"id": "00O2TK9973U281UYWKB2R211X",
					"name": "Mar ACT balance",
					"mapname": "",
					"position": "14",
					"hidden": true,
					"parent": "00O2TK9973U281UYWKB2QZ7X1",
					"drillstate": "L",
					"range": {
						"line": [
							{
								"object": "0CLEAR_DATE",
								"sign": "I",
								"opt": "EQ",
								"keyLow": "#",
								"keyHigh": "",
								"dataTyp": "DATS",
								"dataLength": "000A"
							},
							{
								"object": "0CLEAR_DATE",
								"sign": "I",
								"opt": "GT",
								"keyLow": "00O2TK8CN6Y2D9EJAUN8I3CXC",
								"keyHigh": "",
								"dataTyp": "DATS",
								"dataLength": "000A"
							},
							{
								"object": "0FISCPER",
								"sign": "I",
								"opt": "LE",
								"keyLow": "00O2TK8CN6Y2GN2PZN42EVI5F",
								"keyHigh": "",
								"dataTyp": "NUMC",
								"dataLength": "0008"
							}
						]
					}
				},
				{
					"id": "00O2TK9973U281UYWKB2QZKK5",
					"name": "Mar PY",
					"mapname": "",
					"position": "15",
					"hidden": true,
					"parent": "00O2TK9973U281UYWKB2QZ7X1",
					"drillstate": "L",
					"range": {
						"line": [
							{
								"object": "0FISCPER3",
								"sign": "I",
								"opt": "LE",
								"keyLow": "003",
								"keyHigh": "",
								"dataTyp": "NUMC",
								"dataLength": "0003"
							},
							{
								"object": "0CLEAR_DATE",
								"sign": "I",
								"opt": "EQ",
								"keyLow": "#",
								"keyHigh": "",
								"dataTyp": "DATS",
								"dataLength": "000A"
							},
							{
								"object": "0CLEAR_DATE",
								"sign": "I",
								"opt": "GT",
								"keyLow": "00O2TK8CN6Y2D9EK4POENIX0A",
								"keyHigh": "",
								"dataTyp": "DATS",
								"dataLength": "000A"
							},
							{
								"object": "0FISCYEAR",
								"sign": "I",
								"opt": "EQ",
								"keyLow": "00O2TK8CN6Y3VPBFC9MWIWGYD",
								"keyHigh": "",
								"dataTyp": "NUMC",
								"dataLength": "0004"
							}
						]
					}
				},
				{
					"id": "00O2TK9973U281UYWKB2R27DH",
					"name": "Mar PY Bal.",
					"mapname": "",
					"position": "16",
					"hidden": true,
					"parent": "00O2TK9973U281UYWKB2QZ7X1",
					"drillstate": "L",
					"range": {
						"line": [
							{
								"object": "0CLEAR_DATE",
								"sign": "I",
								"opt": "EQ",
								"keyLow": "#",
								"keyHigh": "",
								"dataTyp": "DATS",
								"dataLength": "000A"
							},
							{
								"object": "0CLEAR_DATE",
								"sign": "I",
								"opt": "GT",
								"keyLow": "00O2TK8CN6Y2D9EK4POENIX0A",
								"keyHigh": "",
								"dataTyp": "DATS",
								"dataLength": "000A"
							},
							{
								"object": "0FISCPER",
								"sign": "I",
								"opt": "LE",
								"keyLow": "00O2TK8CN6Y2GN2PZN42EVI5F",
								"keyHigh": "",
								"dataTyp": "NUMC",
								"dataLength": "0008"
							}
						]
					}
				},
				{
					"id": "00O2TK9973U281UYWKB2R03IT",
					"name": "Apr",
					"mapname": "",
					"position": "17",
					"hidden": false,
					"parent": "",
					"drillstate": "E",
					"range": {
						"line": [
							{
								"object": "0FISCPER3",
								"sign": "I",
								"opt": "EQ",
								"keyLow": "004",
								"keyHigh": "",
								"dataTyp": "NUMC",
								"dataLength": "0003"
							},
							{
								"object": "0FISCYEAR",
								"sign": "I",
								"opt": "EQ",
								"keyLow": "00O2TK8CN6Y3VPBFC9MWIWGYD",
								"keyHigh": "",
								"dataTyp": "NUMC",
								"dataLength": "0004"
							}
						]
					}
				},
				{
					"id": "00O2TK9973U281UYWKB2R09UD",
					"name": "Apr ACT",
					"mapname": "",
					"position": "18",
					"hidden": true,
					"parent": "00O2TK9973U281UYWKB2R03IT",
					"drillstate": "L",
					"range": {
						"line": [
							{
								"object": "0FISCPER3",
								"sign": "I",
								"opt": "LE",
								"keyLow": "004",
								"keyHigh": "",
								"dataTyp": "NUMC",
								"dataLength": "0003"
							},
							{
								"object": "0CLEAR_DATE",
								"sign": "I",
								"opt": "EQ",
								"keyLow": "#",
								"keyHigh": "",
								"dataTyp": "DATS",
								"dataLength": "000A"
							},
							{
								"object": "0FISCYEAR",
								"sign": "I",
								"opt": "EQ",
								"keyLow": "00O2TK8CN6Y3VPBFC9MWIWGYD",
								"keyHigh": "",
								"dataTyp": "NUMC",
								"dataLength": "0004"
							},
							{
								"object": "0CLEAR_DATE",
								"sign": "I",
								"opt": "GT",
								"keyLow": "00O2TK8CN6Y2D9EJCOVZ6IT69",
								"keyHigh": "",
								"dataTyp": "DATS",
								"dataLength": "000A"
							}
						]
					}
				},
				{
					"id": "00O2TK9973U281UYWKB2R2DP1",
					"name": "Apr ACT balance",
					"mapname": "",
					"position": "19",
					"hidden": true,
					"parent": "00O2TK9973U281UYWKB2R03IT",
					"drillstate": "L",
					"range": {
						"line": [
							{
								"object": "0CLEAR_DATE",
								"sign": "I",
								"opt": "EQ",
								"keyLow": "#",
								"keyHigh": "",
								"dataTyp": "DATS",
								"dataLength": "000A"
							},
							{
								"object": "0CLEAR_DATE",
								"sign": "I",
								"opt": "GT",
								"keyLow": "00O2TK8CN6Y2D9EJCOVZ6IT69",
								"keyHigh": "",
								"dataTyp": "DATS",
								"dataLength": "000A"
							},
							{
								"object": "0FISCPER",
								"sign": "I",
								"opt": "LE",
								"keyLow": "00O2TK8CN6Y2GN2Q2LNFF7F6T",
								"keyHigh": "",
								"dataTyp": "NUMC",
								"dataLength": "0008"
							}
						]
					}
				},
				{
					"id": "00O2TK9973U281UYWKB2R0G5X",
					"name": "Apr PY",
					"mapname": "",
					"position": "20",
					"hidden": true,
					"parent": "00O2TK9973U281UYWKB2R03IT",
					"drillstate": "L",
					"range": {
						"line": [
							{
								"object": "0FISCPER3",
								"sign": "I",
								"opt": "LE",
								"keyLow": "004",
								"keyHigh": "",
								"dataTyp": "NUMC",
								"dataLength": "0003"
							},
							{
								"object": "0CLEAR_DATE",
								"sign": "I",
								"opt": "EQ",
								"keyLow": "#",
								"keyHigh": "",
								"dataTyp": "DATS",
								"dataLength": "000A"
							},
							{
								"object": "0CLEAR_DATE",
								"sign": "I",
								"opt": "GT",
								"keyLow": "00O2TK8CN6Y2D9EK67QAA8JH8",
								"keyHigh": "",
								"dataTyp": "DATS",
								"dataLength": "000A"
							},
							{
								"object": "0FISCYEAR",
								"sign": "I",
								"opt": "EQ",
								"keyLow": "00O2TK8CN6Y3VPBFC9MWIWGYD",
								"keyHigh": "",
								"dataTyp": "NUMC",
								"dataLength": "0004"
							}
						]
					}
				},
				{
					"id": "00O2TK9973U281UYWKB2R2K0L",
					"name": "Apr PY Bal.",
					"mapname": "",
					"position": "21",
					"hidden": true,
					"parent": "00O2TK9973U281UYWKB2R03IT",
					"drillstate": "L",
					"range": {
						"line": [
							{
								"object": "0CLEAR_DATE",
								"sign": "I",
								"opt": "EQ",
								"keyLow": "#",
								"keyHigh": "",
								"dataTyp": "DATS",
								"dataLength": "000A"
							},
							{
								"object": "0CLEAR_DATE",
								"sign": "I",
								"opt": "GT",
								"keyLow": "00O2TK8CN6Y2D9EK67QAA8JH8",
								"keyHigh": "",
								"dataTyp": "DATS",
								"dataLength": "000A"
							},
							{
								"object": "0FISCPER",
								"sign": "I",
								"opt": "LE",
								"keyLow": "00O2TK8CN6Y2GN2Q2LNFF7F6T",
								"keyHigh": "",
								"dataTyp": "NUMC",
								"dataLength": "0008"
							}
						]
					}
				},
				{
					"id": "00O2TK9973U281UYWKB2R3FMD",
					"name": "May",
					"mapname": "",
					"position": "22",
					"hidden": false,
					"parent": "",
					"drillstate": "E",
					"range": {
						"line": [
							{
								"object": "0FISCPER3",
								"sign": "I",
								"opt": "EQ",
								"keyLow": "005",
								"keyHigh": "",
								"dataTyp": "NUMC",
								"dataLength": "0003"
							},
							{
								"object": "0FISCYEAR",
								"sign": "I",
								"opt": "EQ",
								"keyLow": "00O2TK8CN6Y3VPBFC9MWIWGYD",
								"keyHigh": "",
								"dataTyp": "NUMC",
								"dataLength": "0004"
							}
						]
					}
				},
				{
					"id": "00O2TK9973U281UYWKB2R3LXX",
					"name": "May ACT",
					"mapname": "",
					"position": "23",
					"hidden": true,
					"parent": "00O2TK9973U281UYWKB2R3FMD",
					"drillstate": "L",
					"range": {
						"line": [
							{
								"object": "0FISCPER3",
								"sign": "I",
								"opt": "LE",
								"keyLow": "005",
								"keyHigh": "",
								"dataTyp": "NUMC",
								"dataLength": "0003"
							},
							{
								"object": "0CLEAR_DATE",
								"sign": "I",
								"opt": "EQ",
								"keyLow": "#",
								"keyHigh": "",
								"dataTyp": "DATS",
								"dataLength": "000A"
							},
							{
								"object": "0FISCYEAR",
								"sign": "I",
								"opt": "EQ",
								"keyLow": "00O2TK8CN6Y3VPBFC9MWIWGYD",
								"keyHigh": "",
								"dataTyp": "NUMC",
								"dataLength": "0004"
							},
							{
								"object": "0CLEAR_DATE",
								"sign": "I",
								"opt": "GT",
								"keyLow": "00O2TK8CN6Y2D9EJF8L59IKOJ",
								"keyHigh": "",
								"dataTyp": "DATS",
								"dataLength": "000A"
							}
						]
					}
				},
				{
					"id": "00O2TK9973U281UYWKB2R2QC5",
					"name": "May ACT balance",
					"mapname": "",
					"position": "24",
					"hidden": true,
					"parent": "00O2TK9973U281UYWKB2R3FMD",
					"drillstate": "L",
					"range": {
						"line": [
							{
								"object": "0CLEAR_DATE",
								"sign": "I",
								"opt": "EQ",
								"keyLow": "#",
								"keyHigh": "",
								"dataTyp": "DATS",
								"dataLength": "000A"
							},
							{
								"object": "0CLEAR_DATE",
								"sign": "I",
								"opt": "GT",
								"keyLow": "00O2TK8CN6Y2D9EJF8L59IKOJ",
								"keyHigh": "",
								"dataTyp": "DATS",
								"dataLength": "000A"
							},
							{
								"object": "0FISCPER",
								"sign": "I",
								"opt": "LE",
								"keyLow": "00O2TK8CN6Y2GN2Q1HM9THEAT",
								"keyHigh": "",
								"dataTyp": "NUMC",
								"dataLength": "0008"
							}
						]
					}
				},
				{
					"id": "00O2TK9973U281UYWKB2R3S9H",
					"name": "May PY",
					"mapname": "",
					"position": "25",
					"hidden": true,
					"parent": "00O2TK9973U281UYWKB2R3FMD",
					"drillstate": "L",
					"range": {
						"line": [
							{
								"object": "0FISCPER3",
								"sign": "I",
								"opt": "LE",
								"keyLow": "005",
								"keyHigh": "",
								"dataTyp": "NUMC",
								"dataLength": "0003"
							},
							{
								"object": "0CLEAR_DATE",
								"sign": "I",
								"opt": "EQ",
								"keyLow": "#",
								"keyHigh": "",
								"dataTyp": "DATS",
								"dataLength": "000A"
							},
							{
								"object": "0CLEAR_DATE",
								"sign": "I",
								"opt": "GT",
								"keyLow": "00O2TK8CN6Y2D9EK88R0T2LKP",
								"keyHigh": "",
								"dataTyp": "DATS",
								"dataLength": "000A"
							},
							{
								"object": "0FISCYEAR",
								"sign": "I",
								"opt": "EQ",
								"keyLow": "00O2TK8CN6Y3VPBFC9MWIWGYD",
								"keyHigh": "",
								"dataTyp": "NUMC",
								"dataLength": "0004"
							}
						]
					}
				},
				{
					"id": "00O2TK9973U281UYWKB2R2WNP",
					"name": "May PY Bal.",
					"mapname": "",
					"position": "26",
					"hidden": true,
					"parent": "00O2TK9973U281UYWKB2R3FMD",
					"drillstate": "L",
					"range": {
						"line": [
							{
								"object": "0CLEAR_DATE",
								"sign": "I",
								"opt": "EQ",
								"keyLow": "#",
								"keyHigh": "",
								"dataTyp": "DATS",
								"dataLength": "000A"
							},
							{
								"object": "0CLEAR_DATE",
								"sign": "I",
								"opt": "GT",
								"keyLow": "00O2TK8CN6Y2D9EK88R0T2LKP",
								"keyHigh": "",
								"dataTyp": "DATS",
								"dataLength": "000A"
							},
							{
								"object": "0FISCPER",
								"sign": "I",
								"opt": "LE",
								"keyLow": "00O2TK8CN6Y2GN2Q1HM9THEAT",
								"keyHigh": "",
								"dataTyp": "NUMC",
								"dataLength": "0008"
							}
						]
					}
				},
				{
					"id": "00O2TK9973U281UYWKB2R0MHH",
					"name": "Jun",
					"mapname": "",
					"position": "27",
					"hidden": false,
					"parent": "",
					"drillstate": "E",
					"range": {
						"line": [
							{
								"object": "0FISCPER3",
								"sign": "I",
								"opt": "EQ",
								"keyLow": "006",
								"keyHigh": "",
								"dataTyp": "NUMC",
								"dataLength": "0003"
							},
							{
								"object": "0FISCYEAR",
								"sign": "I",
								"opt": "EQ",
								"keyLow": "00O2TK8CN6Y3VPBFC9MWIWGYD",
								"keyHigh": "",
								"dataTyp": "NUMC",
								"dataLength": "0004"
							}
						]
					}
				},
				{
					"id": "00O2TK9973U281UYWKB2R0ST1",
					"name": "Jun ACT",
					"mapname": "",
					"position": "28",
					"hidden": true,
					"parent": "00O2TK9973U281UYWKB2R0MHH",
					"drillstate": "L",
					"range": {
						"line": [
							{
								"object": "0FISCPER3",
								"sign": "I",
								"opt": "LE",
								"keyLow": "006",
								"keyHigh": "",
								"dataTyp": "NUMC",
								"dataLength": "0003"
							},
							{
								"object": "0CLEAR_DATE",
								"sign": "I",
								"opt": "EQ",
								"keyLow": "#",
								"keyHigh": "",
								"dataTyp": "DATS",
								"dataLength": "000A"
							},
							{
								"object": "0FISCYEAR",
								"sign": "I",
								"opt": "EQ",
								"keyLow": "00O2TK8CN6Y3VPBFC9MWIWGYD",
								"keyHigh": "",
								"dataTyp": "NUMC",
								"dataLength": "0004"
							},
							{
								"object": "0CLEAR_DATE",
								"sign": "I",
								"opt": "GT",
								"keyLow": "00O2TK8CN6Y2D9EJH31BHG46U",
								"keyHigh": "",
								"dataTyp": "DATS",
								"dataLength": "000A"
							}
						]
					}
				},
				{
					"id": "00O2TK9973U281UYWKB2R32Z9",
					"name": "Jun ACT balance",
					"mapname": "",
					"position": "29",
					"hidden": true,
					"parent": "00O2TK9973U281UYWKB2R0MHH",
					"drillstate": "L",
					"range": {
						"line": [
							{
								"object": "0CLEAR_DATE",
								"sign": "I",
								"opt": "EQ",
								"keyLow": "#",
								"keyHigh": "",
								"dataTyp": "DATS",
								"dataLength": "000A"
							},
							{
								"object": "0CLEAR_DATE",
								"sign": "I",
								"opt": "GT",
								"keyLow": "00O2TK8CN6Y2D9EJH31BHG46U",
								"keyHigh": "",
								"dataTyp": "DATS",
								"dataLength": "000A"
							},
							{
								"object": "0FISCPER",
								"sign": "I",
								"opt": "LE",
								"keyLow": "00O2TK8CN6Y2GN2Q2B7W3JKX1",
								"keyHigh": "",
								"dataTyp": "NUMC",
								"dataLength": "0008"
							}
						]
					}
				},
				{
					"id": "00O2TK9973U281UYWKB2R0Z4L",
					"name": "Jun PY",
					"mapname": "",
					"position": "30",
					"hidden": true,
					"parent": "00O2TK9973U281UYWKB2R0MHH",
					"drillstate": "L",
					"range": {
						"line": [
							{
								"object": "0FISCPER3",
								"sign": "I",
								"opt": "LE",
								"keyLow": "006",
								"keyHigh": "",
								"dataTyp": "NUMC",
								"dataLength": "0003"
							},
							{
								"object": "0CLEAR_DATE",
								"sign": "I",
								"opt": "EQ",
								"keyLow": "#",
								"keyHigh": "",
								"dataTyp": "DATS",
								"dataLength": "000A"
							},
							{
								"object": "0CLEAR_DATE",
								"sign": "I",
								"opt": "GT",
								"keyLow": "00O2TK8CN6Y2D9EK9HSVU8O8P",
								"keyHigh": "",
								"dataTyp": "DATS",
								"dataLength": "000A"
							},
							{
								"object": "0FISCYEAR",
								"sign": "I",
								"opt": "EQ",
								"keyLow": "00O2TK8CN6Y3VPBFC9MWIWGYD",
								"keyHigh": "",
								"dataTyp": "NUMC",
								"dataLength": "0004"
							}
						]
					}
				},
				{
					"id": "00O2TK9973U281UYWKB2R39AT",
					"name": "Jun PY Bal.",
					"mapname": "",
					"position": "31",
					"hidden": true,
					"parent": "00O2TK9973U281UYWKB2R0MHH",
					"drillstate": "L",
					"range": {
						"line": [
							{
								"object": "0CLEAR_DATE",
								"sign": "I",
								"opt": "EQ",
								"keyLow": "#",
								"keyHigh": "",
								"dataTyp": "DATS",
								"dataLength": "000A"
							},
							{
								"object": "0CLEAR_DATE",
								"sign": "I",
								"opt": "GT",
								"keyLow": "00O2TK8CN6Y2D9EK9HSVU8O8P",
								"keyHigh": "",
								"dataTyp": "DATS",
								"dataLength": "000A"
							},
							{
								"object": "0FISCPER",
								"sign": "I",
								"opt": "LE",
								"keyLow": "00O2TK8CN6Y2GN2Q2B7W3JKX1",
								"keyHigh": "",
								"dataTyp": "NUMC",
								"dataLength": "0008"
							}
						]
					}
				},
				{
					"id": "00O2TK9973U281UZL3796IV0P",
					"name": "Jul",
					"mapname": "",
					"position": "32",
					"hidden": false,
					"parent": "",
					"drillstate": "E",
					"range": {
						"line": [
							{
								"object": "0FISCPER3",
								"sign": "I",
								"opt": "EQ",
								"keyLow": "007",
								"keyHigh": "",
								"dataTyp": "NUMC",
								"dataLength": "0003"
							},
							{
								"object": "0FISCYEAR",
								"sign": "I",
								"opt": "EQ",
								"keyLow": "00O2TK8CN6Y3VPBFC9MWIWGYD",
								"keyHigh": "",
								"dataTyp": "NUMC",
								"dataLength": "0004"
							}
						]
					}
				},
				{
					"id": "00O2TK9973U281V3O6F4632J1",
					"name": "Jul ACT",
					"mapname": "",
					"position": "33",
					"hidden": true,
					"parent": "00O2TK9973U281UZL3796IV0P",
					"drillstate": "L",
					"range": {
						"line": [
							{
								"object": "0FISCPER3",
								"sign": "I",
								"opt": "LE",
								"keyLow": "007",
								"keyHigh": "",
								"dataTyp": "NUMC",
								"dataLength": "0003"
							},
							{
								"object": "0CLEAR_DATE",
								"sign": "I",
								"opt": "EQ",
								"keyLow": "#",
								"keyHigh": "",
								"dataTyp": "DATS",
								"dataLength": "000A"
							},
							{
								"object": "0FISCYEAR",
								"sign": "I",
								"opt": "EQ",
								"keyLow": "00O2TK8CN6Y3VPBFC9MWIWGYD",
								"keyHigh": "",
								"dataTyp": "NUMC",
								"dataLength": "0004"
							},
							{
								"object": "0CLEAR_DATE",
								"sign": "I",
								"opt": "GT",
								"keyLow": "00O2TK8CN6Y2D9EJJB7B1PV0T",
								"keyHigh": "",
								"dataTyp": "DATS",
								"dataLength": "000A"
							}
						]
					}
				},
				{
					"id": "00O2TK9973U281V3O6F4638UL",
					"name": "Jul ACT balance",
					"mapname": "",
					"position": "34",
					"hidden": true,
					"parent": "00O2TK9973U281UZL3796IV0P",
					"drillstate": "L",
					"range": {
						"line": [
							{
								"object": "0CLEAR_DATE",
								"sign": "I",
								"opt": "EQ",
								"keyLow": "#",
								"keyHigh": "",
								"dataTyp": "DATS",
								"dataLength": "000A"
							},
							{
								"object": "0CLEAR_DATE",
								"sign": "I",
								"opt": "GT",
								"keyLow": "00O2TK8CN6Y2D9EJJB7B1PV0T",
								"keyHigh": "",
								"dataTyp": "DATS",
								"dataLength": "000A"
							},
							{
								"object": "0FISCPER",
								"sign": "I",
								"opt": "LE",
								"keyLow": "00O2TK8CN6Y2GN2Q71GZBP6FB",
								"keyHigh": "",
								"dataTyp": "NUMC",
								"dataLength": "0008"
							}
						]
					}
				},
				{
					"id": "00O2TK9973U281V3O6F463F65",
					"name": "Jul PY",
					"mapname": "",
					"position": "35",
					"hidden": true,
					"parent": "00O2TK9973U281UZL3796IV0P",
					"drillstate": "L",
					"range": {
						"line": [
							{
								"object": "0FISCPER3",
								"sign": "I",
								"opt": "LE",
								"keyLow": "007",
								"keyHigh": "",
								"dataTyp": "NUMC",
								"dataLength": "0003"
							},
							{
								"object": "0CLEAR_DATE",
								"sign": "I",
								"opt": "EQ",
								"keyLow": "#",
								"keyHigh": "",
								"dataTyp": "DATS",
								"dataLength": "000A"
							},
							{
								"object": "0CLEAR_DATE",
								"sign": "I",
								"opt": "GT",
								"keyLow": "00O2TK8CN6Y2D9EKFHPH5LO77",
								"keyHigh": "",
								"dataTyp": "DATS",
								"dataLength": "000A"
							},
							{
								"object": "0FISCYEAR",
								"sign": "I",
								"opt": "EQ",
								"keyLow": "00O2TK8CN6Y3VPBFC9MWIWGYD",
								"keyHigh": "",
								"dataTyp": "NUMC",
								"dataLength": "0004"
							}
						]
					}
				},
				{
					"id": "00O2TK9973U281V3O6F463LHP",
					"name": "Jul PY Bal.",
					"mapname": "",
					"position": "36",
					"hidden": true,
					"parent": "00O2TK9973U281UZL3796IV0P",
					"drillstate": "L",
					"range": {
						"line": [
							{
								"object": "0CLEAR_DATE",
								"sign": "I",
								"opt": "EQ",
								"keyLow": "#",
								"keyHigh": "",
								"dataTyp": "DATS",
								"dataLength": "000A"
							},
							{
								"object": "0CLEAR_DATE",
								"sign": "I",
								"opt": "GT",
								"keyLow": "00O2TK8CN6Y2D9EKFHPH5LO77",
								"keyHigh": "",
								"dataTyp": "DATS",
								"dataLength": "000A"
							},
							{
								"object": "0FISCPER",
								"sign": "I",
								"opt": "LE",
								"keyLow": "00O2TK8CN6Y2GN2Q71GZBP6FB",
								"keyHigh": "",
								"dataTyp": "NUMC",
								"dataLength": "0008"
							}
						]
					}
				},
				{
					"id": "00O2TK9973U281UZL3796JQMH",
					"name": "Aug",
					"mapname": "",
					"position": "37",
					"hidden": false,
					"parent": "",
					"drillstate": "E",
					"range": {
						"line": [
							{
								"object": "0FISCPER3",
								"sign": "I",
								"opt": "EQ",
								"keyLow": "008",
								"keyHigh": "",
								"dataTyp": "NUMC",
								"dataLength": "0003"
							},
							{
								"object": "0FISCYEAR",
								"sign": "I",
								"opt": "EQ",
								"keyLow": "00O2TK8CN6Y3VPBFC9MWIWGYD",
								"keyHigh": "",
								"dataTyp": "NUMC",
								"dataLength": "0004"
							}
						]
					}
				},
				{
					"id": "00O2TK9973U281V3O6F463RT9",
					"name": "Aug ACT",
					"mapname": "",
					"position": "38",
					"hidden": true,
					"parent": "00O2TK9973U281UZL3796JQMH",
					"drillstate": "L",
					"range": {
						"line": [
							{
								"object": "0FISCPER3",
								"sign": "I",
								"opt": "LE",
								"keyLow": "008",
								"keyHigh": "",
								"dataTyp": "NUMC",
								"dataLength": "0003"
							},
							{
								"object": "0CLEAR_DATE",
								"sign": "I",
								"opt": "EQ",
								"keyLow": "#",
								"keyHigh": "",
								"dataTyp": "DATS",
								"dataLength": "000A"
							},
							{
								"object": "0FISCYEAR",
								"sign": "I",
								"opt": "EQ",
								"keyLow": "00O2TK8CN6Y3VPBFC9MWIWGYD",
								"keyHigh": "",
								"dataTyp": "NUMC",
								"dataLength": "0004"
							},
							{
								"object": "0CLEAR_DATE",
								"sign": "I",
								"opt": "GT",
								"keyLow": "00O2TK8CN6Y2D9EJMNNCNOHN2",
								"keyHigh": "",
								"dataTyp": "DATS",
								"dataLength": "000A"
							}
						]
					}
				},
				{
					"id": "00O2TK9973U281V3O6F463Y4T",
					"name": "Aug ACT balance",
					"mapname": "",
					"position": "39",
					"hidden": true,
					"parent": "00O2TK9973U281UZL3796JQMH",
					"drillstate": "L",
					"range": {
						"line": [
							{
								"object": "0CLEAR_DATE",
								"sign": "I",
								"opt": "EQ",
								"keyLow": "#",
								"keyHigh": "",
								"dataTyp": "DATS",
								"dataLength": "000A"
							},
							{
								"object": "0CLEAR_DATE",
								"sign": "I",
								"opt": "GT",
								"keyLow": "00O2TK8CN6Y2D9EJMNNCNOHN2",
								"keyHigh": "",
								"dataTyp": "DATS",
								"dataLength": "000A"
							},
							{
								"object": "0FISCPER",
								"sign": "I",
								"opt": "LE",
								"keyLow": "00O2TK8CN6Y2GN2Q813Y1B4CN",
								"keyHigh": "",
								"dataTyp": "NUMC",
								"dataLength": "0008"
							}
						]
					}
				},
				{
					"id": "00O2TK9973U281V3O6F4644GD",
					"name": "Aug PY",
					"mapname": "",
					"position": "40",
					"hidden": true,
					"parent": "00O2TK9973U281UZL3796JQMH",
					"drillstate": "L",
					"range": {
						"line": [
							{
								"object": "0FISCPER3",
								"sign": "I",
								"opt": "LE",
								"keyLow": "008",
								"keyHigh": "",
								"dataTyp": "NUMC",
								"dataLength": "0003"
							},
							{
								"object": "0CLEAR_DATE",
								"sign": "I",
								"opt": "EQ",
								"keyLow": "#",
								"keyHigh": "",
								"dataTyp": "DATS",
								"dataLength": "000A"
							},
							{
								"object": "0CLEAR_DATE",
								"sign": "I",
								"opt": "GT",
								"keyLow": "00O2TK8CN6Y2D9EKGRECFZIE5",
								"keyHigh": "",
								"dataTyp": "DATS",
								"dataLength": "000A"
							},
							{
								"object": "0FISCYEAR",
								"sign": "I",
								"opt": "EQ",
								"keyLow": "00O2TK8CN6Y3VPBFC9MWIWGYD",
								"keyHigh": "",
								"dataTyp": "NUMC",
								"dataLength": "0004"
							}
						]
					}
				},
				{
					"id": "00O2TK9973U281V3O6F464ARX",
					"name": "Aug PY Bal.",
					"mapname": "",
					"position": "41",
					"hidden": true,
					"parent": "00O2TK9973U281UZL3796JQMH",
					"drillstate": "L",
					"range": {
						"line": [
							{
								"object": "0CLEAR_DATE",
								"sign": "I",
								"opt": "EQ",
								"keyLow": "#",
								"keyHigh": "",
								"dataTyp": "DATS",
								"dataLength": "000A"
							},
							{
								"object": "0CLEAR_DATE",
								"sign": "I",
								"opt": "GT",
								"keyLow": "00O2TK8CN6Y2D9EKGRECFZIE5",
								"keyHigh": "",
								"dataTyp": "DATS",
								"dataLength": "000A"
							},
							{
								"object": "0FISCPER",
								"sign": "I",
								"opt": "LE",
								"keyLow": "00O2TK8CN6Y2GN2Q813Y1B4CN",
								"keyHigh": "",
								"dataTyp": "NUMC",
								"dataLength": "0008"
							}
						]
					}
				},
				{
					"id": "00O2TK9973U281UZL3796KM89",
					"name": "Sep",
					"mapname": "",
					"position": "42",
					"hidden": false,
					"parent": "",
					"drillstate": "E",
					"range": {
						"line": [
							{
								"object": "0FISCPER3",
								"sign": "I",
								"opt": "EQ",
								"keyLow": "009",
								"keyHigh": "",
								"dataTyp": "NUMC",
								"dataLength": "0003"
							},
							{
								"object": "0FISCYEAR",
								"sign": "I",
								"opt": "EQ",
								"keyLow": "00O2TK8CN6Y3VPBFC9MWIWGYD",
								"keyHigh": "",
								"dataTyp": "NUMC",
								"dataLength": "0004"
							}
						]
					}
				},
				{
					"id": "00O2TK9973U0HRQUES6OGOP6W",
					"name": "Sep ACT",
					"mapname": "",
					"position": "43",
					"hidden": true,
					"parent": "00O2TK9973U281UZL3796KM89",
					"drillstate": "L",
					"range": {
						"line": [
							{
								"object": "0FISCPER3",
								"sign": "I",
								"opt": "LE",
								"keyLow": "009",
								"keyHigh": "",
								"dataTyp": "NUMC",
								"dataLength": "0003"
							},
							{
								"object": "0CLEAR_DATE",
								"sign": "I",
								"opt": "EQ",
								"keyLow": "#",
								"keyHigh": "",
								"dataTyp": "DATS",
								"dataLength": "000A"
							},
							{
								"object": "0FISCYEAR",
								"sign": "I",
								"opt": "EQ",
								"keyLow": "00O2TK8CN6Y3VPBFC9MWIWGYD",
								"keyHigh": "",
								"dataTyp": "NUMC",
								"dataLength": "0004"
							},
							{
								"object": "0CLEAR_DATE",
								"sign": "I",
								"opt": "GT",
								"keyLow": "00O2TK8CN6Y2D9EJOUDA19QAC",
								"keyHigh": "",
								"dataTyp": "DATS",
								"dataLength": "000A"
							}
						]
					}
				},
				{
					"id": "00O2TK9973U0HRQUES6OGOVIG",
					"name": "Sep ACT balance",
					"mapname": "",
					"position": "44",
					"hidden": true,
					"parent": "00O2TK9973U281UZL3796KM89",
					"drillstate": "L",
					"range": {
						"line": [
							{
								"object": "0CLEAR_DATE",
								"sign": "I",
								"opt": "EQ",
								"keyLow": "#",
								"keyHigh": "",
								"dataTyp": "DATS",
								"dataLength": "000A"
							},
							{
								"object": "0CLEAR_DATE",
								"sign": "I",
								"opt": "GT",
								"keyLow": "00O2TK8CN6Y2D9EJOUDA19QAC",
								"keyHigh": "",
								"dataTyp": "DATS",
								"dataLength": "000A"
							},
							{
								"object": "0FISCPER",
								"sign": "I",
								"opt": "LE",
								"keyLow": "00O2TK8CN6Y2GN2Q8X3M53MX5",
								"keyHigh": "",
								"dataTyp": "NUMC",
								"dataLength": "0008"
							}
						]
					}
				},
				{
					"id": "00O2TK9973U0HRQUES6OGP1U0",
					"name": "Sep PY",
					"mapname": "",
					"position": "45",
					"hidden": true,
					"parent": "00O2TK9973U281UZL3796KM89",
					"drillstate": "L",
					"range": {
						"line": [
							{
								"object": "0FISCPER3",
								"sign": "I",
								"opt": "LE",
								"keyLow": "009",
								"keyHigh": "",
								"dataTyp": "NUMC",
								"dataLength": "0003"
							},
							{
								"object": "0CLEAR_DATE",
								"sign": "I",
								"opt": "EQ",
								"keyLow": "#",
								"keyHigh": "",
								"dataTyp": "DATS",
								"dataLength": "000A"
							},
							{
								"object": "0CLEAR_DATE",
								"sign": "I",
								"opt": "GT",
								"keyLow": "00O2TK8CN6Y2D9EKI487ATOF1",
								"keyHigh": "",
								"dataTyp": "DATS",
								"dataLength": "000A"
							},
							{
								"object": "0FISCYEAR",
								"sign": "I",
								"opt": "EQ",
								"keyLow": "00O2TK8CN6Y3VPBFC9MWIWGYD",
								"keyHigh": "",
								"dataTyp": "NUMC",
								"dataLength": "0004"
							}
						]
					}
				},
				{
					"id": "00O2TK9973U0HRQUES6OGP85K",
					"name": "Sep PY Bal.",
					"mapname": "",
					"position": "46",
					"hidden": true,
					"parent": "00O2TK9973U281UZL3796KM89",
					"drillstate": "L",
					"range": {
						"line": [
							{
								"object": "0CLEAR_DATE",
								"sign": "I",
								"opt": "EQ",
								"keyLow": "#",
								"keyHigh": "",
								"dataTyp": "DATS",
								"dataLength": "000A"
							},
							{
								"object": "0CLEAR_DATE",
								"sign": "I",
								"opt": "GT",
								"keyLow": "00O2TK8CN6Y2D9EKI487ATOF1",
								"keyHigh": "",
								"dataTyp": "DATS",
								"dataLength": "000A"
							},
							{
								"object": "0FISCPER",
								"sign": "I",
								"opt": "LE",
								"keyLow": "00O2TK8CN6Y2GN2Q8X3M53MX5",
								"keyHigh": "",
								"dataTyp": "NUMC",
								"dataLength": "0008"
							}
						]
					}
				},
				{
					"id": "00O2TK9973U281UZL3796LHU1",
					"name": "Oct",
					"mapname": "",
					"position": "47",
					"hidden": false,
					"parent": "",
					"drillstate": "E",
					"range": {
						"line": [
							{
								"object": "0FISCPER3",
								"sign": "I",
								"opt": "EQ",
								"keyLow": "010",
								"keyHigh": "",
								"dataTyp": "NUMC",
								"dataLength": "0003"
							},
							{
								"object": "0FISCYEAR",
								"sign": "I",
								"opt": "EQ",
								"keyLow": "00O2TK8CN6Y3VPBFC9MWIWGYD",
								"keyHigh": "",
								"dataTyp": "NUMC",
								"dataLength": "0004"
							}
						]
					}
				},
				{
					"id": "00O2TK9973U0HRQUJE2TF6C7O",
					"name": "Oct ACT",
					"mapname": "",
					"position": "48",
					"hidden": true,
					"parent": "00O2TK9973U281UZL3796LHU1",
					"drillstate": "L",
					"range": {
						"line": [
							{
								"object": "0FISCPER3",
								"sign": "I",
								"opt": "LE",
								"keyLow": "010",
								"keyHigh": "",
								"dataTyp": "NUMC",
								"dataLength": "0003"
							},
							{
								"object": "0CLEAR_DATE",
								"sign": "I",
								"opt": "EQ",
								"keyLow": "#",
								"keyHigh": "",
								"dataTyp": "DATS",
								"dataLength": "000A"
							},
							{
								"object": "0FISCYEAR",
								"sign": "I",
								"opt": "EQ",
								"keyLow": "00O2TK8CN6Y3VPBFC9MWIWGYD",
								"keyHigh": "",
								"dataTyp": "NUMC",
								"dataLength": "0004"
							},
							{
								"object": "0CLEAR_DATE",
								"sign": "I",
								"opt": "GT",
								"keyLow": "00O2TK8CN6Y2D9EJR8G98LE2G",
								"keyHigh": "",
								"dataTyp": "DATS",
								"dataLength": "000A"
							}
						]
					}
				},
				{
					"id": "00O2TK9973U0HRQUJE2TF6IJ8",
					"name": "Oct ACT balance",
					"mapname": "",
					"position": "49",
					"hidden": true,
					"parent": "00O2TK9973U281UZL3796LHU1",
					"drillstate": "L",
					"range": {
						"line": [
							{
								"object": "0CLEAR_DATE",
								"sign": "I",
								"opt": "EQ",
								"keyLow": "#",
								"keyHigh": "",
								"dataTyp": "DATS",
								"dataLength": "000A"
							},
							{
								"object": "0CLEAR_DATE",
								"sign": "I",
								"opt": "GT",
								"keyLow": "00O2TK8CN6Y2D9EJR8G98LE2G",
								"keyHigh": "",
								"dataTyp": "DATS",
								"dataLength": "000A"
							},
							{
								"object": "0FISCPER",
								"sign": "I",
								"opt": "LE",
								"keyLow": "00O2TK8CN6Y2GN2Q9QLUOMUH5",
								"keyHigh": "",
								"dataTyp": "NUMC",
								"dataLength": "0008"
							}
						]
					}
				},
				{
					"id": "00O2TK9973U0HRQUJE2TF6OUS",
					"name": "Oct PY",
					"mapname": "",
					"position": "50",
					"hidden": true,
					"parent": "00O2TK9973U281UZL3796LHU1",
					"drillstate": "L",
					"range": {
						"line": [
							{
								"object": "0FISCPER3",
								"sign": "I",
								"opt": "LE",
								"keyLow": "010",
								"keyHigh": "",
								"dataTyp": "NUMC",
								"dataLength": "0003"
							},
							{
								"object": "0CLEAR_DATE",
								"sign": "I",
								"opt": "EQ",
								"keyLow": "#",
								"keyHigh": "",
								"dataTyp": "DATS",
								"dataLength": "000A"
							},
							{
								"object": "0CLEAR_DATE",
								"sign": "I",
								"opt": "GT",
								"keyLow": "00O2TK8CN6Y2D9EKJJA6O16G2",
								"keyHigh": "",
								"dataTyp": "DATS",
								"dataLength": "000A"
							},
							{
								"object": "0FISCYEAR",
								"sign": "I",
								"opt": "EQ",
								"keyLow": "00O2TK8CN6Y3VPBFC9MWIWGYD",
								"keyHigh": "",
								"dataTyp": "NUMC",
								"dataLength": "0004"
							}
						]
					}
				},
				{
					"id": "00O2TK9973U0HRQUJE2TF6V6C",
					"name": "Oct PY Bal.",
					"mapname": "",
					"position": "51",
					"hidden": true,
					"parent": "00O2TK9973U281UZL3796LHU1",
					"drillstate": "L",
					"range": {
						"line": [
							{
								"object": "0CLEAR_DATE",
								"sign": "I",
								"opt": "EQ",
								"keyLow": "#",
								"keyHigh": "",
								"dataTyp": "DATS",
								"dataLength": "000A"
							},
							{
								"object": "0CLEAR_DATE",
								"sign": "I",
								"opt": "GT",
								"keyLow": "00O2TK8CN6Y2D9EKJJA6O16G2",
								"keyHigh": "",
								"dataTyp": "DATS",
								"dataLength": "000A"
							},
							{
								"object": "0FISCPER",
								"sign": "I",
								"opt": "LE",
								"keyLow": "00O2TK8CN6Y2GN2Q9QLUOMUH5",
								"keyHigh": "",
								"dataTyp": "NUMC",
								"dataLength": "0008"
							}
						]
					}
				},
				{
					"id": "00O2TK9973U281UZL3796MDFT",
					"name": "Nov",
					"mapname": "",
					"position": "52",
					"hidden": false,
					"parent": "",
					"drillstate": "E",
					"range": {
						"line": [
							{
								"object": "0FISCPER3",
								"sign": "I",
								"opt": "EQ",
								"keyLow": "011",
								"keyHigh": "",
								"dataTyp": "NUMC",
								"dataLength": "0003"
							},
							{
								"object": "0FISCYEAR",
								"sign": "I",
								"opt": "EQ",
								"keyLow": "00O2TK8CN6Y3VPBFC9MWIWGYD",
								"keyHigh": "",
								"dataTyp": "NUMC",
								"dataLength": "0004"
							}
						]
					}
				},
				{
					"id": "00O2TK9973U0HRQUTDH4XB9RF",
					"name": "Nov ACT",
					"mapname": "",
					"position": "53",
					"hidden": true,
					"parent": "00O2TK9973U281UZL3796MDFT",
					"drillstate": "L",
					"range": {
						"line": [
							{
								"object": "0FISCPER3",
								"sign": "I",
								"opt": "LE",
								"keyLow": "011",
								"keyHigh": "",
								"dataTyp": "NUMC",
								"dataLength": "0003"
							},
							{
								"object": "0CLEAR_DATE",
								"sign": "I",
								"opt": "EQ",
								"keyLow": "#",
								"keyHigh": "",
								"dataTyp": "DATS",
								"dataLength": "000A"
							},
							{
								"object": "0FISCYEAR",
								"sign": "I",
								"opt": "EQ",
								"keyLow": "00O2TK8CN6Y3VPBFC9MWIWGYD",
								"keyHigh": "",
								"dataTyp": "NUMC",
								"dataLength": "0004"
							},
							{
								"object": "0CLEAR_DATE",
								"sign": "I",
								"opt": "GT",
								"keyLow": "00O2TK8CN6Y2D9EJT8WL04BCQ",
								"keyHigh": "",
								"dataTyp": "DATS",
								"dataLength": "000A"
							}
						]
					}
				},
				{
					"id": "00O2TK9973U0HRQUTDH4XBG2Z",
					"name": "Nov ACT balance",
					"mapname": "",
					"position": "54",
					"hidden": true,
					"parent": "00O2TK9973U281UZL3796MDFT",
					"drillstate": "L",
					"range": {
						"line": [
							{
								"object": "0CLEAR_DATE",
								"sign": "I",
								"opt": "EQ",
								"keyLow": "#",
								"keyHigh": "",
								"dataTyp": "DATS",
								"dataLength": "000A"
							},
							{
								"object": "0CLEAR_DATE",
								"sign": "I",
								"opt": "GT",
								"keyLow": "00O2TK8CN6Y2D9EJT8WL04BCQ",
								"keyHigh": "",
								"dataTyp": "DATS",
								"dataLength": "000A"
							},
							{
								"object": "0FISCPER",
								"sign": "I",
								"opt": "LE",
								"keyLow": "00O2TK8CN6Y2GN2QATBXW151O",
								"keyHigh": "",
								"dataTyp": "NUMC",
								"dataLength": "0008"
							}
						]
					}
				},
				{
					"id": "00O2TK9973U0HRQUTDH4XBMEJ",
					"name": "Nov PY",
					"mapname": "",
					"position": "55",
					"hidden": true,
					"parent": "00O2TK9973U281UZL3796MDFT",
					"drillstate": "L",
					"range": {
						"line": [
							{
								"object": "0FISCPER3",
								"sign": "I",
								"opt": "LE",
								"keyLow": "011",
								"keyHigh": "",
								"dataTyp": "NUMC",
								"dataLength": "0003"
							},
							{
								"object": "0CLEAR_DATE",
								"sign": "I",
								"opt": "EQ",
								"keyLow": "#",
								"keyHigh": "",
								"dataTyp": "DATS",
								"dataLength": "000A"
							},
							{
								"object": "0CLEAR_DATE",
								"sign": "I",
								"opt": "GT",
								"keyLow": "00O2TK8CN6Y2D9EKQHSOOYHVG",
								"keyHigh": "",
								"dataTyp": "DATS",
								"dataLength": "000A"
							},
							{
								"object": "0FISCYEAR",
								"sign": "I",
								"opt": "EQ",
								"keyLow": "00O2TK8CN6Y3VPBFC9MWIWGYD",
								"keyHigh": "",
								"dataTyp": "NUMC",
								"dataLength": "0004"
							}
						]
					}
				},
				{
					"id": "00O2TK9973U0HRQUTDH4XBSQ3",
					"name": "Nov PY Bal.",
					"mapname": "",
					"position": "56",
					"hidden": true,
					"parent": "00O2TK9973U281UZL3796MDFT",
					"drillstate": "L",
					"range": {
						"line": [
							{
								"object": "0CLEAR_DATE",
								"sign": "I",
								"opt": "EQ",
								"keyLow": "#",
								"keyHigh": "",
								"dataTyp": "DATS",
								"dataLength": "000A"
							},
							{
								"object": "0CLEAR_DATE",
								"sign": "I",
								"opt": "GT",
								"keyLow": "00O2TK8CN6Y2D9EKQHSOOYHVG",
								"keyHigh": "",
								"dataTyp": "DATS",
								"dataLength": "000A"
							},
							{
								"object": "0FISCPER",
								"sign": "I",
								"opt": "LE",
								"keyLow": "00O2TK8CN6Y2GN2QATBXW151O",
								"keyHigh": "",
								"dataTyp": "NUMC",
								"dataLength": "0008"
							}
						]
					}
				},
				{
					"id": "00O2TK9973U281UYWKB2R3YL1",
					"name": "Dec",
					"mapname": "",
					"position": "57",
					"hidden": false,
					"parent": "",
					"drillstate": "E",
					"range": {
						"line": [
							{
								"object": "0FISCPER3",
								"sign": "I",
								"opt": "EQ",
								"keyLow": "012",
								"keyHigh": "",
								"dataTyp": "NUMC",
								"dataLength": "0003"
							},
							{
								"object": "0FISCYEAR",
								"sign": "I",
								"opt": "EQ",
								"keyLow": "00O2TK8CN6Y3VPBFC9MWIWGYD",
								"keyHigh": "",
								"dataTyp": "NUMC",
								"dataLength": "0004"
							}
						]
					}
				},
				{
					"id": "00O2TK9973U281UYWKB2R44WL",
					"name": "Dec ACT",
					"mapname": "",
					"position": "58",
					"hidden": true,
					"parent": "00O2TK9973U281UYWKB2R3YL1",
					"drillstate": "L",
					"range": {
						"line": [
							{
								"object": "0FISCPER3",
								"sign": "I",
								"opt": "LE",
								"keyLow": "012",
								"keyHigh": "",
								"dataTyp": "NUMC",
								"dataLength": "0003"
							},
							{
								"object": "0CLEAR_DATE",
								"sign": "I",
								"opt": "EQ",
								"keyLow": "#",
								"keyHigh": "",
								"dataTyp": "DATS",
								"dataLength": "000A"
							},
							{
								"object": "0FISCYEAR",
								"sign": "I",
								"opt": "EQ",
								"keyLow": "00O2TK8CN6Y3VPBFC9MWIWGYD",
								"keyHigh": "",
								"dataTyp": "NUMC",
								"dataLength": "0004"
							},
							{
								"object": "0CLEAR_DATE",
								"sign": "I",
								"opt": "GT",
								"keyLow": "00O2TK8CN6Y2D9EJVSCESZE67",
								"keyHigh": "",
								"dataTyp": "DATS",
								"dataLength": "000A"
							}
						]
					}
				},
				{
					"id": "00O2TK9973U281UYWKB2R15G5",
					"name": "Dec ACT Bal.",
					"mapname": "",
					"position": "59",
					"hidden": true,
					"parent": "00O2TK9973U281UYWKB2R3YL1",
					"drillstate": "L",
					"range": {
						"line": [
							{
								"object": "0CLEAR_DATE",
								"sign": "I",
								"opt": "EQ",
								"keyLow": "#",
								"keyHigh": "",
								"dataTyp": "DATS",
								"dataLength": "000A"
							},
							{
								"object": "0CLEAR_DATE",
								"sign": "I",
								"opt": "GT",
								"keyLow": "00O2TK8CN6Y2D9EJVSCESZE67",
								"keyHigh": "",
								"dataTyp": "DATS",
								"dataLength": "000A"
							},
							{
								"object": "0FISCPER",
								"sign": "I",
								"opt": "LE",
								"keyLow": "00O2TK8CN6Y2GN2QBNQZBLHOU",
								"keyHigh": "",
								"dataTyp": "NUMC",
								"dataLength": "0008"
							}
						]
					}
				},
				{
					"id": "00O2TK9973U281UYWKB2R4B85",
					"name": "Dec PY",
					"mapname": "",
					"position": "60",
					"hidden": true,
					"parent": "00O2TK9973U281UYWKB2R3YL1",
					"drillstate": "L",
					"range": {
						"line": [
							{
								"object": "0FISCPER3",
								"sign": "I",
								"opt": "LE",
								"keyLow": "012",
								"keyHigh": "",
								"dataTyp": "NUMC",
								"dataLength": "0003"
							},
							{
								"object": "0CLEAR_DATE",
								"sign": "I",
								"opt": "EQ",
								"keyLow": "#",
								"keyHigh": "",
								"dataTyp": "DATS",
								"dataLength": "000A"
							},
							{
								"object": "0CLEAR_DATE",
								"sign": "I",
								"opt": "LE",
								"keyLow": "00O2TK8CN6Y2D9EKRS2GQ0F7J",
								"keyHigh": "",
								"dataTyp": "DATS",
								"dataLength": "000A"
							},
							{
								"object": "0FISCYEAR",
								"sign": "I",
								"opt": "EQ",
								"keyLow": "00O2TK8CN6Y3VPBFC9MWIWGYD",
								"keyHigh": "",
								"dataTyp": "NUMC",
								"dataLength": "0004"
							}
						]
					}
				},
				{
					"id": "00O2TK9973U281UYWKB2R1BRP",
					"name": "Dec PY  balance",
					"mapname": "",
					"position": "61",
					"hidden": true,
					"parent": "00O2TK9973U281UYWKB2R3YL1",
					"drillstate": "L",
					"range": {
						"line": [
							{
								"object": "0CLEAR_DATE",
								"sign": "I",
								"opt": "EQ",
								"keyLow": "#",
								"keyHigh": "",
								"dataTyp": "DATS",
								"dataLength": "000A"
							},
							{
								"object": "0CLEAR_DATE",
								"sign": "I",
								"opt": "GT",
								"keyLow": "00O2TK8CN6Y2D9EKRS2GQ0F7J",
								"keyHigh": "",
								"dataTyp": "DATS",
								"dataLength": "000A"
							},
							{
								"object": "0FISCPER",
								"sign": "I",
								"opt": "LE",
								"keyLow": "00O2TK8CN6Y2GN2QBNQZBLHOU",
								"keyHigh": "",
								"dataTyp": "NUMC",
								"dataLength": "0008"
							}
						]
					}
				}
			],
			"id": "00O2TK9973U281UYWKB2R62FP",
			"name": "",
			"mapname": "",
			"position": "1"
		},
		{
			"objects": [
				{
					"id": "00O2TK9973U281UYWKB2R6F2T",
					"name": "01 Accounts Receivable ACT",
					"mapname": "",
					"position": "1",
					"hidden": false,
					"parent": "",
					"drillstate": "L",
					"range": ""
				},
				{
					"id": "00O2TK9973U281UYWKB2R4U6T",
					"name": "Trade AR (ACT dyn) - ACT",
					"mapname": "",
					"position": "2",
					"hidden": true,
					"parent": "",
					"drillstate": "L",
					"range": {
						"line": [
							{
								"object": "DRESPL1",
								"sign": "I",
								"opt": "EQ",
								"keyLow": "000000000000000010",
								"keyHigh": "",
								"dataTyp": "CHAR",
								"dataLength": "0012"
							},
							{
								"object": "DXRAGL",
								"sign": "I",
								"opt": "EQ",
								"keyLow": "#",
								"keyHigh": "",
								"dataTyp": "CHAR",
								"dataLength": "0001"
							},
							{
								"object": "0INFOPROV",
								"sign": "I",
								"opt": "EQ",
								"keyLow": "FIGLCCF01",
								"keyHigh": "",
								"dataTyp": "CHAR",
								"dataLength": "001E"
							},
							{
								"object": "1KYFNM",
								"sign": "I",
								"opt": "EQ",
								"keyLow": "00O2TK9973U0E4ZGU58MIA75N",
								"keyHigh": "",
								"dataTyp": "",
								"dataLength": "0000"
							},
							{
								"object": "0CS_ITEM",
								"sign": "I",
								"opt": "EQ",
								"keyLow": "BI0012210000",
								"keyHigh": "0CS_ITEM",
								"dataTyp": "CHAR",
								"dataLength": "000A"
							}
						]
					}
				},
				{
					"id": "00O2TK9973U281UYWKB2R5D5H",
					"name": "Trade AR (ACT dyn) - PKD",
					"mapname": "",
					"position": "3",
					"hidden": true,
					"parent": "",
					"drillstate": "L",
					"range": {
						"line": [
							{
								"object": "0INFOPROV",
								"sign": "I",
								"opt": "EQ",
								"keyLow": "BKA_CPKD7",
								"keyHigh": "",
								"dataTyp": "CHAR",
								"dataLength": "001E"
							},
							{
								"object": "DRESPL1",
								"sign": "I",
								"opt": "EQ",
								"keyLow": "000000000000000010",
								"keyHigh": "",
								"dataTyp": "CHAR",
								"dataLength": "0012"
							},
							{
								"object": "1KYFNM",
								"sign": "I",
								"opt": "EQ",
								"keyLow": "00O2TK9973U0E4ZGU58MIA75N",
								"keyHigh": "",
								"dataTyp": "",
								"dataLength": "0000"
							},
							{
								"object": "0CS_ITEM",
								"sign": "I",
								"opt": "EQ",
								"keyLow": "BI0012210000",
								"keyHigh": "0CS_ITEM",
								"dataTyp": "CHAR",
								"dataLength": "000A"
							}
						]
					}
				},
				{
					"id": "00O2TK9973U281UYWKB2R74D1",
					"name": "02 Accounts Receivable PY",
					"mapname": "",
					"position": "4",
					"hidden": false,
					"parent": "",
					"drillstate": "L",
					"range": ""
				},
				{
					"id": "00O2TK9973U281UYWKB2QZQVP",
					"name": "Trade AR (PY dyn) - PY",
					"mapname": "",
					"position": "5",
					"hidden": true,
					"parent": "",
					"drillstate": "L",
					"range": {
						"line": [
							{
								"object": "DRESPL1",
								"sign": "I",
								"opt": "EQ",
								"keyLow": "000000000000000010",
								"keyHigh": "",
								"dataTyp": "CHAR",
								"dataLength": "0012"
							},
							{
								"object": "DXRAGL",
								"sign": "I",
								"opt": "EQ",
								"keyLow": "#",
								"keyHigh": "",
								"dataTyp": "CHAR",
								"dataLength": "0001"
							},
							{
								"object": "0INFOPROV",
								"sign": "I",
								"opt": "EQ",
								"keyLow": "FIGLCCF01",
								"keyHigh": "",
								"dataTyp": "CHAR",
								"dataLength": "001E"
							},
							{
								"object": "1KYFNM",
								"sign": "I",
								"opt": "EQ",
								"keyLow": "00O2TK9973U0E4ZGU58MIA75N",
								"keyHigh": "",
								"dataTyp": "",
								"dataLength": "0000"
							},
							{
								"object": "0CS_ITEM",
								"sign": "I",
								"opt": "EQ",
								"keyLow": "BI0012210000",
								"keyHigh": "0CS_ITEM",
								"dataTyp": "CHAR",
								"dataLength": "000A"
							}
						]
					}
				},
				{
					"id": "00O2TK9973U281UYWKB2QXZO5",
					"name": "Trade AR (PY dyn) - PKD",
					"mapname": "",
					"position": "6",
					"hidden": true,
					"parent": "",
					"drillstate": "L",
					"range": {
						"line": [
							{
								"object": "1KYFNM",
								"sign": "I",
								"opt": "EQ",
								"keyLow": "00O2TK9973U0E4ZGU58MIA75N",
								"keyHigh": "",
								"dataTyp": "",
								"dataLength": "0000"
							},
							{
								"object": "DRESPL1",
								"sign": "I",
								"opt": "EQ",
								"keyLow": "000000000000000010",
								"keyHigh": "",
								"dataTyp": "CHAR",
								"dataLength": "0012"
							},
							{
								"object": "0INFOPROV",
								"sign": "I",
								"opt": "EQ",
								"keyLow": "BKA_CPKD7",
								"keyHigh": "",
								"dataTyp": "CHAR",
								"dataLength": "001E"
							},
							{
								"object": "0CS_ITEM",
								"sign": "I",
								"opt": "EQ",
								"keyLow": "BI0012210000",
								"keyHigh": "0CS_ITEM",
								"dataTyp": "CHAR",
								"dataLength": "000A"
							}
						]
					}
				},
				{
					"id": "00O2TK9973U281UYWKB2QZX79",
					"name": "03 Net Sales ACT",
					"mapname": "",
					"position": "7",
					"hidden": false,
					"parent": "",
					"drillstate": "L",
					"range": {
						"line": [
							{
								"object": "0VTYPE",
								"sign": "I",
								"opt": "EQ",
								"keyLow": "010",
								"keyHigh": "",
								"dataTyp": "NUMC",
								"dataLength": "0003"
							},
							{
								"object": "0IOBJSV",
								"sign": "I",
								"opt": "EQ",
								"keyLow": "#",
								"keyHigh": "",
								"dataTyp": "CHAR",
								"dataLength": "0004"
							},
							{
								"object": "0VTYPE",
								"sign": "I",
								"opt": "EQ",
								"keyLow": "#",
								"keyHigh": "",
								"dataTyp": "NUMC",
								"dataLength": "0003"
							},
							{
								"object": "D_GCLCREP",
								"sign": "I",
								"opt": "EQ",
								"keyLow": "00O2TK8CN6Y2CFSEW539AZWEZ",
								"keyHigh": "",
								"dataTyp": "CHAR",
								"dataLength": "0003"
							},
							{
								"object": "1KYFNM",
								"sign": "I",
								"opt": "EQ",
								"keyLow": "0AMOUNT",
								"keyHigh": "",
								"dataTyp": "CURR",
								"dataLength": "0017"
							},
							{
								"object": "0IOBJSV",
								"sign": "I",
								"opt": "EQ",
								"keyLow": "0PSG",
								"keyHigh": "",
								"dataTyp": "CHAR",
								"dataLength": "0004"
							},
							{
								"object": "0INFOPROV",
								"sign": "E",
								"opt": "EQ",
								"keyLow": "BKA_CPKD1",
								"keyHigh": "",
								"dataTyp": "CHAR",
								"dataLength": "001E"
							},
							{
								"object": "0INFOPROV",
								"sign": "E",
								"opt": "EQ",
								"keyLow": "BKA_CPKD2",
								"keyHigh": "",
								"dataTyp": "CHAR",
								"dataLength": "001E"
							},
							{
								"object": "0INFOPROV",
								"sign": "E",
								"opt": "EQ",
								"keyLow": "BKA_CPKD7",
								"keyHigh": "",
								"dataTyp": "CHAR",
								"dataLength": "001E"
							},
							{
								"object": "0CS_ITEM",
								"sign": "I",
								"opt": "EQ",
								"keyLow": "BI0031000000",
								"keyHigh": "0CS_ITEM",
								"dataTyp": "CHAR",
								"dataLength": "000A"
							}
						]
					}
				}
			],
			"id": "00O2TK9973U281UYWKB2R68R9",
			"name": "",
			"mapname": "",
			"position": "1"
		}
	]
}