{
	"query": {
		"title": "SOA00_COPAPRPCF_QS022",
		"limitexceeded": false,
		"nosuchuser": false,
		"nodata": false,
		"nosuchquery": false,
		"noauth": false
	},
	"meta": {
		"char001": {
			"key": "00O2TK9973U0HI1AFYKGQK00H",
			"value": "Income Statement (P&L) + CF"
		},
		"kf001": {
			"key": "00O2TK9973U0HI1AFYKGQIRRL",
			"value": "\n01 ACT YTD"
		},
		"kf002": {
			"key": "00O2TK9973U0HI1AFYKGQIY35",
			"value": "\n02 PY YTD"
		},
		"kf003": {
			"key": "00O2TK9973U0HI1AFYKGQJ4EP",
			"value": "\n03 BUD YTD"
		},
		"kf004": {
			"key": "00O2TK9973U2BMDGJ39R5AQ1C",
			"value": "\n04 FC1 YTD"
		},
		"kf005": {
			"key": "00O2TK9973U2BMDGJ39R5AWCW",
			"value": "\n04.1 FY FC1"
		},
		"kf006": {
			"key": "00O2TK9973U0HI1AFYKGQJAQ9",
			"value": "\n1.1 ∆ PY"
		},
		"kf007": {
			"key": "00O2TK9973U0HI1AFYKGQJH1T",
			"value": "\n1.2 ∆ PY %"
		},
		"kf008": {
			"key": "00O2TK9973U0HI1AFYKGQJNDD",
			"value": "\n2.1 ∆ BUD"
		},
		"kf009": {
			"key": "00O2TK9973U0HI1AFYKGQJTOX",
			"value": "\n2.2 ∆ BUD %"
		},
		"kf010": {
			"key": "00O2TK9973U2BMDGJ39R5B2OG",
			"value": "\n4.1 TOGO FC1"
		}
	},
	"cube": [
		{
			"char001": {
				"key": "00O2TK9973U0HI1AFYKGQLXJL",
				"value": "Consolidated Country Profit"
			},
			"kf001": {
				"key": "00O2TK9973U0HI1AFYKGQIRRL",
				"value": "11919684675.35",
				"unit": "EUR"
			},
			"kf002": {
				"key": "00O2TK9973U0HI1AFYKGQIY35",
				"value": "11507006498.95",
				"unit": "EUR"
			},
			"kf003": {
				"key": "00O2TK9973U0HI1AFYKGQJ4EP",
				"value": "12182179710.75",
				"unit": "EUR"
			},
			"kf004": {
				"key": "00O2TK9973U2BMDGJ39R5AQ1C",
				"value": "12600667308.89",
				"unit": "EUR"
			},
			"kf005": {
				"key": "00O2TK9973U2BMDGJ39R5AWCW",
				"value": "16952122403.16",
				"unit": "EUR"
			},
			"kf006": {
				"key": "00O2TK9973U0HI1AFYKGQJAQ9",
				"value": "412678176.40",
				"unit": "EUR"
			},
			"kf007": {
				"key": "00O2TK9973U0HI1AFYKGQJH1T",
				"value": "3.58632087712224",
				"unit": ""
			},
			"kf008": {
				"key": "00O2TK9973U0HI1AFYKGQJNDD",
				"value": "-262495035.40",
				"unit": "EUR"
			},
			"kf009": {
				"key": "00O2TK9973U0HI1AFYKGQJTOX",
				"value": "2.15474604406122",
				"unit": ""
			},
			"kf010": {
				"key": "00O2TK9973U2BMDGJ39R5B2OG",
				"value": "5032437727.80",
				"unit": "EUR"
			}
		},
		{
			"char001": {
				"key": "00O2TK9973U282QAXJX1BM27Y",
				"value": "∆ Trade Accounts Receivable"
			},
			"kf001": {
				"key": "00O2TK9973U0HI1AFYKGQIRRL",
				"value": "-577871538.33",
				"unit": "EUR"
			},
			"kf002": {
				"key": "00O2TK9973U0HI1AFYKGQIY35",
				"value": "-1019309526.75",
				"unit": "EUR"
			},
			"kf003": {
				"key": "00O2TK9973U0HI1AFYKGQJ4EP",
				"unit": ""
			},
			"kf004": {
				"key": "00O2TK9973U2BMDGJ39R5AQ1C",
				"unit": ""
			},
			"kf005": {
				"key": "00O2TK9973U2BMDGJ39R5AWCW",
				"unit": ""
			},
			"kf006": {
				"key": "00O2TK9973U0HI1AFYKGQJAQ9",
				"value": "441437988.42",
				"unit": "EUR"
			},
			"kf007": {
				"key": "00O2TK9973U0HI1AFYKGQJH1T",
				"value": "43.30755053614367",
				"unit": ""
			},
			"kf008": {
				"key": "00O2TK9973U0HI1AFYKGQJNDD",
				"value": "-577871538.33",
				"unit": "EUR"
			},
			"kf009": {
				"key": "00O2TK9973U0HI1AFYKGQJTOX",
				"value": "0.00000000000000",
				"unit": ""
			},
			"kf010": {
				"key": "00O2TK9973U2BMDGJ39R5B2OG",
				"value": "577871538.33",
				"unit": "EUR"
			}
		},
		{
			"char001": {
				"key": "00O2TK9973U282QAXJX1BG3B2",
				"value": "Additions - Trade Accts. Rec."
			},
			"kf001": {
				"key": "00O2TK9973U0HI1AFYKGQIRRL",
				"value": "-25975006543.33",
				"unit": "EUR"
			},
			"kf002": {
				"key": "00O2TK9973U0HI1AFYKGQIY35",
				"value": "-25420785264.95",
				"unit": "EUR"
			},
			"kf003": {
				"key": "00O2TK9973U0HI1AFYKGQJ4EP",
				"unit": ""
			},
			"kf004": {
				"key": "00O2TK9973U2BMDGJ39R5AQ1C",
				"unit": ""
			},
			"kf005": {
				"key": "00O2TK9973U2BMDGJ39R5AWCW",
				"unit": ""
			},
			"kf006": {
				"key": "00O2TK9973U0HI1AFYKGQJAQ9",
				"value": "-554221278.38",
				"unit": "EUR"
			},
			"kf007": {
				"key": "00O2TK9973U0HI1AFYKGQJH1T",
				"value": "-2.18018944971130",
				"unit": ""
			},
			"kf008": {
				"key": "00O2TK9973U0HI1AFYKGQJNDD",
				"value": "-25975006543.33",
				"unit": "EUR"
			},
			"kf009": {
				"key": "00O2TK9973U0HI1AFYKGQJTOX",
				"value": "0.00000000000000",
				"unit": ""
			},
			"kf010": {
				"key": "00O2TK9973U2BMDGJ39R5B2OG",
				"value": "25975006543.33",
				"unit": "EUR"
			}
		},
		{
			"char001": {
				"key": "00O2TK9973U282QAXJX1BM8JI",
				"value": "Clearings - Trade Accts. Rec."
			},
			"kf001": {
				"key": "00O2TK9973U0HI1AFYKGQIRRL",
				"value": "25397135004.99",
				"unit": "EUR"
			},
			"kf002": {
				"key": "00O2TK9973U0HI1AFYKGQIY35",
				"value": "24401475738.19",
				"unit": "EUR"
			},
			"kf003": {
				"key": "00O2TK9973U0HI1AFYKGQJ4EP",
				"unit": ""
			},
			"kf004": {
				"key": "00O2TK9973U2BMDGJ39R5AQ1C",
				"unit": ""
			},
			"kf005": {
				"key": "00O2TK9973U2BMDGJ39R5AWCW",
				"unit": ""
			},
			"kf006": {
				"key": "00O2TK9973U0HI1AFYKGQJAQ9",
				"value": "995659266.80",
				"unit": "EUR"
			},
			"kf007": {
				"key": "00O2TK9973U0HI1AFYKGQJH1T",
				"value": "4.08032398319268",
				"unit": ""
			},
			"kf008": {
				"key": "00O2TK9973U0HI1AFYKGQJNDD",
				"value": "25397135004.99",
				"unit": "EUR"
			},
			"kf009": {
				"key": "00O2TK9973U0HI1AFYKGQJTOX",
				"value": "0.00000000000000",
				"unit": ""
			},
			"kf010": {
				"key": "00O2TK9973U2BMDGJ39R5B2OG",
				"value": "-25397135004.99",
				"unit": "EUR"
			}
		},
		{
			"char001": {
				"key": "00O2TK9973U282QAXJX1BMXTQ",
				"value": "∆ Refund Liabilities"
			},
			"kf001": {
				"key": "00O2TK9973U0HI1AFYKGQIRRL",
				"value": "937765076.86",
				"unit": "EUR"
			},
			"kf002": {
				"key": "00O2TK9973U0HI1AFYKGQIY35",
				"value": "850033231.95",
				"unit": "EUR"
			},
			"kf003": {
				"key": "00O2TK9973U0HI1AFYKGQJ4EP",
				"unit": ""
			},
			"kf004": {
				"key": "00O2TK9973U2BMDGJ39R5AQ1C",
				"unit": ""
			},
			"kf005": {
				"key": "00O2TK9973U2BMDGJ39R5AWCW",
				"unit": ""
			},
			"kf006": {
				"key": "00O2TK9973U0HI1AFYKGQJAQ9",
				"value": "87731844.91",
				"unit": "EUR"
			},
			"kf007": {
				"key": "00O2TK9973U0HI1AFYKGQJH1T",
				"value": "10.32099000540430",
				"unit": ""
			},
			"kf008": {
				"key": "00O2TK9973U0HI1AFYKGQJNDD",
				"value": "937765076.86",
				"unit": "EUR"
			},
			"kf009": {
				"key": "00O2TK9973U0HI1AFYKGQJTOX",
				"value": "0.00000000000000",
				"unit": ""
			},
			"kf010": {
				"key": "00O2TK9973U2BMDGJ39R5B2OG",
				"value": "-937765076.86",
				"unit": "EUR"
			}
		},
		{
			"char001": {
				"key": "00O2TK9973U0HI1AFYKGQMT5D",
				"value": "Additions - Refund Liabilities"
			},
			"kf001": {
				"key": "00O2TK9973U0HI1AFYKGQIRRL",
				"value": "175039995.56",
				"unit": "EUR"
			},
			"kf002": {
				"key": "00O2TK9973U0HI1AFYKGQIY35",
				"value": "476030993.52",
				"unit": "EUR"
			},
			"kf003": {
				"key": "00O2TK9973U0HI1AFYKGQJ4EP",
				"unit": ""
			},
			"kf004": {
				"key": "00O2TK9973U2BMDGJ39R5AQ1C",
				"unit": ""
			},
			"kf005": {
				"key": "00O2TK9973U2BMDGJ39R5AWCW",
				"unit": ""
			},
			"kf006": {
				"key": "00O2TK9973U0HI1AFYKGQJAQ9",
				"value": "-300990997.96",
				"unit": "EUR"
			},
			"kf007": {
				"key": "00O2TK9973U0HI1AFYKGQJH1T",
				"value": "-63.22928591982317",
				"unit": ""
			},
			"kf008": {
				"key": "00O2TK9973U0HI1AFYKGQJNDD",
				"value": "175039995.56",
				"unit": "EUR"
			},
			"kf009": {
				"key": "00O2TK9973U0HI1AFYKGQJTOX",
				"value": "0.00000000000000",
				"unit": ""
			},
			"kf010": {
				"key": "00O2TK9973U2BMDGJ39R5B2OG",
				"value": "-175039995.56",
				"unit": "EUR"
			}
		},
		{
			"char001": {
				"key": "00O2TK9973U282QAXJX1BN45A",
				"value": "Clearings - Refund Liabilities"
			},
			"kf001": {
				"key": "00O2TK9973U0HI1AFYKGQIRRL",
				"value": "762725081.30",
				"unit": "EUR"
			},
			"kf002": {
				"key": "00O2TK9973U0HI1AFYKGQIY35",
				"value": "374002238.43",
				"unit": "EUR"
			},
			"kf003": {
				"key": "00O2TK9973U0HI1AFYKGQJ4EP",
				"unit": ""
			},
			"kf004": {
				"key": "00O2TK9973U2BMDGJ39R5AQ1C",
				"unit": ""
			},
			"kf005": {
				"key": "00O2TK9973U2BMDGJ39R5AWCW",
				"unit": ""
			},
			"kf006": {
				"key": "00O2TK9973U0HI1AFYKGQJAQ9",
				"value": "388722842.87",
				"unit": "EUR"
			},
			"kf007": {
				"key": "00O2TK9973U0HI1AFYKGQJH1T",
				"value": "103.93596693589478",
				"unit": ""
			},
			"kf008": {
				"key": "00O2TK9973U0HI1AFYKGQJNDD",
				"value": "762725081.30",
				"unit": "EUR"
			},
			"kf009": {
				"key": "00O2TK9973U0HI1AFYKGQJTOX",
				"value": "0.00000000000000",
				"unit": ""
			},
			"kf010": {
				"key": "00O2TK9973U2BMDGJ39R5B2OG",
				"value": "-762725081.30",
				"unit": "EUR"
			}
		},
		{
			"char001": {
				"key": "00O2TK9973U282QAXJX1BNTFI",
				"value": "∆ Inventory"
			},
			"kf001": {
				"key": "00O2TK9973U0HI1AFYKGQIRRL",
				"value": "-173425521.96",
				"unit": "EUR"
			},
			"kf002": {
				"key": "00O2TK9973U0HI1AFYKGQIY35",
				"value": "-82377194.53",
				"unit": "EUR"
			},
			"kf003": {
				"key": "00O2TK9973U0HI1AFYKGQJ4EP",
				"unit": ""
			},
			"kf004": {
				"key": "00O2TK9973U2BMDGJ39R5AQ1C",
				"unit": ""
			},
			"kf005": {
				"key": "00O2TK9973U2BMDGJ39R5AWCW",
				"unit": ""
			},
			"kf006": {
				"key": "00O2TK9973U0HI1AFYKGQJAQ9",
				"value": "-91048327.43",
				"unit": "EUR"
			},
			"kf007": {
				"key": "00O2TK9973U0HI1AFYKGQJH1T",
				"value": "-110.52613280497882",
				"unit": ""
			},
			"kf008": {
				"key": "00O2TK9973U0HI1AFYKGQJNDD",
				"value": "-173425521.96",
				"unit": "EUR"
			},
			"kf009": {
				"key": "00O2TK9973U0HI1AFYKGQJTOX",
				"value": "0.00000000000000",
				"unit": ""
			},
			"kf010": {
				"key": "00O2TK9973U2BMDGJ39R5B2OG",
				"value": "173425521.96",
				"unit": "EUR"
			}
		},
		{
			"char001": {
				"key": "00O2TK9973U0HI1AFYKGQN5SH",
				"value": "Country Cash Flow (nom.)"
			},
			"kf001": {
				"key": "00O2TK9973U0HI1AFYKGQIRRL",
				"value": "12106152691.9235125330",
				"unit": "EUR"
			},
			"kf002": {
				"key": "00O2TK9973U0HI1AFYKGQIY35",
				"value": "11255353009.6165745800",
				"unit": "EUR"
			},
			"kf003": {
				"key": "00O2TK9973U0HI1AFYKGQJ4EP",
				"value": "12182179710.7521433905",
				"unit": "EUR"
			},
			"kf004": {
				"key": "00O2TK9973U2BMDGJ39R5AQ1C",
				"value": "12600667308.8850274900",
				"unit": "EUR"
			},
			"kf005": {
				"key": "00O2TK9973U2BMDGJ39R5AWCW",
				"value": "16952122403.1571005200",
				"unit": "EUR"
			},
			"kf006": {
				"key": "00O2TK9973U0HI1AFYKGQJAQ9",
				"value": "850799682.306937953000",
				"unit": "EUR"
			},
			"kf007": {
				"key": "00O2TK9973U0HI1AFYKGQJH1T",
				"value": "7.55906706417839",
				"unit": ""
			},
			"kf008": {
				"key": "00O2TK9973U0HI1AFYKGQJNDD",
				"value": "-76027018.828630857500",
				"unit": "EUR"
			},
			"kf009": {
				"key": "00O2TK9973U0HI1AFYKGQJTOX",
				"value": "-0.62408387196528",
				"unit": ""
			},
			"kf010": {
				"key": "00O2TK9973U2BMDGJ39R5B2OG",
				"value": "4845969711.23358798700",
				"unit": "EUR"
			}
		},
		{
			"char001": {
				"key": "00O2TK9973U282QAXJX1BOIPQ",
				"value": "TL"
			},
			"kf001": {
				"key": "00O2TK9973U0HI1AFYKGQIRRL",
				"value": "-283711807.23",
				"unit": "EUR"
			},
			"kf002": {
				"key": "00O2TK9973U0HI1AFYKGQIY35",
				"value": "10189057.97",
				"unit": "EUR"
			},
			"kf003": {
				"key": "00O2TK9973U0HI1AFYKGQJ4EP",
				"unit": ""
			},
			"kf004": {
				"key": "00O2TK9973U2BMDGJ39R5AQ1C",
				"unit": ""
			},
			"kf005": {
				"key": "00O2TK9973U2BMDGJ39R5AWCW",
				"unit": ""
			},
			"kf006": {
				"key": "00O2TK9973U0HI1AFYKGQJAQ9",
				"value": "-293900865.20",
				"unit": "EUR"
			},
			"kf007": {
				"key": "00O2TK9973U0HI1AFYKGQJH1T",
				"value": "-2884.47534664482825",
				"unit": ""
			},
			"kf008": {
				"key": "00O2TK9973U0HI1AFYKGQJNDD",
				"value": "-283711807.23",
				"unit": "EUR"
			},
			"kf009": {
				"key": "00O2TK9973U0HI1AFYKGQJTOX",
				"value": "0.00000000000000",
				"unit": ""
			},
			"kf010": {
				"key": "00O2TK9973U2BMDGJ39R5B2OG",
				"value": "283711807.23",
				"unit": "EUR"
			}
		},
		{
			"char001": {
				"key": "00O2TK9973U282QB3ZT3X8WQ0",
				"value": "TL RP"
			},
			"kf001": {
				"key": "00O2TK9973U0HI1AFYKGQIRRL",
				"value": "35184884.39",
				"unit": "EUR"
			},
			"kf002": {
				"key": "00O2TK9973U0HI1AFYKGQIY35",
				"value": "-52270959.11",
				"unit": "EUR"
			},
			"kf003": {
				"key": "00O2TK9973U0HI1AFYKGQJ4EP",
				"unit": ""
			},
			"kf004": {
				"key": "00O2TK9973U2BMDGJ39R5AQ1C",
				"unit": ""
			},
			"kf005": {
				"key": "00O2TK9973U2BMDGJ39R5AWCW",
				"unit": ""
			},
			"kf006": {
				"key": "00O2TK9973U0HI1AFYKGQJAQ9",
				"value": "87455843.50",
				"unit": "EUR"
			},
			"kf007": {
				"key": "00O2TK9973U0HI1AFYKGQJH1T",
				"value": "167.31249050922571",
				"unit": ""
			},
			"kf008": {
				"key": "00O2TK9973U0HI1AFYKGQJNDD",
				"value": "35184884.39",
				"unit": "EUR"
			},
			"kf009": {
				"key": "00O2TK9973U0HI1AFYKGQJTOX",
				"value": "0.00000000000000",
				"unit": ""
			},
			"kf010": {
				"key": "00O2TK9973U2BMDGJ39R5B2OG",
				"value": "-35184884.39",
				"unit": "EUR"
			}
		},
		{
			"char001": {
				"key": "00O2TK9973U282QB3ZT3X8DRC",
				"value": "TL AR"
			},
			"kf001": {
				"key": "00O2TK9973U0HI1AFYKGQIRRL",
				"value": "-318896691.62",
				"unit": "EUR"
			},
			"kf002": {
				"key": "00O2TK9973U0HI1AFYKGQIY35",
				"value": "62460017.08",
				"unit": "EUR"
			},
			"kf003": {
				"key": "00O2TK9973U0HI1AFYKGQJ4EP",
				"unit": ""
			},
			"kf004": {
				"key": "00O2TK9973U2BMDGJ39R5AQ1C",
				"unit": ""
			},
			"kf005": {
				"key": "00O2TK9973U2BMDGJ39R5AWCW",
				"unit": ""
			},
			"kf006": {
				"key": "00O2TK9973U0HI1AFYKGQJAQ9",
				"value": "-381356708.70",
				"unit": "EUR"
			},
			"kf007": {
				"key": "00O2TK9973U0HI1AFYKGQJH1T",
				"value": "-610.56132631464212",
				"unit": ""
			},
			"kf008": {
				"key": "00O2TK9973U0HI1AFYKGQJNDD",
				"value": "-318896691.62",
				"unit": "EUR"
			},
			"kf009": {
				"key": "00O2TK9973U0HI1AFYKGQJTOX",
				"value": "0.00000000000000",
				"unit": ""
			},
			"kf010": {
				"key": "00O2TK9973U2BMDGJ39R5B2OG",
				"value": "318896691.62",
				"unit": "EUR"
			}
		},
		{
			"char001": {
				"key": "00O2TK9973U282S61AGZ0BPDD",
				"value": "TA"
			},
			"kf001": {
				"key": "00O2TK9973U0HI1AFYKGQIRRL",
				"value": "-16190803.25",
				"unit": "EUR"
			},
			"kf002": {
				"key": "00O2TK9973U0HI1AFYKGQIY35",
				"value": "-9360113.75",
				"unit": "EUR"
			},
			"kf003": {
				"key": "00O2TK9973U0HI1AFYKGQJ4EP",
				"unit": ""
			},
			"kf004": {
				"key": "00O2TK9973U2BMDGJ39R5AQ1C",
				"unit": ""
			},
			"kf005": {
				"key": "00O2TK9973U2BMDGJ39R5AWCW",
				"unit": ""
			},
			"kf006": {
				"key": "00O2TK9973U0HI1AFYKGQJAQ9",
				"value": "-6830689.50",
				"unit": "EUR"
			},
			"kf007": {
				"key": "00O2TK9973U0HI1AFYKGQJH1T",
				"value": "-72.97656505532085",
				"unit": ""
			},
			"kf008": {
				"key": "00O2TK9973U0HI1AFYKGQJNDD",
				"value": "-16190803.25",
				"unit": "EUR"
			},
			"kf009": {
				"key": "00O2TK9973U0HI1AFYKGQJTOX",
				"value": "0.00000000000000",
				"unit": ""
			},
			"kf010": {
				"key": "00O2TK9973U2BMDGJ39R5B2OG",
				"value": "16190803.25",
				"unit": "EUR"
			}
		},
		{
			"char001": {
				"key": "00O2TK9973U282S61AGZ0BVOX",
				"value": "TA RP"
			},
			"kf001": {
				"key": "00O2TK9973U0HI1AFYKGQIRRL",
				"value": "-195331.21",
				"unit": "EUR"
			},
			"kf002": {
				"key": "00O2TK9973U0HI1AFYKGQIY35",
				"value": "-4766958.56",
				"unit": "EUR"
			},
			"kf003": {
				"key": "00O2TK9973U0HI1AFYKGQJ4EP",
				"unit": ""
			},
			"kf004": {
				"key": "00O2TK9973U2BMDGJ39R5AQ1C",
				"unit": ""
			},
			"kf005": {
				"key": "00O2TK9973U2BMDGJ39R5AWCW",
				"unit": ""
			},
			"kf006": {
				"key": "00O2TK9973U0HI1AFYKGQJAQ9",
				"value": "4571627.35",
				"unit": "EUR"
			},
			"kf007": {
				"key": "00O2TK9973U0HI1AFYKGQJH1T",
				"value": "95.90239343557655",
				"unit": ""
			},
			"kf008": {
				"key": "00O2TK9973U0HI1AFYKGQJNDD",
				"value": "-195331.21",
				"unit": "EUR"
			},
			"kf009": {
				"key": "00O2TK9973U0HI1AFYKGQJTOX",
				"value": "0.00000000000000",
				"unit": ""
			},
			"kf010": {
				"key": "00O2TK9973U2BMDGJ39R5B2OG",
				"value": "195331.21",
				"unit": "EUR"
			}
		},
		{
			"char001": {
				"key": "00O2TK9973U282S61AGZ0C20H",
				"value": "TA AR"
			},
			"kf001": {
				"key": "00O2TK9973U0HI1AFYKGQIRRL",
				"value": "-15995472.05",
				"unit": "EUR"
			},
			"kf002": {
				"key": "00O2TK9973U0HI1AFYKGQIY35",
				"value": "-4593155.20",
				"unit": "EUR"
			},
			"kf003": {
				"key": "00O2TK9973U0HI1AFYKGQJ4EP",
				"unit": ""
			},
			"kf004": {
				"key": "00O2TK9973U2BMDGJ39R5AQ1C",
				"unit": ""
			},
			"kf005": {
				"key": "00O2TK9973U2BMDGJ39R5AWCW",
				"unit": ""
			},
			"kf006": {
				"key": "00O2TK9973U0HI1AFYKGQJAQ9",
				"value": "-11402316.85",
				"unit": "EUR"
			},
			"kf007": {
				"key": "00O2TK9973U0HI1AFYKGQJH1T",
				"value": "-248.24584332091126",
				"unit": ""
			},
			"kf008": {
				"key": "00O2TK9973U0HI1AFYKGQJNDD",
				"value": "-15995472.05",
				"unit": "EUR"
			},
			"kf009": {
				"key": "00O2TK9973U0HI1AFYKGQJTOX",
				"value": "0.00000000000000",
				"unit": ""
			},
			"kf010": {
				"key": "00O2TK9973U2BMDGJ39R5B2OG",
				"value": "15995472.05",
				"unit": "EUR"
			}
		},
		{
			"char001": {
				"key": "00O2TK9973U282QAXJX1BP1OE",
				"value": "Country Cash Flow"
			},
			"kf001": {
				"key": "00O2TK9973U0HI1AFYKGQIRRL",
				"value": "11806250081.4403284643",
				"unit": "EUR"
			},
			"kf002": {
				"key": "00O2TK9973U0HI1AFYKGQIY35",
				"value": "11256181953.8347458430",
				"unit": "EUR"
			},
			"kf003": {
				"key": "00O2TK9973U0HI1AFYKGQJ4EP",
				"value": "12182179710.7521433905",
				"unit": "EUR"
			},
			"kf004": {
				"key": "00O2TK9973U2BMDGJ39R5AQ1C",
				"value": "12600667308.8850274900",
				"unit": "EUR"
			},
			"kf005": {
				"key": "00O2TK9973U2BMDGJ39R5AWCW",
				"value": "16952122403.1571005200",
				"unit": "EUR"
			},
			"kf006": {
				"key": "00O2TK9973U0HI1AFYKGQJAQ9",
				"value": "550068127.605582621300",
				"unit": "EUR"
			},
			"kf007": {
				"key": "00O2TK9973U0HI1AFYKGQJH1T",
				"value": "4.88680913174281",
				"unit": ""
			},
			"kf008": {
				"key": "00O2TK9973U0HI1AFYKGQJNDD",
				"value": "-375929629.31181492620",
				"unit": "EUR"
			},
			"kf009": {
				"key": "00O2TK9973U0HI1AFYKGQJTOX",
				"value": "-3.08589791184918",
				"unit": ""
			},
			"kf010": {
				"key": "00O2TK9973U2BMDGJ39R5B2OG",
				"value": "5145872321.71677205570",
				"unit": "EUR"
			}
		}
	],
	"filters": [
		{
			"id": "0CS_CHART",
			"from": {
				"key": "BI",
				"value": "BI"
			},
			"to": {
				"key": "",
				"to": ""
			}
		},
		{
			"id": "0CURTYPE",
			"from": {
				"key": "10",
				"value": "Company code currency"
			},
			"to": {
				"key": "",
				"to": ""
			}
		},
		{
			"id": "0CURTYPE",
			"from": {
				"key": "20",
				"value": "Controlling area currency"
			},
			"to": {
				"key": "",
				"to": ""
			}
		},
		{
			"id": "0FISCVARNT",
			"from": {
				"key": "K1",
				"value": "Calendar year, 1 spec. period"
			},
			"to": {
				"key": "",
				"to": ""
			}
		},
		{
			"id": "0INFOPROV",
			"from": {
				"key": "BKA_CPKD1",
				"value": "ePDM: ProKon Delta Balance Sheet"
			},
			"to": {
				"key": "",
				"to": ""
			}
		},
		{
			"id": "0INFOPROV",
			"from": {
				"key": "BKA_CPKD2",
				"value": "BKA_CPKD2"
			},
			"to": {
				"key": "",
				"to": ""
			}
		},
		{
			"id": "0INFOPROV",
			"from": {
				"key": "ECPCCCF",
				"value": "ECPCP - Cashflow"
			},
			"to": {
				"key": "",
				"to": ""
			}
		},
		{
			"id": "0INFOPROV",
			"from": {
				"key": "FIGLCCFT",
				"value": "FIGLCCFT"
			},
			"to": {
				"key": "",
				"to": ""
			}
		},
		{
			"id": "0INFOPROV",
			"from": {
				"key": "FIGLCCFTR",
				"value": "FIGLCCFTR"
			},
			"to": {
				"key": "",
				"to": ""
			}
		},
		{
			"id": "0INFOPROV",
			"from": {
				"key": "BKA_CPKD3",
				"value": "ePDM: ProKon Delta FIGLCCF01"
			},
			"to": {
				"key": "",
				"to": ""
			}
		},
		{
			"id": "0INFOPROV",
			"from": {
				"key": "BKA_CPKD4",
				"value": "BKA_CPKD4"
			},
			"to": {
				"key": "",
				"to": ""
			}
		},
		{
			"id": "0INFOPROV",
			"from": {
				"key": "BKA_CPKD6",
				"value": "ePDM: ProKon Delta FIGLCCF02"
			},
			"to": {
				"key": "",
				"to": ""
			}
		},
		{
			"id": "0VALUATION",
			"from": {
				"key": "#",
				"value": "Legal Valuation"
			},
			"to": {
				"key": "",
				"to": ""
			}
		},
		{
			"id": "DRESPL1",
			"from": {
				"key": "10",
				"value": "Commercial"
			},
			"to": {
				"key": "",
				"to": ""
			}
		}
	],
	"variables": [
		{
			"id": "DCURRENCY_CDSOI01",
			"from": {
				"key": "EUR",
				"value": "Euro"
			},
			"to": {
				"key": "",
				"to": ""
			}
		},
		{
			"id": "D0FISCPER_CXSNI00",
			"from": {
				"key": "009.2017",
				"value": "SEP 2017"
			},
			"to": {
				"key": "",
				"to": ""
			}
		},
		{
			"id": "DFISCPER3_CXSOL02",
			"from": {
				"key": "9",
				"value": "Sep"
			},
			"to": {
				"key": "",
				"to": ""
			}
		},
		{
			"id": "DFISCYEAR_CXSOL03",
			"from": {
				"key": "2017",
				"value": "Calendar year, 1 spec. period 2017"
			},
			"to": {
				"key": "",
				"to": ""
			}
		},
		{
			"id": "D0RTYPE_CXSNL01",
			"from": {
				"key": "Q1F",
				"value": "QBR1 Forecast"
			},
			"to": {
				"key": "",
				"to": ""
			}
		},
		{
			"id": "D0VERSION_TEXT2",
			"from": {
				"key": "FC1",
				"value": "FC1"
			},
			"to": {
				"key": "",
				"to": ""
			}
		},
		{
			"id": "D0VERSION_CXSMIFC2",
			"from": {
				"key": "FC1",
				"value": "Forecast 1"
			},
			"to": {
				"key": "",
				"to": ""
			}
		},
		{
			"id": "Z0COND_FDSOI01",
			"from": {
				"key": "10",
				"value": "10"
			},
			"to": {
				"key": "",
				"to": ""
			}
		},
		{
			"id": "DDIMKKAX_HDSOI02",
			"from": {
				"key": "WORLD",
				"value": "Bayer Group"
			},
			"to": {
				"key": "0HIER_NODE",
				"to": ""
			}
		},
		{
			"id": "DREQSTAT_CDSOI01",
			"from": {
				"key": "R",
				"value": "released"
			},
			"to": {
				"key": "",
				"to": ""
			}
		},
		{
			"id": "DD_GCLCREP_CXOOL01",
			"from": {
				"key": "GC",
				"value": "Group Currency"
			},
			"to": {
				"key": "",
				"to": ""
			}
		},
		{
			"id": "DD_GCLCREP_CXOOL01",
			"from": {
				"key": "ALL",
				"value": "ALL"
			},
			"to": {
				"key": "",
				"to": ""
			}
		},
		{
			"id": "DD_GCLCREP_CXOOL01",
			"from": {
				"key": "#",
				"value": "Not assigned"
			},
			"to": {
				"key": "",
				"to": ""
			}
		},
		{
			"id": "DD_GCLCREP_CXOOL01",
			"from": {
				"key": "#",
				"value": "Not assigned"
			},
			"to": {
				"key": "",
				"to": ""
			}
		}
	]
}