{
	"query": {
		"title": "SOA00_COPAPRPCF_QS022",
		"limitexceeded": false,
		"nosuchuser": false,
		"nodata": false,
		"nosuchquery": false,
		"noauth": false
	},
	"meta": {
		"char001": {
			"key": "00O2TK9973U0HI1AFYKGQK00H",
			"value": "Income Statement (P&L) + CF"
		},
		"kf001": {
			"key": "00O2TK9973U0HI1AFYKGQIRRL",
			"value": "\n01 ACT YTD"
		},
		"kf002": {
			"key": "00O2TK9973U0HI1AFYKGQIY35",
			"value": "\n02 PY YTD"
		},
		"kf003": {
			"key": "00O2TK9973U0HI1AFYKGQJ4EP",
			"value": "\n03 BUD YTD"
		},
		"kf004": {
			"key": "00O2TK9973U2BMDGJ39R5AQ1C",
			"value": "\n04 FC1 YTD"
		},
		"kf005": {
			"key": "00O2TK9973U2BMDGJ39R5AWCW",
			"value": "\n04.1 FY FC1"
		},
		"kf006": {
			"key": "00O2TK9973U0HI1AFYKGQJAQ9",
			"value": "\n1.1 ∆ PY"
		},
		"kf007": {
			"key": "00O2TK9973U0HI1AFYKGQJH1T",
			"value": "\n1.2 ∆ PY %"
		},
		"kf008": {
			"key": "00O2TK9973U0HI1AFYKGQJNDD",
			"value": "\n2.1 ∆ BUD"
		},
		"kf009": {
			"key": "00O2TK9973U0HI1AFYKGQJTOX",
			"value": "\n2.2 ∆ BUD %"
		},
		"kf010": {
			"key": "00O2TK9973U2BMDGJ39R5B2OG",
			"value": "\n4.1 TOGO FC1"
		}
	},
	"cube": [
		{
			"char001": {
				"key": "00O2TK9973U0HI1AFYKGQLXJL",
				"value": "Consolidated Country Profit"
			},
			"kf001": {
				"key": "00O2TK9973U0HI1AFYKGQIRRL",
				"value": "11910784312.48",
				"unit": "EUR"
			},
			"kf002": {
				"key": "00O2TK9973U0HI1AFYKGQIY35",
				"value": "11507309940.74",
				"unit": "EUR"
			},
			"kf003": {
				"key": "00O2TK9973U0HI1AFYKGQJ4EP",
				"value": "12182176644.91",
				"unit": "EUR"
			},
			"kf004": {
				"key": "00O2TK9973U2BMDGJ39R5AQ1C",
				"value": "12600667308.89",
				"unit": "EUR"
			},
			"kf005": {
				"key": "00O2TK9973U2BMDGJ39R5AWCW",
				"value": "16952122403.16",
				"unit": "EUR"
			},
			"kf006": {
				"key": "00O2TK9973U0HI1AFYKGQJAQ9",
				"value": "403474371.74",
				"unit": "EUR"
			},
			"kf007": {
				"key": "00O2TK9973U0HI1AFYKGQJH1T",
				"value": "3.50624406418138",
				"unit": ""
			},
			"kf008": {
				"key": "00O2TK9973U0HI1AFYKGQJNDD",
				"value": "-271392332.43",
				"unit": "EUR"
			},
			"kf009": {
				"key": "00O2TK9973U0HI1AFYKGQJTOX",
				"value": "2.22778195016108",
				"unit": ""
			},
			"kf010": {
				"key": "00O2TK9973U2BMDGJ39R5B2OG",
				"value": "5041338090.68",
				"unit": "EUR"
			}
		},
		{
			"char001": {
				"key": "00O2TK9973U282QAXJX1BM27Y",
				"value": "∆ Trade Accounts Receivable"
			},
			"kf001": {
				"key": "00O2TK9973U0HI1AFYKGQIRRL",
				"value": "-345003105.96",
				"unit": "EUR"
			},
			"kf002": {
				"key": "00O2TK9973U0HI1AFYKGQIY35",
				"value": "-958797681.68",
				"unit": "EUR"
			},
			"kf003": {
				"key": "00O2TK9973U0HI1AFYKGQJ4EP",
				"unit": ""
			},
			"kf004": {
				"key": "00O2TK9973U2BMDGJ39R5AQ1C",
				"unit": ""
			},
			"kf005": {
				"key": "00O2TK9973U2BMDGJ39R5AWCW",
				"unit": ""
			},
			"kf006": {
				"key": "00O2TK9973U0HI1AFYKGQJAQ9",
				"value": "613794575.73",
				"unit": "EUR"
			},
			"kf007": {
				"key": "00O2TK9973U0HI1AFYKGQJH1T",
				"value": "64.01711095597652",
				"unit": ""
			},
			"kf008": {
				"key": "00O2TK9973U0HI1AFYKGQJNDD",
				"value": "-345003105.96",
				"unit": "EUR"
			},
			"kf009": {
				"key": "00O2TK9973U0HI1AFYKGQJTOX",
				"value": "0.00000000000000",
				"unit": ""
			},
			"kf010": {
				"key": "00O2TK9973U2BMDGJ39R5B2OG",
				"value": "345003105.96",
				"unit": "EUR"
			}
		},
		{
			"char001": {
				"key": "00O2TK9973U282QAXJX1BG3B2",
				"value": "Additions - Trade Accts. Rec."
			},
			"kf001": {
				"key": "00O2TK9973U0HI1AFYKGQIRRL",
				"value": "-25760017897.04",
				"unit": "EUR"
			},
			"kf002": {
				"key": "00O2TK9973U0HI1AFYKGQIY35",
				"value": "-25426545266.58",
				"unit": "EUR"
			},
			"kf003": {
				"key": "00O2TK9973U0HI1AFYKGQJ4EP",
				"unit": ""
			},
			"kf004": {
				"key": "00O2TK9973U2BMDGJ39R5AQ1C",
				"unit": ""
			},
			"kf005": {
				"key": "00O2TK9973U2BMDGJ39R5AWCW",
				"unit": ""
			},
			"kf006": {
				"key": "00O2TK9973U0HI1AFYKGQJAQ9",
				"value": "-333472630.46",
				"unit": "EUR"
			},
			"kf007": {
				"key": "00O2TK9973U0HI1AFYKGQJH1T",
				"value": "-1.31151372301951",
				"unit": ""
			},
			"kf008": {
				"key": "00O2TK9973U0HI1AFYKGQJNDD",
				"value": "-25760017897.04",
				"unit": "EUR"
			},
			"kf009": {
				"key": "00O2TK9973U0HI1AFYKGQJTOX",
				"value": "0.00000000000000",
				"unit": ""
			},
			"kf010": {
				"key": "00O2TK9973U2BMDGJ39R5B2OG",
				"value": "25760017897.04",
				"unit": "EUR"
			}
		},
		{
			"char001": {
				"key": "00O2TK9973U282QAXJX1BM8JI",
				"value": "Clearings - Trade Accts. Rec."
			},
			"kf001": {
				"key": "00O2TK9973U0HI1AFYKGQIRRL",
				"value": "25415014791.09",
				"unit": "EUR"
			},
			"kf002": {
				"key": "00O2TK9973U0HI1AFYKGQIY35",
				"value": "24467747584.90",
				"unit": "EUR"
			},
			"kf003": {
				"key": "00O2TK9973U0HI1AFYKGQJ4EP",
				"unit": ""
			},
			"kf004": {
				"key": "00O2TK9973U2BMDGJ39R5AQ1C",
				"unit": ""
			},
			"kf005": {
				"key": "00O2TK9973U2BMDGJ39R5AWCW",
				"unit": ""
			},
			"kf006": {
				"key": "00O2TK9973U0HI1AFYKGQJAQ9",
				"value": "947267206.19",
				"unit": "EUR"
			},
			"kf007": {
				"key": "00O2TK9973U0HI1AFYKGQJH1T",
				"value": "3.87149329091646",
				"unit": ""
			},
			"kf008": {
				"key": "00O2TK9973U0HI1AFYKGQJNDD",
				"value": "25415014791.09",
				"unit": "EUR"
			},
			"kf009": {
				"key": "00O2TK9973U0HI1AFYKGQJTOX",
				"value": "0.00000000000000",
				"unit": ""
			},
			"kf010": {
				"key": "00O2TK9973U2BMDGJ39R5B2OG",
				"value": "-25415014791.09",
				"unit": "EUR"
			}
		},
		{
			"char001": {
				"key": "00O2TK9973U282QAXJX1BMXTQ",
				"value": "∆ Refund Liabilities"
			},
			"kf001": {
				"key": "00O2TK9973U0HI1AFYKGQIRRL",
				"value": "837489770.24",
				"unit": "EUR"
			},
			"kf002": {
				"key": "00O2TK9973U0HI1AFYKGQIY35",
				"value": "841909432.34",
				"unit": "EUR"
			},
			"kf003": {
				"key": "00O2TK9973U0HI1AFYKGQJ4EP",
				"unit": ""
			},
			"kf004": {
				"key": "00O2TK9973U2BMDGJ39R5AQ1C",
				"unit": ""
			},
			"kf005": {
				"key": "00O2TK9973U2BMDGJ39R5AWCW",
				"unit": ""
			},
			"kf006": {
				"key": "00O2TK9973U0HI1AFYKGQJAQ9",
				"value": "-4419662.09",
				"unit": "EUR"
			},
			"kf007": {
				"key": "00O2TK9973U0HI1AFYKGQJH1T",
				"value": "-0.52495695156830",
				"unit": ""
			},
			"kf008": {
				"key": "00O2TK9973U0HI1AFYKGQJNDD",
				"value": "837489770.24",
				"unit": "EUR"
			},
			"kf009": {
				"key": "00O2TK9973U0HI1AFYKGQJTOX",
				"value": "0.00000000000000",
				"unit": ""
			},
			"kf010": {
				"key": "00O2TK9973U2BMDGJ39R5B2OG",
				"value": "-837489770.24",
				"unit": "EUR"
			}
		},
		{
			"char001": {
				"key": "00O2TK9973U0HI1AFYKGQMT5D",
				"value": "Additions - Refund Liabilities"
			},
			"kf001": {
				"key": "00O2TK9973U0HI1AFYKGQIRRL",
				"value": "63763672.06",
				"unit": "EUR"
			},
			"kf002": {
				"key": "00O2TK9973U0HI1AFYKGQIY35",
				"value": "469428904.73",
				"unit": "EUR"
			},
			"kf003": {
				"key": "00O2TK9973U0HI1AFYKGQJ4EP",
				"unit": ""
			},
			"kf004": {
				"key": "00O2TK9973U2BMDGJ39R5AQ1C",
				"unit": ""
			},
			"kf005": {
				"key": "00O2TK9973U2BMDGJ39R5AWCW",
				"unit": ""
			},
			"kf006": {
				"key": "00O2TK9973U0HI1AFYKGQJAQ9",
				"value": "-405665232.67",
				"unit": "EUR"
			},
			"kf007": {
				"key": "00O2TK9973U0HI1AFYKGQJH1T",
				"value": "-86.41675631477269",
				"unit": ""
			},
			"kf008": {
				"key": "00O2TK9973U0HI1AFYKGQJNDD",
				"value": "63763672.06",
				"unit": "EUR"
			},
			"kf009": {
				"key": "00O2TK9973U0HI1AFYKGQJTOX",
				"value": "0.00000000000000",
				"unit": ""
			},
			"kf010": {
				"key": "00O2TK9973U2BMDGJ39R5B2OG",
				"value": "-63763672.06",
				"unit": "EUR"
			}
		},
		{
			"char001": {
				"key": "00O2TK9973U282QAXJX1BN45A",
				"value": "Clearings - Refund Liabilities"
			},
			"kf001": {
				"key": "00O2TK9973U0HI1AFYKGQIRRL",
				"value": "773726098.19",
				"unit": "EUR"
			},
			"kf002": {
				"key": "00O2TK9973U0HI1AFYKGQIY35",
				"value": "372480527.60",
				"unit": "EUR"
			},
			"kf003": {
				"key": "00O2TK9973U0HI1AFYKGQJ4EP",
				"unit": ""
			},
			"kf004": {
				"key": "00O2TK9973U2BMDGJ39R5AQ1C",
				"unit": ""
			},
			"kf005": {
				"key": "00O2TK9973U2BMDGJ39R5AWCW",
				"unit": ""
			},
			"kf006": {
				"key": "00O2TK9973U0HI1AFYKGQJAQ9",
				"value": "401245570.58",
				"unit": "EUR"
			},
			"kf007": {
				"key": "00O2TK9973U0HI1AFYKGQJH1T",
				"value": "107.72256288532327",
				"unit": ""
			},
			"kf008": {
				"key": "00O2TK9973U0HI1AFYKGQJNDD",
				"value": "773726098.19",
				"unit": "EUR"
			},
			"kf009": {
				"key": "00O2TK9973U0HI1AFYKGQJTOX",
				"value": "0.00000000000000",
				"unit": ""
			},
			"kf010": {
				"key": "00O2TK9973U2BMDGJ39R5B2OG",
				"value": "-773726098.19",
				"unit": "EUR"
			}
		},
		{
			"char001": {
				"key": "00O2TK9973U282QAXJX1BNTFI",
				"value": "∆ Inventory"
			},
			"kf001": {
				"key": "00O2TK9973U0HI1AFYKGQIRRL",
				"value": "-173425521.96",
				"unit": "EUR"
			},
			"kf002": {
				"key": "00O2TK9973U0HI1AFYKGQIY35",
				"value": "-82377194.53",
				"unit": "EUR"
			},
			"kf003": {
				"key": "00O2TK9973U0HI1AFYKGQJ4EP",
				"unit": ""
			},
			"kf004": {
				"key": "00O2TK9973U2BMDGJ39R5AQ1C",
				"unit": ""
			},
			"kf005": {
				"key": "00O2TK9973U2BMDGJ39R5AWCW",
				"unit": ""
			},
			"kf006": {
				"key": "00O2TK9973U0HI1AFYKGQJAQ9",
				"value": "-91048327.43",
				"unit": "EUR"
			},
			"kf007": {
				"key": "00O2TK9973U0HI1AFYKGQJH1T",
				"value": "-110.52613280497963",
				"unit": ""
			},
			"kf008": {
				"key": "00O2TK9973U0HI1AFYKGQJNDD",
				"value": "-173425521.96",
				"unit": "EUR"
			},
			"kf009": {
				"key": "00O2TK9973U0HI1AFYKGQJTOX",
				"value": "0.00000000000000",
				"unit": ""
			},
			"kf010": {
				"key": "00O2TK9973U2BMDGJ39R5B2OG",
				"value": "173425521.96",
				"unit": "EUR"
			}
		},
		{
			"char001": {
				"key": "00O2TK9973U0HI1AFYKGQN5SH",
				"value": "Country Cash Flow (nom.)"
			},
			"kf001": {
				"key": "00O2TK9973U0HI1AFYKGQIRRL",
				"value": "12229845454.8117173030",
				"unit": "EUR"
			},
			"kf002": {
				"key": "00O2TK9973U0HI1AFYKGQIY35",
				"value": "11308044496.8590310600",
				"unit": "EUR"
			},
			"kf003": {
				"key": "00O2TK9973U0HI1AFYKGQJ4EP",
				"value": "12182176644.9130875904",
				"unit": "EUR"
			},
			"kf004": {
				"key": "00O2TK9973U2BMDGJ39R5AQ1C",
				"value": "12600667308.8850264000",
				"unit": "EUR"
			},
			"kf005": {
				"key": "00O2TK9973U2BMDGJ39R5AWCW",
				"value": "16952122403.1571425100",
				"unit": "EUR"
			},
			"kf006": {
				"key": "00O2TK9973U0HI1AFYKGQJAQ9",
				"value": "921800957.952686243000",
				"unit": "EUR"
			},
			"kf007": {
				"key": "00O2TK9973U0HI1AFYKGQJH1T",
				"value": "8.15172736726257",
				"unit": ""
			},
			"kf008": {
				"key": "00O2TK9973U0HI1AFYKGQJNDD",
				"value": "47668809.8986297126000",
				"unit": "EUR"
			},
			"kf009": {
				"key": "00O2TK9973U0HI1AFYKGQJTOX",
				"value": "0.39129961162183",
				"unit": ""
			},
			"kf010": {
				"key": "00O2TK9973U2BMDGJ39R5B2OG",
				"value": "4722276948.34542520700",
				"unit": "EUR"
			}
		},
		{
			"char001": {
				"key": "00O2TK9973U282QAXJX1BOIPQ",
				"value": "TL"
			},
			"kf001": {
				"key": "00O2TK9973U0HI1AFYKGQIRRL",
				"value": "-277012369.94",
				"unit": "EUR"
			},
			"kf002": {
				"key": "00O2TK9973U0HI1AFYKGQIY35",
				"value": "11409156.27",
				"unit": "EUR"
			},
			"kf003": {
				"key": "00O2TK9973U0HI1AFYKGQJ4EP",
				"unit": ""
			},
			"kf004": {
				"key": "00O2TK9973U2BMDGJ39R5AQ1C",
				"unit": ""
			},
			"kf005": {
				"key": "00O2TK9973U2BMDGJ39R5AWCW",
				"unit": ""
			},
			"kf006": {
				"key": "00O2TK9973U0HI1AFYKGQJAQ9",
				"value": "-288421526.21",
				"unit": "EUR"
			},
			"kf007": {
				"key": "00O2TK9973U0HI1AFYKGQJH1T",
				"value": "-2527.98295846288728",
				"unit": ""
			},
			"kf008": {
				"key": "00O2TK9973U0HI1AFYKGQJNDD",
				"value": "-277012369.94",
				"unit": "EUR"
			},
			"kf009": {
				"key": "00O2TK9973U0HI1AFYKGQJTOX",
				"value": "0.00000000000000",
				"unit": ""
			},
			"kf010": {
				"key": "00O2TK9973U2BMDGJ39R5B2OG",
				"value": "277012369.94",
				"unit": "EUR"
			}
		},
		{
			"char001": {
				"key": "00O2TK9973U282QB3ZT3X8WQ0",
				"value": "TL RP"
			},
			"kf001": {
				"key": "00O2TK9973U0HI1AFYKGQIRRL",
				"value": "35563928.63",
				"unit": "EUR"
			},
			"kf002": {
				"key": "00O2TK9973U0HI1AFYKGQIY35",
				"value": "-52286825.32",
				"unit": "EUR"
			},
			"kf003": {
				"key": "00O2TK9973U0HI1AFYKGQJ4EP",
				"unit": ""
			},
			"kf004": {
				"key": "00O2TK9973U2BMDGJ39R5AQ1C",
				"unit": ""
			},
			"kf005": {
				"key": "00O2TK9973U2BMDGJ39R5AWCW",
				"unit": ""
			},
			"kf006": {
				"key": "00O2TK9973U0HI1AFYKGQJAQ9",
				"value": "87850753.95",
				"unit": "EUR"
			},
			"kf007": {
				"key": "00O2TK9973U0HI1AFYKGQJH1T",
				"value": "168.01699742209554",
				"unit": ""
			},
			"kf008": {
				"key": "00O2TK9973U0HI1AFYKGQJNDD",
				"value": "35563928.63",
				"unit": "EUR"
			},
			"kf009": {
				"key": "00O2TK9973U0HI1AFYKGQJTOX",
				"value": "0.00000000000000",
				"unit": ""
			},
			"kf010": {
				"key": "00O2TK9973U2BMDGJ39R5B2OG",
				"value": "-35563928.63",
				"unit": "EUR"
			}
		},
		{
			"char001": {
				"key": "00O2TK9973U282QB3ZT3X8DRC",
				"value": "TL AR"
			},
			"kf001": {
				"key": "00O2TK9973U0HI1AFYKGQIRRL",
				"value": "-312576298.57",
				"unit": "EUR"
			},
			"kf002": {
				"key": "00O2TK9973U0HI1AFYKGQIY35",
				"value": "63695981.59",
				"unit": "EUR"
			},
			"kf003": {
				"key": "00O2TK9973U0HI1AFYKGQJ4EP",
				"unit": ""
			},
			"kf004": {
				"key": "00O2TK9973U2BMDGJ39R5AQ1C",
				"unit": ""
			},
			"kf005": {
				"key": "00O2TK9973U2BMDGJ39R5AWCW",
				"unit": ""
			},
			"kf006": {
				"key": "00O2TK9973U0HI1AFYKGQJAQ9",
				"value": "-376272280.16",
				"unit": "EUR"
			},
			"kf007": {
				"key": "00O2TK9973U0HI1AFYKGQJH1T",
				"value": "-590.73158269543515",
				"unit": ""
			},
			"kf008": {
				"key": "00O2TK9973U0HI1AFYKGQJNDD",
				"value": "-312576298.57",
				"unit": "EUR"
			},
			"kf009": {
				"key": "00O2TK9973U0HI1AFYKGQJTOX",
				"value": "0.00000000000000",
				"unit": ""
			},
			"kf010": {
				"key": "00O2TK9973U2BMDGJ39R5B2OG",
				"value": "312576298.57",
				"unit": "EUR"
			}
		},
		{
			"char001": {
				"key": "00O2TK9973U282S61AGZ0BPDD",
				"value": "TA"
			},
			"kf001": {
				"key": "00O2TK9973U0HI1AFYKGQIRRL",
				"value": "-16176001.87",
				"unit": "EUR"
			},
			"kf002": {
				"key": "00O2TK9973U0HI1AFYKGQIY35",
				"value": "-9365391.50",
				"unit": "EUR"
			},
			"kf003": {
				"key": "00O2TK9973U0HI1AFYKGQJ4EP",
				"unit": ""
			},
			"kf004": {
				"key": "00O2TK9973U2BMDGJ39R5AQ1C",
				"unit": ""
			},
			"kf005": {
				"key": "00O2TK9973U2BMDGJ39R5AWCW",
				"unit": ""
			},
			"kf006": {
				"key": "00O2TK9973U0HI1AFYKGQJAQ9",
				"value": "-6810610.37",
				"unit": "EUR"
			},
			"kf007": {
				"key": "00O2TK9973U0HI1AFYKGQJH1T",
				"value": "-72.72104286947284",
				"unit": ""
			},
			"kf008": {
				"key": "00O2TK9973U0HI1AFYKGQJNDD",
				"value": "-16176001.87",
				"unit": "EUR"
			},
			"kf009": {
				"key": "00O2TK9973U0HI1AFYKGQJTOX",
				"value": "0.00000000000000",
				"unit": ""
			},
			"kf010": {
				"key": "00O2TK9973U2BMDGJ39R5B2OG",
				"value": "16176001.87",
				"unit": "EUR"
			}
		},
		{
			"char001": {
				"key": "00O2TK9973U282S61AGZ0BVOX",
				"value": "TA RP"
			},
			"kf001": {
				"key": "00O2TK9973U0HI1AFYKGQIRRL",
				"value": "-195331.21",
				"unit": "EUR"
			},
			"kf002": {
				"key": "00O2TK9973U0HI1AFYKGQIY35",
				"value": "-4766958.56",
				"unit": "EUR"
			},
			"kf003": {
				"key": "00O2TK9973U0HI1AFYKGQJ4EP",
				"unit": ""
			},
			"kf004": {
				"key": "00O2TK9973U2BMDGJ39R5AQ1C",
				"unit": ""
			},
			"kf005": {
				"key": "00O2TK9973U2BMDGJ39R5AWCW",
				"unit": ""
			},
			"kf006": {
				"key": "00O2TK9973U0HI1AFYKGQJAQ9",
				"value": "4571627.35",
				"unit": "EUR"
			},
			"kf007": {
				"key": "00O2TK9973U0HI1AFYKGQJH1T",
				"value": "95.90239343557655",
				"unit": ""
			},
			"kf008": {
				"key": "00O2TK9973U0HI1AFYKGQJNDD",
				"value": "-195331.21",
				"unit": "EUR"
			},
			"kf009": {
				"key": "00O2TK9973U0HI1AFYKGQJTOX",
				"value": "0.00000000000000",
				"unit": ""
			},
			"kf010": {
				"key": "00O2TK9973U2BMDGJ39R5B2OG",
				"value": "195331.21",
				"unit": "EUR"
			}
		},
		{
			"char001": {
				"key": "00O2TK9973U282S61AGZ0C20H",
				"value": "TA AR"
			},
			"kf001": {
				"key": "00O2TK9973U0HI1AFYKGQIRRL",
				"value": "-15980670.66",
				"unit": "EUR"
			},
			"kf002": {
				"key": "00O2TK9973U0HI1AFYKGQIY35",
				"value": "-4598432.95",
				"unit": "EUR"
			},
			"kf003": {
				"key": "00O2TK9973U0HI1AFYKGQJ4EP",
				"unit": ""
			},
			"kf004": {
				"key": "00O2TK9973U2BMDGJ39R5AQ1C",
				"unit": ""
			},
			"kf005": {
				"key": "00O2TK9973U2BMDGJ39R5AWCW",
				"unit": ""
			},
			"kf006": {
				"key": "00O2TK9973U0HI1AFYKGQJAQ9",
				"value": "-11382237.72",
				"unit": "EUR"
			},
			"kf007": {
				"key": "00O2TK9973U0HI1AFYKGQJH1T",
				"value": "-247.52427299893779",
				"unit": ""
			},
			"kf008": {
				"key": "00O2TK9973U0HI1AFYKGQJNDD",
				"value": "-15980670.66",
				"unit": "EUR"
			},
			"kf009": {
				"key": "00O2TK9973U0HI1AFYKGQJTOX",
				"value": "0.00000000000000",
				"unit": ""
			},
			"kf010": {
				"key": "00O2TK9973U2BMDGJ39R5B2OG",
				"value": "15980670.66",
				"unit": "EUR"
			}
		},
		{
			"char001": {
				"key": "00O2TK9973U282QAXJX1BP1OE",
				"value": "Country Cash Flow"
			},
			"kf001": {
				"key": "00O2TK9973U0HI1AFYKGQIRRL",
				"value": "11936657083.0009497242",
				"unit": "EUR"
			},
			"kf002": {
				"key": "00O2TK9973U0HI1AFYKGQIY35",
				"value": "11310088261.6272023230",
				"unit": "EUR"
			},
			"kf003": {
				"key": "00O2TK9973U0HI1AFYKGQJ4EP",
				"value": "12182176644.9130875904",
				"unit": "EUR"
			},
			"kf004": {
				"key": "00O2TK9973U2BMDGJ39R5AQ1C",
				"value": "12600667308.8850264000",
				"unit": "EUR"
			},
			"kf005": {
				"key": "00O2TK9973U2BMDGJ39R5AWCW",
				"value": "16952122403.1571425100",
				"unit": "EUR"
			},
			"kf006": {
				"key": "00O2TK9973U0HI1AFYKGQJAQ9",
				"value": "626568821.373747401200",
				"unit": "EUR"
			},
			"kf007": {
				"key": "00O2TK9973U0HI1AFYKGQJH1T",
				"value": "5.53991097929418",
				"unit": ""
			},
			"kf008": {
				"key": "00O2TK9973U0HI1AFYKGQJNDD",
				"value": "-245519561.91213786620",
				"unit": "EUR"
			},
			"kf009": {
				"key": "00O2TK9973U0HI1AFYKGQJTOX",
				"value": "-2.01539978501838",
				"unit": ""
			},
			"kf010": {
				"key": "00O2TK9973U2BMDGJ39R5B2OG",
				"value": "5015465320.15619278580",
				"unit": "EUR"
			}
		}
	],
	"filters": [
		{
			"id": "0CS_CHART",
			"from": {
				"key": "BI",
				"value": "BI"
			},
			"to": {
				"key": "",
				"to": ""
			}
		},
		{
			"id": "0CURTYPE",
			"from": {
				"key": "10",
				"value": "Company code currency"
			},
			"to": {
				"key": "",
				"to": ""
			}
		},
		{
			"id": "0CURTYPE",
			"from": {
				"key": "20",
				"value": "Controlling area currency"
			},
			"to": {
				"key": "",
				"to": ""
			}
		},
		{
			"id": "0FISCVARNT",
			"from": {
				"key": "K1",
				"value": "Calendar year, 1 spec. period"
			},
			"to": {
				"key": "",
				"to": ""
			}
		},
		{
			"id": "0INFOPROV",
			"from": {
				"key": "BKA_CPKD1",
				"value": "ePDM: ProKon Delta Balance Sheet"
			},
			"to": {
				"key": "",
				"to": ""
			}
		},
		{
			"id": "0INFOPROV",
			"from": {
				"key": "BKA_CPKD2",
				"value": "BKA_CPKD2"
			},
			"to": {
				"key": "",
				"to": ""
			}
		},
		{
			"id": "0INFOPROV",
			"from": {
				"key": "ECPCCCF",
				"value": "ECPCP - Cashflow"
			},
			"to": {
				"key": "",
				"to": ""
			}
		},
		{
			"id": "0INFOPROV",
			"from": {
				"key": "FIGLCCFT",
				"value": "FIGLCCFT"
			},
			"to": {
				"key": "",
				"to": ""
			}
		},
		{
			"id": "0INFOPROV",
			"from": {
				"key": "FIGLCCFTR",
				"value": "FIGLCCFTR"
			},
			"to": {
				"key": "",
				"to": ""
			}
		},
		{
			"id": "0INFOPROV",
			"from": {
				"key": "BKA_CPKD3",
				"value": "ePDM: ProKon Delta FIGLCCF01"
			},
			"to": {
				"key": "",
				"to": ""
			}
		},
		{
			"id": "0INFOPROV",
			"from": {
				"key": "BKA_CPKD4",
				"value": "BKA_CPKD4"
			},
			"to": {
				"key": "",
				"to": ""
			}
		},
		{
			"id": "0INFOPROV",
			"from": {
				"key": "BKA_CPKD6",
				"value": "ePDM: ProKon Delta FIGLCCF02"
			},
			"to": {
				"key": "",
				"to": ""
			}
		},
		{
			"id": "0VALUATION",
			"from": {
				"key": "#",
				"value": "Legal Valuation"
			},
			"to": {
				"key": "",
				"to": ""
			}
		},
		{
			"id": "DRESPL1",
			"from": {
				"key": "10",
				"value": "Commercial"
			},
			"to": {
				"key": "",
				"to": ""
			}
		}
	],
	"variables": [
		{
			"id": "DCURRENCY_CDSOI01",
			"from": {
				"key": "EUR",
				"value": "Euro"
			},
			"to": {
				"key": "",
				"to": ""
			}
		},
		{
			"id": "D0FISCPER_CXSNI00",
			"from": {
				"key": "009.2017",
				"value": "SEP 2017"
			},
			"to": {
				"key": "",
				"to": ""
			}
		},
		{
			"id": "DFISCPER3_CXSOL02",
			"from": {
				"key": "9",
				"value": "Sep"
			},
			"to": {
				"key": "",
				"to": ""
			}
		},
		{
			"id": "DFISCYEAR_CXSOL03",
			"from": {
				"key": "2017",
				"value": "Calendar year, 1 spec. period 2017"
			},
			"to": {
				"key": "",
				"to": ""
			}
		},
		{
			"id": "D0RTYPE_CXSNL01",
			"from": {
				"key": "Q1F",
				"value": "QBR1 Forecast"
			},
			"to": {
				"key": "",
				"to": ""
			}
		},
		{
			"id": "D0VERSION_TEXT2",
			"from": {
				"key": "FC1",
				"value": "FC1"
			},
			"to": {
				"key": "",
				"to": ""
			}
		},
		{
			"id": "D0VERSION_CXSMIFC2",
			"from": {
				"key": "FC1",
				"value": "Forecast 1"
			},
			"to": {
				"key": "",
				"to": ""
			}
		},
		{
			"id": "Z0COND_FDSOI01",
			"from": {
				"key": "10",
				"value": "10"
			},
			"to": {
				"key": "",
				"to": ""
			}
		},
		{
			"id": "DDIMKKAX_HDSOI02",
			"from": {
				"key": "WORLD",
				"value": "Bayer Group"
			},
			"to": {
				"key": "0HIER_NODE",
				"to": ""
			}
		},
		{
			"id": "DREQSTAT_CDSOI01",
			"from": {
				"key": "R",
				"value": "released"
			},
			"to": {
				"key": "",
				"to": ""
			}
		},
		{
			"id": "DD_GCLCREP_CXOOL01",
			"from": {
				"key": "GC",
				"value": "Group Currency"
			},
			"to": {
				"key": "",
				"to": ""
			}
		},
		{
			"id": "DD_GCLCREP_CXOOL01",
			"from": {
				"key": "ALL",
				"value": "ALL"
			},
			"to": {
				"key": "",
				"to": ""
			}
		},
		{
			"id": "DD_GCLCREP_CXOOL01",
			"from": {
				"key": "#",
				"value": "Not assigned"
			},
			"to": {
				"key": "",
				"to": ""
			}
		},
		{
			"id": "DD_GCLCREP_CXOOL01",
			"from": {
				"key": "#",
				"value": "Not assigned"
			},
			"to": {
				"key": "",
				"to": ""
			}
		},
		{
			"id": "DZMRSC_CXOOL01",
			"from": {
				"key": "MON",
				"value": "Monsanto"
			},
			"to": {
				"key": "",
				"to": ""
			}
		}
	],
	"error": false
}